external_recipe_id,section,name,amount
7073455,재료,감자,2개
7073455,재료,햄,150g
7073455,재료,오일,넉넉히
7073455,재료,소금,1/2작은술
7073455,재료,후추,넉넉히
7065887,재료,밥,1공기
7065887,재료,팽이버섯,1봉지
7065887,재료,계란,2개
7065887,재료,대파,
7065887,재료,식용유,1T
7065887,재료,간장,1T
7065887,재료,굴소스,1T
7065887,재료,물,3T
7065887,재료,참기름,1T
7072605,재료,두부,350g
7072605,재료,들기름,2큰술
7072605,재료,식용유,1큰술
7072605,재료,소금,솔솔
7072605,재료,들기름,1큰술
7072605,재료,진간장,1.5큰술
7072605,재료,알룰로스,1/2큰술
7072605,재료,다진마늘,0.3큰술
7072605,재료,고춧가루,0.2큰술
7072605,재료,통깨,적당량
7073618,재료,손질오징어,300g
7073618,재료,무,1/3개
7073618,재료,대파,1/2개
7073618,재료,물,1.2L
7073618,재료,고춧가루,1큰술
7073618,재료,국간장,2큰술
7073618,재료,다진마늘,1큰술
7073618,재료,코인육수 멸치,1알
7073618,재료,소금,약간
7073618,재료,후추,약간
7035406,재료,채썬 양배추,2줌
7035406,재료,계란,2개
7035406,재료,소금,1꼬집
7035406,재료,후추,톡톡
7035406,재료,모짜렐라치즈,60g
7035406,재료,스리라차소스 선택재료,
7035406,기타,도마,
7035406,기타,조리용나이프,
7035406,기타,볼,
7035406,기타,채반,
7035406,기타,요리젓가락,
7035406,기타,프라이팬,
7035406,기타,뒤집개,
7035406,기타,접시,
7073764,재료,숙주나물,350g
7073764,재료,대파,1/2개
7073764,재료,국간장,2t
7073764,재료,다진마늘,1t
7073764,재료,참기름,1t
7073764,재료,통깨,1t
7018465,재료,새송이버섯,1봉지
7018465,재료,쪽파,2T
7018465,재료,버터,1조각
7018465,재료,올리고당,2T
7018465,재료,다진마늘,1T
7018465,재료,간장,5T
7018465,재료,참기름,1T
7018465,재료,물,2T
7018465,기타,도마,
7018465,기타,조리용나이프,
7018465,기타,소스볼,
7018465,기타,숟가락,
7018465,기타,프라이팬,
7018465,기타,요리집게,
7018465,기타,요리스푼,
7018465,기타,플레이팅접시,
7070463,재료,​ 파프리카,100g
7070463,재료,쪽파,1큰술
7070463,재료,고춧가루,1/2큰술
7070463,재료,설탕,1작은술
7070463,재료,액젓,1/2큰술
7070463,재료,올리브유,1/2작은술
7070463,재료,다진마늘,1작은술
7022775,재료,시금치,300g
7022775,재료,소금,1스푼
7022775,재료,물,넉넉히
7022775,재료,다진 마늘,1스푼
7022775,재료,참치액,1.5스푼
7022775,재료,참기름,1스푼
7022775,재료,깨소금,1스푼
7022775,재료,소금,0.5스푼
7022775,기타,믹싱볼,
7022775,기타,채반,
7022775,기타,조리용나이프,
7022775,기타,냄비,
7022775,기타,조리용스푼,
7022775,기타,찬기,
7022775,기타,도마,
6984517,재료,감자,2개
6984517,재료,스팸,200g
6984517,재료,진간장,4스푼
6984517,재료,설탕,4스푼
6984517,재료,후추,조금
6984517,재료,올리고당,1스푼
6984517,재료,다진마늘,1스푼
6984517,재료,물,120ml
7073279,재료,새송이버섯,1봉지
7073279,재료,진간장,2큰술
7073279,재료,참기름,4큰술
7073279,재료,고춧가루,1큰술
7073279,재료,고추장,1큰술
7073279,재료,물엿,1큰술
7073279,재료,검은깨,약간
7073279,재료,통깨,
7009944,재료,오이고추,7개
7009944,재료,된장,1스푼
7009944,재료,고추장,0.5스푼
7009944,재료,참기름,1스푼
7009944,재료,올리고당,0.5스푼
7009944,재료,통깨,1스푼
7009944,기타,믹싱볼,
7009944,기타,숟가락,
7009944,기타,도마,
7009944,기타,조리용나이프,
7009944,기타,접시볼,
6989690,재료,양파,1/2개
6989690,재료,비엔나소세지,300g
6989690,재료,굴소스,0.5T
6989690,재료,올리고당,1T
6989690,재료,참기름,1T
6989690,재료,통깨,
6993517,재료,미니새송이버섯,1팩
6993517,재료,버터,20g
6993517,재료,굴소스,1T
6993517,재료,진간장,0.5T
6993517,재료,통깨,약간
7070554,재료,청포묵,400g
7070554,재료,김가루,2줌
7070554,재료,가는소금,1/2작은술
7070554,재료,통깨,1큰술
7070554,재료,참기름,1큰술
7054279,재료,두부,1모
7054279,재료,계란,2개
7054279,재료,스테비아,1/2T
7054279,재료,간장,2T
7054279,재료,물,2T
7054279,재료,굴소스,2T
7054279,재료,청양고추,조금
7054279,재료,들기름,조금
7054279,재료,깨,조금
7054279,기타,도마,
7054279,기타,조리용나이프,
7054279,기타,키친타올,
7054279,기타,웍,
7054279,기타,소스볼,
7054279,기타,숟가락,
7054279,기타,요리스푼,
7054279,기타,접시,
7025833,재료,콩나물,300g
7025833,재료,대파,1/2대
7025833,재료,고추가루,1.5T
7025833,재료,맛소금,1/3T
7025833,재료,멸치액젓,1T
7025833,재료,국간장,1T
7025833,재료,참기름,1T
7025833,재료,통깨,
7025833,기타,볼,
7025833,기타,채반,
7025833,기타,냄비,
7025833,기타,도마,
7025833,기타,조리용나이프,
7025833,기타,위생장갑,
7025833,기타,접시,
7067844,재료,단무지 1팩,200g
7067844,재료,설탕 밥 숟가락계량,0.4큰술
7067844,재료,고춧가루 밥 숟가락계량,1큰술
7067844,재료,참기름 밥 숟가락계량,0.5큰술
7067844,재료,대파,약간
7067844,재료,통깨,솔솔솔
7003487,재료,청경채,150g
7003487,재료,쪽파,2개
7003487,재료,된장 또는 쌈장,1스푼
7003487,재료,간마늘,1/2스푼
7003487,재료,고춧가루,1/2스푼
7003487,재료,설탕,1/3스푼
7003487,재료,매실액,1스푼
7003487,재료,들기름,1스푼
7003487,재료,통깨,1/2스푼
7003487,기타,유리볼,
7003487,기타,냄비,
7003487,기타,채반,
7003487,기타,요리스푼,
7003487,기타,위생장갑,
7029097,재료,오이고추,3개
7029097,재료,된장,1t
7029097,재료,고춧가루,1/2t
7029097,재료,통깨,약간
7029097,재료,올리고당,1t
7029097,재료,참기름,1t
7029097,기타,도마,
7029097,기타,조리용나이프,
7029097,기타,볼,
7029097,기타,스푼,
7029097,기타,접시,
7029407,재료,오이,1개
7029407,재료,부추,1줌
7029407,재료,양파,1/4개
7029407,재료,매운 고추 선택,1개
7029407,재료,고추장,1큰술
7029407,재료,고춧가루,1큰술
7029407,재료,간장,1큰술
7029407,재료,식초,1큰술
7029407,재료,참기름,1큰술
7029407,재료,설탕,1큰술
7029407,재료,올리고당,1큰술
7029407,재료,다진마늘,0.5큰술
7029407,재료,통깨,톡톡
7029407,기타,도마,
7029407,기타,조리용나이프,
7029407,기타,볼,
7029407,기타,위생장갑,
7029407,기타,접시,
6933414,재료,비엔나 소세지,30개
6933414,재료,양파,1개
6933414,재료,캐첩,5큰술
6933414,재료,간장,1스푼
6933414,재료,설탕,1스푼
6933414,재료,식초,1스푼
6933414,재료,굴소스,1스푼
6933414,재료,올리고당,1스푼
7005830,재료,도토리묵,1/2모
7005830,재료,조미김,1봉
7005830,재료,진간장,1T
7005830,재료,설탕,0.5T
7005830,재료,참기름,1T
7005830,재료,통깨,
7005830,재료,다진대파,1T
7005830,기타,도마,
7005830,기타,비닐팩,
7005830,기타,볼,
6991123,재료,느타리버섯,400g
6991123,재료,애호박,2개
6991123,재료,식용유,3T
6991123,재료,다진마늘,1T
6991123,재료,소금,0.5T
6991123,재료,참기름,0.5T
6991123,재료,후춧가루,조금
6979508,재료,양배추,1/4통
6979508,재료,참치캔,1캔
6979508,재료,대파,1대
6979508,재료,후춧가루,적당량
6979508,재료,참기름,1티스푼
6979508,재료,통깨,적당량
6979508,재료,고추장,1스푼
6979508,재료,고춧가루,1스푼
6979508,재료,굴소스,1스푼
6979508,재료,간장,1스푼
6979508,재료,설탕,1/2스푼
6979508,재료,맛술,1스푼
6979508,재료,다진마늘,1/2스푼
7075757,재료,오이,2개
7075757,재료,달래,1줌
7075757,재료,고추가루,2T
7075757,재료,고추장,1T
7075757,재료,까나리액젓,1T
7075757,재료,식초,3T
7075757,재료,마늘,1/2T
7075757,재료,올리고당,2T
7075757,재료,깨소금,약간
7053273,재료,감자 대,3개
7053273,재료,양파,1/2개
7053273,재료,진간장,4T
7053273,재료,굴소스,3T
7053273,재료,올리고당,5T
7053273,재료,물,300ml
7053273,재료,페퍼론치노,살짝
7053273,기타,감자칼,
7053273,기타,도마,
7053273,기타,조리용나이프,
7053273,기타,믹싱볼,
7053273,기타,볶음팬,
7053273,기타,요리스푼,
7053273,기타,접시,
7007585,재료,감자,2개
7007585,재료,베이컨,1팩
7007585,재료,대파,약간
7007585,재료,통깨,1스푼
7007585,재료,소금,약간
7007585,재료,양파,1개
7007585,기타,도마,
7007585,기타,조리용나이프,
7007585,기타,프라이팬,
7007585,기타,요리젓가락,
7007585,기타,요리스푼,
7007585,기타,플레이팅접시,
7075755,재료,두릅,10~15개
7075755,재료,부침가루,1컵
7075755,재료,달걀,1개
7075755,재료,소금,약간
7075755,재료,식용유,적당량
7074106,재료,표고버섯,4개
7074106,재료,알육수,1개
7074106,재료,진간장,5큰술
7074106,재료,설탕,4큰술
7074106,재료,깨소금,1큰술
7074106,재료,참기름,1큰술
7074106,재료,깐메추리알,500g
7075568,재료,통밀쿠기믹스,500g
7075568,재료,계란,2개
7075568,재료,버터,180g
7072884,재료,양배추,230g
7072884,재료,베이컨,5줄
7072884,재료,올리브유,2T
7072884,재료,다진 마늘,1T
7072884,재료,소금,0.5t
7072884,재료,굴소스,1T
7072884,재료,후추,약간
7072884,재료,통깨,약간
7045377,재료,양배추,1/4개
7045377,재료,참치,1캔
7045377,재료,달걀,2개
7045377,재료,라이스페이퍼,10장
7045377,재료,굴소스,1T
7045377,재료,후추,약간
7045377,재료,간장,1/2T
7045377,기타,나무도마,
7045377,기타,조리용나이프,
7045377,기타,찬기,
7045377,기타,숟가락,
7045377,기타,프라이팬,
7045377,기타,조리주걱,
7045377,기타,접시,
6992063,재료,잔파,12대
6992063,재료,양파,1개
6992063,재료,식초,4큰술
6992063,재료,간장,2큰술
6992063,재료,설탕,2큰술
6992063,재료,고춧가루,6큰술
6992063,재료,참기름,4큰술
6992063,재료,통깨,2큰술
7017809,재료,시금치,150g
7017809,재료,계란,4개
7017809,재료,버터,20g
7017809,재료,다진 마늘,1T
7017809,재료,소금,약간
7017809,재료,올리브유,1T
7017809,재료,소금,1꼬집
7017809,기타,채반,
7017809,기타,볼,
7017809,기타,조리용젓가락,
7017809,기타,프라이팬,
7017809,기타,조리용스푼,
7017809,기타,접시,
6977503,재료,시금치,1단
6977503,재료,소금,1숟가락
6977503,재료,간장,1스푼
6977503,재료,참치액,1스푼
6977503,재료,참기름,2스푼
6977503,재료,다진마늘,1스푼
6977503,재료,볶은소금,약간
6977503,재료,통깨,약간
7075926,기타,삶은곤드레,200g
7075926,기타,들기름,2T
7075926,기타,소금,2/1T
7075926,기타,진간장,8T
7075926,기타,고추가루,1T
7075926,기타,달래,100g
7075926,기타,참기름,1T
7075926,기타,통깨,1T
7075869,재료,중감자,5개
7075869,재료,멸치,200g
7075869,재료,올리고당,3T
7075869,재료,간장,4T
7075869,재료,식용유,2T
7075869,재료,물,3T
7075869,재료,마늘,1/2T
7075869,재료,파,1/2뿌리
7075869,재료,참기름,1/2T
7075869,재료,깨소금,1/2T
7045900,재료,느타리버섯 손질 후,125g
7045900,재료,양파,35g
7045900,재료,당근,30g
7045900,재료,대파,15g
7045900,재료,다진 마늘,0.4큰술
7045900,재료,굴소스,0.7~0.8큰술
7045900,재료,식용유,3큰술
7045900,재료,물,1큰술
7045900,재료,소금,0.2작은술
7045900,재료,후추,톡톡톡
7045900,재료,통깨,솔솔솔
7045900,기타,도마,
7045900,기타,조리용나이프,
7045900,기타,볶음팬,
7045900,기타,요리스푼,
7045900,기타,접시,
7075845,재료,미역,30g
7075845,재료,소고기,200g
7075845,재료,참기름,3T
7075845,재료,국간장,3~4T
7075845,재료,참치액젓,1T
7075845,재료,물,적당량
6994258,재료,오징어채,300g
6994258,재료,소주 또는 맛술,2잔
6994258,재료,마요네즈,1큰술
6994258,재료,식용유,2큰술
6994258,재료,다진마늘,1/2큰술
6994258,재료,고추장,1큰술
6994258,재료,고추가루,1/2큰술
6994258,재료,간장,1큰술
6994258,재료,올리고당,1큰술
6994258,재료,설탕,1큰술
6994258,재료,마요네즈,1큰술
6994258,재료,참기름,1/2큰술
6994258,재료,깨,1/2큰술
6912734,재료,새송이버섯,2개
6912734,재료,버터,30g
6912734,재료,어린잎채소,
6912734,재료,간장,1T
6912734,재료,맛술,1T
6912734,재료,올리고당,1/2T
7073955,재료,사각어묵 4~5장,200g
7073955,재료,양파,1/4개
7073955,재료,대파,1/2대
7073955,재료,당근,약간
7073955,재료,식용유,1큰술
7073955,재료,물엿,1큰술
7073955,재료,설탕,0.5큰술
7073955,재료,진간장,1큰술
7073955,재료,맛술,1큰술
7073955,재료,다진 마늘,0.5큰술
7073955,재료,물,2큰술
7073955,재료,후추,약간
7073955,재료,참기름,0.5작은술
7073955,재료,통깨,0.5큰술
6957003,재료,베이컨,6장
6957003,재료,양파,1/2개
6957003,재료,진간장,1스푼
6957003,재료,설탕,1스푼
6957003,재료,맛술,1스푼
6957003,재료,다진마늘,1스푼
6957003,재료,굴소스,1/2스푼
7004229,재료,참치,1캔
7004229,재료,양파,1개
7004229,재료,청양고추,3개
7004229,재료,기름,1T
7004229,재료,물,1/2컵
7004229,재료,된장,3T
7004229,재료,고추장,2T
7004229,재료,고춧가루,1/2T
7004229,재료,다진마늘,1T
7004229,재료,올리고당,1T
7004229,재료,매실엑기스,2/3T
7004229,재료,참기름,1/2T
7004229,재료,깨,1
7004229,기타,인덱스도마,
7004229,기타,믹싱볼,
7004229,기타,요리스푼,
7004229,기타,볶음팬,
7023640,재료,취나물,150g
7023640,재료,통깨,1숟가락
7023640,재료,소금,1/2숟가락
7023640,재료,대파,1/3대
7023640,재료,쌈장,2숟가락
7023640,재료,다진마늘,1/2숟가락
7023640,재료,다진대파,2숟가락
7023640,재료,설탕,1/2숟가락
7023640,재료,참치액젓,1/2숟가락
7023640,재료,들기름,1/2숟가락
7023640,기타,도마,
7023640,기타,조리용나이프,
7023640,기타,냄비,
7023640,기타,조리용집게,
7023640,기타,니트릴장갑,
7023640,기타,볼,
7023640,기타,소스볼,
7023640,기타,조리용스푼,
7023640,기타,찬기,
7075897,재료,표고버섯,6개
7075897,재료,다진마늘,1T
7075897,재료,들기름,4T
7075897,재료,굴소스,2T
7075897,재료,올리고당,1/2T
7075897,재료,참기름,1/2T
7075897,재료,깨소금,1/2T
7075897,재료,후추,약간
7001752,재료,콩나물,300g
7001752,재료,크래미,140g
7001752,재료,대파,조금
7001752,재료,소금,1/2숟가락
7001752,재료,들기름,1숟가락
7001752,재료,깨소금,1숟가락
7001752,기타,냄비,
7001752,기타,도마,
7052761,재료,토마토,2개
7052761,재료,상추,1/2장
7052761,재료,소금,2꼬집
7052761,재료,진간장,1/2큰술
7052761,재료,매실액,1/2큰술
7052761,재료,참기름,1/2큰술
7052761,재료,식초,1/2큰술
7052761,재료,다진마늘,1/2큰술
7052761,재료,대파 송송 썬,1/2큰술
7052761,재료,으깬통깨,1/2큰술
7052761,기타,도마,
7052761,기타,조리용나이프,
7052761,기타,소스볼,
7052761,기타,계량스푼,
7052761,기타,접시,
6983882,재료,비엔나소세지,300g
6983882,재료,떡볶이떡,2줌
6983882,재료,식용유,적당량
6983882,재료,통깨,적당량
6983882,재료,고추장,1T
6983882,재료,간장,1T
6983882,재료,다진마늘,1T
6983882,재료,설탕,2T
6983882,재료,올리고당,2T
6983882,재료,케첩,3T
7075861,재료,소고기 홍두깨살,300g
7075861,재료,간장,1/2T
7075861,재료,소금,1/2T
7075861,재료,다진마늘,1/2T
7075861,재료,설탕,1T
7075861,재료,통깨,1T
7075861,재료,참기름,2T
7075861,재료,후추,약간
7075861,재료,배,1/2개
7014484,재료,감자,3-4개
7014484,재료,피자치즈,1종이컵
7014484,재료,마요네즈,1숟가락
7014484,재료,설탕,1/2숟가락
7014484,재료,소금,1/2숟가락
7014484,재료,전분가루,1숟가락
7014484,재료,버터,약간
7014484,기타,도마,
7014484,기타,조리용나이프,
7014484,기타,냄비,
7014484,기타,볼,
7014484,기타,매셔,
7014484,기타,프라이팬,
7014484,기타,뒤집개,
7014484,기타,완성접시,
6984423,재료,대파,1/2개
6984423,재료,소시지,14개
6984423,재료,달걀,1개
6984423,재료,밥,1공기
6984423,재료,진간장,1숟갈
6984423,재료,굴소스,1숟갈
6984423,재료,소금,톡톡
6984423,재료,후추,톡톡
6984423,재료,참기름,1숟갈
6946282,재료,두부,1모
6946282,재료,대파,
6946282,재료,청양고추,2개
6946282,재료,물,2T
6946282,재료,굴소스,2T
6946282,재료,식초,2T
6946282,재료,고춧가루,1T
6946282,재료,다진마늘,1T
6946282,재료,설탕,1T
6946282,재료,진간장,1T
7070354,재료,무,1/3
7070354,재료,대파,0.2대
7070354,재료,소금,약간
7070354,재료,설탕,2큰술
7070354,재료,고춧가루,3큰술
7070354,재료,진간장,1큰술
7070354,재료,식초,2큰술
7025912,재료,달걀,2개
7025912,재료,방울토마토,5~6개
7025912,재료,다진파,1/2T
7025912,재료,다진마늘,1/3T
7025912,재료,간장,1/3T
7025912,재료,식용유,1T
7025912,재료,소금,1/2꼬집
7025912,재료,후추,조금
7025912,기타,도마,
7025912,기타,조리용나이프,
7025912,기타,대접,
7025912,기타,요리젓가락,
7025912,기타,프라이팬,
7025912,기타,접시,
6933760,재료,팽이버섯,1봉
6933760,재료,대파,1줌
6933760,재료,양파,1/2개
6933760,재료,달걀,1개
6933760,재료,참기름,약간
6933760,재료,통깨,적당히
6933760,재료,간장,2숟가락
6933760,재료,굴소스,0.5숟가락
6933760,재료,설탕,0.5숟가락
6933760,재료,맛술,2숟가락
6933760,재료,물,3큰술
6915088,재료,달걀,10개
6915088,재료,양파,1개
6915088,재료,청양고추,3개
6915088,재료,쪽파 또는 대파,약간
6915088,재료,멸치육수,1.5컵
6915088,재료,고추장,2T
6915088,재료,고춧가루,3T
6915088,재료,진간장,4T
6915088,재료,설탕,2T
6915088,재료,물엿,3T
6915088,재료,참기름,2T
6915088,재료,깨,1T
6915088,재료,후추,1ts
7013562,재료,새송이버섯,1봉지
7013562,재료,대파,1/4대
7013562,재료,식용유,3큰술
7013562,재료,진간장,3.5큰술
7013562,재료,올리고당,2큰술
7013562,재료,다진마늘,1/2큰술
7013562,재료,참기름,1큰술
7013562,재료,깨소금,1/2큰술
7013562,재료,식용유,3큰술
7013562,기타,도마,
7013562,기타,조리용나이프,
7013562,기타,볶음팬,
7013562,기타,요리스푼,
7013562,기타,완성접시,
4030952,재료,풋고추,10개
4030952,재료,된장,2T
4030952,재료,다진 마늘,1/3T
4030952,재료,송송썰은 대파,1T
4030952,재료,참기름,1/2T
4030952,재료,통깨,1/2T
4030952,재료,매실원액,1T
4030952,재료,설탕,1/3T
6907091,재료,오이고추,6-7개
6907091,재료,쌈장,1T
6907091,재료,고춧가루,1/2T
6907091,재료,올리고당,1T
6907091,재료,참기름,1T
6907091,재료,다진마늘,1/2T
6907091,재료,깨,1T
7065112,재료,베이컨,1팩
7065112,재료,공기밥,2공기
7065112,재료,대파,넉넉히
7065112,재료,굴소스,2스푼
7065112,재료,계란,2개
7065112,재료,간장,2스푼
7006608,재료,애호박,1개
7006608,재료,새우살,12마리
7006608,재료,참기름,2T
7006608,재료,다진마늘,1T
7006608,재료,국간장,1T
7006608,재료,통깨,
7006608,기타,도마,
7006608,기타,믹싱볼,
7006608,기타,채반,
7006608,기타,볶음팬,
7006608,기타,요리스푼,
6843136,재료,베이컨,
6843136,재료,대파,
6843136,재료,떡,
6843136,재료,간장,
6843136,재료,참기름,
6843136,재료,물엿,
6843136,재료,기름,
7006705,재료,알배추,1/4
7006705,재료,두부,1/2모
7006705,재료,참치,1/2캔
7006705,재료,계란,2개
7006705,재료,소금,톡톡
7006705,재료,후추,톡톡
7006705,기타,스텐냄비,
7006705,기타,요리집게,
7006705,기타,프라이팬,
7006705,기타,실리콘주걱,
7006705,기타,스텐믹싱볼,
7006705,기타,도마,
7006705,기타,사각접시,
7040785,재료,스팸 200g,1캔
7040785,재료,계란,4개
7040785,재료,김가루,조금
7040785,재료,마요네즈,조금
7040785,재료,케첩,1+1/2T
7040785,재료,맛술,1+1/2T
7040785,재료,물엿,1+1/2T
7040785,재료,물,1+1/2T
7040785,재료,진간장,1/3T
7040785,재료,굴소스,1/3T
7040785,기타,도마,
7040785,기타,조리용나이프,
7040785,기타,소스볼,
7040785,기타,숟가락,
7040785,기타,프라이팬,
7040785,기타,조리용스푼,
7040785,기타,완성그릇,
7055913,재료,소면,1인분
7055913,재료,오이,1개
7055913,재료,다진마늘,1/3T
7055913,재료,참치액,1T
7055913,재료,식초,1T
7055913,재료,레몬즙,1T
7055913,재료,매실청,1T
7055913,재료,들기름,3T
7055913,재료,들깻가루,1T
7055913,재료,깨소금,1T
7055913,재료,소금,2꼬집
7055913,재료,꿀,1T
7055913,재료,간장,1T
7055913,기타,도마,
7055913,기타,조리용나이프,
7055913,기타,볼,
7055913,기타,냄비,
7055913,기타,채반,
7055913,기타,스푼,
7055913,기타,야채짤순이,
7055913,기타,면기,
7045536,재료,양배추,1/4개
7045536,재료,닭가슴살,100g
7045536,재료,다진마늘,1T
7045536,재료,양파,1/2개
7045536,재료,달걀,1개
7045536,재료,밥,1/2공기
7045536,재료,진간장,1T
7045536,재료,참치액,1t
7045536,재료,올리브유,1T
7045536,재료,굴소스,1T
7045536,재료,알룰로스 올리고당 대체 가능,1t
7045536,재료,파슬리가루,1t
7045536,기타,도마,
7045536,기타,조리용나이프,
7045536,기타,믹싱볼,
7045536,기타,채반,
7045536,기타,볶음팬,
7045536,기타,요리스푼,
7045536,기타,완성그릇,
7011685,재료,떡볶이떡,20개
7011685,재료,베이컨,10줄
7011685,재료,파슬리,조금
7011685,재료,머스타드,조금
7011685,기타,냄비,
7011685,기타,채반,
7011685,기타,도마,
7011685,기타,조리용나이프,
7011685,기타,프라이팬,
7011685,기타,요리젓가락,
7011685,기타,유산지,
7011685,기타,접시,
7007197,기타,햇반 1개,210g
7007197,기타,참치,1/2캔
7007197,기타,간장,1.5T
7007197,기타,참기름,1T
7007197,기타,깨,약간
7007197,기타,후추,약간
7007197,기타,볼,
7007197,기타,숟가락,
7007197,기타,위생장갑,
7007197,기타,프라이팬,
7007197,기타,뒤집개,
7007197,기타,접시,
7028655,재료,김치,1/4포기
7028655,재료,스팸,200g
7028655,재료,식용유,2T
7028655,재료,고춧가루,1T
7028655,재료,간장,1T
7028655,재료,설탕,1T
7028655,재료,올리고당,1T
7028655,재료,참기름,2T
7028655,재료,통깨,1T
7028655,기타,도마,
7028655,기타,조리용나이프,
7028655,기타,프라이팬,
7028655,기타,조리주걱,
7028655,기타,반찬통,
6957535,재료,건새우,50g
6957535,재료,물,1/4컵
6957535,재료,마늘쫑,300g
6957535,재료,소금,1/3큰술
6957535,재료,설탕,2큰술
6957535,재료,간장,4큰술
6957535,재료,식용유,4큰술
6957535,재료,참기름,2큰술
6957535,재료,물엿,1.5큰술
6957535,재료,통깨,1큰술
7033948,재료,감자 큰것,2개
7033948,재료,스팸,80g
7033948,재료,양파,1/4개
7033948,재료,당근,30g
7033948,재료,마늘,1작은술
7033948,재료,소금,1작은술
7033948,재료,후추,약간
7033948,재료,통깨,1줌
7033948,재료,참기름,1큰술
7033948,기타,도마,
7033948,기타,조리용나이프,
7033948,기타,볼,
7033948,기타,채반,
7033948,기타,냄비,
7033948,기타,프라이팬,
7033948,기타,조리주걱,
7033948,기타,계량스푼,
7033948,기타,접시,
7052506,재료,두부,1/2모
7052506,재료,팽이버섯,1/2봉지
7052506,재료,진간장,1T
7052506,재료,알룰로스,1T
7052506,재료,다진마늘,1T
7052506,재료,물,2T
7052506,재료,굴소스,0.5T
7052506,기타,도마,
7052506,기타,조리용나이프,
7052506,기타,프라이팬,
7052506,기타,접시,
7052506,기타,조리용스푼,
6995956,재료,맛살,10개
6995956,재료,계란,2개
6995956,재료,참치캔,1개
6995956,재료,청양고추,2개
6995956,재료,양파,1/4개
6995956,재료,소금,1꼬집
6995956,재료,후추,1꼬집
6840157,재료,단무지,260g
6840157,재료,대파 손가락 길이,1줄
6840157,재료,통깨,1숟가락
6840157,재료,고추가루,1숟가락
6840157,재료,참기름 또는 들기름,1숟가락
6840157,재료,올리고당,1숟가락
7075993,재료,열무,1/3단
7075993,재료,된장,1/2스푼
7075993,재료,국간장,1/3스푼
7075993,재료,깨소금,약간
7075993,재료,참기름,2스푼
6918934,재료,새우,1공기
6918934,재료,다진마늘,1큰술
6918934,재료,마요네즈,4큰술
6918934,재료,설탕,1큰술
6918934,재료,버터,1/2큰술
6918934,재료,후추,약간
6918934,재료,소금,약간
6918934,재료,파슬리가루,약간
6830616,재료,배추,10장
6830616,재료,된장,1ts
6830616,재료,들깨,1Ts
6830616,재료,참기름,1ts
7048782,재료,봄동,1포기
7048782,재료,멸치액젓,1큰술
7048782,재료,진간장,1큰술
7048782,재료,고춧가루,2큰술
7048782,재료,설탕,1큰술
7048782,재료,매실청,2큰술
7048782,재료,식초,2큰술
7048782,재료,다진 마늘,1큰술
7048782,재료,참기름,약간
7048782,재료,통깨,약간
7048782,기타,볼,
7048782,기타,채반,
7048782,기타,스푼,
7048782,기타,위생장갑,
7048782,기타,접시,
7003451,재료,두부,1모
7003451,재료,팽이버섯,1봉
7003451,재료,대파,15cm
7003451,재료,간장,3숟가락
7003451,재료,맛술,1숟가락
7003451,재료,다진 마늘,1숟가락
7003451,재료,올리고당,2숟가락
7003451,재료,고춧가루,2숟가락
7003451,재료,후추,약간
7003451,기타,나무도마,
7003451,기타,유리볼,
7003451,기타,요리젓가라,
7003451,기타,프라이팬,
7003451,기타,프라이팬뚜껑,
7003451,기타,뒤집개,
7003451,기타,나무숟가락,
7003451,기타,주방나이프,
6992944,재료,양파,1/2개
6992944,재료,슬라이스 마늘,10개
6992944,재료,밥,1.5공기
6992944,재료,올리브오일,1큰술
6992944,재료,간장,1큰술
6992944,재료,후추,약간
6992944,재료,굴소스,1작은술
6992944,재료,깨,약간
6992944,재료,달걀,
6992944,재료,닭가슴살,
6875304,재료,깻잎,
6875304,재료,대파,
6875304,재료,다진마늘,1T
6875304,재료,국간장,1T
6875304,재료,참기름,1T
6875304,재료,들깨가루,2T
6875304,재료,깨,
7011840,재료,콩나물,250g
7011840,재료,대파 흰부분,1/3개
7011840,재료,물,1컵
7011840,재료,소금,1스푼
7011840,재료,식용유,1스푼
7011840,재료,고춧가루,1스푼
7011840,재료,국간장,0.5스푼
7011840,재료,참기름,1스푼
7011840,재료,깨소금,1스푼
7011840,재료,소금,3티스푼
7011840,기타,도마,
7011840,기타,조리용나이프,
7011840,기타,믹싱볼,
7011840,기타,채반,
7011840,기타,냄비,
7011840,기타,요리젓가락,
7011840,기타,완성접시,
6981985,재료,브로콜리,1송이
6981985,재료,두부,1/2모
6981985,재료,다진마늘,1작은술
6981985,재료,간장,1큰술
6981985,재료,멸치액젓,1큰술
6981985,재료,참기름,1큰술
6981985,재료,깨소금,조금
6981985,재료,밀가루,1큰술
6981985,재료,소금,1작은술
6981985,재료,식초,1큰술
6897383,재료,스팸(小),1캔
6897383,재료,양파,1개
6897383,재료,계란,2개
6897383,재료,대파,약간
6897383,재료,간장,4T
6897383,재료,설탕,2T
6897383,재료,물,2/3종이컵
7004960,재료,두부,1모
7004960,재료,토마토소스,6숟가락
7004960,재료,양파,1/4개
7004960,재료,방울토마토,3개
7004960,재료,닭가슴살,1/4개
7004960,재료,모짜렐라 치즈,1/2종이컵
7004960,기타,도마,
7004960,기타,프라이팬,
7004960,기타,뒤집개,
6978378,재료,팽이버섯,1봉지
6978378,재료,쪽파,약간
6978378,재료,청양고추,1~2개
6978378,재료,다진마늘,약간
6978378,재료,식용유,약간
6978378,재료,고추장,1스푼
6978378,재료,고춧가루,1/2스푼
6978378,재료,설탕,1스푼
6978378,재료,미림,2큰술
6978378,재료,간장,1스푼
6978378,재료,올리고당,1스푼
6978378,재료,물,2스푼
6951564,재료,베이컨,5~6줄
6951564,재료,양파,1/2개
6951564,재료,미니새송이버섯,7개
6951564,재료,다진마늘,1t
6951564,재료,굴소스,1t
7071744,재료,마늘,40개
7071744,재료,아몬드,35개
7071744,재료,통깨,1티스푼
7071744,재료,식용유,15큰술
7071744,재료,물,2큰술
7071744,재료,물엿,2큰술
7071744,재료,간장,2큰술
6991245,재료,참치캔,150g
6991245,재료,양파,1/2개
6991245,재료,대파,1/3대
6991245,재료,청양고추,1개
6991245,재료,통깨,약간
6991245,재료,식용유,1T
6991245,재료,고춧가루,1T
6991245,재료,설탕,0.5T
6991245,재료,진간장,1T
7030095,재료,어묵,200g
7030095,재료,대파,1/2대
7030095,재료,마늘,1T
7030095,재료,알룰로스,1T
7030095,재료,물,3~4T
7030095,재료,고춧가루,1.5T
7030095,재료,간장,1.5T
7030095,기타,소스볼,
7030095,기타,계량스푼,
7030095,기타,도마,
7030095,기타,조리용나이프,
7030095,기타,볶음팬,
7030095,기타,조리주걱,
7030095,기타,접시,
6913952,재료,프랑크소시지,1개
6913952,재료,마늘쫑,1단
6913952,재료,간장,2
6913952,재료,올리고당,1
6913952,재료,참기름,1
6913952,재료,통깨,
7071098,재료,방울토마토,700g
7071098,재료,양파,1/3개
7071098,재료,파슬리가루,1T
7071098,재료,올리브오일,3T
7071098,재료,발사믹식초,1T
7071098,재료,레몬즙,1T
7071098,재료,꿀,1T
7071098,재료,죽염,2꼬집
7071098,재료,후추,조금
6997077,재료,계란,3개
6997077,재료,양배추,1줌
6997077,재료,소금,2꼬집
6997077,재료,모짜렐라치즈,적당량
6997077,재료,카놀라유,적당량
6997077,재료,케찹,적당량
6962486,재료,두부,100g
6962486,재료,새싹채소,50g
6962486,재료,현미밥,2/3공기
6962486,재료,고추장,1큰술
6962486,재료,꿀,1작은술
6962486,재료,다진마늘,1작은술
6962486,재료,참기름,1작은술
6962486,재료,참깨,1작은술
6962486,재료,매실액,1작은술
7018922,재료,크래미,1팩
7018922,재료,깻잎,6장
7018922,재료,달걀,2개
7018922,재료,부침가루,3숟가락
7018922,재료,소금,약간
7018922,재료,식용유,약간
7018922,기타,도마,
7018922,기타,조리용나이프,
7018922,기타,위생장갑,
7018922,기타,유리볼,
7018922,기타,요리젓가락,
7018922,기타,프라이팬,
7018922,기타,플레이팅접시,
7046232,재료,달걀,2알
7046232,재료,순두부,1팩
7046232,재료,참기름,1T
7046232,재료,참치액,1T
7046232,재료,파 다진 파,1T
7046232,기타,접시,
7046232,기타,조리용가위,
7046232,기타,전자레인지용기,
7046232,기타,전자레인지,
7046232,기타,스푼,
7017649,재료,알배추,7장
7017649,재료,두부,1/4모
7017649,재료,간장,1T
7017649,재료,고추가루,0.5T
7017649,재료,다진마늘,0.5T
7017649,재료,청양고추,0.5T
7017649,재료,설탕,0.5T
7017649,재료,참기름,0.5T
7017649,기타,냄비,
7017649,기타,조리주걱,
7017649,기타,도마,
7017649,기타,조리용나이프,
7017649,기타,프라이팬,
7017649,기타,완성접시,
7002422,재료,우삼겹,250g
7002422,재료,콩나물,200g
7002422,재료,대파,약간
7002422,재료,고춧가루,2스푼
7002422,재료,맛술,1스푼
7002422,재료,국간장,2스푼
7002422,재료,액젓,1.5스푼
7002422,재료,다진마늘,1스푼
7002422,기타,도마,
7002422,기타,냄비,
7002422,기타,요리주걱,
7030132,재료,대패삼겹살,700g
7030132,재료,대파,1/2대
7030132,재료,양파,1개
7030132,재료,설탕,1큰술
7030132,재료,올리고당,2큰술
7030132,재료,참기름,2큰술
7030132,재료,통깨,1큰술
7030132,재료,후추,조금
7030132,재료,고춧가루,3큰술
7030132,재료,고추장,2큰술
7030132,재료,진간장,5큰술
7030132,재료,다진마늘,1큰술
7030132,재료,매실액,1큰술
7030132,재료,맛술,2큰술
7030132,기타,도마,
7030132,기타,조리용나이프,
7030132,기타,소스볼,
7030132,기타,숟가락,
7030132,기타,프라이팬,
7030132,기타,요리집게,
7030132,기타,요리스푼,
7030132,기타,접시,
7014608,재료,밥 1공기,300g
7014608,재료,아보카도,1/2개
7014608,재료,계란,1개
7014608,재료,간장,2T
7014608,재료,와사비,0.5T
7014608,기타,도마,
7014608,기타,조리용나이프,
7014608,기타,프라이팬,
7014608,기타,뒤집개,
7014608,기타,볼,
7014608,기타,완성접시,
6966445,재료,파프리카,1개
6966445,재료,달걀,3개
6966445,재료,양파,
6966445,재료,현미유,조금
6966445,재료,소금,조금
6966445,재료,후추,조금
6966445,재료,파슬리가루,
7043912,재료,브로콜리,1개
7043912,재료,두부,1/2모
7043912,재료,소금,0.5t
7043912,재료,다진 마늘,0.5t
7043912,재료,국간장,1T
7043912,재료,참치액,1T
7043912,재료,참기름,1T
7043912,재료,깨,2T
7043912,기타,볼,
7043912,기타,냄비,
7043912,기타,숟가락,
7043912,기타,채망,
7043912,기타,면보,
7043912,기타,접시,
7043912,기타,그릇,
6983042,재료,계란,4개
6983042,재료,미림,1/2t
6983042,재료,참치액,1/2t
6983042,재료,쪽파,10줄기
6983042,재료,기름,적당량
6895591,재료,부침용 두부,1모
6895591,재료,다진마늘,1T
6895591,재료,고추장 깍아서,1T
6895591,재료,간장,1T
6895591,재료,굴소스,1/2T
6895591,재료,올리고당,2T
6895591,재료,참기름,1T
6895591,재료,깨,1T
6952025,재료,무,1/2쪽
6952025,재료,대파,약간
6952025,재료,들기름,3스푼
6952025,재료,맛소금,1t
6952025,재료,마늘,1스푼
6952025,재료,깨,1스푼
7009241,재료,가시오이,1개
7009241,재료,고춧가루,1T
7009241,재료,국간장,1T
7009241,재료,참기름,1T
7009241,재료,통깨,
7009241,기타,주방필러,
7009241,기타,도마,
7009241,기타,조리용나이프,
7009241,기타,믹싱볼,
7009241,기타,숟가락,
7009241,기타,위생장갑,
6877253,재료,만두 교자만두/물만두,10개
6877253,재료,비엔나소세지 작은거,1봉
6877253,재료,물,1T
6877253,재료,간장,1T
6877253,재료,고추장,2T
6877253,재료,케찹,2T
6877253,재료,올리고당,1.5T
6877253,재료,다진마늘,1t
6877253,재료,참기름,약간
6877253,재료,깨,약간
7019202,재료,고구마,1개
7019202,재료,베이컨,3줄
7019202,재료,올리브유,1T
7019202,재료,소금,0.3T
7019202,재료,간장,1T
7019202,재료,올리고당,1T
7019202,기타,도마,
7019202,기타,조리용나이프,
7019202,기타,내열용기,
7019202,기타,전자레인지,
7019202,기타,프라이팬,
7019202,기타,요리스푼,
7019202,기타,유리용기,
6924130,재료,시금치,1줌
6924130,재료,양파,1/2개
6924130,재료,계란,3개
6924130,재료,소금,1작은술
6924130,재료,올리브유,2큰술
6924130,재료,통깨,조금
2399193,재료,불린 당면 150g 정도,1줌
2399193,재료,새우,20마리
2399193,재료,양파,1/2개
2399193,재료,대파,1/2대
2399193,재료,다진마늘,1큰술
2399193,재료,고추기름,1큰술
2399193,재료,참기름,1큰술
2399193,재료,멸치다시마물,1/2컵
2399193,재료,설탕,1/2큰술
2399193,재료,고추장,1큰술
2399193,재료,굴소스,1큰술
2399193,재료,맛술,2큰술
2399193,재료,후추,약간
7042590,재료,시금치,1/3단
7042590,재료,새우 중,20마리
7042590,재료,방울토마토,1줌
7042590,재료,통마늘,1줌
7042590,재료,파스타면 500원 동전 크기,2인분
7042590,재료,소금,1T
7042590,재료,후추,톡톡톡
7042590,재료,참치액,1.5T
7042590,재료,올리브유,넉넉히
7042590,기타,키친타올,
7042590,기타,도마,
7042590,기타,조리용나이프,
7042590,기타,냄비,
7042590,기타,요리집게,
7042590,기타,프라이팬,
7042590,기타,요리스푼,
7042590,기타,국자,
7042590,기타,플레이팅접시,
7070355,재료,감자,4개
7070355,재료,당근,1/2개
7070355,재료,소금,1t
7070355,재료,후추,약간
7070355,재료,간마늘,1t
7070355,재료,올리고당,1t
7018178,재료,납작 어묵,4~5장
7018178,재료,프랑크소세지,4~5개
7018178,재료,대파,1/2개
7018178,재료,올리브유,2~3큰술
7018178,재료,다진마늘,1작은술
7018178,재료,굴소스,1큰술
7018178,재료,올리고당,2큰술
7018178,재료,참기름,조금
7018178,재료,통깨,조금
7018178,기타,도마,
7018178,기타,조리용나이프,
7018178,기타,냄비,
7018178,기타,채반,
7018178,기타,볶음팬,
7018178,기타,요리스푼,
6910706,재료,감자,2개
6910706,재료,베이컨,4줄
6910706,재료,모짜렐라 치즈,1주먹
6910706,재료,우유,2T
6910706,재료,후추,1꼬집
6955413,재료,메추리알,300g
6955413,재료,곤약,300g
6955413,재료,당근,50g
6955413,재료,건표고,5g
6955413,재료,대파,40g
6955413,재료,물,300cc
6955413,재료,간장,120cc
6955413,재료,미림,120cc
6955413,재료,설탕,7스푼
6955413,재료,물,1L
6955413,재료,굵은소금,1스푼
6897374,재료,닭봉 500그램,1팩
6897374,재료,파프리카,조금
6897374,재료,간장,2숟가락
6897374,재료,설탕,2숟가락
6897374,재료,꿀,3숟가락
6897374,재료,마늘,15개
6897374,재료,후추가루,조금
6885909,재료,꽈리고추,20개
6885909,재료,햄,140g
6885909,재료,양파,1/2개
6885909,재료,진간장,2T
6885909,재료,굴소스,1/2T
6885909,재료,마늘,3쪽
6885909,재료,올리고당,2T
6885909,재료,식용유,1T
6885909,재료,참기름,1T
6846168,재료,또띠아,2장
6846168,재료,참치캔,1개
6846168,재료,치즈,취향껏
6846168,재료,양파,0.5개
6846168,재료,청양고추,1개
6846168,재료,토마토소스,4T
7002427,재료,감자,3개
7002427,재료,돼지고기 앞다리살,250g
7002427,재료,양파,1/2개
7002427,재료,청양고추,3개
7002427,재료,대파,1/2대
7002427,재료,다진마늘,1큰술
7002427,재료,참치액젓,1큰술
7002427,재료,진간장,1.5큰술
7002427,재료,설탕,1.5큰술
7002427,재료,맛술,2큰술
7002427,재료,고춧가루,1큰술
7002427,재료,고추장,1큰술
7002427,기타,도마,
7002427,기타,프라이팬,
7002427,기타,요리주걱,
7057107,재료,파스타면,2인분
7057107,재료,양파,1/2개
7057107,재료,마늘,10알
7057107,재료,카레가루,5큰술
7057107,재료,우유,600ml
7057107,재료,올리브유,2큰술
7057107,재료,새우,8마리
7057107,재료,후추,
7057107,기타,도마,
7057107,기타,조리용나이프,
7057107,기타,볼,
7057107,기타,냄비,
7057107,기타,요리젓가락,
7057107,기타,프라이팬,
7057107,기타,요리스푼,
7057107,기타,완성접시,
7073666,재료,어묵,200g
7073666,재료,무,150g
7073666,재료,대파,조금
7073666,재료,물,1L
7073666,재료,코인육수,1개
7073666,재료,국간장,1T
7073666,재료,참치액,1T
7073666,재료,소금,약간
7073666,재료,후추,톡톡
7032079,재료,감자,3~4개
7032079,재료,꽈리고추 작은거,20개
7032079,재료,다진마늘,1큰술
7032079,재료,고추장,1큰술
7032079,재료,된장,1작은술
7032079,재료,고춧가루,1큰술
7032079,재료,설탕,1큰술
7032079,재료,진간장,2큰술
7032079,재료,맛술,1큰술
7032079,재료,참기름,1작은술
7032079,재료,올리고당,1큰술
7032079,기타,도마,
7032079,기타,조리용나이프,
7032079,기타,믹싱볼,
7032079,기타,채반,
7032079,기타,소스볼,
7032079,기타,프라이팬,
7032079,기타,조리용스푼,
7032079,기타,접시,
6959420,재료,닭고기,100g
6959420,재료,양배추채,1줌
6959420,재료,파프리카,1개
6959420,재료,연겨자,1/2큰술
6959420,재료,간장,1큰술
6959420,재료,물,1큰술
6959420,재료,식초,1큰술
6959420,재료,매실청,1큰술
6959420,재료,꿀,1큰술
6959420,재료,다진마늘,1/2큰술
6959420,재료,통깨,1큰술
6984643,재료,양파,2개
6984643,재료,대파,1/2대
6984643,재료,간장,1.5큰술
6984643,재료,식용유,1큰술
6984643,재료,통깨,조금
7007710,재료,두부,1/2모
7007710,재료,대파,1/3
7007710,재료,진간장,2스푼
7007710,재료,굴소스,1스푼
7007710,재료,올리고당,1스푼
7007710,재료,계란노른자,
7007710,재료,들기름,1스푼
7007710,재료,깨소금,1꼬집
7007710,기타,도마,
7007710,기타,조리용나이프,
7007710,기타,프라이팬,
7007710,기타,실리콘요리스푼,
7007710,기타,접시볼,
6975337,재료,순두부,1개
6975337,재료,대파,1/2대
6975337,재료,홍고추,1개
6975337,재료,다진 마늘,0.5T
6975337,재료,진간장,2T
6975337,재료,참치액,1T
6975337,재료,맛술,1T
6975337,재료,참기름,1T
6975337,재료,통깨,1T
6975337,재료,고춧가루,1T
7035098,재료,무,600g
7035098,재료,고춧가루,3큰술
7035098,재료,식초,3큰술
7035098,재료,설탕,2.5큰술
7035098,재료,까나리액젓,2큰술
7035098,재료,다진마늘,1큰술
7035098,재료,다진대파,4큰술
7035098,재료,소금,1작은술
7035098,재료,깨,적당량
7035098,기타,감자칼,
7035098,기타,도마,
7035098,기타,조리용나이프,
7035098,기타,믹싱볼,
7035098,기타,위생장갑,
7035098,기타,계량스푼,
7035098,기타,반찬통,
7035098,기타,접시,
7075761,재료,머위나물,1봉지
7075761,재료,된장,1T
7075761,재료,참치액젓,1T
7075761,재료,다진마늘,2/1T
7075761,재료,들기름,1T
7075761,재료,깨소금,약간
7075761,재료,굵은소금,2/1T
7074800,재료,밥새우,100g
7074800,재료,다진 마늘,1/2큰술
7074800,재료,간장 반,큰술
7074800,재료,설탕,2큰술
7074800,재료,기름,2큰술
7074800,재료,올리고당,1큰술
7074800,재료,통깨,2큰술
6894755,재료,진미채 크게,1줌
6894755,재료,고추장,1T
6894755,재료,고추가루,1T
6894755,재료,간장,1T
6894755,재료,다진마늘,1T
6894755,재료,깨,1T
6894755,재료,참기름,1T
6894755,재료,올리고당,2T
6894755,재료,마요네즈,0.5T
6894755,재료,물,2T
6990828,재료,달걀,2개
6990828,재료,우유,2숟가락
6990828,재료,마늘,4개
6990828,재료,양파,1/4개
6990828,재료,버터,1조각
6990828,재료,물,1.5종이컵
6990828,재료,카레가루,3숟가락
6990828,재료,소금,약간
7039774,재료,떡국떡,300g
7039774,재료,차돌박이,200g
7039774,재료,새송이버섯,2개
7039774,재료,대파,1대
7039774,재료,청양고추,1개
7039774,재료,진간장,3숟가락
7039774,재료,설탕,2숟가락
7039774,재료,굴소스,2숟가락
7039774,기타,볼,
7039774,기타,도마,
7039774,기타,조리용나이프,
7039774,기타,채반,
7039774,기타,볶음팬,
7039774,기타,요리집게,
7039774,기타,조리용스푼,
7039774,기타,접시,
6969794,재료,양배추,1/4통
6969794,재료,후랑크 소시지,3~4개
6969794,재료,대파,1대
6969794,재료,달걀,3개
6969794,재료,후춧가루,적당히
6969794,재료,올리브유,적당히
6969794,재료,참기름,1티스푼
6969794,재료,통깨,적당히
6969794,재료,밥,2인분
6969794,재료,굴소스,1숟가락
6969794,재료,진간장,2큰술
6969794,재료,설탕,1숟가락
6969794,재료,맛술,2큰술
6952286,재료,청경채,4뿌리
6952286,재료,부추,1줌
6952286,재료,새우,12마리
6952286,재료,버섯,1~2줌
6952286,재료,양파,1/2개
6952286,재료,다진마늘,1T
6952286,재료,청양고추,2개
6952286,재료,식용유,3T
6952286,재료,굴소스,1T
6952286,재료,간장,1T
6952286,재료,참기름,1T
6952286,재료,소금 선택,
6952286,재료,후추,조금
6952286,재료,전분가루,1T
6952286,재료,물,250ml
6918383,재료,닭가슴살,50g
6918383,재료,달걀,3개
6918383,재료,양파,2개
6918383,재료,각종자투리 야채,100g
6918383,재료,소금,약간
6948513,재료,베이컨,3줄
6948513,재료,밥,1공기
6948513,재료,양파,1/3개
6948513,재료,계란 노른자,1개
6948513,재료,간장,1t
6948513,재료,설탕,1t
6948513,재료,맛술,1t
6948513,재료,굴소스,1/2t
6948513,재료,다진마늘,1/2t
6948513,재료,후추,톡톡
1802633,재료,떡볶이떡,
1802633,재료,베이컨,
1802633,재료,소금,
1802633,재료,블랙페이퍼(흑후추),
6891606,재료,부추,1줌
6891606,재료,달걀,4개
6891606,재료,식용유,2큰술
6891606,재료,밥,2공기
6891606,재료,굴소스,1큰술
6891606,재료,참기름,1큰술
7040553,재료,감자 큰 거,2개
7040553,재료,양파,1/2개
7040553,재료,파,1/4개
7040553,재료,고춧가루,1T
7040553,재료,다진마늘,1T
7040553,재료,올리고당,2T
7040553,재료,간장,2T
7040553,재료,맛술,1T
7040553,재료,들기름,1T
7040553,재료,고추장,2T
7040553,재료,참치액젓,1T
7040553,재료,물,400ml
7040553,기타,도마,
7040553,기타,조리용나이프,
7040553,기타,소스볼,
7040553,기타,숟가락,
7040553,기타,웍,
7040553,기타,조리용스푼,
7040553,기타,접시,
6996297,재료,고구마,1개
6996297,재료,설탕,5큰술
6996297,재료,감자전분,3큰술
6996297,재료,모짜렐라치즈,적당량
6996297,재료,식용유,3큰술
6887226,재료,양배추,6장
6887226,재료,참치,1캔
6887226,재료,양파,1/4개
6887226,재료,애호박,1/4개
6887226,재료,버섯,조금
6887226,재료,쪽파,조금
6887226,재료,된장,1t
6887226,재료,고추장,1t
6887226,재료,다진마늘,1t
6887226,재료,물,1/2컵
6869017,재료,양배추,2주먹
6869017,재료,양파,1/2개
6869017,재료,대파,10cm
6869017,재료,스팸,100g
6869017,재료,땡초,2개
6869017,재료,다진마늘,1/2T
6869017,재료,간장,2T
6869017,재료,굴소스,1T
6869017,재료,참기름,1T
6869017,재료,설탕,1/2T
6869017,재료,후추,2번
6869017,재료,물,5T
6834258,재료,연두부,
6834258,재료,다진파,
6834258,재료,다진청양고추,
6834258,재료,다진마늘,
6834258,재료,간장,1~2스푼
6834258,재료,고춧가루,조금
6834258,재료,깨소금,조금
6834258,재료,참기름,
7004418,재료,참나물,130g
7004418,재료,고추장,1/3스푼
7004418,재료,다진 마늘,1/2스푼
7004418,재료,된장,1/2스푼
7004418,재료,참기름,2스푼
7004418,재료,깨,조금
7004418,기타,믹싱볼,
7004418,기타,채반,
7004418,기타,냄비,
7004418,기타,도마,
7004418,기타,위생장갑,
7004418,기타,밀폐용기,
6932918,재료,치킨 너겟,1봉
6932918,재료,설탕,2큰술
6932918,재료,맛술,2큰술
6932918,재료,매실액,1큰술
6932918,재료,올리고당,3큰술
6932918,재료,간장,3큰술
6932918,재료,다진마늘,1큰술
6932918,재료,물,3큰술
6881099,재료,차돌박이,10장
6881099,재료,깻잎,5장
6881099,재료,팽이버섯,1묶음
6881099,재료,숙주나물,1주먹
6881099,재료,미소된장,1큰술
6881099,재료,마요네즈,1숟갈
6881099,재료,올리고당,1숟갈
6881099,재료,다진마늘,0.5숟갈
6881099,재료,고춧가루,0.3숟갈
6881099,재료,청양고추 다진것,1개
6881099,재료,물,2숟갈
7071077,재료,비엔나소시지 200~250g,1봉
7071077,재료,양파,1/2개
7071077,재료,대파,1/2대
7071077,재료,​ 진간장,1~1.5큰술
7071077,재료,올리고당 또는 물엿,1.5큰술
7071077,재료,굴소스,1/2큰술
7071077,재료,다진 마늘,1/2큰술
7071077,재료,물,2큰술
7036904,재료,우삼겹,300g
7036904,재료,콩나물,400g
7036904,재료,고추장,4T
7036904,재료,진간장,3T
7036904,재료,맛술,3T
7036904,재료,설탕,3T
7036904,재료,간마늘,3T
7036904,재료,다시다,1T
7036904,재료,후추 톡톡,2꼬집
7036904,기타,트레이,
7036904,기타,전자저울,
7036904,기타,프라이팬,
7036904,기타,요리집게,
7036904,기타,조리주걱,
7014762,재료,소고기 국거리용,300g
7014762,재료,미역,4인분
7014762,재료,참기름,2스푼
7014762,재료,소금,약간
7014762,재료,국간장,1스푼
7014762,기타,냄비,
7014762,기타,요리스푼,
7014762,기타,믹싱볼,
7014762,기타,채반,
7014762,기타,국자,
7014762,기타,대접,
6869489,재료,느타리버섯,80g
6869489,재료,양파,60g
6869489,재료,대파,1대
6869489,재료,밥,1공기
6869489,재료,참깨,약간
6869489,재료,간장,1.5숟가락
6869489,재료,물,3숟가락
6869489,재료,고추가루,2숟가락
6869489,재료,참기름,1/2숟가락
6869489,재료,설탕,2/3숟가락
6969724,재료,감자,4개
6969724,재료,전분,2~3T
6969724,재료,우유,2T
6969724,재료,식용유,1T
6969724,재료,간장,2T
6969724,재료,설탕,2T
6969724,재료,미림,2T
6868389,재료,치킨너겟,20개
6868389,재료,견과류 아몬드or땅콩 / 생략 가능,1줌
6868389,재료,진간장,3큰술
6868389,재료,설탕,2큰술
6868389,재료,올리고당,3큰술
6868389,재료,다진 마늘,1큰술
6868389,재료,매실액,1큰술
6868389,재료,맛술,2큰술
6868389,재료,물,3큰술
6885805,재료,초콜렛 다크 추천,2스푼
6885805,재료,설탕,3스푼
6885805,재료,카놀라유 올리브유 빼고,2스푼
6885805,재료,계란,1개
6885805,재료,밀가루 아무거나,1스푼
6885805,재료,핫초코가루,2스푼
6965981,재료,계란,3개
6965981,재료,당면,1줌
6965981,재료,당근,조금
6965981,재료,양파,조금
6965981,재료,쪽파,조금
6965981,재료,청양고추,2개
6965981,재료,간장,1숟가락
6965981,재료,설탕,1숟가락
6965981,재료,참기름,0.5숟가락
6939980,재료,느타리버섯,300g
6939980,재료,양파,1/2개
6939980,재료,애호박,1/4개
6939980,재료,고추,1개
6939980,재료,대파,1개
6939980,재료,고추장,1T
6939980,재료,고춧가루,1T
6939980,재료,간장,3T
6939980,재료,설탕,1.5T
6939980,재료,다진 마늘,1스푼
6939980,재료,참기름,1스푼
7037835,재료,비엔나 소시지,135g
7037835,재료,마늘,10알
7037835,재료,양파,1/2개
7037835,재료,파프리카 노란 빨강,2개
7037835,재료,대파 흰 부분,1/2대
7037835,재료,굴소스,1스푼
7037835,재료,참기름,1스푼
7037835,재료,후추,약간
7037835,재료,소금,1~2꼬집
7037835,재료,통깨,1/2스푼
7037835,재료,식용유,2스푼
7037835,기타,도마,
7037835,기타,조리용나이프,
7037835,기타,볶음팬,
7037835,기타,요리스푼,
7037835,기타,접시,
7010409,재료,우동면,1개
7010409,재료,양파,1/2개
7010409,재료,우유,300ml
7010409,재료,고체카레 또는 카레가루 1개 /,3스푼
7010409,재료,대패삼겹살,100g
7010409,기타,도마,
7010409,기타,조리용나이프,
7010409,기타,프라이팬,
7010409,기타,요리스푼,
7010409,기타,키친타올,
7010409,기타,플레이팅접시,
6886034,재료,감자,3개
6886034,재료,감자 전분,2스푼
6886034,재료,소금,1꼬집
6886034,재료,간장,1스푼
6886034,재료,올리고당,1스푼
6886034,재료,맛술,1스푼
6886034,재료,물,1스푼
6886034,재료,버터,1조각
6886034,재료,치즈,약간
7006926,재료,알배추,300g
7006926,재료,대파 흰부분,1토막
7006926,재료,된장,1큰술
7006926,재료,국간장,1/2큰술
7006926,재료,참기름,1큰술
7006926,재료,다진마늘,1작은술
7006926,재료,갈은 통깨,1큰술
7006926,기타,도마,
7006926,기타,조리용나이프,
7006926,기타,내열용기,
7006926,기타,전자레인지,
7006926,기타,유리볼,
7006926,기타,위생장갑,
6892209,재료,시금치,1/2단
6892209,재료,달걀,3알
6892209,재료,기름,2-3T
6892209,재료,다진파,1줌
6892209,재료,소금,3꼬집
7002301,재료,우동면,1인분
7002301,재료,명란젓,1개
7002301,재료,쪽파,1줄
7002301,재료,버터,1조각
7002301,재료,달걀,1개
7002301,재료,김가루,약간
7002301,재료,쯔유,1숟가락
7002301,기타,도마,
7002301,기타,유리볼,
7002301,기타,휴대용가스버너,
7002301,기타,면기,
7002301,기타,요리젓가락,
7002301,기타,냄비,
7002301,기타,채반,
6901939,기타,청경채,7개
6901939,기타,된장,1/2숟갈
6901939,기타,참기름,1/2숟갈
6901939,기타,다진마늘,1/2숟갈
6901939,기타,깨,1/2숟갈
6901939,기타,소금,2꼬집
6956954,재료,생 닭가슴살,300g
6956954,재료,양파,70g
6956954,재료,파프리카 빨강,35g
6956954,재료,파프리카 노랑,35g
6956954,재료,파프리카 초록,35g
6956954,재료,허브솔트,
6956954,재료,식용유,약간
6939082,재료,통마늘,7~10개
6939082,재료,새우,6~8마리
6939082,재료,올리브오일,
6939082,재료,소금,
6939082,재료,후추,
6988775,재료,오이,1개
6988775,재료,쪽파,6대
6988775,재료,고춧가루,2T
6988775,재료,멸치액젓,2T
6988775,재료,매실청,1.5T
6988775,재료,다진 마늘,1T
6988775,재료,통깨,1T
6853446,재료,또띠아,2장
6853446,재료,버터,1숟가락
6853446,재료,다진마늘,1숟가락
6853446,재료,꿀,1숟가락
6853446,재료,피자치즈,적당량
6930302,재료,오이,1개
6930302,재료,완숙토마토,1개
6930302,재료,꽃소금,약간
6930302,재료,설탕,2작은술
6930302,재료,깨소금,2큰술
6930302,재료,현미식초,2작은술
6930302,재료,양조간장,1큰술
6930302,재료,참기름,1작은술
7020127,재료,베이컨,100g
7020127,재료,숙주,3줌
7020127,재료,청양고추,1개
7020127,재료,대파,1/2대
7020127,재료,식용유,약간
7020127,재료,통깨,약간
7020127,재료,쪽파,송송
7020127,재료,간장,0.5T
7020127,재료,맛술,1T
7020127,재료,굴소스,1T
7020127,재료,다진 마늘,0.5T
7020127,재료,올리고당,0.5T
7020127,기타,볼,
7020127,기타,채반,
7020127,기타,도마,
7020127,기타,조리용나이프,
7020127,기타,스텐트레이,
7020127,기타,소스볼,
7020127,기타,볶음팬,
7020127,기타,요리스푼,
7020127,기타,완성접시,
6886357,재료,작은오징어,1마리
6886357,재료,청양고추나꽈리고추,1개
6886357,재료,간장,3T
6886357,재료,맛술,0.5T
6886357,재료,다진마늘,1t
6886357,재료,생강가루,1번
6886357,재료,설탕,0.5T
6886357,재료,올리고당,1T
6886357,재료,참기름,1t
6886357,재료,통깨,톡톡
6886357,재료,물,6T
6886357,재료,후추,톡톡
6922700,재료,칵테일 새우,20마리
6922700,재료,부추,1/5단
6922700,재료,부침가루,5큰술
6922700,재료,청양고추,2~3개
6922700,재료,물,1/2종이컵
6922700,재료,소금,1/2작은술
6881815,재료,칵테일 새우,1종이컵
6881815,재료,다진마늘,1스푼
6881815,재료,버터,1조각
6881815,재료,식용유,2스푼
6881815,재료,케찹,2스푼
6881815,재료,고추가루,1스푼
6881815,재료,설탕,1스푼
6881815,재료,간장,1스푼
6881815,재료,식초,1스푼
6881815,재료,물,약간
6881815,기타,유리볼,
6881815,기타,믹싱볼,
6881815,기타,프라이팬,
6881815,기타,정사각도시락,
6847470,재료,연두부,1팩
6847470,재료,새우,10-12마리
6847470,재료,달걀,1개
6847470,재료,송송 썬 쪽파,1-2줌
6847470,재료,다시마 5cm x 5cm,1장
6847470,재료,간장,1-1.5T
6919305,재료,돈까스,1장
6919305,재료,김치,1컵
6919305,재료,김치국물,1/2컵
6919305,재료,고춧가루,1스푼
6919305,재료,다진마늘,1/2스푼
6919305,재료,국간장,1.5~2스푼
6919305,재료,설탕,1~1.5스푼
6919305,재료,맛술,1스푼
6919305,재료,달걀,1~2개
6919305,재료,물,1/2컵
7002329,재료,숙주,200g
7002329,재료,크래미,3개
7002329,재료,오이,1/2개
7002329,재료,마늘,1/2스푼
7002329,재료,설탕,1.5스푼
7002329,재료,식초,1.5스푼
7002329,재료,소금,2꼬집
7002329,재료,후추,
7002329,재료,통깨,
7002329,재료,참기름,1/2스푼
7002329,기타,스텐볼,
7002329,기타,채반,
7002329,기타,냄비,
7002329,기타,도마,
7020260,재료,콩나물,1봉지
7020260,재료,대파,조금
7020260,재료,돼지고기 다짐육,150g
7020260,재료,굴소스,1스푼
7020260,재료,스테비아,1/3
7020260,재료,참기름,조금
7020260,재료,다진마늘,1스푼
7020260,기타,도마,
7020260,기타,조리용나이프,
7020260,기타,볶음팬,
7020260,기타,요리스푼,
7020260,기타,냄비,
7020260,기타,볼,
7020260,기타,플레이팅접시,
7076505,재료,순살 고등어,1/2마리
7076505,재료,녹차음료,250ml
7076505,재료,쯔유 또는 간장 취향껏,약간
7076505,재료,후리카게,2T
6854230,재료,떡볶이떡,20~25개
6854230,재료,양파,
6854230,재료,파프리카,
6854230,재료,체다치즈,
6854230,재료,모짜렐라치즈,
6854230,재료,마요네즈,
6854230,재료,고추장,1
6854230,재료,케찹,3
6854230,재료,간장,1
6854230,재료,설탕,1
6912739,재료,얼갈이,300g
6912739,재료,소금,1/2큰술
6912739,재료,다진파,1큰술
6912739,재료,들깨가루,2큰술
6912739,재료,다진마늘,1/2큰술
6912739,재료,소금,1작은술
6912739,재료,들기름,1큰술
7064116,재료,순두부,2봉지
7064116,재료,양파,1/2개
7064116,재료,대파,1/2대
7064116,재료,간장,80ml
7064116,재료,맛술,2스푼
7064116,재료,설탕,1+1/2스푼
7064116,재료,물,160ml
7064116,재료,참기름,
7064116,재료,통깨,
7060108,재료,감자,3개
7060108,재료,앞다리살,250g
7060108,재료,대파,1/3대
7060108,재료,청양고추,2~3개
7060108,재료,양파,1/2개
7060108,재료,다진마늘,1큰술
7060108,재료,물 200ml,1컵
7060108,재료,참치액,1큰술
7060108,재료,설탕,1.5큰술
7060108,재료,진간장,1.5큰술
7060108,재료,맛술,2큰술
7060108,재료,고춧가루,1큰술
7060108,재료,고추장,1큰술
7060108,기타,도마,
7060108,기타,조리용나이프,
7060108,기타,필러,
7060108,기타,계량스푼,
7060108,기타,냄비뚜껑,
6884169,재료,양배추,8장
6884169,재료,닭가슴살,2개
6884169,재료,깻잎,8장
6884169,재료,빨간 파프리카,1/2개
6884169,재료,당근,1/4개
6884169,재료,새송이버섯,1개
6884169,재료,된장,1숟가락
6884169,재료,마요네즈,1숟가락
6884169,재료,참깨,1숟가락
6884169,재료,맛술,1숟가락
6884169,재료,설탕,1/2숟가락
6884169,재료,물,3숟가락
7035751,재료,콩나물,205g
7035751,재료,대파,1큰술
7035751,재료,다진마늘,0.3큰술
7035751,재료,참치액,0.5큰술
7035751,재료,맛소금,0.2작은술
7035751,재료,참기름,1큰술
7035751,재료,통깨 넉넉하게,250~300
7035751,기타,믹싱볼,
7035751,기타,채반,
7035751,기타,냄비,
7035751,기타,조리용스푼,
7035751,기타,도마,
7035751,기타,조리용나이프,
7035751,기타,찬기,
7075989,재료,미나리,200g
7075989,재료,밥,2공기
7075989,재료,대파,1/2대
7075989,재료,고춧가루,3스푼
7075989,재료,다진마늘,1스푼
7075989,재료,진간장,2스푼
7075989,재료,매실액,2스푼
7075989,재료,식초,2스푼
7075989,재료,참기름,2스푼
7075989,재료,통깨,약간
6894323,재료,새송이버섯,3송이
6894323,재료,청양고추,1개
6894323,재료,대파,1/2대
6894323,재료,버터,1T
6894323,재료,간장,5T
6894323,재료,올리고당,2T
6894323,재료,다진마늘,1T
6894323,재료,참기름,1T
6894323,재료,물,2T
6894323,기타,나무도마,
6894323,기타,믹싱볼,
6894323,기타,요리스푼,
6894323,기타,프라이팬,
6894323,기타,사각접시,
7061712,재료,토마토,2개
7061712,재료,대파,1줄기
7061712,재료,달걀,3개
7061712,재료,소금•후추,약간
7061712,재료,간마늘,1스푼
7061712,재료,모짜렐라치즈,약간
7061712,재료,식용유,약간
7056615,재료,가시오이,1개
7056615,재료,햇양파,1개
7056615,재료,청양고추,3개
7056615,재료,시원한 생수,600ml
7056615,재료,소금,0.5큰술
7056615,재료,사과식초,0.5큰술
7056615,재료,참기름,0.5큰술
7056615,재료,깨,1큰술
7056615,기타,도마,
7056615,기타,조리용나이프,
7056615,기타,유리볼,
7056615,기타,숟가락,
6978052,재료,느타리버섯,1줌
6978052,재료,애호박,1/4개
6978052,재료,양파,1/4개
6978052,재료,참기름,1T
6978052,재료,깨소금,1/2T
6890777,재료,두부 약200g,1/2모
6890777,재료,대파,1/2대
6890777,재료,통깨,적당량
6890777,재료,들기름,1.5큰술
6890777,재료,고추장,4큰술
6890777,재료,다진 마늘,1큰술
6890777,재료,올리고당,2큰술
6890777,재료,미림,1큰술
6890777,재료,후춧가루,약간
7071467,재료,그릭요거트,100g
7071467,재료,블루베리,200g
7071467,재료,호밀빵,2개
7071467,재료,알룰로스,4T
7071467,재료,레몬즙,1T
6988709,재료,달걀,7개
6988709,재료,당근,1/4개
6988709,재료,양파,1/4개
6988709,재료,쪽파,4대
6988709,재료,참치액,1숟가락
6988709,재료,맛술,1숟가락
6988709,재료,소금,1/4숟가락
6988709,재료,통깨,1/2숟가락
6988709,재료,물,200ml
6898497,재료,팽이버섯,1줌
6898497,재료,베이컨,2줄
6898497,재료,대파,1/4대
6898497,재료,식용유,약간
6898497,재료,버터,1조각
6898497,재료,굴소스,1큰술
6899265,재료,콩나물,1봉
6899265,재료,비엔나소시지,1봉
6899265,재료,대파,1대
6899265,재료,양파,1/2개
6899265,재료,믈,1종이컵
6899265,재료,고추장,2T
6899265,재료,고추가루,2T
6899265,재료,간장,4T
6899265,재료,설탕,1T
6899265,재료,간마늘,1T
6899265,재료,참기름,1T
6899265,기타,스텐세척볼,
6899265,기타,나무도마,
6899265,기타,조리용나이프,
6899265,기타,궁중팬,
6899265,기타,나무요리스푼,
6899265,기타,믹싱볼,
6871953,재료,감자 중간사이즈,2개
6871953,재료,스팸,200g
6871953,재료,양파,1/2개
6871953,재료,진간장,2T
6871953,재료,물엿,2T
6871953,재료,물,3~4T
6871953,재료,식용유,1T
6871953,재료,참기름,1T
6871953,기타,도마,
6871953,기타,조리용나이프,
6871953,기타,냄비,
6871953,기타,나무요리스푼,
6871953,기타,프라이팬,
6871953,기타,원형접시,
7043343,재료,고추참치,1캔
7043343,재료,마요네즈 또는 올리브오일,2-3T
7043343,재료,푸실리 파스타,150g
7043343,재료,히말라얀 소금,1꼬집
7043343,재료,후추가루,1꼬집
7043343,기타,냄비,
7043343,기타,요리스푼,
6961309,재료,파스타면,1인분
6961309,재료,고추참치,1캔
6961309,재료,마늘,7개
6961309,재료,소금,1/2큰술
6961309,재료,진간장,1/2큰술
6961309,재료,굴소스,1/2큰술
6863696,재료,간장,2숟가락
6863696,재료,맛술,1숟가락
6863696,재료,참기름,1/2숟가락
6863696,재료,통깨,1숟가락
6863696,재료,깻잎,3장
7046139,재료,두부,1/2모
7046139,재료,모짜렐라 치즈,70g
7046139,재료,토마토파스타소스,5T
7046139,재료,양파,1/2개
7046139,기타,면기,
7046139,기타,포크,
7046139,기타,도마,
7046139,기타,조리용나이프,
7046139,기타,위생랩,
7046139,기타,전자레인지,
6854893,재료,황태채,2줌
6854893,재료,전분,3큰술
6854893,재료,튀김기름,
6854893,재료,고추장,1큰술
6854893,재료,케첩,1큰술
6854893,재료,핫소스,1큰술
6854893,재료,청주,2큰술
6854893,재료,매실청,1큰술
6854893,재료,물엿,1큰술
6854893,재료,다진마늘,1/2큰술
6916408,재료,메추리알,270g
6916408,재료,스팸,1/2캔
6916408,재료,청양고추,1~2개
6916408,재료,올리고당,1바퀴
6916408,재료,다진마늘,1티스푼
6916408,재료,참기름,1스푼
6916408,재료,통깨,적당히
6916408,재료,간장,6스푼
6916408,재료,설탕,1.5스푼
6916408,재료,맛술,2스푼
6916408,재료,물,1종이컵
7030325,재료,도토리묵,1팩
7030325,재료,대파,약간
7030325,재료,참기름,1스푼
7030325,재료,조미김,3장
7030325,재료,통깨,1스푼
7030325,재료,소금,약간
7030325,재료,후춧가루,약간
7030325,기타,도마,
7030325,기타,묵칼,
7030325,기타,접시,
7030325,기타,조리용스푼,
6876875,재료,닭가슴살,2조각
6876875,재료,올리브유,적당히
6876875,재료,파슬리,약간
6876875,재료,양파,1/2개
6876875,재료,버터,1스푼
6876875,재료,우유,1컵
6876875,재료,전분가루,2스푼
6876875,재료,소금,약간
6876875,재료,후춧가루,약간
6876875,재료,치킨스톡 생략가능,1개
6920393,재료,마늘,2통
6920393,재료,호두,100g
6920393,재료,매실청,1t
6920393,재료,꿀,1t
6920393,재료,간장,1t
6932924,재료,감자,2개
6932924,재료,비엔나소시지,10여개
6932924,재료,청양고추,2개
6932924,재료,식용유,2스푼
6932924,재료,식초,1티스푼
6932924,재료,간장,2스푼
6932924,재료,굴소스,1스푼
6932924,재료,물,1/2컵
6932924,재료,다진마늘,0.5스푼
6932924,재료,맛술,2스푼
6932924,재료,황설탕,0.5스푼
6932924,재료,올리고당,1.5스푼
6932924,재료,참기름,약간
6932924,재료,후추,약간
6932924,재료,깨소금,약간
6913489,재료,식빵,1장
6913489,재료,캔옥수수,2T
6913489,재료,설탕,1/2T
6913489,재료,마요네즈,
6913489,재료,파슬리가루,
7022752,재료,삼겹살,1kg
7022752,재료,양파,1개
7022752,재료,대파,1개
7022752,재료,김치,2컵
7022752,재료,고추장,2T
7022752,재료,다진마늘,4T
7022752,재료,설탕,4T
7022752,재료,고춧가루,6T
7022752,재료,진간장,4T
7022752,기타,도마,
7022752,기타,조리용나이프,
7022752,기타,믹싱볼,
7022752,기타,면기,
7022752,기타,조리용스푼,
7022752,기타,궁중팬,
6909570,재료,돼지 앞다리살,200g
6909570,재료,청경채,3포기
6909570,재료,파프리카,1/2개
6909570,재료,간장,2스푼
6909570,재료,굴 소스,1스푼
6909570,재료,올리고당,2스푼
6909570,재료,다진 마늘,1스푼
6909570,재료,밀가루,1스푼
6831048,재료,식빵,2개
6831048,재료,딸기잼,2큰술
6831048,재료,달걀,1개
6831048,재료,슈가파우더,약간
6831048,재료,버터,0.5큰술
6892728,재료,신김치,1밥그릇
6892728,재료,계란,2개
6892728,재료,통조림햄,200g
6892728,재료,양파,1/2개
6892728,재료,식용유,1T
6892728,재료,올리고당,2T
6892728,재료,참기름,1T
6892728,재료,소금,1꼬집
6892728,재료,깨소금,적당량
6868435,재료,참치캔 기본사이즈,1개
6868435,재료,부침가루,
6868435,재료,양파,1/2개
6868435,재료,당근,
6868435,재료,소금,2/3t
7004080,재료,부추,100g
7004080,재료,액젓,1.5큰술
7004080,재료,올리고당,1/2큰술
7004080,재료,고춧가루,3큰술
7004080,재료,양파,130g
7004080,재료,국간장,1큰술
7004080,재료,매실액,1큰술
7004080,재료,깨,1큰술
7004080,재료,들기름,약간
7004080,재료,다진마늘,1큰술
7004080,기타,믹싱볼,
7004080,기타,도마,
7004080,기타,숟가락,
7004080,기타,위생장갑,
6878340,재료,대패 삼겹살,400g
6878340,재료,대파,2뿌리
6878340,재료,설탕,2스푼
6878340,재료,맛간장 OR진간장,4스푼
6953539,재료,달걀,6개
6953539,재료,슬라이스햄,6장
6953539,재료,슬라이스치즈,1장
6953539,재료,샐러드채소,1/2줌
6953539,재료,방울토마토,3개
6953539,재료,소금,1/2숟가락
6953539,재료,식초,1숟가락
6953539,재료,스리라차소스,
6922190,재료,닭다리살,400g
6922190,재료,쯔유,2T
6922190,재료,소금,1/2t
6922190,재료,올리고당,2T
6922190,재료,다진마늘,2T
6922190,재료,통후추,1t
6922190,재료,올리브유,2T
6980995,양념,고춧가루,2스푼
6980995,양념,고추장,2스푼
6980995,양념,맛술,2스푼
6980995,양념,설탕,2스푼
6980995,양념,다진마늘,2스푼
6980995,양념,진간장,3스푼
6980995,양념,깨,적당량
6980995,양념,양파,1/2개
6980995,양념,대파,1/2줄
6980995,양념,청양고추,3개
6980995,양념,삼겹살,600g
6886281,재료,가래떡 영상에선 한뼘 두개 사용,1그릇
6886281,재료,설탕,2T
6886281,재료,올리고당,6T
6886281,재료,물,4T
6886281,재료,간장,1/2T
6918977,재료,새우,20마리
6918977,재료,버터,20g
6918977,재료,올리고당,2큰술
6918977,재료,다진 마늘,1큰술
6918977,재료,파슬리,약간
6918977,재료,후추,약간
6918977,재료,올리브유,약간
6918977,재료,소금,약간
7073275,재료,당근,1/2개
7073275,재료,고추참치,135g
7073275,재료,다진마늘,1T
7073275,재료,쪽파,2줄
7070124,재료,두부,1/2모
7070124,재료,계란,1개
7070124,재료,소금,0.5t
7070124,재료,들기름,
6847506,재료,가지,3개
6847506,재료,고추장,2숟가락
6847506,재료,마늘,1숟가락
6847506,재료,설탕 적은,1숟가락
6847506,재료,올리고당,1숟가락
6847506,재료,참기름,2숟가락
6847506,재료,참깨,솔솔
6881806,재료,모닝빵,6개
6881806,재료,옥수수 콘,1컵
6881806,재료,마요네즈,1스푼
6881806,재료,허니 머스터드,1스푼
6881806,재료,후춧가루,약간
6881806,재료,피자치즈,70g
6933349,재료,통마늘,40알
6933349,재료,아몬드,1줌
6933349,재료,통깨,솔솔
6933349,재료,식용유,약간
6933349,재료,간장,2T
6933349,재료,물,2T
6933349,재료,물엿,1.5T
6875055,재료,두부,1모
6875055,재료,카레가루,2T
6875055,재료,부침가루,1T
6875055,재료,계란,1개
7070465,재료,양파,2개
7070465,재료,청양고추,15개
7070465,재료,진간장 180~200ml,1컵
7070465,재료,물 200ml,1컵
7070465,재료,설탕 6.5큰술,100ml
7070465,재료,식초,100ml
7070465,재료,맛술 3.5큰술,50ml
6850385,재료,항정살,400g
6850385,재료,양상추 샐러드채소,
6850385,재료,된장,1T
6850385,재료,간장,2T
6850385,재료,맛술,2T
6850385,재료,올리고당,2T
6850385,재료,설탕,1T
6850385,재료,다진마늘,0.5T
6850385,재료,참기름,1T
6850385,재료,후추,조금
6867650,재료,사각어묵,3장
6867650,재료,땡초,2
6867650,재료,통마늘,3
6867650,재료,고추장,1.5큰술
6867650,재료,굴소스,1
6867650,재료,올리고당,1
6867650,재료,고춧가루,1
6867650,재료,후추,톡
6867650,재료,통깨,솔솔
6867650,재료,올리브유,조금
6867650,재료,맛술,1
6867650,재료,참기름,0.5큰술
6943349,재료,새우살,400g
6943349,재료,당근,1/2개
6943349,재료,매운고추,1개
6943349,재료,전분,2스푼
6943349,재료,소금,1/2스푼
6943349,재료,후추,조금
6900601,재료,식빵,2장
6900601,재료,설탕,1/2T
6900601,재료,캔옥수수,2T
6900601,재료,마요네즈,적당히
6900601,재료,피자치즈,적당히
6925564,재료,돌나물,1봉
6925564,재료,사과,1/2개
6925564,재료,고추장,1숟가락
6925564,재료,고춧가루,1숟가락
6925564,재료,식초,2숟가락
6925564,재료,매실액,1숟가락
6925564,재료,참기름,1숟가락
6925564,재료,통깨,약간
7027794,재료,오이고추,3개
7027794,재료,참치 작은캔,1캔
7027794,재료,김가루,약간
7027794,재료,통깨,약간
7027794,재료,된장,1T
7027794,재료,들기름,2t
7027794,재료,다진마늘,1t
7027794,재료,매실청,1t
7027794,재료,식초,1t
7027794,기타,유리볼,
7027794,기타,조리용스푼,
7027794,기타,조리용가위,
7027794,기타,샐러드볼,
7021091,재료,양배추,
7021091,재료,크래미,
7021091,재료,당근,
7021091,재료,간장,
7021091,재료,다진마늘,
7021091,재료,후추,
7021091,기타,도마,
7021091,기타,조리용나이프,
7021091,기타,프라이팬,
7021091,기타,요리스푼,
7021091,기타,반찬통,
7074215,재료,감자,2개
7074215,재료,소금,약간
7074215,재료,깨소금,넉넉히
7074215,재료,기름,2T
7074215,재료,검은깨,
7050547,재료,비엔나소시지 110g,1봉지
7050547,재료,깐 메추리알 270g,1팩
7050547,재료,원당 설탕,1/2스푼
7050547,재료,진간장,1.5스푼
7050547,재료,굴 소스,1스푼
7050547,재료,케첩,3스푼
7050547,재료,물엿,1스푼
7050547,재료,고추장,1스푼
7050547,재료,통깨,약간
7050547,기타,믹싱볼,
7050547,기타,채반,
7050547,기타,도마,
7050547,기타,조리용나이프,
7050547,기타,볼,
7050547,기타,소스볼,
7050547,기타,계량스푼,
7050547,기타,프라이팬,
7050547,기타,조리주걱,
7050547,기타,접시,
6892715,재료,참치,1캔
6892715,재료,감자 작은거,2개
6892715,재료,양파,1/2개
6892715,재료,대파,1줌
6892715,재료,청양고추 매콤하게 먹고싶으면,1꼬집
6892715,재료,고추장,1스푼
6892715,재료,고춧가루,1스푼
6892715,재료,간장,1스푼
6892715,재료,다진마늘,1스푼
6892715,재료,설탕,1스푼
6892715,재료,물,200ml
6892715,재료,후추,톡톡
6854799,재료,닭가슴살,200g
6854799,재료,대파,1개
6854799,재료,간장,2T
6854799,재료,설탕,1T
6854799,재료,참기름,0.5T
6854799,재료,다진마늘,0.5T
6854799,재료,꿀,1T
6874866,재료,가지,2개
6874866,재료,양파,1/2개
6874866,재료,노란 파프리카,1/3개
6874866,재료,빨간 파프리카,1/3개
6874866,재료,케첩,4큰술
6874866,재료,굴소스,2스푼
6874866,재료,설탕,1스푼
6874866,재료,올리고당,1.5스푼
6874866,재료,식초,1스푼
6874866,재료,참기름,1/2스푼
6874866,재료,통깨,약간
6874866,재료,튀김가루 종이컵 한컵,75g
6874866,재료,물,1/2컵
7040411,재료,시금치 손질 후,85g
7040411,재료,건새우,10g
7040411,재료,두부,150g
7040411,재료,대파,1.5큰술
7040411,재료,다진 마늘,0.7큰술
7040411,재료,된장,0.7큰술
7040411,재료,쌈장,0.5큰술
7040411,재료,국간장,0.7큰술
7040411,재료,까나리액젓,0.5큰술
7040411,재료,쌀뜨물,800ml
7040411,재료,코인육수,2개
7040411,재료,홍고추 고명용,약간
7040411,기타,믹싱볼,
7040411,기타,과도,
7040411,기타,채반,
7040411,기타,도마,
7040411,기타,조리용나이프,
7040411,기타,냄비,
7040411,기타,조리용스푼,
7040411,기타,채망,
7040411,기타,숟가락,
7040411,기타,국자,
7040411,기타,대접,
6852019,재료,가지,
6852019,재료,소고기등심,
6852019,재료,새싹채소,
6852019,재료,소금,
6852019,재료,후추,
6852019,재료,올리브유,
6852019,재료,간장,
6852019,재료,올리고당,
6852019,재료,레몬즙,
6852019,재료,다진마늘,
6852019,재료,다진청양고추,
6956266,재료,팽이버섯,1봉지
6956266,재료,청양고추,1개
6956266,재료,식용유,2스푼
6956266,재료,다진마늘,1큰술
6956266,재료,고추가루,1/2스푼
6956266,재료,설탕,1스푼
6956266,재료,미림,2스푼
6956266,재료,진간장,1스푼
6956266,재료,굴소스,1/2스푼
6956266,재료,고추장,1/3스푼
6956266,재료,된장,1/3스푼
6956266,재료,물,2스푼
6956266,재료,물엿,1스푼
6930961,재료,참치캔,100g
6930961,재료,양배추,170g
6930961,재료,양파,1/2개
6930961,재료,대파,1대
6930961,재료,식용유,2Ts
6930961,재료,쌀밥,180g
6930961,재료,고춧가루,1Ts
6930961,재료,고추장,1Ts
6930961,재료,올리고당,1Ts
6930961,재료,굴소스,1Ts
7042593,재료,애호박,2개
7042593,재료,계란,3개
7042593,재료,홍고추,1개
7042593,재료,소금,1/2작은술
7042593,재료,참치액젓,1/2큰술
7042593,재료,부침가루,4큰술
7042593,재료,식용유,3큰술
7042593,기타,도마,
7042593,기타,조리용나이프,
7042593,기타,비닐봉지,
7042593,기타,볼,
7042593,기타,숟가락,
7042593,기타,니트릴장갑,
7042593,기타,프라이팬,
7042593,기타,키친타올,
7042593,기타,접시,
6860385,재료,모닝빵,3-4개
6860385,재료,햄,3-4슬라이스
6860385,재료,피자치즈 큰,2-3스푼
6860385,재료,옥수수콘 큰,2-3스푼
7074563,재료,무청시래기,400g
7074563,재료,샤브용 소고기 목살,300g
7074563,재료,감자,3개
7074563,재료,대파,1대
7074563,재료,멸치육수,10컵
7074563,재료,국간장,2큰술
7074563,재료,참치액젓,1큰술
7074563,재료,맛술,2큰술
7074563,재료,들기름,2큰술
7074563,재료,다진 마늘,2큰술
7074563,재료,소금,1/2작은술
7074563,재료,후춧가루,약간
7074563,재료,고춧가루,3큰술
7074563,재료,고추장,1큰술
7074563,재료,된장,2큰술
6904344,재료,돼지고기 목살,300g
6904344,재료,후추,톡톡
6904344,재료,돈가스 소스,1.5큰술
6904344,재료,굴소스,1큰술
6904344,재료,설탕,0.5큰술
6904344,재료,맛술,1큰술
6904344,재료,물,2큰술
6922742,재료,두부,300g
6922742,재료,참치,200g
6922742,재료,파,적당량
6922742,재료,달걀,2개
6922742,재료,소금,0.5T
6922742,재료,후추,적당량
6922742,재료,부침가루,4T
6910384,재료,간장,2큰술
6910384,재료,꿀,3큰술
6910384,재료,맛술,1큰술
6910384,재료,마늘,2컵
6935331,재료,삽겹살,2줄
6935331,재료,홍고추,2개
6935331,재료,청양고추,2개
6935331,재료,양파,1/4개
6935331,재료,쪽파,2줄
6935331,재료,다진 마늘,1숟가락
6935331,재료,다진 생강,1/2숟가락
6935331,재료,밥,1공기
6935331,재료,식용유,약간
6935331,재료,간장,3숟가락
6935331,재료,식초,2숟가락
6935331,재료,물,2숟가락
6935331,재료,설탕,1숟가락
6935331,재료,후추,약간
6912539,재료,후랑크 소시지,4개
6912539,재료,피자치즈,
6912539,재료,양파,1/4개
6912539,재료,소금,
6912539,재료,후춧가루,약간
6912539,재료,케첩,
6912539,재료,머스타드소스,
6912539,재료,파슬리가루,
6831990,재료,부추,1줌
6831990,재료,베이컨,9장
6880679,재료,브로콜리,1개
6880679,재료,마늘,10쪽
6880679,재료,소금,1/2T
6880679,재료,올리브유,2T
6880679,재료,후춧가루,약간
6844877,재료,알새우,1줌
6844877,재료,양파,1/2개
6844877,재료,간장,2큰술
6844877,재료,매실액,1큰술
6844877,재료,올리고당,2큰술
6844877,재료,맛술,1큰술
6844877,재료,물,2큰술
6844877,재료,고춧가루,1큰술
6844877,재료,다진마늘 보다적게,0.5큰술
6844877,재료,참기름 보다적게,0.5큰술
6844877,재료,통깨,약간
6844877,재료,다진파,약간
6836906,기타,밀가루박력분,200g
6836906,기타,설탕,27g
6836906,기타,소금,2g
6836906,기타,무염버터,80g
6836906,기타,우유,110ml
6836906,기타,베이킹파우더,6g
6836906,기타,딸기잼,
6989041,재료,대파,2대
6989041,재료,푸실리면,100g
6989041,재료,간장,2숟가락
6989041,재료,올리브오일,1숟가락
6989041,재료,참기름,0.5숟가락
6989041,재료,올리고당,1숟가락
6989041,재료,식초,1숟가락
6989041,재료,다진 마늘,0.5숟가락
6867358,재료,닭다리살,250g
6867358,재료,고구마,1개
6867358,재료,브로콜리,1/2통
6867358,재료,미니파프리카,2개
6867358,재료,간장,1T
6867358,재료,올리고당,2T
6867358,재료,맛술,0.5T
6867358,재료,다진마늘,1T
6867358,재료,후추,조금
7074542,재료,삼겹살,550g
7074542,재료,묵은지,1/4쪽
7074542,재료,대파,1/2대
7074542,재료,양파,1/2개
7074542,재료,청양고추,1개
7074542,재료,코인육수,1알
7074542,재료,물,600ml
7074542,재료,고춧가루,2T
7074542,재료,간장,1T
7074542,재료,참치액젓,1T
7074542,재료,맛술,1T
7074542,재료,알룰로스,1T
7074542,재료,다진마늘,1T
7074542,재료,후추,톡톡
7063408,재료,리챔,2캔
7063408,재료,묵은지,1포기
7063408,재료,들기름,1스푼
7063408,재료,대파,넉넉하게
7063408,재료,통깨,1스푼
6891556,재료,양파,1개
6891556,재료,스팸,2슬라이스
6891556,재료,계란,1개
6891556,재료,다진마늘,1스푼
6891556,재료,파,적당량
6891556,재료,참깨,적당량
6891556,재료,간장,2스푼
6891556,재료,설탕,1스푼
6891556,재료,맛술,2스푼
6891556,재료,물,6스푼
6897704,재료,식빵,2장
6897704,재료,물,5T
6897704,재료,설탕,4T
6897704,재료,우유,3T
6897704,재료,버터,1T
7074693,재료,애호박,1/2개
7074693,재료,당근라페,3젓가락
7074693,재료,올리브오일,1T
7074693,재료,소금,1꼬집
7074693,재료,달걀,1개
6842456,재료,닭가슴살,300g
6842456,재료,새송이버섯,2개
6842456,재료,올리브유,3T
6842456,재료,간장,2T
6842456,재료,물엿,1.5T
6842456,재료,다진마늘,2T
6842456,재료,설탕,1T
6842456,재료,바질,0.5T
6828951,재료,대패삼겹살,
6828951,재료,양파,
6828951,재료,영양부추,
6828951,재료,간장,3큰술
6828951,재료,식초,2큰술
6828951,재료,참기름,1큰술
6828951,재료,다진 마늘,1큰술
6828951,재료,설탕,1큰술
6828951,재료,고춧가루,1작은술
6828951,재료,소금,
6828951,재료,후추,
6875696,재료,참치 캔,150g
6875696,재료,간장,1큰술
6875696,재료,맛술,1큰술
6875696,재료,설탕,1티스푼
7069914,재료,파스타면 1인분에 100g,200g
7069914,재료,버터,40g
7069914,재료,명란,2개
7069914,재료,레몬즙,2/3T
7069914,재료,후추,약간
7069914,재료,건파슬리,2T
7069914,재료,물,1L
7069914,재료,소금,7g
7003388,재료,묵은지,1/2포기
7003388,재료,콩나물,200g
7003388,재료,청양고추,1개
7003388,재료,대파,1/2개
7003388,재료,멸치다시마티백,1개
7003388,재료,국간장,2큰술
7003388,재료,참치액,1큰술
7003388,재료,소금,1티스푼
7003388,재료,고춧가루,1큰술
7003388,재료,다시다,1티스푼
7003388,기타,뚝배기,
7003388,기타,요리스푼,
7003388,기타,냄비,
7003388,기타,도마,
7071789,재료,메추리알,1봉
7071789,재료,물,1컵
7071789,재료,간장,3T
7071789,재료,맛술,1T
7071789,재료,후추,
7071789,재료,올리고당,2T
7071789,재료,통깨,
6926078,재료,박력분,100g
6926078,재료,코코아파우더,20g
6926078,재료,아몬드 슬라이스,60g
6926078,재료,무염버터,62g
6926078,재료,설탕,40g
6926078,재료,달걀노른자,1개
6926078,재료,바닐라에센스,약간
6841156,재료,닭가슴살,1캔
6841156,재료,부추,10뿌리
6841156,재료,파프리카,1/4개
6841156,재료,오이,1/2개
6841156,재료,양파,1/2개
6841156,재료,당근,1/5개
6841156,재료,다진마늘,1큰술
6841156,재료,설탕,2큰술
6841156,재료,매실청,3큰술
6841156,재료,간장,1큰술
6841156,재료,식초,3큰술
6841156,재료,연겨자,1큰술
6841156,재료,레몬,1/2개
6916655,재료,손질된 고등어,200g
6916655,재료,녹말가루,2큰술
6916655,재료,다진마늘,1큰술
6916655,재료,다진청양고추,1큰술
6916655,재료,다진홍청양고추,1큰술
6916655,재료,다진양파,2큰술
6916655,재료,참기름,1/2큰술
6916655,재료,식용유,적당히
6916655,재료,간장,1큰술
6916655,재료,올리고당,1큰술
6916655,재료,굴소스,1작은술
6916655,재료,꿀,1큰술
6883649,재료,비엔나소세지,220g
6883649,재료,견과류,약간
6883649,재료,식용유,약간
6883649,재료,설탕,1큰술
6883649,재료,진간장,1큰술
6883649,재료,케찹,1큰술
6883649,재료,다진마늘,1/2큰술
6883649,재료,올리고당,2큰술
6883649,재료,물,2큰술
6891823,재료,미역 1인분,5g
6891823,재료,오이,1/2개
6891823,재료,양파 작은것,1/2개
6891823,재료,통깨,조금
6891823,재료,간장,5스푼
6891823,재료,물,5스푼
6891823,재료,식초,3스푼
6891823,재료,설탕,1스푼
6891823,재료,연와사비,취향껏
6891823,재료,냉동새우,4-5마리
6891823,재료,미림,1스푼
6891823,재료,해물믹스,적당량
7026723,재료,공기밥,2T
7026723,재료,계란,2알
7026723,재료,식용유,2T
7026723,재료,스팸,150g
7026723,재료,마요네즈,2T
7026723,재료,간장,2T
7026723,재료,통깨,1T
7026723,기타,도마,
7026723,기타,조리용나이프,
7026723,기타,볼,
7026723,기타,스푼,
7026723,기타,프라이팬,
7026723,기타,실리콘주걱,
7026723,기타,접시,
7006126,재료,두부면,1개
7006126,재료,명란,3개
7006126,재료,냉동 새우,4개
7006126,재료,마늘,12개
7006126,재료,베이컨,3줄
7006126,재료,페페론치노,9개
7006126,재료,파슬리,약간
7006126,재료,후추,조금
7006126,재료,치즈분말,조금
7006126,재료,쪽파,조금
7006126,재료,올리브오일,
7006126,기타,채반,
7006126,기타,도마,
7006126,기타,볶음팬,
7006126,기타,요리스푼,
7006126,기타,파스타접시,
6854979,재료,두부,1/2모
6854979,재료,다진소고기,140g
6854979,재료,다진소고기,140g
6854979,재료,맛술,1/2큰술
6854979,재료,간장,1큰술
6854979,재료,설탕,1/3큰술
6854979,재료,참기름,1큰술
6854979,재료,다진마늘,1/2큰술
6854979,재료,다진파,1큰술
6854979,재료,후추,톡톡
6854979,재료,들기름,
6854979,재료,올리브유,
6887603,재료,손질 오징어,1마리
6887603,재료,맛술,1T
6887603,재료,양조간장,1T
6887603,재료,올리고당,2T
6887603,재료,고추장 기호에 따라 가감,1/2T
6887603,재료,올리브유,1T
6887603,재료,다진 마늘,1t
6887603,재료,참기름,1t
7048338,재료,소면,1인분
7048338,재료,계란,1개
7048338,재료,오이,1/2개
7048338,재료,양파,1/2개
7048338,재료,고추장,1스푼
7048338,재료,진간장,1스푼
7048338,재료,설탕,1스푼
7048338,재료,고춧가루,1/2스푼
7048338,재료,다진마늘,1/2스푼
7048338,재료,참기름,1스푼
7048338,기타,냄비,
7048338,기타,도마,
7048338,기타,조리용나이프,
7048338,기타,요리젓가락,
7048338,기타,채반,
7048338,기타,볼,
7048338,기타,숟가락,
7048338,기타,완성그릇,
7072626,재료,단무지,200g
7072626,재료,대파,100g
7072626,재료,깨,1큰술
7072626,재료,고춧가루,2/3-1큰술
7072626,재료,참기름,1/2-1큰술
7072626,재료,올리고당,1-2큰술
6984535,재료,양배추,350g
6984535,재료,고춧가루,4T
6984535,재료,설탕,2T
6984535,재료,액젓,2T
6984535,재료,다진마늘,1.5T
6984535,재료,식초,3T
6984535,재료,소금,1t
6984535,재료,참기름,1.5T
6984535,재료,깨소금,1T
6980900,재료,오징어,1마리
6980900,재료,꽈리고추,4~5개
6980900,재료,식용유,1T
6980900,재료,물,1/2소주잔
6980900,재료,통깨,약간
6980900,재료,식초,1T
6980900,재료,진간장,1T
6980900,재료,국간장,1/2T
6980900,재료,설탕,1/2T
6980900,재료,올리고당,1T
6980900,재료,다진마늘,1T
6980900,재료,참기름,1/3T
6980900,재료,후추,약간
6994661,재료,닭봉,800g
6994661,재료,우유,1.5종이컵
6994661,재료,카레가루,2숟가락
6994661,재료,소금,1/3숟가락
6994661,재료,맛술,2숟가락
6994661,재료,물엿,2숟가락
6994661,재료,홀그레인머스터드,1/2숟가락
6994661,재료,다진마늘,1/2숟가락
6994661,재료,올리브유,3숟가락
6994661,재료,후추가루,톡톡
7027008,재료,부추,50g
7027008,재료,참치 85g,1캔
7027008,재료,달걀,1개
7027008,재료,밥,1공기
7027008,재료,된장 15g,1숟가락
7027008,재료,식초 5g,1숟가락
7027008,재료,다진마늘 5g,1/3숟가락
7027008,재료,청양고추,1/3개
7027008,재료,들기름 7g,1숟가락
7027008,재료,매실청 6g,1/2숟가락
7027008,기타,도마,
7027008,기타,조리용나이프,
7027008,기타,볼,
7027008,기타,건지기채망,
7027008,기타,조리용스푼,
7027008,기타,소스볼,
7027008,기타,프라이팬,
7027008,기타,뒤집개,
7027008,기타,면기,
7050937,재료,계란,7개
7050937,재료,소금,약간
7050937,재료,대파,적당량
7050937,기타,볼,
7050937,기타,조리용젓가락,
7050937,기타,후라이팬,
7050937,기타,뒤집개,
7050937,기타,도마,
7050937,기타,조리용나이프,
7050937,기타,김밥말이,
7050937,기타,접시,
6980888,재료,부추,1줌
6980888,재료,다진마늘,1/2스푼
6980888,재료,소금,2꼬집
6980888,재료,참기름,1스푼
6980888,재료,깨,1/2스푼
6832044,재료,오이,1개
6832044,재료,밥,1공기
6832044,재료,참치 1캔 100g,1캔
6832044,재료,양파,1/4개
6832044,재료,마요네즈,4스푼
6832044,재료,설탕,1스푼
6832044,재료,소금,1꼬집
6832044,재료,깨,조금
7041117,재료,돼지고기 다짐육,200g
7041117,재료,소고기 다짐육,200g
7041117,재료,양파 볶은 다진 양파,2T
7041117,재료,빵가루,2T
7041117,재료,간장,1T
7041117,재료,케첩,1T
7041117,재료,달걀,1개
7041117,재료,소금,조금
7041117,재료,후추,조금
7041117,재료,물,1/3컵
7041117,재료,양송이버섯,1줌
7041117,재료,양파,1/2개
7041117,재료,버터,20g
7041117,재료,간장,1T
7041117,재료,설탕,2.5T
7041117,재료,케첩,3T
7041117,재료,물,120g
7041117,재료,감자 삶은 감자,150g
7041117,재료,마요네즈,적당량
7041117,재료,파마산치즈가루,적당량
7041117,재료,체다치즈,4장
7041117,재료,김,조금
7041117,재료,당근,조금
7041117,재료,검은깨,조금
7041117,기타,볼,
7041117,기타,계량스푼,
7041117,기타,접시,
7041117,기타,프라이팬,
7041117,기타,뒤집개,
7041117,기타,도마,
7041117,기타,조리용나이프,
7041117,기타,요리스푼,
7041117,기타,매셔,
6952146,재료,돼지고기앞다리살,400g
6952146,재료,감자,3개
6952146,재료,양파,1개
6952146,재료,당근,1/3개
6952146,재료,애호박,1개
6952146,재료,청양고추,3개
6952146,재료,고추장,3스푼
6952146,재료,다진 마늘,1스푼
6952146,재료,설탕,2스푼
6952146,재료,진간장,1스푼
6952146,재료,소금,0.5스푼
6952146,재료,고춧가루,2스푼
6952146,재료,식용유,3스푼
6954484,재료,숙주,300g
6954484,재료,새우,10마리
6954484,재료,계란,2개
6954484,재료,양파,1/2개
6954484,재료,대파,1/3개
6954484,재료,식용유,4T
6954484,재료,굴소스,2T
6954484,재료,간장,1T
6954484,재료,다진마늘,1T
6954484,재료,참기름,1T
6954484,재료,볶은참깨,1T
6954484,재료,미림,1T
6954484,재료,소금,1꼬집
6954484,재료,후춧가루,1꼬집
4197710,재료,델큐브 참치,2캔
4197710,재료,양파,1/4개
4197710,재료,당근,조금
4197710,재료,대파,1대
4197710,재료,계란,1개
4197710,재료,다진마늘,1작은술
4197710,재료,후추,조금
4197710,재료,소금,1작은술
6847884,재료,숙주,2-3줌
6847884,재료,달걀,1-2개
6847884,재료,새우,10-12마리
6847884,재료,양파,1/2개
6847884,재료,청양고추,1-2개
6847884,재료,쪽파,1줌
6847884,재료,굴소스,2T
6847884,재료,간장,1-1.5T
6847884,재료,다진마늘,1T
6847884,재료,참기름,0.5T
6847884,재료,후추,약간
6847884,재료,통깨,약간
6847884,재료,청주,1T
6847884,재료,소금,톡톡
6847884,재료,후추,톡톡
6865340,재료,몽쉘카카오맛,4개
6865340,재료,우유,5~6T
6865340,재료,초콜릿,약간
6835071,재료,냉동만두,500g
6835071,재료,냉장고속채소,적당히
6835071,재료,간장,2T
6835071,재료,식초,2T
6835071,재료,미림(맛술),2T
6835071,재료,굴소스,1T
6835071,재료,설탕,1T
6835071,재료,물,2T
6835071,재료,다진마늘,0.5T
7003814,재료,애호박,1개
7003814,재료,파프리카,3쪽
7003814,재료,간장,2.5큰술
7003814,재료,들기름,1큰술
7003814,재료,다진 마늘,1t
7003814,재료,설탕,1t
7003814,재료,통깨,1t
7003814,기타,도마,
7003814,기타,프라이팬,
7003814,기타,소스볼,
7003814,기타,요리스푼,
7003814,기타,접시,
6975626,재료,통 새우,100g
6975626,재료,스위트콘,5~6큰술
6975626,재료,모짜렐라치즈,3줌
6975626,재료,버터,1/2스푼
6975626,재료,마요네즈,2바퀴
6975626,재료,설탕,1스푼
7074078,재료,알육수,2개
7074078,재료,고추장,1/2큰술
7074078,재료,된장,1큰술
7074078,재료,다진마늘,1큰술
6868392,재료,통조림햄 참치.돼지고기.등도 가능,1개
6868392,재료,부추,
6868392,재료,간장,4T
6868392,재료,고춧가루,2T
6868392,재료,설탕,1.5T
6868392,재료,굴소스,1T
6868392,재료,다진마늘,1T
6868392,재료,청양고추,1~2개
6868392,재료,참기름,
6868392,재료,깨,
6910228,재료,속배추,300g
6910228,재료,소금,1ts
6910228,재료,국간장,1ts
6910228,재료,참기름,1ts
6910228,재료,참깨,1ts
7074045,기타,버터,2숟가락
7074045,기타,다진마늘,1숟가락
7074045,기타,파슬리,1/2숟가락
7074045,기타,치즈가루,1숟가락
7074045,기타,피자치즈,2컵
7074045,기타,올리고당,
6886567,재료,밥,1공기
6886567,재료,애호박,1/2개
6886567,재료,양파,1/3개
6886567,재료,기름,1T
6886567,재료,고추기름,1T
6886567,재료,다진파,1줌
6886567,재료,참기름,1t
6886567,재료,고춧가루,1T
6886567,재료,고추장,0.5T
6886567,재료,간장,2T
6886567,재료,물,2T
6886567,재료,굴소스,1T
6886567,재료,다진마늘,0.5T
6886567,재료,후추,톡톡
7023485,재료,냉이,100g
7023485,재료,대파,1/4개
7023485,재료,소금,1/2큰술
7023485,재료,범일 고추장,1/2큰술
7023485,재료,간장,1/2큰술
7023485,재료,매실액,1/2큰술
7023485,재료,식초,1/2큰술
7023485,재료,다진마늘,1작은술
7023485,재료,참기름,1큰술
7023485,재료,통깨,1/2큰술
7023485,기타,조리용나이프,
7023485,기타,냄비,
7023485,기타,조리주걱,
7023485,기타,소스볼,
7023485,기타,스푼,
7023485,기타,믹싱볼,
7023485,기타,찬기,
6867306,재료,닭다리살,250g
6867306,재료,밥,210g
6867306,재료,피자치즈,양껏
6867306,재료,양파,1/2개
6867306,재료,파,1대
6867306,재료,간장,2.5T
6867306,재료,올리고당,1T
6867306,재료,맛술,1T
6867306,재료,참기름,0.5T
6867306,재료,케찹,0.5T
6867306,재료,고추장,1T
6867306,재료,다진마늘,0.5T
6867306,재료,후추,조금
7029194,재료,감자,1개
7029194,재료,계란,1개
7029194,재료,양파,1/4개
7029194,재료,대파,약간
7029194,재료,물,700ml
7029194,재료,코인육수,1개
7029194,재료,다진마늘,0.5T
7029194,재료,국간장,0.5T
7029194,재료,소금,0.3T
7029194,재료,후추,약간
7029194,기타,감자칼,
7029194,기타,도마,
7029194,기타,조리용나이프,
7029194,기타,볼,
7029194,기타,채반,
7029194,기타,냄비,
7029194,기타,요리스푼,
7029194,기타,국자,
7029194,기타,대접,
6892442,재료,파프리카 빨강이,1개
6892442,재료,파프리카 노랑이,1개
6892442,재료,느타리버섯,1팩
6892442,재료,대파,2대
6892442,재료,올리브유,1숟가락
6892442,재료,굴 소스,1~2숟가락
6892442,재료,깨,1작은술
7073523,재료,냉이,60g
7073523,재료,애호박,1/3개
7073523,재료,양파,1/4개
7073523,재료,청양고추,1개
7073523,재료,두부,200g
7073523,재료,물,500ml
7073523,재료,된장,2.5큰술
7073523,재료,코인육수,1큰술
7073523,재료,다진마늘,1/2큰술
7073523,재료,고춧가루,1/2큰술
6983253,재료,계란,3알
6983253,재료,양배추,1줌
6983253,재료,감자,1/2개
6983253,재료,슬라이스치즈,2장
6983253,재료,양파,1/4개
6983253,재료,베이컨,1줄
6983253,재료,소금,약간
6983253,재료,시판토마토소스,1T
6989529,재료,오징어,2마리
6989529,재료,무,1/4개
6989529,재료,애호박,1/2개
6989529,재료,청양고추,3개
6989529,재료,들기름,3숟가락
6989529,재료,국간장,2숟가락
6989529,재료,고춧가루,1숟가락
6989529,재료,다진 마늘,1숟가락
6989529,재료,액젓,2숟가락
6913806,재료,닭가슴살통조림,1개
6913806,재료,양배추,1/4
6913806,재료,당근,1개
6913806,재료,오이,1개
6913806,재료,칠리소스,3스푼
6842114,재료,팽이버섯,1봉
6842114,재료,양파,1개
6842114,재료,대파,약간
6842114,재료,계란,2개
6842114,재료,참기름,약간
6842114,재료,통깨,약간
6842114,재료,식용유,약간
6842114,재료,후추,약간
6842114,재료,양조간장,2T
6842114,재료,맛술,2T
6842114,재료,육수 or물,2T
7042252,재료,김치,1컵
7042252,재료,베이컨,100g
7042252,재료,밥,1.5공기
7042252,재료,식용유,2큰술
7042252,재료,대파,1/2대
7042252,재료,설탕,0.5큰술
7042252,재료,간장,0.5큰술
7042252,재료,참기름,1.5큰술
7042252,기타,도마,
7042252,기타,조리용나이프,
7042252,기타,볶음팬,
7042252,기타,요리스푼,
7042252,기타,계량스푼,
7042252,기타,에그팬,
7042252,기타,뒤집개,
7042252,기타,플레이팅접시,
7042252,기타,밥공기,
6907784,재료,만두,13개
6907784,재료,간장,2
6907784,재료,올리고 당,1
6907784,재료,설탕,1
6907784,재료,식초,1
6907784,재료,다진 마늘,1
6907784,재료,대파,1/3
6907784,재료,홍고추,1/2
6907784,재료,후춧가루,적당량
6867736,재료,닭고기,1그릇
6867736,재료,대파,
6867736,재료,간장,1T
6867736,재료,후추,
6867736,재료,간장,2T
6867736,재료,굴소스,2T
6867736,재료,설탕,2T
6867736,재료,다진마늘,1T
6867736,재료,물,2T
6984865,재료,당면,20g
6984865,재료,양파,30g
6984865,재료,애호박,20g
6984865,재료,당근,20g
6984865,재료,팽이버섯,30g
6984865,재료,달걀,2개
6984865,재료,아기 간장,0.5T
6984865,재료,참기름,0.5T
6984865,재료,소금,
6984865,재료,현미유,
6977567,재료,삼치,1마리
6977567,재료,대파,5cm
6977567,재료,홍고추,1개
6977567,재료,청고추,1개
6977567,재료,다진마늘,1/2스푼
6977567,재료,전분가루,4스푼
6977567,재료,진간장,2스푼
6977567,재료,굴소스,1스푼
6977567,재료,맛술,2스푼
6977567,재료,설탕,1/2스푼
6977567,재료,참기름,1스푼
6977567,재료,깨,1/2스푼
6977567,재료,물,3스푼
6895266,재료,밥,1공기
6895266,재료,계란,1개
6895266,재료,버터,1T
6895266,재료,양파,1/2개
6895266,재료,피망,1/2개
6895266,재료,햄,1/2캔
6895266,재료,피자치즈,1봉
6895266,재료,파슬리가루,톡톡
6895266,재료,토마토스파게티소스,적당히
6994439,재료,순두부,1봉
6994439,재료,표고버섯,2개
6994439,재료,양파,1/2개
6994439,재료,대파,1/2대
6994439,재료,청양고추,1개
6994439,재료,참기름,1숟가락
6994439,재료,통깨,약간
6994439,재료,물,1종이컵
6994439,재료,고추장,2숟가락
6994439,재료,고춧가루,1숟가락
6994439,재료,간장,2숟가락
6994439,재료,맛술,1숟가락
6994439,재료,설탕,1/2숟가락
6994439,재료,다진마늘,1/2숟가락
6857754,재료,새우,15마리
6857754,재료,양파,1/2개
6857754,재료,당근,1/3개
6857754,재료,마늘,10알
6857754,재료,청양고추,1-2개
6857754,재료,식용유,1T
6857754,재료,버터,1t
6857754,재료,카레가루,0.5T
6857754,재료,후추,약간
6857754,재료,소금,약간
6857754,재료,청주,1T
6857754,재료,소금,1꼬집
6857754,재료,후추,약간
6893218,재료,칵테일새우 중간크기,30마리
6893218,재료,버터,3큰술
6893218,재료,다진마늘,1.5큰술
6893218,재료,파슬리가루,1큰술
6893218,재료,꿀,1큰술
6893218,재료,소금,약간
6898369,재료,계란,3개
6898369,재료,들기름,3T
6898369,재료,대파,1대
6898369,재료,국간장,1/2T
6898369,재료,통깨,솔솔
6855421,재료,계란,3개
6855421,재료,연두부,2개
6855421,재료,치즈,1장
6855421,재료,소금,1/2숟가락
6855421,재료,들기름,약간
6855421,재료,후추,살짝
6879543,재료,두부 부침용,1모
6879543,재료,각종채소,
6879543,재료,물,300ml
6879543,재료,식초,4T
6879543,재료,간장,3T
6879543,재료,설탕,5T
6879543,재료,굴소스,1T
6879543,재료,전분,
6879543,재료,물,
6841290,재료,칵테일새우,10개
6841290,재료,감자,1개
6841290,재료,고추 또는 쪽파,
6841290,재료,굴소스,0.5숟갈
6841290,재료,간장,1숟갈
6841290,재료,다진마늘,0.3숟갈
6841290,재료,물,5숟갈
6841290,재료,들기름,1숟갈
6841290,재료,청주,3숟갈
6841290,재료,후추,약간
6841290,재료,설탕,조금
6841290,재료,녹말 감자전분,0.5숟갈
6841290,재료,물,5숟갈
6841290,기타,냄비,
6841290,기타,후라이팬,
6841290,기타,칼,
6841290,기타,소스볼,
6871815,재료,계란,2개
6871815,재료,오이,조금
6871815,재료,당근,조금
6871815,재료,초고추장,조금
6871815,재료,통깨,조금
6882435,재료,닭가슴살,300g
6882435,재료,고구마 작은 것,4개
6882435,재료,대파,1개
6882435,재료,간장,3숟가락
6882435,재료,다진 마늘,1숟가락
6882435,재료,후추,약간
6882435,재료,설탕,1/2숟가락
6882435,재료,올리고당,1숟가락
6882435,재료,미림,2숟가락
6882435,재료,참기름,약간
6882435,재료,검은깨,약간
6904864,재료,식빵,2장
6904864,재료,체다치즈,2장
6904864,재료,모짜렐라 치즈,넉넉히
6904864,재료,버터,2T
6904864,재료,다진마늘,1T
6904864,재료,설탕,1/2T
6904864,재료,파슬리가루,1/2T
6860598,재료,또띠아,2~3장
6860598,재료,버터,1스푼
6860598,재료,다진마늘,0.5스푼
6860598,재료,파슬리가루,0.5스푼
6860598,재료,꿀,1스푼
7013057,재료,순두부,350g
7013057,재료,계란,2개
7013057,재료,대파,1/2대
7013057,재료,양파,1/2개
7013057,재료,물,1L
7013057,재료,국간장,2스푼
7013057,재료,멸치 액젓,2스푼
7013057,재료,다진 마늘,1스푼
7013057,재료,참기름,약간
7013057,재료,후추,약간
7013057,기타,도마,
7013057,기타,조리용나이프,
7013057,기타,볼,
7013057,기타,요리젓가락,
7013057,기타,냄비,
7013057,기타,국자,
7013057,기타,대접,
6839363,재료,밥,1공기
6839363,재료,물,200ml
6839363,재료,양조간장,1큰술
6839363,재료,스톡 이나 굴소스,1/3큰술
6839363,재료,맛술,1큰술
6839363,재료,전분,1큰술
6839363,재료,식초,1큰술
6839363,재료,계란,2개
6839363,재료,크래미맛살,3~4개
6839363,재료,다진파,약간
6839363,재료,소금,약간
6839363,재료,식용유,약간
6922432,재료,박력분,180g
6922432,재료,베이킹파우더,6g
6922432,재료,설탕,15g
6922432,재료,소금,2g
6922432,재료,버터,70g
6922432,재료,우유,100g
7017631,재료,고구마,2개
7017631,재료,달걀,1개
7017631,재료,꿀,1숟가락
7017631,재료,전분가루,1숟가락
7017631,재료,검은깨,약간
7017631,기타,도마,
7017631,기타,조리용나이프,
7017631,기타,볼,
7017631,기타,요리스푼,
7017631,기타,소스볼,
7017631,기타,계량스푼,
7017631,기타,종이호일,
7017631,기타,쿠킹팬,
7017631,기타,에어프라이어,
6957721,재료,훈제오리,300g
6957721,재료,부추,100g
6957721,재료,양파,1/2개
6957721,재료,고춧가루,1T
6957721,재료,설탕,1T
6957721,재료,매실청,1T
6957721,재료,간장,2T
6957721,재료,식초,2T
6957721,재료,참기름,1T
6957721,재료,볶은참깨,1T
6953644,재료,닭가슴살,100g
6953644,재료,양배추,100~200g
6953644,재료,대파,1/2개
6953644,재료,올리브유,1T
6953644,재료,고추기름,1T
6953644,재료,굴소스,1T
6953644,재료,후추,조금
6844208,재료,닭가슴살,300g
6844208,재료,양파,1개
6844208,재료,깻잎,10장
6844208,재료,간장,2T
6844208,재료,맛술,2T
6844208,재료,다진마늘,1T
6844208,재료,후춧가루,조금
6844208,재료,설탕,1T
6844208,재료,참기름,조금
6992204,재료,또띠아,5장
6992204,재료,오이,1개
6992204,재료,닭가슴살,200g
6992204,재료,치즈,5장
6992204,재료,노란파프리카,1개
6992204,재료,빨간파프리카,1개
6992204,재료,홀그레인 머스타드,적당량
7032267,재료,참치 150g,1캔
7032267,재료,계란,2개
7032267,재료,양파,1/2
7032267,재료,대파 흰부분 10cm,1개
7032267,재료,당근,1/3
7032267,재료,팽이버섯 150g,1봉지
7032267,재료,소금,
7032267,재료,후추,소량
7032267,재료,전분가루,2T
7032267,기타,도마,
7032267,기타,조리용나이프,
7032267,기타,채반,
7032267,기타,볼,
7032267,기타,조리용스푼,
7032267,기타,프라이팬,
7032267,기타,접시,
7074659,재료,연두부 90g,2팩
7074659,재료,다진대파 또는 쪽파,2T
7074659,재료,다진마늘,0.5T
7074659,재료,간장,1T
7074659,재료,맛술,1T
7074659,재료,설탕,0.5T
7074659,재료,고춧가루,0.5T
7074659,재료,들기름,1T
7074659,재료,통깨,0.5T
7030722,재료,가지,3개
7030722,재료,마늘,1/2스푼
7030722,재료,쪽파,3줄기
7030722,재료,깨소금,2스푼
7030722,재료,국간장,2스푼
7030722,재료,참기름,1스푼
7030722,재료,소금,2꼬집
7030722,기타,도마,
7030722,기타,조리용나이프,
7030722,기타,냄비,
7030722,기타,삼발이,
7030722,기타,믹싱볼,
7030722,기타,접시,
7037873,재료,얼갈이 손질전 무게,1kg
7037873,재료,다진마늘,2/3T
7037873,재료,국간장,1T
7037873,재료,갈은깨,1.5T
7037873,재료,들기름,1.5T
7037873,재료,고운 들깨가루,3T
7037873,재료,고운소금 소금은 기호에 맞게 조절,1/2T
7037873,기타,니트릴장갑,
7037873,기타,믹싱볼,
7037873,기타,조리용나이프,
7037873,기타,냄비,
7037873,기타,조리주걱,
7037873,기타,채반,
7037873,기타,도마,
7037873,기타,접시,
6914310,재료,연두부,1팩
6914310,재료,어린 새싹,약간
6914310,재료,진간장,2큰술
6914310,재료,올리브유,2큰술
6914310,재료,식초,2큰술
6914310,재료,설탕,1큰술
6914310,재료,레몬즙,1큰술
6914310,재료,참기름,1큰술
6914310,재료,다진마늘,1/2큰술
6914310,재료,깨소금,약간
6857631,재료,표고버섯,5개
6857631,재료,달걀,2개
6857631,재료,밥,1공기
6857631,재료,멸치육수,5컵
6857631,재료,참기름,2
6857631,재료,국간장,1
6857631,재료,소금,
6922734,재료,미니 돈까스,23개
6922734,재료,고추장,1큰술
6922734,재료,케첩,1큰술
6922734,재료,간장,1큰술
6922734,재료,올리고당,2큰술
6922734,재료,다진마늘,1큰술
6922734,재료,물,2큰술
6922734,재료,참기름,1/2큰술
7000439,재료,불고기용 소고기,600g
7000439,재료,당근,1개
7000439,재료,양파,1개
7000439,재료,느타리 버섯,1팩
7000439,재료,파프리카,1개
7000439,재료,당면,1인분
7000439,재료,간장,6스푼
7000439,재료,올리고당,1스푼
7000439,재료,설탕,1/2스푼
7000439,재료,다진마늘,1스푼
7000439,재료,참기름,1스푼
7000439,재료,깨,1스푼
7000439,재료,물,약간
7000439,기타,뚝배기,
7000439,기타,조리용스푼,
7000439,기타,스텐볼,
7000439,기타,채반,
6952367,재료,닭가슴살,1팩
6952367,재료,당근,1/3등분
6952367,재료,브로콜리 자른것,1줌
6952367,재료,계란,2개
6952367,재료,소금,1꼬집
6952367,재료,올리브유,1큰술
7033699,재료,콩나물,150g
7033699,재료,대파,15g
7033699,재료,홍고추 12g,1개
7033699,재료,다진마늘,1큰술
7033699,재료,까나리액젓,1.5큰술
7033699,재료,참치액,1.5큰술
7033699,재료,동전육수,2개
7033699,재료,물,1.2L
7033699,기타,볼,
7033699,기타,채반,
7033699,기타,도마,
7033699,기타,조리용나이프,
7033699,기타,냄비,
7033699,기타,조리용스푼,
7033699,기타,국그릇,
6955759,재료,닭안심,300g
6955759,재료,양파,1/2개
6955759,재료,당근,1/5개
6955759,재료,파프리카빨강,1/4개
6955759,재료,파프리카노랑,1/4개
6955759,재료,오이,1/2개
6955759,재료,간장,2T
6955759,재료,연겨자,3T
6955759,재료,2배식초,3T
6955759,재료,레몬즙,3T
6955759,재료,마늘,1T
6955759,재료,설탕,3T
6955759,재료,매실청,3T
6955759,재료,소금,1꼬집
6918300,재료,새송이버섯,1개
6918300,재료,양송이버섯,3개
6918300,재료,빨강파프리카,1/2개
6918300,재료,노랑파프리카,1/2개
6918300,재료,양파,1/4개
6918300,재료,가지,1/4개
6918300,재료,애호박,1/4개
6918300,재료,소금,약간
6918300,재료,후추,약간
6918300,재료,올리브오일,5숟가락
6904793,재료,계란,2개
6904793,재료,파프리카 빨강,1개
6904793,재료,파프리카 노랑,1개
6904793,재료,애호박 다진 것,1스푼
6904793,재료,다진당근,1스푼
6904793,재료,대파 다진 것,1스푼
6904793,재료,소금,약간
7072351,재료,무,700g
7072351,재료,참치캔,1개
7072351,재료,대파,1/2개
7072351,재료,풋고추,1개
7072351,재료,홍고추,1개
7072351,재료,물,500ml
7072351,재료,고춧가루,1T
7072351,재료,참치액,1T
7072351,재료,진간장,2T
7072351,재료,꿀,1.5T
7072351,재료,다진마늘,1T
7072351,재료,후추,1t
7072351,재료,참기름,1t
6835355,재료,식빵,6장
6835355,재료,슬라이스치즈,4장
6835355,재료,슬라이스햄,4장
6835355,재료,달걀,2알
6835355,재료,머스타드,
6835355,재료,딸기쨈,
6968567,재료,팽이버섯,1봉지
6968567,재료,베이컨,6줄
6968567,재료,후추,약간
6968567,재료,식용유,약간
6874871,재료,감자,3개
6874871,재료,양파,1/2개
6874871,재료,굴소스,1스푼
6874871,재료,맛간장(진간장),3스푼
6874871,재료,설탕,1스푼
6874871,재료,올리고당,1스푼
6874871,재료,카놀라유,1-2스푼
6874871,재료,다진마늘,1/2스푼
6874871,재료,통깨,조금
6937841,재료,닭가슴살,100g
6937841,재료,곤약면,1팩
6937841,재료,청양고추,1개
6937841,재료,쪽파,
6937841,재료,참기름,1숟가락
6937841,재료,다진마늘,0.5숟가락
6937841,재료,고추장,1숟가락
6937841,재료,간장,1숟가락
6937841,재료,설탕,0.5숟가락
6937841,재료,맛술,1숟가락
6937841,재료,굴소스,1숟가락
6937841,재료,다진마늘,0.5숟가락
6937841,재료,생강가루,0.3숟가락
7069129,재료,칵테일 새우,200g
7069129,재료,소금,2꼬집
7069129,재료,후춧가루,2꼬집
7069129,재료,감자전분,3숟가락
7027628,재료,팩 순대 500g,1팩
7027628,재료,양배추,300g
7027628,재료,당근,65g
7027628,재료,양파,1개
7027628,재료,대파,1/2대
7027628,재료,깻잎,10장
7027628,재료,들깨가루,2큰술
7027628,재료,들기름,2큰술
7027628,재료,식초,2큰술
7027628,재료,식용유,넉넉히
7027628,재료,고추장,1큰술
7027628,재료,고춧가루,3큰술
7027628,재료,진간장,2큰술
7027628,재료,다진마늘,1큰술
7027628,재료,설탕,1.5큰술
7027628,재료,맛술,2큰술
7027628,재료,물,50ml
7027628,기타,도마,
7027628,기타,조리용나이프,
7027628,기타,볼,
7027628,기타,채반,
7027628,기타,계량컵,
7027628,기타,스푼,
7027628,기타,볶음팬,
7027628,기타,요리스푼,
7027628,기타,접시,
6920397,재료,두부,180g
6920397,재료,들기름,2T
6920397,재료,다진마늘,1t
6920397,재료,간장,1T
6920397,재료,매실청,2T
6920397,재료,들깨가루,1T
6946032,재료,마늘쫑,130g
6946032,재료,대파,40g
6946032,재료,양파,40g
6946032,재료,다진마늘,1/2T
6946032,재료,식용유,2T
6946032,재료,통깨,적당량
6946032,재료,참기름,1/2T
6946032,재료,진간장,2T
6946032,재료,올리고당,1T
7008869,재료,두부,1/2모
7008869,재료,양배추,80g
7008869,재료,마늘,3쪽
7008869,재료,매운 고추,2개
7008869,재료,쪽파,조금
7008869,재료,깨,조금
7008869,재료,들깨가루,1큰술
7008869,재료,간장,2작은술
7008869,재료,굴소스,2작은술
7008869,재료,참기름,2작은술
7008869,재료,후추,약간
7008869,기타,접시,
7008869,기타,찬기,
7008869,기타,프라이팬,
7008869,기타,조리용스푼,
7044128,재료,새송이버섯,4개
7044128,재료,버터,30g
7044128,재료,다진마늘,2스푼
7044128,재료,청양고추,1개
7044128,재료,간장,3스푼
7044128,재료,굴소스,1.5스푼
7044128,재료,물엿,1스푼
7044128,재료,미림,1스푼
7044128,기타,도마,
7044128,기타,조리용나이프,
7044128,기타,소스볼,
7044128,기타,숟가락,
7044128,기타,주방가위,
7044128,기타,프라이팬,
7044128,기타,요리스푼,
7044128,기타,접시,
6885808,재료,브로콜리 데친 것,1줌
6885808,재료,참치 150g,1캔
6885808,재료,양파,1/4개
6885808,재료,달걀,1개
6885808,재료,부침가루,1.5스푼
6885808,재료,파프리카 노랑/빨강,3숟가락
6885808,재료,소금,적당량
6885808,재료,후춧가루,적당량
6829153,재료,두부 300g,1모
6829153,재료,간장,2T
6829153,재료,설탕 취향에 따라 가감,2T
6829153,재료,미림,1T
6829153,재료,생강파우더 or 생강 다진 것 1/2t,1꼬집
6829153,재료,후추,약간
6829153,재료,참기름,1t
6829153,재료,대파 흰대 다진 것,1T
6924357,재료,두툼한 돼지고기,300-400g
6924357,재료,부침가루,1밥숟가락
6924357,재료,튀김가루,2밥숟가락
6924357,재료,식용유,0.5밥숟가락
6924357,재료,케첩,3밥숟가락
6924357,재료,고추장,1밥숟가락
6924357,재료,설탕,1밥숟가락
6924357,재료,다진마늘,0.5밥숟가락
6924357,재료,올리고당,2밥숟가락
6924357,재료,간장,2밥숟가락
6924357,기타,후라이팬,
6909721,재료,스팸,1캔
6909721,재료,계란,1개
6909721,재료,깻잎,약간
6909721,재료,밀가루,약간
7070322,재료,건미역,1줌
7070322,재료,두부,1/2모
7070322,재료,된장,2숟가락
7070322,재료,코인육수,1개
7070322,재료,고춧가루,1/2스푼
7070322,재료,물,800ml
4145941,재료,감자 큰크기,4개
4145941,재료,슬라이스치즈,3장
4145941,재료,우유,2/3컵
4145941,재료,구운베이컨 잘게 썬,2장
4145941,재료,다진마늘,1.5큰술
4145941,재료,우유,
4145941,재료,치즈,
4145941,재료,베이컨,
6910980,재료,식빵,2장
6910980,재료,베이컨,2줄
6910980,재료,계란,2개
6910980,재료,슬라이스치즈,2장
6910980,재료,파슬리가루,약간
6910980,재료,딸기잼,약간
6837731,재료,양파,1/2개
6837731,재료,당근,조금
6837731,재료,호박,조금
6837731,재료,청양고추,1개
6837731,재료,햄,조금
6837731,재료,계란,1개
6837731,재료,굴소스,1숟가락
6837731,재료,카레,1숟가락
6998777,재료,섬초,300g
6998777,재료,찰보리 고추장,1.5T
6998777,재료,다진마늘,1/3T
6998777,재료,소금,2꼬집
6998777,재료,깨,1/3T
6998777,재료,참기름,1/3T
6998777,기타,냄비,
6998777,기타,볼,
6998777,기타,요리용스푼,
6998777,기타,위생장갑,
6998777,기타,나무스푼,
6998777,기타,플레이팅접시,
6843348,재료,돼지고기앞다리살,400g
6843348,재료,마늘,1줌
6843348,재료,청주,1T
6843348,재료,생강가루,1/2t
6843348,재료,허브소금,1/2T
6843348,재료,깨,약간
6843348,재료,간장,3T
6843348,재료,설탕,1T
6843348,재료,올리고당,2T
6843348,재료,다진마늘,1/2T
6843348,재료,굴소스,1T
6843348,재료,맛술,2T
6843348,재료,참기름,1T
6843348,재료,물,1/4컵
6831988,재료,부침용 두부,1모
6831988,재료,양파,
6831988,재료,당근,
6831988,재료,아몬드슬라이스,
6831988,재료,호두,
6831988,재료,케찹,3스푼
6831988,재료,고추장,1스푼
6831988,재료,간장,1스푼
6831988,재료,다진 마늘,1스푼
6831988,재료,올리고당,2스푼
6831988,재료,설탕,1/2스푼
6904080,재료,양송이버섯,15개
6904080,재료,닭가슴살,100g
6904080,재료,양파,1/2개
6904080,재료,파프리카,1/3쪽
6904080,재료,치즈,2장
6904080,재료,후추,살짝
7021205,재료,소고기,300g
7021205,재료,느타리버섯,0.5봉
7021205,재료,청양고추,2개
7021205,재료,콩나물,2줌
7021205,재료,팽이버섯,0.5봉
7021205,재료,당면,1줌
7021205,재료,고추장,1스푼
7021205,재료,고춧가루,2스푼
7021205,재료,국간장,3스푼
7021205,재료,액젓,2스푼
7021205,재료,다진마늘,1스푼
7021205,재료,후추,약간
7021205,기타,소스볼,
7021205,기타,조리용스푼,
7021205,기타,전골냄비,
6998798,재료,밥,1공기
6998798,재료,상추,9장
6998798,재료,참기름,1작은술
6998798,재료,통깨,1작은술
6998798,재료,소금,약간
6998798,재료,식용유,1큰술
6998798,재료,닭가슴살,40g
6998798,재료,고추장,1작은술
6998798,재료,된장,1작은술
6998798,재료,물,1작은술
6998798,재료,청주,1작은술
6998798,재료,다진 마늘,1큰술
6998798,재료,올리고당,1작은술
6998798,재료,후춧가루,약간
6998798,기타,볶음팬,
6998798,기타,요리스푼,
6998798,기타,믹싱볼,
6998798,기타,위생장갑,
6831876,재료,두부,1모
6831876,재료,계란,1개
6831876,재료,우유,5숟갈
6831876,재료,부추,조금
6831876,재료,카레가루,1.5스푼
6831876,재료,소금,조금
6880341,재료,감자,1개
6880341,재료,참치캔,1개
6880341,재료,양파,1개
6880341,재료,대파,1대
6880341,재료,청양고추,2개
6880341,재료,다시육수,2컵
6880341,재료,고추장,1큰술
6880341,재료,간장,2큰술
6880341,재료,고춧가루,1큰술
6880341,재료,다진마늘,1큰술
6880341,재료,자일로스설탕,0.5큰술
6880341,재료,후추,톡톡
6880341,기타,핸드도마,
6880341,기타,편수냄비,
6880341,기타,요리스푼,
6894872,재료,식빵,1장
6894872,재료,양파,1/4개
6894872,재료,샌드위치햄,2장
6894872,재료,캔옥수수,2T
6894872,재료,모짜렐라 치즈,적당히
6894872,재료,파슬리가루,톡톡
6894872,재료,토마토 스파게티 소스,적당히
6874797,재료,마늘,40알
6874797,재료,식용유,2큰술
6874797,재료,물,3큰술
6874797,재료,간장,3큰술
6874797,재료,꿀,1.5큰술
6874797,재료,참기름,1/2큰술
6874797,재료,통깨,약간
7007929,재료,​오이,3개
7007929,재료,소금,1작은술
7007929,재료,소고기,70g
7007929,재료,​다진 대파,1/2큰술
7007929,재료,설탕,1/2큰술
7007929,재료,진간장,1큰술
7007929,재료,맛술,1큰술
7007929,재료,후춧가루,조금
7007929,재료,​식용유,1큰술
7007929,재료,다진 마늘,1큰술
7007929,재료,참기름,1/2큰술
7007929,재료,통깨,1큰술
7007929,기타,도마,
7007929,기타,조리용나이프,
7007929,기타,믹싱볼,
7007929,기타,프라이팬,
7007929,기타,요리스푼,
7007929,기타,접시,
6989786,재료,순두부,1~2팩
6989786,재료,다진돼지고기,200g
6989786,재료,양파,1/2개
6989786,재료,대파,1/2대
6989786,재료,당근,1/4개
6989786,재료,홍고추,1개
6989786,재료,참기름,1큰술
6989786,재료,통깨,솔솔
6989786,재료,맛술,2큰술
6989786,재료,고추장,2큰술
6989786,재료,고춧가루,4큰술
6989786,재료,진간장,2큰술
6989786,재료,된장,1/2작은술
6989786,재료,다진마늘,1.5큰술
6989786,재료,설탕,1.5큰술
6887551,재료,햇반,2개
6887551,재료,베이컨,1팩
6887551,재료,후추,약간
6887551,재료,소금,약간
6887551,재료,참기름,1t
6887551,재료,깨,1t
6887551,재료,슬라이스 치즈,8장
1135209,재료,호두,70g
1135209,재료,달걀 흰자,1개
1135209,재료,설탕,40g
1135209,재료,밀가루,1큰술
6930572,재료,박력분,150g
6930572,재료,소금,1g
6930572,재료,설탕,15g
6930572,재료,카놀라유,40g
6930572,재료,으깬감자,100g
6930572,재료,장식용 설탕,약간
6900423,재료,두부,1/2모
6900423,재료,크래미,1봉지
6900423,재료,달걀,5개
6900423,재료,당근,조금
6900423,재료,깻잎,1장
6900423,재료,소금,1스푼
6900423,재료,식용류,2스푼
6900423,재료,후추가루,조금
6900423,재료,참기름,조금
7073021,재료,떡국떡,200g
7073021,재료,계란,1개
7073021,재료,대파,약간
7073021,재료,물,400~450ml
7073021,재료,코인 육수,1개
7073021,재료,식용유,1T
7073021,재료,고춧가루,1T
7073021,재료,국간장,0.5T
7073021,재료,참치 액젓,0.5T
7073021,재료,다진 마늘,0.3T
7073021,재료,후추,약간
7053625,재료,토르티야 지름20cm,2장
7053625,재료,삶은 고구마 250g,2개
7053625,재료,모차렐라치즈,120g
7053625,재료,우유 70ml,1/3컵
7053625,재료,계란,1알
7053625,기타,믹싱볼,
7053625,기타,스푼,
7053625,기타,볼,
7053625,기타,종이호일,
7053625,기타,에어프라이어,
7053625,기타,접시,
6894538,재료,밥,1공기
6894538,재료,계란,2개
6894538,재료,참치,2T
6894538,재료,대파,약간
6894538,재료,간장,1.5~2T
6894538,재료,참기름,1T
6894538,재료,깨,1T
6739157,재료,차돌박이,15장
6739157,재료,양파,1/2개
6739157,재료,청량고추,2개
6739157,재료,홍고추,1개
6739157,재료,통마늘,5톨
6739157,재료,간장,2숟갈
6739157,재료,굴소스,1숟갈
6739157,재료,맛술,1숟갈
6739157,재료,다진마늘,1숟갈
6739157,재료,후추,약간
6911766,재료,고구마,
6911766,재료,버터,
6911766,재료,꿀,
6911766,재료,피자치즈,
6863792,재료,닭가슴살 통조림 중간크기,1캔
6863792,재료,양파 작은거,1개
6863792,재료,양배추,1줌
6863792,재료,고추장,2T
6863792,재료,고춧가루,3T
6863792,재료,간장,1T
6863792,재료,설탕,2T
6863792,재료,다진마늘,1T
6838102,재료,캔참치 150g,2개
6838102,재료,대파,
6838102,재료,애호박,
6838102,재료,당근,
6838102,재료,양파,
6838102,재료,케일,
6838102,재료,고추장,3T
6838102,재료,고추가루,0.5T
6838102,재료,올리고당,2T
6838102,재료,통깨,1T
6975041,재료,어묵,8장
6975041,재료,멸치육수 또는 쌀뜨물,2.5컵
6975041,재료,계란 노른자,2~3개
6975041,재료,고추장,2큰술
6975041,재료,고춧가루,1큰술
6975041,재료,진간장,1큰술
6975041,재료,올리고당,1큰술
6975041,재료,설탕,1큰술
6975041,재료,맛술,1큰술
6975041,재료,다진마늘,1큰술
6975041,재료,후춧가루,톡톡
6975041,재료,참치액젓,1큰술
6902807,재료,가래떡,
6902807,재료,베이컨,
6902807,재료,머스터드소스,
6902807,재료,케첩,
7027181,재료,마늘,20개
7027181,재료,표고버섯,8개
7027181,재료,식용유,3T
7027181,재료,고추장,2T
7027181,재료,고춧가루,2T
7027181,재료,올리고당,2T
7027181,재료,간장,2T
7027181,재료,참기름,1T
7027181,재료,볶은 참깨,1T
7027181,기타,도마,
7027181,기타,조리용나이프,
7027181,기타,소스볼,
7027181,기타,프라이팬,
7027181,기타,요리스푼,
7027181,기타,접시,
6872474,재료,냉동새우,1줌
6872474,재료,마요네즈,4큰술
6872474,재료,다진마늘,1큰술
6872474,재료,설탕,1큰술
6872474,재료,후추,약간
6872474,재료,소금,약간
7052509,재료,제주 무,1/2개
7052509,재료,순두부 작은,1봉지
7052509,재료,대파,조금
7052509,재료,들기름 이나 참기름,1큰술
7052509,재료,다진마늘,1/2작은술
7052509,재료,들깨가루,2~3큰술
7052509,재료,참치액,1큰술
7052509,재료,소금 무채절일때,1큰술
7052509,재료,소금 입맛대로,
7052509,기타,도마,
7052509,기타,조리용나이프,
7052509,기타,볼,
7052509,기타,궁중팬,
7052509,기타,조리용스푼,
7052509,기타,뚝배기,
7039682,재료,가지,2개
7039682,재료,물,60ml
7039682,재료,밀가루,2T
7039682,재료,진간장,2T
7039682,재료,식초,1T
7039682,재료,다진마늘,1/2T
7039682,재료,꿀,2T
7039682,재료,물,3T
7039682,재료,청양고추,조금
7039682,기타,도마,
7039682,기타,조리용나이프,
7039682,기타,키친타올,
7039682,기타,믹싱볼,
7039682,기타,숟가락,
7039682,기타,프라이팬,
7039682,기타,뒤집개,
7039682,기타,소스볼,
7039682,기타,플레이팅접시,
6847733,재료,버터 3.5T,70g
6847733,재료,설탕 1/3컵,50g
6847733,재료,노른자,1개
6847733,재료,박력분 1컵,100g
6847733,재료,아몬드가루 3T,30g
6847733,재료,설탕,조금
7068538,재료,콩나물,300g
7068538,재료,대파,1/3대
7068538,재료,​ 고춧가루,2큰술
7068538,재료,진간장,1큰술
7068538,재료,멸치 액젓,1큰술
7068538,재료,다진 마늘,0.5큰술
7068538,재료,설탕,0.3큰술
7068538,재료,참기름,1.5큰술
7068538,재료,통깨,1큰술
6890570,재료,파스타면,100g
6890570,재료,청양고추,2개
6890570,재료,마늘,30g
6890570,재료,버터,30g
6890570,재료,새우,6마리
6890570,재료,파마산치즈가루,약간
6890570,재료,오일,3T
6890570,재료,소금,약간
6890570,재료,굴소스,1.5T
7035725,재료,만두,3개
7035725,재료,양파,1/2개
7035725,재료,달걀,2개
7035725,재료,간장 진간장 양조간장,1T
7035725,재료,미림,1T
7035725,재료,설탕,1t
7035725,재료,멸치액젓,1t
7035725,재료,식용유,1T
7035725,기타,도마,
7035725,기타,조리용나이프,
7035725,기타,프라이팬,
7035725,기타,요리젓가락,
7035725,기타,볼,
7035725,기타,플레이팅접시,
6882848,재료,시금치 원하는 만큼,1.5줌
6882848,재료,통마늘,8개
6882848,재료,베이컨,3줄
6882848,재료,소금,약간
6882848,재료,식빵,
6882848,재료,달걀,
7036574,재료,파스타면 100g사용,1인분
7036574,재료,물,400ml
7036574,재료,칵테일새우,10마리
7036574,재료,치킨스톡,2-5g
7036574,재료,면수,7-10T
7036574,재료,올리브유,적당량
7036574,재료,후추,적당량
7036574,기타,볼,
7036574,기타,냄비,
7036574,기타,요리집게,
7036574,기타,프라이팬,
7036574,기타,채망,
7036574,기타,스푼,
7036574,기타,완성그릇,
7011422,재료,황태포,50g
7011422,재료,무,400g
7011422,재료,계란,3개
7011422,재료,파,조금
7011422,재료,간장,1T
7011422,재료,국간장,2T
7011422,재료,참기름,1T
7011422,재료,멸치액젓,2T
7011422,재료,다진마늘,1T
7011422,재료,물,1500ml
7011422,기타,믹싱볼,
7011422,기타,전자저울,
7011422,기타,도마,
7011422,기타,조리용나이프,
7011422,기타,냄비,
7011422,기타,요리스푼,
7011422,기타,국자,
7011422,기타,대접,
6917038,재료,옥수수콘,300g
6917038,재료,모닝빵,8개
6917038,재료,모짜렐라치즈,1종이컵
6917038,재료,허니머스타드,3숟가락
6917038,재료,마요네즈,3숟가락
6917038,재료,후추,약간
6963204,재료,애호박,1개
6963204,재료,두부,1모
6963204,재료,물,500ml
6963204,재료,쪽파,1대
6963204,재료,청양고추,1개
6963204,재료,홍고추,약간
6963204,재료,간마늘,1큰술
6963204,재료,새우젓,2큰술
7014837,재료,감자,1개
7014837,재료,계란,2개
7014837,재료,대파,조금
7014837,재료,참치액,1스푼
7014837,재료,국간장,1스푼
7014837,재료,소금,1티스푼
7014837,재료,육수,800ml
7014837,기타,도마,
7014837,기타,조리용나이프,
7014837,기타,볼,
7014837,기타,숟가락,
7014837,기타,냄비,
7014837,기타,국자,
7014837,기타,대접,
6945735,재료,큰감자,3개
6945735,재료,튀김가루,1T
6945735,재료,카레가루,1T
6945735,재료,소금,조금
6945735,재료,올리브유,
3595564,재료,식빵,3장
3595564,재료,슬라이스치즈,3장
3595564,재료,소시지,3개
3595564,재료,달걀,1개
3595564,재료,설탕,1/2작은술
3595564,재료,우유,1큰술
6895759,재료,감자 중,3개
6895759,재료,체다치즈,2장
6895759,재료,베이컨,5줄
6895759,재료,모짜렐라치즈,1/2컵
6895759,재료,스파게티소스,1/2컵
6895759,재료,소금,1작은술
6895759,재료,설탕,2작은술
6895759,재료,파슬리가루,조금
6899367,재료,달걀,1개
6899367,재료,마요네즈,1T
6899367,재료,굴소스,1T
6899367,재료,참기름,1T
6934433,재료,쌀밥,1공기
6934433,재료,닭가슴살,100g
6934433,재료,양파,1/2개
6934433,재료,대파,1대
6934433,재료,다진마늘,1/2숟가락
6934433,재료,모짜렐라치즈,듬뿍
6934433,재료,체다슬라이스치즈,1장
6934433,재료,토마토스파게티소스,2큰술
4803252,재료,느타리버섯,200g
4803252,재료,표고버섯,4개
4803252,재료,쪽파,2대
4803252,재료,들깨가루,2Ts
4803252,재료,멸치액젓,1Ts
4803252,재료,비정제 황설탕,1/2ts
4803252,재료,들기름,2ts
6930296,재료,당면,120g
6930296,재료,표고버섯,4개
6930296,재료,청량고추,1개
6930296,재료,대파,15Cm
6930296,재료,다진마늘,1T
6930296,재료,식용유,4T
6930296,재료,간장,3T
6930296,재료,굴소스,2T
6930296,재료,매실청 또는 올리고당,2T
6930296,재료,후추,약간
6930296,재료,맛술,1T
6930296,재료,참기름,2T
6929388,재료,상추,20장
6929388,재료,고춧가루,2큰술
6929388,재료,다진마늘,1큰술
6929388,재료,간장,1큰술
6929388,재료,설탕,1스푼
6929388,재료,식초,2큰술
6929388,재료,참기름,1큰술
6929388,재료,통깨,1큰술
6866122,재료,데쳐서 물기짠 봄동,600g
6866122,재료,다진 파,2큰술
6866122,재료,다진마늘,1큰술
6866122,재료,된장,2큰술
6866122,재료,고추장,1큰술
6866122,재료,매실액,2큰술
6866122,재료,참기름,1큰술
6866122,재료,통깨,1큰술
6866122,재료,소금,약간
6862339,재료,시금치,1단
6862339,재료,두부,1/2모
6862339,재료,간장,2T
6862339,재료,참기름,1T
6862339,재료,깨소금,1T
6862339,재료,설탕,0.5T
6862339,재료,소금,0.5T
6842280,재료,연두부,1팩
6842280,재료,어린잎채소,1/2줌
6842280,재료,파프리카,약간
6842280,재료,양파,약간
6842280,재료,간장,2.5T
6842280,재료,식초,1.5T
6842280,재료,설탕,1T
6842280,재료,다진마늘,1T
6842280,재료,참기름,1t
6842280,재료,통깨,약간
7071602,재료,치즈,
6858529,재료,채 썬 표고버섯,4개
6858529,재료,채 썬 양파,1/2개
6858529,재료,채 썬 당근,1/5개
6858529,재료,소고기,100g
6858529,재료,전분,1T
6858529,재료,물,50ml
6858529,재료,간장,1T
6858529,재료,다진마늘,1/2T
6858529,재료,맛술,1T
6858529,재료,물,300ml
6858529,재료,간장,2T
6858529,재료,굴소스,1T
6858529,재료,설탕,1/2T
6858529,재료,참기름,1T
6858529,재료,후추,약간
6902300,재료,만두,10개
6902300,재료,대파,1대
6902300,재료,쥐똥고추 or청양고추,기호에맞게
6902300,재료,다진마늘,1T
6902300,재료,간장,1T
6902300,재료,설탕,1T
6902300,재료,식초,2T
6902300,재료,물엿,1/2T
6902300,재료,후추,톡톡
7045621,재료,참치캔,1캔
7045621,재료,상추,5장
7045621,재료,파로밥 파로 30%,1공기
7045621,재료,볶음 고추장,1T
7045621,재료,참기름,1T
7045621,재료,달걀,1개
7045621,기타,면기,
7045621,기타,소스볼,
7045621,기타,스푼,
7045621,기타,조리용가위,
6927971,재료,팽이버섯,1봉지
6927971,재료,고추장,1스푼
6927971,재료,진간장,1스푼
6927971,재료,설탕,1.5스푼
6927971,재료,다진마늘,1스푼
6927971,재료,물,2스푼
7020587,재료,감자,2
7020587,재료,스팸,100g
7020587,재료,당근,소량
7020587,재료,양파,소량
7020587,재료,다진마늘,1큰술
7020587,재료,식용유,
7020587,재료,참기름,
7020587,재료,깨소금,
7020587,기타,도마,
7020587,기타,조리용나이프,
7020587,기타,믹싱볼,
7020587,기타,채반,
7020587,기타,프라이팬,
7020587,기타,요리스푼,
7020587,기타,완성접시,
6861562,재료,치킨너겟,9개
6861562,재료,올리고당,2T
6861562,재료,케찹,2T
6861562,재료,고추장,0.5T
6861562,재료,다진 마늘,0.5T
7056068,재료,달걀,5개
7056068,재료,참기름,1T
7056068,재료,통깨,1t
7056068,재료,대파,1대
7056068,재료,진간장,2T
7056068,재료,청주,1T
7056068,재료,물,4T
7056068,재료,설탕,1T
7056068,재료,다진마늘,1T
7056068,기타,도마,
7056068,기타,조리용나이프,
7056068,기타,프라이팬,
7056068,기타,요리스푼,
7056068,기타,소스볼,
7056068,기타,숟가락,
7056068,기타,완성접시,
5269045,재료,꼬막,1kg
5269045,재료,굵은 소금,약간
5269045,재료,고춧가루,1/2큰술
5269045,재료,간장,3큰술
5269045,재료,참기름,1/2큰술
5269045,재료,생강즙,1/2큰술
5269045,재료,설탕,1/2작은술
5269045,재료,다진마늘,1/2작은술
5269045,재료,다진 홍고추,1/2큰술
5269045,재료,다진 부추,1큰술
5269045,재료,다진 양파,1큰술
5269045,재료,참깨,약간
6842110,재료,달래,1/2줌
6842110,재료,홍고추,1/2개
6842110,재료,구운김,적당량
6842110,재료,간장,10T
6842110,재료,참기름,1T
6842110,재료,깨,1T
6842110,재료,매실청,3T
6842110,재료,마늘,1/2T
6842110,재료,고추가루,1T
6899965,재료,콘시리얼,2공기
6899965,재료,올리고당,1/2종이컵
6899965,재료,설탕,1T
7069741,재료,느타리버섯,500g
7069741,재료,당근,50g
7069741,재료,대파,약간
7069741,재료,계란,4개
7069741,재료,식용유,넉넉히
7069741,재료,소금,1t
7069741,재료,후추,톡톡
6894649,재료,소고기,150g
6894649,재료,숙주,2줌
6894649,재료,양파,1/2개
6894649,재료,마늘,3개
6894649,재료,굴소스,2T
6894649,재료,간장,1T
6894649,재료,소주,1T
6894649,재료,설탕,0.5T
6894649,재료,후추,조금
6896819,재료,오이,1개
6896819,재료,불린미역,1/2줌
6896819,재료,양파,1/2개
6896819,재료,당근,1/4개
6896819,재료,식초,6스푼
6896819,재료,다진마늘,1스푼
6896819,재료,설탕,4스푼
6896819,재료,소금,1스푼
6896819,재료,진간장,1/2티스푼
6896819,재료,청양고추,1개
6896819,재료,홍고추,1개
6896819,재료,물,500ml
6896819,재료,통깨,약간
6853260,재료,당면,80g
6853260,재료,계란,1개
6853260,재료,당근,1/2개
6853260,재료,깻잎,5장
6853260,재료,고춧가루,2T
6853260,재료,설탕,1T
6853260,재료,깨,1T
6853260,재료,간장,4T
6853260,재료,식초,1.5T
6853260,재료,올리고당,2T
6853260,재료,다진마늘,0.5T
6853260,재료,참기름,2T
6853260,재료,다진파,2T
7009401,재료,계란,1개
7009401,재료,팽이버섯,1줌
7009401,재료,국물용 멸치,10개
7009401,재료,파,10cm
7009401,재료,후추,
7009401,재료,소금,
7009401,재료,국간장,2.5스푼
7009401,재료,물,1300ml
7009401,기타,면기,
7009401,기타,도마,
7009401,기타,냄비,
7009401,기타,조리용스푼,
6909523,재료,냉동만두,10개
6909523,재료,청양고추,2
6909523,재료,홍고추,1/2
6909523,재료,양파,1/4개
6909523,재료,대파,1토막
6909523,재료,마늘,1~2개
6909523,재료,식용유,
6909523,재료,간장,2스푼
6909523,재료,설탕,2/3스푼
6909523,재료,요리 당,2스푼
6909523,재료,굴 소스,1/2스푼
6909523,재료,식초,2스푼
6909523,재료,물,1스푼
6902441,재료,냉동 새우살,200g
6902441,재료,양파,1/2개
6902441,재료,애호박,1/2개
6902441,재료,대파,1대
6902441,재료,청양고추,2개
6902441,재료,다시마,3장
6902441,재료,멸치,7~10개
6902441,재료,물,1L
6902441,재료,된장,1큰술
6902441,재료,다진 마늘,1큰술
6902441,재료,고춧가루,2큰술
6902441,재료,액젓,1큰술
7007156,재료,미역,
7007156,재료,황태,
7007156,재료,다진마늘,1T
7007156,재료,된장,1t
7007156,재료,간장,2T
7007156,재료,소금,
7007156,재료,참기름,
7007156,기타,믹싱볼,
7007156,기타,채반,
7007156,기타,가위,
7007156,기타,냄비,
7007156,기타,요리주걱,
7007156,기타,국자,
7007156,기타,대접,
6892138,재료,두부,1모
6892138,재료,부침가루,약간
6892138,재료,식용유,약간
6892138,재료,케첩,3큰술
6892138,재료,올리고당,2큰술
6892138,재료,설탕,1큰술
6892138,재료,간장,2큰술
6892138,재료,다진마늘,1큰술
6892138,기타,스텐사각쟁반,
6892138,기타,인덱스도마,
6892138,기타,위생비닐,
6892138,기타,프라이팬,
6892138,기타,궁중팬,
6892138,기타,믹싱볼,
6892138,기타,키친타올,
6892138,기타,원형접시,
6965550,재료,두부,1모
6965550,재료,양파,1/4개
6965550,재료,대파,약간
6965550,재료,식용유,약간
6965550,재료,밥,1/2공기
6965550,재료,다진마늘,1스푼
6965550,재료,굴소스,1스푼
6965550,재료,간장,1스푼
6965550,재료,올리고당,1스푼
6965550,재료,후추,적당히
6965550,재료,참기름,약간
6965550,재료,참깨,적당히
6965550,재료,물,2/3종이컵
6948579,재료,새송이버섯,2개
6948579,재료,식용유,적당량
6948579,재료,버터,10g
6948579,재료,진간장,1.5큰술
6948579,재료,맛술,1.5큰술
7057859,재료,팔도비빔면,1개
7057859,재료,콩나물,1줌
7057859,재료,물,250ml
7057859,재료,식초,2T
7057859,재료,설탕,1T
7057859,재료,얼음,약간
7057859,기타,소스볼,
7057859,기타,계량컵,
7057859,기타,계량스푼,
7057859,기타,냄비,
7057859,기타,요리젓가락,
7057859,기타,채반,
7057859,기타,도마,
7057859,기타,조리용나이프,
7057859,기타,면기,
7005355,재료,양파,1개
7005355,재료,달걀,3알
7005355,재료,튀김가루,1/2컵
7005355,재료,빵가루,1컵
7005355,재료,파슬리가루,1스푼
7005355,재료,식용유,적당량
7005355,기타,도마,
7005355,기타,믹싱볼,
7005355,기타,체망,
7005355,기타,대접,
7005355,기타,튀김팬,
7005355,기타,요리젓가락,
7005355,기타,유산지,
7070392,재료,사각어묵,300g
7070392,재료,양파,60g
7070392,재료,당근,30g
7070392,재료,대파,30g
7070392,재료,다진마늘,0.8큰술
7070392,재료,진간장,2큰술
7070392,재료,굴소스,1큰술
7070392,재료,설탕,0.7큰술
7070392,재료,올리고당,1큰술
7070392,재료,참기름,1/2큰술
7070392,재료,식용유 2+1,3큰술
7070392,재료,후춧가루,톡톡
7070392,재료,통깨,솔솔
4320507,재료,애호박,
4320507,재료,고춧가루,1작은술
4320507,재료,양조간장,2/3큰술
4320507,재료,참기름,1작은술
4320507,재료,다진마늘,1작은술
4320507,재료,참깨,
4320507,재료,다진파,
4320507,재료,다진홍고추,
6918734,재료,떡볶이떡,12개
6918734,재료,베이컨,6줄
6918734,재료,고추장,1숟가락
6918734,재료,올리고당,3숟가락
6918734,재료,다진 마늘,1/2숟가락
6918734,재료,케첩,3숟가락
6918734,재료,간장,1/2숟가락
6918734,재료,물,3숟가락
7041518,재료,두부,1모
7041518,재료,양파,1/2개
7041518,재료,대파,1/2단
7041518,재료,참치,1/2캔
7041518,재료,간장,2T
7041518,재료,설탕,1/2T
7041518,재료,미림,1T
7041518,재료,고추장,1T
7041518,재료,고추가루,2T
7041518,재료,참치액,1T
7041518,재료,굴소스,1/2T
7041518,재료,다진마늘,1T
7041518,재료,후추,조금
7041518,재료,물,150L
7041518,기타,볼,
7041518,기타,계량스푼,
7041518,기타,도마,
7041518,기타,조리용나이프,
7041518,기타,프라이팬,
7041518,기타,요리스푼,
6895112,재료,메추리알,1봉지
6895112,재료,비엔나소세지,2봉지
6895112,재료,청양고추,1~3개
6895112,재료,고추장,1~1.5T
6895112,재료,케첩,4~5T
6895112,재료,진간장,1~1.5T
6895112,재료,설탕,2T
6895112,재료,물,5~7T
7035901,재료,손질오징어,1마리
7035901,재료,삼겹살 250g,3줄
7035901,재료,양파,1/2개
7035901,재료,통마늘,10개
7035901,재료,대파,1/3개
7035901,재료,청양고추,1개
7035901,재료,홍고추 생략가능,1/2개
7035901,재료,맛술,3T
7035901,재료,진간장,3T
7035901,재료,고춧가루,2.5T
7035901,재료,황설탕,1.5T
7035901,재료,다진 마늘,1/2T
7035901,재료,고추장,1/2T
7035901,재료,참기름,1T
7035901,재료,통깨,1/2T
7035901,기타,도마,
7035901,기타,조리용나이프,
7035901,기타,믹싱볼,
7035901,기타,계량스푼,
7035901,기타,그리들팬,
7035901,기타,요리집게,
7035901,기타,주방가위,
7035901,기타,접시,
6919453,재료,새송이버섯,3개
6919453,재료,꽈리고추,4개
6919453,재료,버터,2숟가락
6919453,재료,통깨,약간
6919453,재료,간장,2숟가락
6919453,재료,맛술,1숟가락
6919453,재료,올리고당,1.5숟가락
6919453,재료,후추,약간
6933144,재료,닭안심,10조각
6933144,재료,감자 작은 것,2개
6933144,재료,대파,1대
6933144,재료,우유,적당량
6933144,재료,당면,1줌
6933144,재료,간장,1소주잔
6933144,재료,설탕,1/2소주잔
6933144,재료,생수,1소주잔
6933144,재료,맛술,1/2소주잔
6933144,재료,다진 마늘,1큰술
6933144,재료,참기름,1/2큰술
6933144,재료,통깨,적당량
7031635,재료,냉동만두,5~6개
7031635,재료,달걀,2개
7031635,재료,양파,1/4
7031635,재료,대파,1/2
7031635,재료,청양고추,
7031635,재료,김가루,
7031635,재료,간장,1스푼
7031635,재료,참치액젓,1.5스푼
7031635,재료,소금,조금
7031635,재료,후추,조금
7031635,기타,냄비,
7031635,기타,수저,
7031635,기타,도마,
7031635,기타,조리용나이프,
7031635,기타,국자,
7031635,기타,면기,
6949579,재료,두부,1/3개
6949579,재료,계란,1개
6949579,재료,밥,3t
7074277,재료,멸치,100g
7074277,재료,고추장,5큰술
7074277,재료,들기름,3큰술
7074277,재료,마늘,1큰술
7074277,재료,올리고당,3큰술
7074277,재료,깨소금,2/1큰술
7074277,재료,미림,1큰술
6904302,재료,만두피,7장
6904302,재료,피자치즈,2종이컵
6904302,재료,계란,1개
6904302,재료,빵가루,2종이컵
6904302,재료,식용유,적당량
6944255,재료,대패삼겹살,600g
6944255,재료,콩나물,1봉지
6944255,재료,양파,1/2개
6944255,재료,새송이버섯,1개
6944255,재료,대파,1대
6944255,재료,청양고추,1개
6944255,재료,고춧가루,3숟가락
6944255,재료,고추장,3숟가락
6944255,재료,간장,3숟가락
6944255,재료,설탕,2숟가락
6944255,재료,다진 마늘,2숟가락
6944255,재료,맛술,3숟가락
6855088,재료,닭봉 한가지만 사용해도 됨,350g
6855088,재료,닭다리,400g
6855088,재료,마늘 취향껏 가감,10쪽
6855088,재료,소금,1t
6855088,재료,후춧가루,약간
6855088,재료,올리브유,2T
6855088,재료,설탕,2T
6855088,재료,간장,1T
6855088,재료,물,3T
6855088,재료,식초,1.5T
6855088,재료,올리고당,75g
6855088,재료,소금,1/2t
7071235,재료,순두부 350g,1팩
7071235,재료,계란,2개
7071235,재료,냉동 왕새우,4마리
7071235,재료,양파,1/4개
7071235,재료,물,500ml
7071235,재료,코인 육수,1개
7071235,재료,국간장,1큰술
7071235,재료,참치액,1큰술
7071235,재료,후추,약간
7018228,재료,감자,3개
7018228,재료,당근,1/4개
7018228,재료,베이컨,1팩
7018228,재료,대파,넉넉히
7018228,재료,통깨,1스푼
7018228,재료,소금,약간
7018228,기타,감자칼,
7018228,기타,믹싱볼,
7018228,기타,채반,
7018228,기타,도마,
7018228,기타,조리용나이프,
7018228,기타,프라이팬,
7018228,기타,요리젓가락,
7018228,기타,요리스푼,
7018228,기타,플레이팅접시,
7074132,재료,물,6컵
7074132,재료,들기름,2큰술
7074132,재료,소금,1/2큰술
7074132,재료,도토리가루,1컵
7020548,재료,표고버섯,200g
7020548,재료,꽈리고추,90g
7020548,재료,홍고추,1개
7020548,재료,양파,1/4개
7020548,재료,진간장,2큰술
7020548,재료,참치액,1/2큰술
7020548,재료,맛술,2큰술
7020548,재료,물엿,2큰술
7020548,재료,다진마늘,1큰술
7020548,재료,후추,톡톡
7020548,기타,도마,
7020548,기타,조리용나이프,
7020548,기타,계량스푼,
7020548,기타,유리계량컵,
7020548,기타,프라이팬,
7020548,기타,조리용스푼,
7020548,기타,접시,
7016910,재료,소고기국거리,200g
7016910,재료,무,1/4개
7016910,재료,대파,넉넉히
7016910,재료,국간장,1스푼
7016910,재료,다진마늘,1스푼
7016910,재료,소금,약간
7016910,재료,참기름,2스푼
7016910,재료,쌀뜨물,5컵
7016910,기타,냄비,
7016910,기타,요리스푼,
7016910,기타,도마,
7016910,기타,조리용나이프,
7016910,기타,국자,
7016910,기타,뚝배기,
6910345,재료,연어,3덩이
6910345,재료,소금,1꼬집
6910345,재료,후추,1꼬집
6910345,재료,올리브오일 혹은 식용유,2T
6910345,재료,물,5T
6910345,재료,간장,5T
6910345,재료,꿀,3T
6910345,재료,옥수수 전분,2T
6920400,재료,삼겹살,4줄
6920400,재료,공기밥,2그릇
6920400,재료,대파,2대
6920400,재료,양파,1/2개
6920400,재료,통마늘,4~5알
6920400,재료,후추,적당히
6920400,재료,간장,6스푼
6920400,재료,설탕,2스푼
6920400,재료,맛술,3스푼
6920400,재료,물,200ml
6920400,재료,굴소스,1큰술
7071148,재료,양배추,1/4개
7071148,재료,달걀,
7071148,재료,베이컨,5줄
7071148,재료,부침가루,3T
7071148,재료,물,100ml
7071148,재료,소금,약간
7071148,재료,후추,약간
6962124,재료,감자 큰거,1개
6962124,재료,스팸,200g
6962124,재료,당근,1토막
6962124,재료,쪽파,3뿌리
6962124,재료,간장,2T
6962124,재료,굴소스,1T
6962124,재료,올리고당,1T
6962124,재료,설탕,1T
6962124,재료,물,2T
6962124,재료,마늘,1/2t
6962124,재료,참기름,1T
6962124,재료,통깨,약간
7004934,재료,양배추,1/4통
7004934,재료,스팸,150g
7004934,재료,대파,1줌
7004934,재료,식용유,2T
7004934,재료,진간장,1.5T
7004934,재료,올리고당,0.5T
7004934,재료,참기름,1T
7004934,재료,통깨,
7004934,기타,도마,
7004934,기타,믹싱볼,
7004934,기타,채반,
7004934,기타,볶음팬,
7004934,기타,요리스푼,
6907004,재료,버터 또는 식용유,100g
6907004,재료,계란,2개
6907004,재료,설탕,100g
6907004,재료,소금,2꼬집
6907004,재료,박력분,180g
6907004,재료,코코아파우더,50g
6907004,재료,베이킹파우더,4g
6907004,재료,슈가파우더,
7013219,재료,오이,1개
7013219,재료,깨소금,3숟가락
7013219,재료,고운소금,1/2숟가락
7013219,재료,참기름,2숟가락
7013219,재료,고춧가루,약간
7013219,재료,후추,약간
7013219,기타,주방필러,
7013219,기타,도마,
7013219,기타,조리용나이프,
7013219,기타,완성접시,
7013219,기타,소스볼,
7013219,기타,계량스푼,
6992061,재료,밥,1공기
6992061,재료,만두,4개
6992061,재료,마늘,3알
6992061,재료,대파,1/2대
6992061,재료,굴소스,1숟가락
6992061,재료,참기름,1숟가락
6992061,재료,버터,1/2숟가락
6992061,재료,후추,약간
6992061,재료,식용유,적당량
6992061,재료,달걀프라이,
7075265,재료,김치,적당량
7075265,재료,들기름,넉넉하게
7075265,재료,밥,2공기
7075265,재료,굴소스,1스푼
7075265,재료,고추장,1스푼
7004654,재료,차돌박이,200g
7004654,재료,부추,100g
7004654,재료,양파,1/2개
7004654,재료,홍고추,1개
7004654,재료,통깨,1숟가락
7004654,재료,소금,약간
7004654,재료,후추,약간
7004654,재료,고춧가루,1숟가락
7004654,재료,간장,2숟가락
7004654,재료,식초,2숟가락
7004654,재료,매실액,1숟가락
7004654,재료,들기름,1숟가락
7004654,기타,믹싱볼,
7004654,기타,도마,
7004654,기타,프라이팬,
7004654,기타,요리집게,
7004654,기타,키친타올,
7004654,기타,유리볼,
7004654,기타,위생장갑,
7004654,기타,가위,
7074401,재료,돼지갈비,1kg
7074401,재료,소금,2꼬집
7074401,재료,양파,1/2개
7074401,재료,물,500ml
7074401,재료,후추,넉넉하게
7074401,재료,대파,1대
7074401,재료,통깨,약간
7074401,재료,다진 마늘,3스푼
7074401,재료,고춧가루,4스푼
7074401,재료,간장,4스푼
7074401,재료,참치액,3스푼
7074401,재료,굴소스,2스푼
7074401,재료,맛술,4스푼
7074401,재료,물엿,4스푼
6899340,재료,미니새송이버섯,1봉지
6899340,재료,통마늘,1줌
6899340,재료,양파,1개
6899340,재료,청양고추,1/2개
6899340,재료,간장,2큰술
6899340,재료,굴소스,1큰술
6899340,재료,요리당,2큰술
6899340,재료,물,4큰술
6899340,재료,참기름,1큰술
6899340,재료,통깨,약간
7038084,재료,잔멸치,200g
7038084,재료,아몬드,70g
7038084,재료,호두,70g
7038084,재료,진간장,2t
7038084,재료,올리브오일,3t
7038084,재료,올리고당,3t
7038084,재료,설탕,1t
7038084,재료,맛술,2t
7038084,재료,마요네즈,1t
7038084,재료,통깨,1t
7038084,기타,프라이팬,
7038084,기타,조리주걱,
7038084,기타,채반,
7038084,기타,접시,
6896826,재료,냉동 대패삼겹살,500g
6896826,재료,우동사리,2개
6896826,재료,양파,1개
6896826,재료,대파 1개,1줌
6896826,재료,숙주,2줌
6896826,재료,맛간장,4T
6896826,재료,굴소스,1.5T
6896826,재료,올리고당 설탕대체가능,4T
6896826,재료,다진마늘,2T
6896826,재료,미림(맛술),5T
6896826,재료,참기름,1T
6896826,재료,깨,0.5T
6896826,재료,후추,1t
6896826,기타,믹싱볼,
6896826,기타,위생장갑,
6896826,기타,소스볼,
6896826,기타,볶음팬,
6896826,기타,요리젓가락,
6896826,기타,채반,
6896826,기타,요리스푼,
6841304,재료,참나물,400g
6841304,재료,차돌박이,300g
6841304,재료,다진마늘,1스푼
6841304,재료,참기름,2스푼
6841304,재료,간장,2스푼
6841304,재료,멸치액젓,1.5스푼
6841304,재료,식초,2스푼
6841304,재료,고춧가루,1스푼
6841304,재료,설탕,1스푼
6841304,재료,깨,약간
6903739,재료,밥,1공기
6903739,재료,베이컨,3줄
6903739,재료,양파,1개
6903739,재료,쪽파,4대
6903739,재료,계란,1개
6903739,재료,식용유,1큰술
6903739,재료,들기름,1큰술
6903739,재료,깨소금,약간
6903739,재료,간장,2큰술
6903739,재료,올리고당,2큰술
6903739,재료,맛술,1큰술
6903739,재료,굴소스,1작은술
6903739,재료,물,1큰술
6883228,재료,양송이 버섯,10줌
6883228,재료,잔파,6대
6883228,재료,다진마늘,2큰술
6883228,재료,물,400ml
6883228,재료,간장,2큰술
6883228,재료,굴소스,1큰술
6883228,재료,설탕,1/3큰술
6883228,재료,후춧가루,약간
6883228,재료,참기름,1큰술
6883228,재료,소금,약간
6883228,재료,통깨,약간
6883228,재료,전분,2큰술
6883228,재료,물,2큰술
7001546,재료,아스파라거스,85g
7001546,재료,칵테일새우,16개
7001546,재료,다진마늘,1/2큰술
7001546,재료,올리브유,2큰술
7001546,재료,굴소스,2큰술
7001546,재료,깨,1/2큰술
7001546,기타,프라이팬,
7001546,기타,도마,
7001546,기타,채반,
7001546,기타,나무뒤집개,
6886287,재료,참치캔,2개
6886287,재료,양파,1/4개
6886287,재료,마요네즈,
6886287,재료,튀김가루,
6882843,재료,참치캔 200g,1캔
6882843,재료,양파,1/2개
6882843,재료,파프리카,1/2개
6882843,재료,깻잎,9장
6882843,재료,후추,2~3번
6882843,재료,계란,1개
6882843,재료,부침가루,5~6T
7004170,재료,스팸,200g
7004170,재료,계란,1개
7004170,재료,파,1대
7004170,재료,밥,1공기
7004170,재료,간장,1스푼
7004170,재료,맛술,1스푼
7004170,재료,설탕,1스푼
7004170,재료,물,3스푼
7004170,재료,참기름,1스푼
7004170,기타,도마,
7004170,기타,유리볼,
7004170,기타,계량스푼,
7004170,기타,프라이팬,
7004170,기타,키친타올,
7004170,기타,뒤집개,
7004170,기타,접시볼,
6922857,재료,두부,200g
6922857,재료,전분가루,3큰술
6922857,재료,식용유,3큰술
6922857,재료,간장,1큰술
6922857,재료,물엿,1큰술
6922857,재료,케첩,1큰술
6922857,재료,다진마늘,1/2큰술
6922857,재료,물,3큰술
6922857,재료,참기름,1/2큰술
6965877,재료,맛살,10개
6965877,재료,깻잎,10장
6965877,재료,달걀,2개
6965877,재료,밀가루,2숟갈
6965877,재료,소금,1꼬집
6965877,재료,후추,톡톡
6965877,재료,식용유,
6955087,재료,박력분,60g
6955087,재료,버터,70g
6955087,재료,설탕,35g
6955087,재료,달걀,1개
6955087,재료,우유,20g
6955087,재료,유자청,30g
6955087,재료,베이킹파우더,2g
6990705,재료,만두,10개
6990705,재료,양배추,50g
6990705,재료,양파,1/4개
6990705,재료,오이,1/3개
6990705,재료,당근,1/4개
6990705,재료,깻잎,4장
6990705,재료,통깨,1/2숟가락
6990705,재료,고추장,1숟가락
6990705,재료,고춧가루,1/2숟가락
6990705,재료,매실액,1/2숟가락
6990705,재료,간장,1숟가락
6990705,재료,올리고당,1숟가락
6990705,재료,식초,2숟가락
6990705,재료,참기름,1숟가락
6932754,재료,아스파라거스,12개
6932754,재료,소고기,12장
6932754,재료,소금,
6932754,재료,후춧가루,
6932754,재료,버터,
6932754,재료,발사믹식초,1/2컵
6932754,재료,꿀,1큰술
6932754,재료,레드와인,2큰술
6904722,재료,핫케이크가루,1종이컵
6904722,재료,달걀,1개
6904722,재료,우유,적당히
6904722,재료,딸기,적당히
6904722,재료,생크림,적당히
6904722,재료,슈가파우더,적당히
6977898,재료,계란,3개
6977898,재료,스팸,1통
6977898,재료,김밥김,2장
6977898,재료,공기밥,1인분
6977898,재료,간장,1t
6977898,재료,맛술,1t
6977898,재료,설탕,1t
6977898,재료,참기름,1T
6977898,재료,소금,1꼬집
6977898,재료,통깨,약간
6811239,재료,닭가슴살,2덩이
6811239,재료,카레가루,2숟가락
6811239,재료,밀가루 or 전분가루,3숟가락
6811239,재료,소금,약간
6811239,재료,후춧가루,약간
6811239,재료,오일,
6928511,재료,맛살,5줄
6928511,재료,대파,적당량
6928511,재료,굴소스,
6928511,재료,통깨,
6928511,재료,카놀라유,
7001408,재료,두부,1모
7001408,재료,고추장,1큰술
7001408,재료,다진마늘,1큰술
7001408,재료,굴소스,1큰술
7001408,재료,진간장,1큰술
7001408,재료,올리고당,1/2큰술
7001408,재료,참기름,1큰술
7001408,재료,깨소금,
7001408,기타,플레이팅접시,
7001408,기타,요리스푼,
7001408,기타,후라이팬,
7001408,기타,도마,
7001408,기타,주방나이프,
7074892,재료,계란,1개
7074892,재료,올리고당,1큰술
7074892,재료,백앙금,500g
7076384,재료,신선초,400g
7076384,재료,소금,1/2큰술
7076384,재료,들기름,2큰술
7076384,재료,깨소금,1/2큰술
7076384,재료,참기름,약간
7076384,재료,굵은소금,1/2큰술
6992379,재료,묵은지,1/4포기
6992379,재료,소면,2인분
6992379,재료,소금,1큰술
6992379,재료,간장,4큰술
6992379,재료,설탕,2큰술
6992379,재료,들기름,2큰술
6992379,재료,통깨,1큰술
6992379,재료,다진마늘,1/2큰술
7015067,재료,통조림 참치,100g
7015067,재료,현미밥,100g
7015067,재료,양배추,50g
7015067,재료,양파,1/4개
7015067,재료,당근,소량
7015067,재료,진간장,1T
7015067,재료,굴 소스,1T
7015067,재료,맛술,1T
7015067,재료,후추,조금
7015067,기타,체망,
7015067,기타,숟가락,
7015067,기타,도마,
7015067,기타,조리용나이프,
7015067,기타,채반,
7015067,기타,프라이팬,
7015067,기타,뒤집개,
7015067,기타,요리스푼,
7015067,기타,완성접시,
6934182,재료,맛살,6줄
6934182,재료,계란,2개
6934182,재료,당근,
6934182,재료,양파,
6934182,재료,대파,
6934182,재료,소금,1꼬집
6934182,재료,올리브유,
6934182,재료,케첩,
6994106,재료,스팸,2캔
6994106,재료,통깨,약간
6994106,재료,밥,2인분
6994106,재료,진간장,4스푼
6994106,재료,맛술,2스푼
6994106,재료,설탕,2스푼
6994106,재료,고춧가루,2스푼
6994106,재료,물,6스푼
6928224,재료,모닝빵,4개
6928224,재료,스위트콘,1종이컵
6928224,재료,모짜렐라치즈,1/2종이컵
6928224,재료,머스타드,2스푼
6928224,재료,마요네즈,2스푼
6928224,재료,후추,조금
6903698,재료,닭가슴살,300g
6903698,재료,두부,1/2개
6903698,재료,유부 2~3인용,1개
6903698,재료,소금,1t
6903698,재료,후추,1/2t
7047563,재료,사각 어묵,3장
7047563,재료,새송이버섯,2개
7047563,재료,양파,1/2개
7047563,재료,대파,1/2개
7047563,재료,청양고추,2개
7047563,재료,홍고추,1개
7047563,재료,통깨,약간
7047563,재료,고춧가루,2큰술
7047563,재료,진간장,1큰술
7047563,재료,굴소스,1큰술
7047563,재료,설탕,1큰술
7047563,재료,다진 마늘,1큰술
7047563,재료,포도씨유,4큰술
7047563,재료,후춧가루,약간
7047563,재료,참기름,약간
7047563,기타,도마,
7047563,기타,조리용나이프,
7047563,기타,접시,
7047563,기타,트레이,
7047563,기타,프라이팬,
7047563,기타,요리스푼,
6837437,재료,단단한 두부,1모
6837437,재료,다진 마늘,1Ts
6837437,재료,물,3Ts
6837437,재료,고추장 평평하게 깎아서 계량,1Ts
6837437,재료,간장,1Ts
6837437,재료,굴소스,1/2Ts
6837437,재료,올리고당,2Ts
6837437,재료,참기름,1Ts
6837437,재료,깨,1Ts
6886375,재료,흰쌀밥,1공기
6886375,재료,스팸 작은 캔,1/3개
6886375,재료,버터,1T
6886375,재료,간장,
6886375,재료,간장,1/2T
6886375,재료,물,5T
6886375,재료,설탕,1/2T
6847798,재료,가지,
6847798,재료,늘려먹는치즈,
6847798,재료,소금,
6847798,재료,토마토소스,
7074824,기타,오이,1/3개
7074824,기타,토마토,2조각
7074824,기타,찐계란,1개
7074824,기타,깨소금,약간
7074824,기타,소금,약간
7064360,재료,계란,2개
7064360,재료,당면,50g
7064360,재료,대파,1/2대
7064360,재료,청양고추,2개
7064360,재료,다진 마늘,1숟가락
7064360,재료,굵은 고춧가루,1숟가락
7064360,재료,물,500ml
7064360,재료,참치액,2숟가락
7064360,재료,진간장,1숟가락
6937332,재료,두부 한모,300g
6937332,재료,전분가루,1컵
6937332,재료,소금,약간
6937332,재료,깨,적당량
6937332,재료,케찹,1큰술
6937332,재료,고추장,1큰술
6937332,재료,굴소스,1큰술
6937332,재료,다진마늘,1큰술
6937332,재료,황설탕,2큰술
6848325,재료,버터 5T,100g
6848325,재료,황설탕 1/2컵,80g
6848325,재료,계란,1개
6848325,재료,코코아가루 2T,20g
6848325,재료,아몬드슬라이스,1컵
6848325,재료,박력분 2컵,200g
6914749,재료,감자,1개
6914749,재료,양파,1/2개
6914749,재료,어묵,100g
6914749,재료,대파,15cm
6914749,재료,멸치육수,7컵
6914749,재료,국간장,1큰술
6914749,재료,다진마늘,0.5큰술
6914749,재료,고춧가루,약간
6914749,재료,소금,약간
6914749,재료,후추,약간
6872282,재료,참치 작은것 100g,1캔
6872282,재료,스위트콘,200g
6872282,재료,양파 작은것,1/2개
6912270,재료,양파,1/3
6912270,재료,파프리카,1/2개
6912270,재료,비엔나소세지,2컵
6912270,재료,물,3컵
6912270,재료,간장,2
6912270,재료,올리고당,2
6912270,재료,설탕,1
6912270,재료,후춧가루,약간
3976406,재료,두부,2/3모
3976406,재료,달걀,3개
3976406,재료,양파,1/4
3976406,재료,양배추잎,2~3장
3976406,재료,감자전분,
3976406,재료,소금,
3976406,재료,후추,
6880694,재료,느타리버섯,1팩
6880694,재료,청고추,1개
6880694,재료,홍고추,1개
6880694,재료,마늘,1숟가락
6880694,재료,튀김기름,1컵
6880694,재료,진간장,2숟가락
6880694,재료,물,2숟가락
6880694,재료,설탕,2숟가락
6880694,재료,식초,2숟가락
6880694,재료,참기름,약간
6880694,재료,기름 볶을 때,1숟가락
6880694,재료,물,1/2컵
6880694,재료,튀김가루,7숟가락
6925795,재료,돼지목살,300g
6925795,재료,설탕,1T
6925795,재료,진간장,1-1/4T
6925795,재료,물엿,2T
6925795,재료,간마늘,1/2큰술
6925795,재료,생강가루,1꼬집
6925795,재료,맛술,1T
6925795,재료,굴소스,1/2T
6925795,재료,후추가루,1꼬집
6925795,재료,대파 다진거,1큰술
6925795,기타,믹싱볼,
6925795,기타,요리스푼,
6925795,기타,프라이팬,
6925795,기타,휴대용가스렌지,
6925795,기타,요리용집게,
6925795,기타,주방가위,
6925795,기타,계량컵,
6894964,재료,칵테일 새우,1종이컵
6894964,재료,식용유,3T
6894964,재료,다진마늘,1T
6894964,재료,버터,1T
6894964,재료,후추,톡톡
6894964,재료,케찹,2T
6894964,재료,고추가루,1T
6894964,재료,설탕,1T
6894964,재료,간장,1T
6894964,재료,식초,1T
6907655,재료,몽쉘,4개
6907655,재료,우유,약간
6869250,재료,죽봉어묵,1개
6869250,재료,마늘쫑,5줄기
6869250,재료,물,5T
6869250,재료,양조간장,2T
6869250,재료,다진마늘,1/2T
6869250,재료,설탕,1T
6869250,재료,올리고당,2T
6869250,재료,참기름,1/2T
7016404,재료,새우,10~15마리
7016404,재료,브로콜리,1/2개
7016404,재료,마늘,5개
7016404,재료,생강,1스푼
7016404,재료,전분,조금
7016404,재료,물,1숟가락
7016404,재료,굴소스,1숟가락
7016404,재료,소금,1/3숟가락
7016404,재료,설탕,1/2숟가락
7016404,재료,참기름,1숟가락
7016404,재료,후추,조금
7016404,기타,이쑤시개,
7016404,기타,도마,
7016404,기타,조리용나이프,
7016404,기타,믹싱볼,
7016404,기타,냄비,
7016404,기타,요리스푼,
7016404,기타,키친타올,
7016404,기타,궁중팬,
7016404,기타,요리젓가락,
7016404,기타,요리스푼,
7016404,기타,완성접시,
7072343,재료,찬밥,3공기
7072343,재료,사각햄,50g
7072343,재료,양파,1/2개
7072343,재료,당근,20g
7072343,재료,애호박,1/2개
7072343,재료,대파,1/2개
7072343,재료,올리브유,1T
7072343,재료,굴소스,1t
7072343,재료,진간장,1.5t
7072343,재료,참기름,1t
7072343,재료,통깨,1t
6896204,재료,콩나물,150g
6896204,재료,다진마늘,
6896204,재료,청양고추,1/2개
6896204,재료,계란,1개
6896204,재료,대파,
6896204,재료,새우젓,
6896204,재료,참깨,
6896204,재료,고춧가루,
6896204,재료,다시물,
6915735,재료,채썬 무,1컵
6915735,재료,대파,1줄
6915735,재료,물,3컵
6915735,재료,들깨가루,3큰술
6915735,재료,소금,1/2큰술
6915735,재료,참기름,1큰술
6913239,재료,고구마,1개
6913239,재료,모짜렐라치즈,1컵
6913239,재료,물,50ml
6913239,재료,설탕,1스푼
6913239,재료,소금,1/3스푼
6913239,재료,찹쌀가루,1스푼
6880201,재료,만두,6-10개
6880201,재료,옥수수,약간
6880201,재료,땅콩가루,약간
6880201,재료,고추장,1숟갈
6880201,재료,케찹,3숟갈
6880201,재료,올리고당,1숟갈
6880201,재료,설탕,0.5숟갈
6880201,재료,맛술,1숟갈
6880201,재료,다진마늘,1숟갈
7073300,재료,분홍소시지,1/2개
7073300,재료,청양고추,2개
7073300,재료,튀김가루,2스푼
7073300,재료,계란,2개
6835918,재료,닭가슴살,2덩이
6835918,재료,양파,
6835918,재료,당근,
6835918,재료,파,
6835918,재료,계란,2개
6835918,재료,밀가루,약간
6835918,재료,소금,
6835918,재료,후추,
6835918,재료,다진마늘,1큰술
6879416,재료,숙주 250g,1봉지
6879416,재료,채썬 햄,1/2~1주먹
6879416,재료,다진 파,1주먹
6879416,재료,청양 고추,1개
6879416,재료,굴소스,1/2~1T
6879416,재료,후추,조금
6879416,재료,식용유,1T
6879416,재료,참기름,1t
6879416,재료,깨,조금
6915356,재료,오이,1개
6915356,재료,닭가슴살,1캔
6915356,재료,빨강파프리카,1/6개
6915356,재료,노랑파프리카,1/6개
6915356,재료,파슬리가루,약간
6915356,재료,마요네즈,4숟가락
6915356,재료,레몬즙,1/2숟가락
6915356,재료,소금,약간
6915356,재료,후추,약간
6921400,재료,새우,1파운드
6921400,재료,브로콜리 1송이,350g
6921400,재료,홍피망,1개
6921400,재료,통마늘,15알
6921400,재료,올리브오일/아보카도오일,4T
6921400,재료,소금,1꼬집
6921400,재료,후추,1꼬집
7075847,재료,닭다리살,500g
7075847,재료,대파,3대
7075847,재료,식용유,2T
7075847,재료,고추장,1T
7075847,재료,고추가루,1T
7075847,재료,청양고추가루,1T
7075847,재료,간장,4T
7075847,재료,마늘,1T
7075847,재료,생강가루,1/2T
7075847,재료,후추,1/2T
7075847,재료,참기름,1T
7075847,재료,올리고당,3T
7075847,재료,맛술,2T
2628435,재료,베이컨,8장
2628435,재료,밥,1컵
2628435,재료,간장,1.5큰술
2628435,재료,매실액,1큰술
2628435,재료,물엿,1/2큰술
2628435,재료,청주,1큰술
2628435,재료,굴소스,1작은술
2628435,재료,후추,조금
6950383,재료,두부,220g
6950383,재료,청경채,200g
6950383,재료,만가닥버섯,150g
6950383,재료,다진마늘,1T
6950383,재료,마른 청양고추,2개
6950383,재료,진간장,2T
6950383,재료,올리고당,1T
6950383,재료,올리브유,1T
6950383,재료,참기름,1T
6950383,재료,소금,1꼬집
6845451,재료,닭가슴살,2개
6845451,재료,두부,1/2모
6845451,재료,양파,
6845451,재료,파프리카,
6845451,재료,브로콜리,
6845451,재료,파마산치즈가루,3
6845451,재료,빵가루,5
6845451,재료,튀김가루,2
6845451,재료,달걀,1
6845451,재료,후추,
6845451,재료,소금,
6985504,재료,양배추채,3줌
6985504,재료,다진마늘,1스푼
6985504,재료,다진파,약간
6985504,재료,베이컨,7줄
6985504,재료,맛술,1T
6985504,재료,후추,톡톡
6985504,재료,진간장,1T
6985504,재료,굴소스,1스푼
6985504,재료,통깨,약간
7068064,재료,양파,1/4개
7068064,재료,햄 스팸,1작은캔
7068064,재료,밥,1공기
7068064,재료,계란,2알
7068064,재료,식용유,2-3T
7068064,재료,진간장,2T
7068064,재료,맛술,1T
7068064,재료,알룰로스,1T
7068064,재료,참기름,1T
7068064,재료,다진마늘,0.5T
6885922,재료,삼겹살,300g
6885922,재료,꽈리고추,1줌
6885922,재료,청양고추,5개
6885922,재료,대파,20cm
6885922,재료,설탕,1숟가락
6885922,재료,물,1/2종이컵
6885922,재료,다진마늘,1숟가락
6885922,재료,간장,1/3종이컵
6907712,재료,다진마늘,1T
6907712,재료,올리브유,1T
6907712,재료,숙주,1/2봉지
6907712,재료,밥,2공기
6907712,재료,계란,2개
6907712,재료,대파,1개
6907712,재료,칵테일새우,10개
6907712,재료,간장,1T
6907712,재료,굴소스,1T
6907712,재료,맛술,2T
6907712,재료,후추,0.5t
6907712,재료,설탕,0.5t
6966950,재료,파프리카,3개
6966950,재료,두부,150g
6966950,재료,달걀,2개
6966950,재료,포도씨유,적당량
6966950,재료,카레가루,2큰술
6966950,재료,다진 호박,1컵
6966950,재료,소금,1티스푼
6954909,재료,호떡믹스,270g
6954909,재료,후랑크소시지,6개
6954909,재료,파프리카,
6954909,재료,캔옥수수,
6954909,재료,모짜렐라치즈,
6954909,재료,파슬리가루,
6954909,재료,마요네즈,
6954909,재료,케찹,
6874259,재료,돼지등갈비,15쪽
6874259,재료,양파,1/2개
6874259,재료,대파,20cm
6874259,재료,새송이버섯,2개
6874259,재료,떡볶이떡,10개
6874259,재료,청양고추,3개
6874259,재료,모짜렐라치즈,원하는만큼
6874259,재료,맛술,1/2컵
6874259,재료,진간장,1/3컵
6874259,재료,맛술,1/3컵
6874259,재료,물엿,1/3컵
6874259,재료,고운 고춧가루,3스푼
6874259,재료,고추장,2스푼
6874259,재료,다진 마늘,1스푼
6874259,재료,설탕,2스푼
6874259,재료,물,4컵
6896872,재료,식빵,2장
6896872,재료,꿀,3T
6896872,재료,버터,3T
6896872,재료,다진 마늘,2T
6896872,재료,모짜렐라 치즈,마음껏
6685679,재료,어묵,1장
6685679,재료,양파,1/2개
6685679,재료,계란,1개
6685679,재료,통깨,약간
6685679,재료,물,5스푼
6685679,재료,고추장,1
6685679,재료,고추가루,0.5
6685679,재료,간장,1
6685679,재료,올리고당,1
6685679,재료,참기름,1
6685679,재료,맛술,1
6685679,재료,다진마늘,0.5
6934142,재료,숙주,1줌
6934142,재료,오이,1개
6934142,재료,크래미 또는 맛살,2~3덩어리
6934142,재료,칵테일새우,20마리
6934142,재료,후춧가루,적당히
6934142,재료,연겨자,2큰술
6934142,재료,설탕,1큰술
6934142,재료,소금,1꼬집
6934142,재료,다진마늘,1티스푼
6934142,재료,올리고당,1큰술
6934142,재료,레몬즙 or식초,1큰술
6905452,재료,애호박,1대접
6905452,재료,양파,1/4개
6905452,재료,마늘,1숟가락
6905452,재료,참치 작은거,1캔
6905452,재료,굴소스,1숟가락
6905452,재료,소금,조금
7072609,재료,계란,4개
7072609,재료,물,적당량
7072609,재료,쪽파,2줄기
7072609,재료,양파,1/4개
7072609,재료,맛간장,2큰술
7072609,재료,코인육수,1알
7072609,재료,깨,적당량
6880695,재료,배추잎,5~6장
6880695,재료,소고기국거리,200g
6880695,재료,다진마늘,1/2스푼
6880695,재료,파,조금
6880695,재료,국간장,1스푼
6880695,재료,맛술,1스푼
6880695,재료,쌀뜨물,3컵
6880695,재료,된장,2스푼
7020842,재료,돼지목살,300g
7020842,재료,통마늘 1줌,45g
7020842,재료,전분가루 1숟가락,20g
7020842,재료,맛술 8g,1/2숟가락
7020842,재료,식용유 2숟가락,20g
7020842,재료,소금,약간
7020842,재료,후추,약간
7020842,재료,페페론치노,약간
7020842,재료,간장 2숟가락,30g
7020842,재료,설탕 1숟가락,25g
7020842,재료,올리고당 1숟가락,10g
7020842,재료,다진마늘 6g,1/2숟가락
7020842,재료,굴소스 1숟가락,12g
7020842,재료,맛술 1숟가락,13g
7020842,재료,참기름,약간
7020842,재료,물 50g,1/4컵
7020842,기타,도마,
7020842,기타,조리용나이프,
7020842,기타,볼,
7020842,기타,요리젓가락,
7020842,기타,소스볼,
7020842,기타,요리스푼,
7020842,기타,프라이팬,
7020842,기타,플레이팅접시,
6974604,재료,건미역,30g
6974604,재료,오이,1개
6974604,재료,맛살,4줄
6974604,재료,무,130g
6974604,재료,식초,5큰술
6974604,재료,매실액,6큰술
6974604,재료,설탕,1/2큰술
6974604,재료,소금,1/2티스푼
6974604,재료,연겨자,약간
6974604,재료,다진마늘,1/2큰술
6889370,재료,물,500ml
6889370,재료,연두부,1팩
6889370,재료,달걀,2알
6889370,재료,양파,1/4개
6889370,재료,새우젓,1t
6889370,재료,소금,약간
6889370,재료,송송 썬 대파,적당량
6889370,재료,다시마 5cm x 5cm,1장
6889370,재료,멸치,8-10마리
6963453,재료,훈제 오리고기,400g
6963453,재료,신김치 씻어 물기 제거 후,500g
6963453,재료,노란 파프리카,1/2개
6963453,재료,빨간 파프리카,1/2개
6963453,재료,양파,1개
6963453,재료,깻잎,10장
6963453,재료,소금,조금
6963453,재료,참기름,조금
6963453,재료,깨소금,조금
6963453,재료,공기밥,4인분
6938068,재료,계란,8개
6938068,재료,카놀라유,2~3T
6938068,재료,빨강파프리카,1T
6938068,재료,노랑파프리카,1T
6938068,재료,다진당근,1T
6938068,재료,다진파,2T
6938068,재료,다진양파,1T
6938068,재료,맛소금,1/2ts
6938068,재료,설탕,1ts
6938068,재료,맛소금,1/3ts
6938068,재료,설탕,2/3ts
6938068,재료,참기름,1ts
6938068,재료,케찹,
6938068,재료,어린잎,
6925914,재료,파스타면,2인분
6925914,재료,시금치,1/2단
6925914,재료,통마늘,7~10개
6925914,재료,올리브오일,적당히
6925914,재료,굴소스,1스푼
6925914,재료,후춧가루,적당히
6925914,재료,굵은소금,1/2스푼
6925914,재료,양파,1/2개
6861965,재료,밀떡,200g
6861965,재료,통마늘,10개
6861965,재료,버터,2스푼
6861965,재료,식용유,적당량
6861965,재료,간장,2스푼
6861965,재료,설탕,1스푼
6933624,재료,베이컨,100g
6933624,재료,밥,1그릇
6933624,재료,양파,1/2개
6933624,재료,계란 노른자,1개
6933624,재료,설탕,1큰술
6933624,재료,간장,1큰술
6933624,재료,맛술,1큰술
6933624,재료,굴소스,1/2큰술
6933624,재료,다진마늘,1/2큰술
6942026,재료,목살,500g
6942026,재료,대파,1대
6942026,재료,청양고추,2개
6942026,재료,맛술,2큰술
6942026,재료,후추,적당량
6942026,재료,설탕,2큰술
6942026,재료,된장,2큰술
6942026,재료,다진 마늘,1큰술
6942026,재료,간장,1큰술
6942026,재료,고추장,1큰술
6942026,재료,올리고당,1큰술
7069384,재료,밥 180g,1공기
7069384,재료,달걀,1개
7069384,재료,진간장,1큰술
7069384,재료,버터 10g,1조각
6841405,재료,오이,2개
6841405,재료,밥,1공기
6841405,재료,게맛살,3개
6841405,재료,양파,1/2개
6841405,재료,새싹,약간
6841405,재료,마요네즈,1큰술
6841405,재료,식초,
6841405,재료,설탕,
6841405,재료,소금,
6841405,재료,참기름,
7000636,재료,만두,20개
7000636,재료,견과류,4스푼
7000636,재료,깨,1/2스푼
7000636,재료,케찹,2스푼
7000636,재료,고추장,1/2스푼
7000636,재료,간장,1/2스푼
7000636,재료,올리고당,2스푼
7000636,재료,식용유,1/2스푼
7000636,기타,에어프라이어,
7000636,기타,프라이팬,
7000636,기타,조리용스푼,
7000636,기타,플레이팅접시,
4007541,재료,미숫가루,1컵
4007541,재료,계란,3개
4007541,재료,설탕,8스푼
4007541,재료,우유,50ml
4007541,재료,녹인버터,6스푼
4007541,재료,호두,
4007541,재료,아몬드,
6903405,재료,두부,1/2모
6903405,재료,닭가슴살,100g
6903405,재료,새우가루,1큰술
6903405,재료,대파,1대
6903405,재료,당근,1/3개
6903405,재료,액젓,1큰술
6903405,재료,식용유,2큰술
6861235,재료,목살,400g
6861235,재료,계란,1개
6861235,재료,버터,2T
6861235,재료,돈가스소스,3T
6861235,재료,맛술,2T
6861235,재료,설탕,2T
6861235,재료,굴소스,2T
6861235,재료,물,100g
6973175,재료,떡국떡,150~200g
6973175,재료,만두,적당량
6973175,재료,사골육수,500g
6973175,재료,양파,1/4개
6973175,재료,감자,1/3개
6973175,재료,계란,1개
6973175,재료,고추장,3T
6973175,재료,된장,1.5T
6973175,재료,굵은 고춧가루,1T
6973175,재료,다진마늘,1t
6973175,재료,국간장,1T
6973175,재료,김가루,
6973175,재료,대파,
6973175,재료,통깨,
3919318,재료,달걀,1개
3919318,재료,박력분,120g
3919318,재료,베이킹파우더,3g
3919318,재료,우유,50ml
3919318,재료,굵게 다진 호두,30g
3919318,재료,버터,60g
3919318,재료,설탕,60g
3919318,재료,커피가루,5g
7070232,재료,닭안심,100g
7070232,재료,양파,1/4개
7070232,재료,파프리카,약간
7070232,재료,굴소스,1/2T
7070232,재료,소금,1꼬집
7070232,재료,참기름,1바퀴
6899874,재료,삼겹살,300g
6899874,재료,양파,1개
6899874,재료,양배추,1/6통
6899874,재료,계란,2개
6899874,재료,간장,3T
6899874,재료,물엿,3T
6899874,재료,다진마늘,1T
6899874,재료,후추,조금
6899874,재료,소금,조금
6922045,재료,쌀밥,2공기
6922045,재료,참치캔,1개
6922045,재료,달걀,3개
6922045,재료,소금,약간
6922045,재료,캐찹,적당히
6932862,재료,시금치,350g
6932862,재료,닭가슴살,189g
6932862,재료,다진마늘,17g
6932862,재료,카레가루,2T
6932862,재료,휘핑크림 or 요거트,1T
6932862,재료,소금,약간
6932862,재료,식용유,약간
7068636,재료,가지,12개
7068636,재료,돼지안심잡채용,200g
7068636,재료,대파,3줄기
7068636,재료,진간장,3스푼
7068636,재료,참치액,1/2스푼
7068636,재료,통깨,1스푼
7068636,재료,고춧가루,1스푼
7068636,재료,참기름,1스푼
6887181,재료,돼지고기다짐육 또는 소고기다짐육,300g
6887181,재료,새송이버섯,2개
6887181,재료,생강술 또는 맛술,3T
6887181,재료,진간장,2T
6887181,재료,설탕,2T
6887181,재료,다진마늘,1T
6887181,재료,참기름,1/2T
6887181,재료,감자전분,2T
6887181,재료,대파,5cm
6887181,재료,후추,2번
6887181,재료,진간장,2T
6887181,재료,물,2T
6887181,재료,꿀,1T
6887181,재료,설탕,1/2T
6887181,재료,참기름,1/2T
6886390,재료,김밥김,20장
6886390,재료,물,200ml
6886390,재료,간장,10T
6886390,재료,올리고당,5T
6886390,재료,다진 마늘,1T
6886390,재료,참기름,5T
7019490,재료,사과,2개
7019490,재료,미나리,1줌
7019490,재료,쪽파,약간
7019490,재료,들기름,약간
7019490,재료,고춧가루,2숟가락
7019490,재료,간장,1숟가락
7019490,재료,다진마늘,1/2숟가락
7019490,재료,설탕,1숟가락
7019490,재료,식초,2숟가락
7019490,재료,까나리액젓,1/2숟가락
7019490,기타,도마,
7019490,기타,조리용나이프,
7019490,기타,소스볼,
7019490,기타,요리스푼,
7019490,기타,위생장갑,
7019490,기타,접시볼,
6859648,재료,만두피,
6859648,재료,모짜렐라슬라이스치즈,
6859648,재료,찐고구마,
6859648,재료,올리고당,
6859648,재료,식용유,
7048648,재료,부추,1줌
7048648,재료,양파,1개
7048648,재료,진간장,5T
7048648,재료,고추가루,4T
7048648,재료,식초,3T
7048648,재료,다진마늘,1/2T
7048648,재료,매실청,2T
7048648,재료,설탕,1T
7048648,재료,참기름,1T
7048648,재료,통깨,1T
7048648,기타,도마,
7048648,기타,조리용나이프,
7048648,기타,믹싱볼,
7048648,기타,스푼,
7048648,기타,찬기,
7010976,재료,새송이버섯,4개
7010976,재료,국거리소고기,150g
7010976,재료,양파,1/2개
7010976,재료,대파,1/2대
7010976,재료,청양고추,2개
7010976,재료,진간장,1큰술
7010976,재료,참기름,1큰술
7010976,재료,참치액젓,1큰술
7010976,재료,설탕,1/2큰술
7010976,재료,물엿,1큰술
7010976,재료,후추,톡톡
7010976,재료,다진마늘,1큰술
7010976,기타,요리용스푼,
7010976,기타,볼,
7010976,기타,도마,
7010976,기타,요리용나이프,
7010976,기타,냄비,
7010976,기타,프라이팬,
7010976,기타,플레이팅접시,
6832421,재료,또띠아,
6832421,재료,버터,
6832421,재료,달걀,
6832421,재료,양파,
6832421,재료,슬라이스치즈,
6832421,재료,설탕,
6835653,재료,양파,1/4개
6835653,재료,노랑파프리카,1/4개
6835653,재료,주황파프리카,1/4개
6835653,재료,양송이,15개
6835653,재료,토마토스파게티소스,4-5TS
6835653,재료,모짜렐라치즈,취향껏
6835653,재료,파슬리가루,조금
6835653,재료,올리브오일,조금
6873390,재료,오레오,9개
6873390,재료,크림치즈,200g
6873390,재료,설탕,30g
6873390,재료,달걀,1개
6873390,재료,우유,2Ts
7004853,재료,순두부,2봉
7004853,재료,양조간장,130g
7004853,재료,생수,130g
7004853,재료,매실청,1T
7004853,재료,설탕,1T
7004853,재료,다진파,1줌
7004853,재료,마늘,2톨
7004853,재료,고추가루,2T
7004853,재료,참기름,1T
7004853,재료,통깨,1T
7004853,기타,소스볼,
7004853,기타,숟가락,
7004853,기타,채반,
7004853,기타,밀폐용기,
7070983,재료,볼어묵 200g,1봉
7070983,재료,양파,1/2개
7070983,재료,당근,1/4
7070983,재료,간장,1큰술
7070983,재료,설탕,1큰술
7070983,재료,올리고당,1큰술
7070983,재료,다진 마늘,1/2큰술
7070983,재료,식용유,1큰술
7070983,재료,참기름,약간
7070983,재료,통깨,약간
6829888,재료,꿀호떡,4개
6829888,재료,버터,1T
6829888,재료,치즈,2개
6829888,재료,계란,2개
6829888,재료,후추,약간
6944355,재료,참치캔,100g
6944355,재료,두부,1모
6944355,재료,감자,1개
6944355,재료,양파,1/3개
6944355,재료,청양고추,1개
6944355,재료,대파,1/3대
6944355,재료,물,3컵
6944355,재료,고춧가루,2숟가락
6944355,재료,다진 마늘,1숟가락
6944355,재료,양조간장,3숟가락
6944355,재료,고추장,1숟가락
6944355,재료,설탕,1숟가락
6944355,재료,참기름,1숟가락
6973706,재료,삶은 시래기,400g
6973706,재료,다진 마늘,2숟가락
6973706,재료,다진 대파,3숟가락
6973706,재료,홍고추,1개
6973706,재료,국간장,2숟가락
6973706,재료,진간장,1숟가락
6973706,재료,들기름,2숟가락
6973706,재료,들깨가루,4~5숟가락
6973706,재료,멸치육수,2~2.5종이컵
6973706,재료,식용유,1숟가락
6911447,재료,밥,2공기
6911447,재료,스팸,1개
6911447,재료,달걀,2개
6911447,재료,신 김치,1컵
6911447,재료,김치 국물,5
6911447,재료,올리고 당,1
6911447,재료,식용유,1
6911447,재료,참기름,1
6923736,재료,진미채,100g
6923736,재료,마요네즈,3큰술
6923736,재료,간장,3큰술
6923736,재료,올리고당,3큰술
6923736,재료,통깨,조금
6887619,재료,스팸(마일드),1캔
6887619,재료,물,4숟가락
6887619,재료,올리고당,6숟가락
6887619,재료,설탕,2숟가락
6901889,재료,밥,1공기
6901889,재료,양파,1/4개
6901889,재료,스팸,1/4개
6901889,재료,대파,1/4개
6901889,재료,당근,1/8개
6901889,재료,식용유,약간
6901889,재료,카레가루,3숟가락
6901889,재료,후추,약간
6901889,재료,소금,약간
6901889,재료,참기름,1숟가락
6901889,재료,검은깨,1숟가락
7067620,재료,물,500ml
7067620,재료,고추장,1T
7067620,재료,고추가루,1/2T
7067620,재료,알룰로스,1T
7067620,재료,후추가루,약간
7067620,재료,라면,1개
6831912,재료,애호박,1/3개
6831912,재료,양파,1/2개
6831912,재료,두부,1/2모
6831912,재료,된장,2큰술
6831912,재료,고추장,1큰술
6831912,재료,쌈장,1/2큰술
6831912,재료,들기름,1큰술
6875326,재료,바게트빵,6개
6875326,재료,방울토마토,10개
6875326,재료,파프리카,1개
6875326,재료,다진양파,1/2개
6875326,재료,파마산치즈가루 선택,약간
6875326,재료,버터,4스푼
6875326,재료,올리브오일,2.5스푼
6875326,재료,발사믹식초,1/2스푼
6875326,재료,다진마늘,1/2스푼
6875326,재료,바질 파슬리 약간으로 대체가능,5잎
6875326,재료,올리고당,1스푼
6835493,재료,닭가슴살,2덩어리
6835493,재료,계란,2개
6835493,재료,양파,
6835493,재료,버섯,
6835493,재료,당근,
6835493,재료,대파 냉장고 속 채소,
6835493,재료,간장,3T
6835493,재료,설탕,1.5T
6835493,재료,물,1/2컵
6835493,재료,참기름,1T
6835493,재료,다진마늘,0.5T
6835493,재료,후추,
6948138,재료,고구마 큰거,1개
6948138,재료,닭가슴살,300g
6948138,재료,양파,1/2개
6948138,재료,대파,1/2뿌리
6948138,재료,홍고추,1개
6948138,재료,간장,1T
6948138,재료,굴소스,1T
6948138,재료,다진마늘,1T
6948138,재료,검정깨,
6948138,재료,참기름,1T
7022766,재료,명란,1개
7022766,재료,오이,1/2개
7022766,재료,밥,1/2공기
7022766,재료,달걀,1개
7022766,재료,두부,1/3모
7022766,재료,간장,1/2T
7022766,재료,들기름,1/2T
7022766,기타,도마,
7022766,기타,조리용나이프,
7022766,기타,프라이팬,
7022766,기타,조리용스푼,
7022766,기타,면기,
6922493,재료,찐고구마,2개
6922493,재료,슬라이스 치즈,2장
6922493,재료,계란,1개
6922493,재료,소금,1꼬집
6922493,재료,파슬리가루,톡톡
6884174,재료,밀가루,60g
6884174,재료,설탕,80g
6884174,재료,계란,2개
6884174,재료,소금,3g
6884174,재료,식용유,40g
6884174,재료,콘옥수수,적당량
3874774,재료,감자(소),2개
3874774,재료,달걀,3개
3874774,재료,양파,1/4개
3874774,재료,모짜렐라치즈,조금
3874774,재료,슬라이스치즈,1장
3874774,재료,소금,약간
3874774,재료,후추,약간
6881447,재료,두부,1모
6881447,재료,부침가루(밀가루),1/2종이컵
6881447,재료,진간장,5T
6881447,재료,다진마늘,1T
6881447,재료,올리고당,2T
6881447,재료,물,1소주컵
6892107,재료,바앤나소세지,원하는만큼
6892107,재료,핫케이크가루,1종이컵
6892107,재료,물 또는 우유,1/3종이컵
6892107,재료,계란 생략가능,1개
6892107,재료,체다치즈,
6892107,재료,돈가스소스,
6892107,재료,꾸밈재료,원하는만큼
6904806,재료,소면 100원동전,
6904806,재료,달걀,2개
6904806,재료,간장,2숟가락
6904806,재료,올리고당,1숟가락
6904806,재료,매실액,1숟가락
6904806,재료,식초,1숟가락
6904806,재료,참기름,1숟가락
6904806,재료,고춧가루,약간
6904806,재료,후추,약간
6907137,재료,떡,1종이컵
6907137,재료,버터,1/2T
6907137,재료,꿀,적당히
6907137,재료,으깬땅콩,약간
6918852,재료,식빵,5장
6918852,재료,설탕,5숟가락
6918852,재료,식용유,적당량
7000243,재료,양배추,적당히
7000243,재료,두부,1/2모
7000243,재료,참치 180g,1캔
7000243,재료,양파,1/2개
7000243,재료,대파,1/2대
7000243,재료,청양고추,1~2개
7000243,재료,고춧가루,1큰술
7000243,재료,다진마늘,1/2큰술
7000243,재료,된장,1큰술
7000243,재료,고추장,1큰술
7000243,재료,설탕,1큰술
7000243,재료,물,3큰술
7000243,기타,접시,
7000243,기타,도마,
7000243,기타,믹싱볼,
7000243,기타,프라이팬,
7000243,기타,조리용스푼,
7000243,기타,전자레인지,
7000243,기타,전자레인지용기,
6893882,재료,불린당면,1줌
6893882,재료,베이컨,2줄
6893882,재료,대파,1대
6893882,재료,식용유,3큰술
6893882,재료,밥,2인분
6893882,재료,전분,1작은술
6893882,재료,물,3큰술
6893882,재료,간장,1큰술
6893882,재료,굴소스,1큰술
6893882,재료,깨소금,약간
6911288,재료,칵테일새우,1/2공기
6911288,재료,무우,1/2공기
6911288,재료,두부,1/2모
6911288,재료,대파,
6911288,재료,멸치육수,4컵
6911288,재료,다진마늘,
6911288,재료,집간장,
6865281,재료,냉동만두,6개
6865281,재료,파프리카,1/2개
6865281,재료,양파,1/4개
6865281,재료,파,조금
6865281,재료,청양고추,1개
6865281,재료,다진마늘,1T
6865281,재료,굴소스,1T
6865281,재료,간장,2T
6865281,재료,올리고당,2T
6865281,재료,식초,1T
6865281,재료,후추,조금
6865281,재료,참기름,조금
6865281,재료,깨,조금
6867023,재료,통삼겹살,600g
6867023,재료,붉은 양파,1개
6867023,재료,파채,50g
6867023,재료,참기름,2작은술
6867023,재료,소금,1/2작은술
6867023,재료,물,1컵
6867023,재료,간장,3큰술
6867023,재료,설탕,1큰술
6867023,재료,꿀,2큰술
6867023,재료,참기름,1작은술
6914420,재료,베이컨,6장
6914420,재료,묵은지 김치,6장
6914420,재료,밥,1/2공기
6914420,재료,참기름,1/2큰술
6914420,재료,깨소금,1/2큰술
6875013,재료,참치 150g,1캔
6875013,재료,옥수수캔,1/2캔
6875013,재료,피망,1/4개
6875013,재료,양파,1/4개
6875013,재료,부침가루,2T
6875013,재료,계란,2개
6875013,재료,소금,약간
6875013,재료,후추,약간
6906436,재료,자숙새우,12마리
6906436,재료,브로콜리,1공기
6906436,재료,소금,1작은술
6906436,재료,식용유,1작은술
6906436,재료,다진마늘,1작은술
6906436,재료,마요네즈,1큰술
6906436,재료,굴소스,1/2큰술
6906436,재료,맛술,1큰술
6906436,재료,후추,약간
6932769,재료,우엉,150g
6932769,재료,당근,100g
6932769,재료,오일,1T
6932769,재료,참기름,1T
6932769,재료,물,4T
6932769,재료,간장,1.5T
6932769,재료,미림,1.5T
6932769,재료,설탕,2t
6857141,재료,돼지고기,1그릇
6857141,재료,계란,1개
6857141,재료,대파,약간
6857141,재료,간장,3T
6857141,재료,맛술,2T
6857141,재료,설탕,1T
6857141,재료,물,3T
6994253,재료,양배추,1/4개
6994253,재료,노란파프리카,1/2개
6994253,재료,빨강파프리카,1/2개
6994253,재료,양파,1/2개
6994253,재료,옥수수캔,2/3캔
6994253,재료,마요네즈,9큰술
6994253,재료,식초,2큰술
6994253,재료,설탕,3큰술
6994253,재료,레몬즙,1큰술
6994253,재료,후추,톡톡
6965695,재료,연어,1토막
6965695,재료,양파,1/2개
6965695,재료,시금치,1줌
6965695,재료,방울토마토 선택,
6965695,재료,생크림,150ml
6965695,재료,치킨 육수,150ml
6965695,재료,소금,약간
6965695,재료,후추,약간
6949720,기타,고추장,1/2T
6949720,기타,설탕,1T
6949720,기타,올리고당,2T
6949720,기타,케찹,2T
6949720,기타,떡,20개
6890181,재료,바나나우유 또는 원하는 우유,240ml
6890181,재료,계란노른자,3알
6890181,재료,설탕A,50g
6890181,재료,설탕B,10g
6890181,재료,옥수수전분,1큰술
6890181,재료,소금,1꼬집
6902022,재료,양파(소),1/2개
6902022,재료,청경채(소),2포기
6902022,재료,양송이버섯,8개
6902022,재료,부추 썰어서,2줌
6902022,재료,간마늘,1T
6902022,재료,매운고추 선택재료,1개
6902022,재료,간장,1T
6902022,재료,굴소스,1T
6902022,재료,소금 선택,
6902022,재료,후추 선택,
6902022,재료,참기름,1T
6902022,재료,물,1컵
6902022,재료,전분가루,1T
6882634,재료,닭가슴살,200g
6882634,재료,양파,1/2개
6882634,재료,오이,1개
6882634,재료,당근,2cm
6882634,재료,빨간 파프리카,1/2쪽
6882634,재료,노란 파프리카,1/2쪽
6882634,재료,초록 파프리카,1/2쪽
6882634,재료,겨자,1.5T
6882634,재료,양조간장,4T
6882634,재료,식초,4T
6882634,재료,설탕,1.5T
6882634,재료,매실액,1.5T
6882634,재료,다진마늘,1.5T
4088595,재료,두부,1.5모
4088595,재료,녹말가루,조금
4088595,재료,청주,2큰술
4088595,재료,케찹,1큰술
4088595,재료,고추장,2큰술
4088595,재료,설탕,1작은술
4088595,재료,올리고당,2큰술
4088595,재료,소금,조금
4088595,재료,다진마늘,1큰술
4088595,재료,다진양파,3큰술
7071692,재료,우삼겹,100g
7071692,재료,양파,1/2개
7071692,재료,대파,1/2대
7071692,재료,두부,1/2모
7071692,재료,물,300ml
7071692,재료,밥,1공기
7071692,재료,된장,2스푼
7071692,재료,쌈장,1스푼
7071692,재료,다진 마늘,1스푼
7071692,재료,고춧가루,1스푼
7071692,재료,코인 육수,1개
6859800,재료,감자 큰거,4-6개
6859800,재료,버터,2스푼
6859800,재료,설탕,약간
6859800,재료,소금,약간
6859800,재료,후추,약간
6878619,재료,오징어(小),1마리
6878619,재료,쪽파,1/2줌
6878619,재료,소금,1작은술
6878619,재료,초장,
6878619,재료,빨간 파프리카,1/5개
6878619,재료,노란 파프리카,1/5개
6922919,재료,두부,1모
6922919,재료,맛간장,4숟가락
6922919,재료,물,4숟가락
6922919,재료,설탕,1숟가락
6922919,재료,다진 파,1큰술
6922919,재료,다진 마늘,1숟가락
6922919,재료,참기름,1숟가락
6922919,재료,후춧가루,약간
6922919,재료,통깨,
6922919,재료,소금,약간
6868911,재료,오이,1개
6868911,재료,맛살,5개
6868911,재료,굵은소금,2스푼
6868911,재료,설탕,2스푼
6868911,재료,식초,2스푼
6868911,재료,연겨자,1티스푼
6868911,재료,마요네즈,3스푼
6868911,재료,검은깨,조금
7074801,재료,메추리알,1kg
7074801,재료,다시마,약간
7074801,재료,진간장,10스푼
7074801,재료,물엿,5스푼
6973134,재료,고구마,400g
6973134,재료,감자전분,2큰술
6973134,재료,모짜렐라 치즈,120g
6973134,재료,소금,1/2티스푼
6973134,재료,식용유,
6862948,재료,냉동만두,적당량
6862948,재료,깻잎,
6862948,재료,상추,
6862948,재료,양배추,
6862948,재료,고추장,3T
6862948,재료,식초,2T
6862948,재료,설탕,2T
6862948,재료,다진마늘,1/2T
6862948,재료,참기름,1/2T
6916403,재료,마일드 참치,1캔
6916403,재료,양파,1/4개
6916403,재료,진간장,2숟가락
6916403,재료,미림,2숟가락
6916403,재료,참기름 이나 들기름,1/2숟가락
6916403,재료,후추,약간
6945267,재료,감자,4개
6945267,재료,감자전분,4T
6945267,재료,치즈,
6945267,재료,소금,1/3T
6945267,재료,후추,톡톡
6945267,재료,파마산치즈가루,취향껏
7054093,재료,바나나,2개
7054093,재료,두부,1/2모
7054093,재료,땅콩버터,60g
7054093,재료,우유,300ml
7054093,재료,소금,약간
7054093,재료,알룰로스,2T
7054093,재료,땅콩분태,약간
7054093,기타,키친타올,
7054093,기타,도마,
7054093,기타,조리용나이프,
7054093,기타,믹서기,
7054093,기타,컵,
6883479,재료,두부,1모
6883479,재료,전분가루,1컵
6883479,재료,가쓰오부시,1컵
6883479,재료,쪽파,송송
6883479,재료,쯔유(일본간장),4큰술
6883479,재료,올리고당,1큰술
6951679,재료,가지 중간크기,2개
6951679,재료,애호박,1개
6951679,재료,간장,3큰술
6951679,재료,고춧가루,1큰술
6951679,재료,참기름,1큰술
6951679,재료,액젓,1/2큰술
6951679,재료,굴소스,1/2큰술
6951679,재료,다진마늘,1/2큰술
6951679,재료,청양고추,
6951679,재료,다진파,
6951679,재료,통깨,
6991429,재료,소시지,20개
6991429,재료,스위트콘,4큰술
6991429,재료,식용유,2숟갈
6991429,재료,양파,1/2개
6991429,재료,당근,1/2개
6991429,재료,대파,1/2개
6991429,재료,다진마늘,2티스푼
6991429,재료,고추장,2숟갈
6991429,재료,케첩,4숟갈
6991429,재료,설탕,2숟갈
6991429,재료,물엿,2숟갈
6991429,재료,진간장,1숟갈
6991429,재료,굴소스,1.5숟갈
7020998,재료,골뱅이,1캔
7020998,재료,양파,1개
7020998,재료,대파,넉넉히
7020998,재료,부추,넉넉히
7020998,재료,다진마늘,2스푼
7020998,재료,설탕,2스푼
7020998,재료,진간장,6스푼
7020998,재료,고춧가루,2스푼
7020998,재료,통깨,1스푼
7020998,재료,참기름,1스푼
7020998,기타,도마,
7020998,기타,조리용나이프,
7020998,기타,볶음팬,
7020998,기타,요리스푼,
7020998,기타,플레이팅접시,
6882107,재료,정육된 닭다리살,250g
6882107,재료,대파,1개
6882107,재료,식용유,1큰술
6882107,재료,녹말가루,적당량
6882107,재료,미림,2~3큰술
6882107,재료,간장,2큰술
6882107,재료,설탕,2작은술
6882107,재료,생강 간것,1작은술
6943361,재료,고구마 작은크기,5개
6943361,재료,달걀노른자,1알
6943361,재료,아기 치즈,2장
6943361,재료,올리브유,2t
7073728,재료,돼지고기 다짐육,400g
7073728,재료,식용유,1T
7073728,재료,다진마늘,1T
7073728,재료,맛술,2T
7073728,재료,후춧가루,톡톡
7073728,재료,진간장,5T
7073728,재료,참치액,2T
7073728,재료,설탕,3T
7073728,재료,맛술,4T
6834667,재료,떡국떡,1공기
6834667,재료,표고버섯 슬라이스한것,1줌
6834667,재료,식용유,조금
6834667,재료,물,5스푼
6834667,재료,케첩,1/2스푼
6834667,재료,설탕,2스푼
6834667,재료,고추장 듬뿍,1스푼
6834667,재료,고춧가루,1스푼
6834667,재료,마늘,1/2스푼
6834667,재료,깨,조금
6955878,재료,쪽파,200g
6955878,재료,맛살,5줄
6955878,재료,오이,1개
6955878,재료,빨강파프리카,1개
6955878,재료,노랑파프리카,1개
6955878,재료,오징어,1마리
6955878,재료,고추장,2큰술
6955878,재료,식초,5큰술
6955878,재료,레몬즙,1큰술
6955878,재료,설탕,1.5큰술
6955878,재료,올리고당,2큰술
7029684,재료,감자,4개
7029684,재료,토마토,1개
7029684,재료,전분,3스푼
7029684,재료,모짜렐라치즈,적당히
7029684,재료,소금,약간
7029684,재료,후추,약간
7029684,기타,믹싱볼,
7029684,기타,채칼,
7029684,기타,조리용스푼,
7029684,기타,프라이팬,
7029684,기타,접시,
7029684,기타,종이호일,
6830560,재료,두부,1/2모
6830560,재료,청양고추,1개
6830560,재료,양파,1/2개
6830560,재료,다진마늘,0.5숟가락
6830560,재료,된장,2숟가락
6830560,재료,고추장,0.5숟가락
6830560,재료,들기름 또는 참기름,1숟가락
6830560,재료,물 재료 잠길 정도,적당히
6919791,재료,숙주,1봉
6919791,재료,간장,2숟가락
6919791,재료,들깨가루,2숟가락
6919791,재료,마늘,1숟가락
6919791,재료,깨소금,2숟가락
6919791,재료,참기름,2숟가락
6919791,재료,부추,1줌
6879476,재료,식빵,2개
6879476,재료,모짜렐라치즈,1움큼
6879476,재료,체다치즈 혹은 페퍼 잭 치즈,1움큼
6879476,재료,새우,6-8마리
6879476,재료,아보카도,1개
6879476,재료,방울토마토,3개
6879476,재료,소금,약간
6879476,재료,후추,약간
7074433,재료,양파 소,1개
7074433,재료,애호박,1/3개
7074433,재료,표고버섯,1개
7074433,재료,감자 중,1개
7074433,재료,물,100ml
7074433,재료,계란,2개
7074433,재료,튀김가루,3큰술
7074433,재료,전분,3큰술
7074433,재료,소금,약간
7074433,재료,식용유,넉넉히
4042421,재료,느타리버섯,350g
4042421,재료,실파,약간
4042421,재료,통깨,약간
4042421,재료,식용유,1큰술
4042421,재료,고추장,1.5큰술
4042421,재료,고춧가루,1큰술
4042421,재료,진간장,1큰술
4042421,재료,맛술,1큰술
4042421,재료,올리고당,1큰술
4042421,재료,다진 파,1큰술
4042421,재료,다진 마늘,1큰술
4042421,재료,참기름,1큰술
6860267,재료,어묵,8장
6860267,재료,물 약 종이컵4/5컵,200ml
6860267,재료,고추,2개
6860267,재료,고추장,5T
6860267,재료,간장,2T
6860267,재료,설탕,4T
6860267,재료,다진마늘,1T
7072885,재료,애호박,1/2개
7072885,재료,두부,200g
7072885,재료,대파,약간
7072885,재료,고추,약간
7072885,재료,물,700ml
7072885,재료,코인육수,1개
7072885,재료,다진 마늘,0.5T
7072885,재료,새우젓,1T
7072885,재료,후추 선택,
7074388,재료,오이,1개
7074388,재료,파프리카,1/2개
7074388,재료,진간장,1큰술
7074388,재료,참기름,1큰술
7074388,재료,식초,1큰술
7074388,재료,알룰로스,1.5~2큰술
7074388,재료,홀그레인머스타드,1큰술
7074388,재료,통깨 으깬것,2큰술
6929819,재료,달걀,3개
6929819,재료,삶은 당면,200g
6929819,재료,다진대파,2큰술
6929819,재료,다진당근,2큰술
6929819,재료,다진청양고추,2큰술
6929819,재료,식용유,약간
6929819,재료,참치액,1작은술
6873941,재료,닭봉,9개
6873941,재료,전분가루,적당량
6873941,재료,소금,1/2T
6873941,재료,후춧가루,5번
6873941,재료,맛술,3T
6873941,재료,진간장,2T
6873941,재료,설탕,1T
6873941,재료,물엿,2T
6873941,재료,마늘,3쪽
6873941,재료,물,5~6T
7000604,재료,깐메추리알,500g
7000604,재료,양파,1/3개
7000604,재료,청양고추,2개
7000604,재료,고추장,3큰술
7000604,재료,고춧가루,3큰술
7000604,재료,진간장,3큰술
7000604,재료,올리고당,2큰술
7000604,재료,매실액,2큰술
7000604,재료,설탕,2큰술
7000604,재료,멸치액젓,1큰술
7000604,기타,도마,
7000604,기타,볶음팬,
7000604,기타,요리주걱,
7000604,기타,밀폐용기,
6912205,재료,고구마,4개
6912205,재료,달걀,2개
6912205,재료,견과류,1/2줌
6912205,재료,저지방 우유,1/2종이컵
6912205,재료,소금,약간
6912205,재료,후추,약간
6912205,재료,모짜렐라 치즈 또는 저지방 체다치즈,약간
7075760,재료,마늘종,280g
7075760,재료,보리새우,1컵
7075760,재료,양조간장,3T
7075760,재료,미림,1T
7075760,재료,올리고당,1T
7075760,재료,들기름,1T
7075760,재료,물,4T
7075760,재료,통깨,1/2T
7075760,재료,참기름,1/2T
6947579,재료,소고기,200g
6947579,재료,다진마늘,0.5T
6947579,재료,진간장,3T
6947579,재료,맛술,3T
6947579,재료,설탕,1.5T
6947579,재료,후추,톡톡
6947579,재료,참기름,1T
6947579,재료,통깨,톡톡
6968081,재료,소고기다짐육 + 돼지고기다짐육,200~250g
6968081,재료,요리술,3T
6968081,재료,소금,1꼬집
6968081,재료,전분,3T
6968081,재료,간장,2T
6968081,재료,식초,2T
6968081,재료,설탕,2T
6968081,재료,물,2T
6968081,재료,식용유,4~5T
6968081,재료,양파,1/4개
6968081,재료,당근,1/4개
7031537,재료,소면 120g,1인분
7031537,재료,냉면육수,1개
7031537,재료,대파,1줌
7031537,재료,진간장,2스푼
7031537,재료,설탕,4스푼
7031537,재료,고추장,2스푼
7031537,재료,고춧가루,4스푼
7031537,재료,식초,3스푼
7031537,재료,참기름,2스푼
7031537,기타,냄비,
7031537,기타,요리젓가락,
7031537,기타,채반,
7031537,기타,플레이팅접시,
7066453,재료,묵은지,8줄
7066453,재료,오이,1개
7066453,재료,참치 100g,1캔
7066453,재료,진간장,1/2큰술
7066453,재료,참기름,1/2큰술
7066453,재료,맛술,1/2큰술
7066453,재료,알룰로스,1작은술
7066453,재료,다진마늘,1작은술
7066453,재료,들깨가루,1큰술
6895797,재료,박력분,150g
6895797,재료,크림치즈 라이트도 가능,150g
6895797,재료,실온 무염버터,80g
6895797,재료,설탕,100g
6895797,재료,베이킹파우더,4g
6895797,재료,계란,2개
6895797,재료,아몬드슬라이스 선택,약간
6909125,재료,닭가슴살,100g
6909125,재료,파프리카,1/2개
6909125,재료,오이,1개
6909125,재료,굵은소금,1큰술
6909125,재료,땅콩분태,2큰술
6909125,재료,양파,1/2개
6909125,재료,설탕,2큰술
6909125,재료,식초,5큰술
6909125,재료,간장,1큰술
6909125,재료,연겨자,1큰술
6909125,재료,다진마늘,1큰술
7070377,재료,오징어,1마리
7070377,재료,무,1토막
7070377,재료,대파,1/2대
7070377,재료,청양고추,1개
7070377,재료,홍고추,1/2개
7070377,재료,물,1L
7070377,재료,코인 육수,2알
7070377,재료,다진 마늘,1/2스푼
7070377,재료,고춧가루,1스푼
7070377,재료,국간장,2스푼
7070377,재료,참치액,1스푼
7070377,재료,맛술,1스푼
7070377,재료,후추,약간
6905993,재료,밥,1공기
6905993,재료,스팸,1캔
6905993,재료,당근,20g
6905993,재료,쪽파,1/2줌
6905993,재료,계란,2개
6905993,재료,식용유,3큰술
7060163,재료,어묵,1장
7060163,재료,공깃밥,1/2공기
7060163,재료,당근,15g
7060163,재료,대파,10g
7060163,재료,양파,30g
7060163,재료,식용유,2숟가락
7060163,재료,굴 소스,1/2숟가락
7060163,재료,진간장,1숟가락
7060163,재료,참기름,1숟가락
7060163,재료,소금,1꼬집
7060163,재료,후추,톡톡
7060163,기타,도마,
7060163,기타,조리용나이프,
7060163,기타,프라이팬,
7060163,기타,조리주걱,
7060163,기타,숟가락,
7060163,기타,그릇,
6899048,재료,대패삼겹살,50g
6899048,재료,숙주,50g
6899048,재료,미나리,20g
6899048,재료,당근,1/5개
6899048,재료,발사믹 소스,약간
6990248,재료,우동면,1개
6990248,재료,간장,0.5T
6990248,재료,굴소스,1t
6990248,재료,땅콩버터,1T
6990248,재료,설탕,0.5t
6990248,재료,볶은 깨,0.5t
6990248,재료,다진 마늘,1스푼
6990248,재료,고춧가루,0.5t
6990248,재료,면수 또는 물,1T
6990248,재료,식물성 오일,1T
6990248,재료,대파,조금
6962887,재료,토마토,2개
6962887,재료,계란,4개
6962887,재료,허브솔트,약간
6962887,재료,닭가슴살,1개
6962887,재료,청양고추,2개
6962887,재료,마늘,4톨
6962887,재료,기 버터,1큰술
7016829,재료,마카로니,2컵
7016829,재료,물,3컵
7016829,재료,치즈,1장
7016829,재료,고추장,1.5~2T
7016829,재료,고춧가루,0.5~1T
7016829,기타,냄비,
7016829,기타,실리콘주걱,
7016829,기타,완성접시,
1607382,재료,박력분,200g
1607382,재료,차가운 우유,40ml
1607382,재료,차가운 물,40ml
1607382,재료,버터,160g
1607382,재료,슈가파우더,20g
1607382,재료,소금,2g
6887865,재료,애호박,1/2개
6887865,재료,분홍 소시지,1/2개
6887865,재료,계란,2개
6887865,재료,전분,1스푼
6887865,재료,부침유,약간
6887865,재료,소금,1꼬집
6887865,재료,검정깨,약간
7075200,재료,등갈비,10대
7075200,재료,묵은지,3쪽
7075200,재료,된장,1T
7075200,재료,사과,반쪽
7075200,재료,양파 소,1개
7075200,재료,생강약간,
7075200,재료,표고버섯,1개
7075200,재료,파,2뿌리
7075200,재료,통후추,약간
6924155,재료,닭날개,18개
6924155,재료,견과류,약간
6924155,재료,맛술,1숟가락
6924155,재료,올리브유,1숟가락
6924155,재료,소금,약간
6924155,재료,후추,약간
6924155,재료,바질,약간
6924155,재료,간장,3숟가락
6924155,재료,다진마늘,1숟가락
6924155,재료,꿀,3숟가락
6924155,재료,맛술,2숟가락
6924155,재료,후추,약간
6902207,재료,대패삼겹살,200g
6902207,재료,양파,1/2개
6902207,재료,달걀 노른자,1개
6902207,재료,설탕,1큰술
6902207,재료,간장,1.5큰술
6902207,재료,맛술,1큰술
6902207,재료,설탕,1큰술
6902207,재료,다진마늘,1작은술
6916782,재료,비엔나소시지,8개
6916782,재료,달걀,1개
6916782,재료,청양고추,1개
6916782,재료,다진양파,3큰술
6916782,재료,식용유,1큰술
6916782,재료,피자치즈,50g
7072675,재료,계란,5개
7072675,재료,참치 135g,1캔
7072675,재료,대파 다진 것,2큰술
7072675,재료,당근 다진 것,2큰술
7072675,재료,양파 다진 것,2큰술
7072675,재료,참치액,1작은술
7072675,재료,소금,2꼬집
7072675,재료,식용유,약간
6909564,재료,달걀,1
6909564,재료,스팸,
6909564,재료,호박,적당량
6909564,재료,당근,적당량
6909564,재료,양파,적당량
6909564,재료,스팸,적당량
6909564,재료,굴소스,1/2큰술
6909564,재료,후추,톡톡
6909564,재료,식용유,
7073179,재료,닭,1kg
7073179,재료,무순,1/4팩
7073179,재료,대파,1대
7073179,재료,물,2l
7073179,재료,소금 기호에 맞게,약간
7073179,재료,후춧가루 기호에 맞게,약간
7073179,재료,다진마늘,0.5T
7073179,재료,다대기 액젓2T 간장1T 고춧가루2T 다진마늘0.5T,
6864119,재료,배춧잎,5~7장
6864119,재료,어묵,2장
6864119,재료,대파,약간
6864119,재료,멸치다마육수,5컵
6864119,재료,된장,0.5T
6864119,재료,참치액,2T
6864119,재료,고춧가루,0.5T
6910367,재료,두부,1모
6910367,재료,양파,1/2개
6910367,재료,청양고추,2개
6910367,재료,대파,
6910367,재료,고춧가루,1.5T
6910367,재료,고추장,1.5T
6910367,재료,간장,2T
6910367,재료,설탕,1T
6910367,재료,다진마늘,1/2T
6880674,재료,불고기용 고기,300g
6880674,재료,진간장,3T
6880674,재료,설탕,3T
6880674,재료,다진마늘,3T
6880674,재료,후추,약간
6880674,재료,참기름,약간
4119284,재료,떡볶이,30개
4119284,재료,모짜렐라치즈,원하는만큼
4119284,재료,꿀,1T
4119284,재료,간장,2.5T
4119284,재료,올리고당,2T
4119284,재료,설탕,1/2T
4119284,재료,참기름,1T
4119284,재료,통깨,조금
4119284,재료,검은깨,조금
4119284,재료,치즈,조금
6854147,재료,느타리버섯,1팩
6854147,재료,숙주나물,2줌
6854147,재료,식용유,2
6854147,재료,다진마늘,1
6854147,재료,고춧가루,3
6854147,재료,국간장,3
6854147,재료,멸치다시마육수,6
6854147,재료,소금,
6854147,재료,후춧가루,
6960089,재료,만두,500g
6960089,재료,식용유,적당량
6960089,재료,설탕,2숟가락
6960089,재료,맛술,2숟가락
6960089,재료,물엿,2숟가락
6960089,재료,고추장,2숟가락
6960089,재료,케찹,4숟가락
6960089,재료,물,4숟가락
7029415,재료,감자,2개
7029415,재료,소고기 국거리용,200g
7029415,재료,대파,1/2대
7029415,재료,청양고추,1개
7029415,재료,물,1L
7029415,재료,코인육수,3개
7029415,재료,멸치액젓,1스푼
7029415,재료,다진 마늘,1/2스푼
7029415,재료,참기름,1스푼
7029415,재료,후추,약간
7029415,재료,소금,약간
7029415,기타,도마,
7029415,기타,조리용나이프,
7029415,기타,볼,
7029415,기타,키친타올,
7029415,기타,냄비,
7029415,기타,요리스푼,
7029415,기타,국자,
7029415,기타,대접,
6981951,재료,모닝빵,4개
6981951,재료,양배추,120g
6981951,재료,당근,30g
6981951,재료,오이,1/2개
6981951,재료,설탕,1숟가락
6981951,재료,식초,1숟가락
6981951,재료,소금,1/4숟가락
6981951,재료,마요네즈,3숟가락
6981951,재료,머스터드,1숟가락
6981951,재료,케찹,1숟가락
6904538,재료,소고기 술라이스 불고깃감,5장
6904538,재료,밥,1/2공기
6904538,재료,부추,20g
6904538,재료,배추김치,1줌
6904538,재료,식용유,2큰술
6904538,재료,참기름,1큰술
6904538,재료,통깨,1/2큰술
6904538,재료,간장,1큰술
6904538,재료,물,3큰술
6904538,재료,설탕,1/2큰술
6904538,재료,참기름,1큰술
7012639,재료,차돌박이,500g
7012639,재료,숙주,1봉지
7012639,재료,다진마늘,1큰술
7012639,재료,파,넉넉히
7012639,재료,깨,조금
7012639,재료,쪽파,조금
7012639,재료,간장,1큰술
7012639,재료,굴소스,2큰술
7012639,재료,맛술,2큰술
7012639,재료,설탕,1큰술
7012639,재료,참기름,1큰술
7012639,재료,깨,1큰술
7012639,기타,믹싱볼,
7012639,기타,채반,
7012639,기타,볼,
7012639,기타,요리스푼,
7012639,기타,웍,
7012639,기타,요리젓가락,
7012639,기타,완성접시,
6896593,재료,양송이버섯,8개
6896593,재료,베이컨,4줄
6896593,재료,양파,1/4개
6896593,재료,홍피망,1/2개
6896593,재료,청피망,1/2개
6896593,재료,대파,1/2뿌리
6896593,재료,다진마늘,1큰술
6896593,재료,굴소스,1큰술
6896593,재료,맛술,1큰술
6896593,재료,설탕,1/4큰술
6896593,재료,후춧가루와,톡톡
6896593,재료,참기름,3~4방울
6954948,재료,밥,2공기
6954948,재료,느타리버섯,200g
6954948,재료,참기름,1작은술
6954948,재료,통깨,1작은술
6954948,재료,달걀,2개
6954948,재료,식용유,1큰술
6954948,재료,설탕,1작은술
6954948,재료,간장,1큰술
6954948,재료,다진마늘,1큰술
6954948,재료,맛술,1큰술
6954948,재료,고추장,2큰술
6954948,재료,다진대파,1큰술
6541723,재료,식빵,3장
6541723,재료,베이컨,3줄
6541723,재료,체다치즈,3장
6541723,재료,계란,1개
6541723,재료,버터,약간
6882531,재료,양배추 채,600g
6882531,재료,간마늘,1T
6882531,재료,식초,3T
6882531,재료,매실청,2T
6882531,재료,꿀/물엿,2T
6882531,재료,멸치액젓,1T
6882531,재료,국간장(조선간장),2T
6882531,재료,고추가루,2T
6882531,재료,다진파,1/2컵
6882531,재료,깨소금 볶은통깨간것,3T
6945458,재료,볶음탕용 닭한마리,1kg
6945458,재료,알배기배추,1/2통
6945458,재료,대파,1대
6945458,재료,양파,1/2개
6945458,재료,통후추,10알
6945458,재료,물,1.8L
6945458,재료,참기름,7큰술
6945458,재료,다진마늘 듬뿍,1큰술
6945458,재료,소금,2~3큰술
6945458,재료,후추,약간
6945458,재료,고춧가루,3숟가락
6945458,재료,닭국물,4숟가락
6945458,재료,다진마늘,1숟가락
6945458,재료,국간장,1숟가락
6945458,재료,후추,약간
6839039,재료,닭가슴살,1팩
6839039,재료,현미떡볶이,10개
6839039,재료,양파,
6839039,재료,당근,
6839039,재료,버섯,
6839039,재료,파,조금
6839039,재료,삶은계란 선택가능,
6839039,재료,간장,2T
6839039,재료,참기름,1T
6839039,재료,올리고당,1T
6839039,재료,다진마늘,1T
6908836,재료,리챔 작은것,1개
6908836,재료,밥,2스푼
6908836,재료,양파,조금
6908836,재료,당근,조금
6908836,재료,쪽파,조금
6908836,재료,소금,1꼬집
6908836,재료,식용유,약간
6974023,재료,감자,2개
6974023,재료,양파,1/2개
6974023,재료,버터,1스푼
6974023,재료,우유,1컵
6974023,재료,다진마늘,1/3스푼
6974023,재료,소금,적당량
6974023,재료,후추,적당량
6974023,재료,식용유,약간
6974023,재료,식빵,1장
6930116,재료,시금치,6~8뿌리
6930116,재료,밥,2공기
6930116,재료,스팸 작은것,1/2통
6930116,재료,양파,1/2개
6930116,재료,대파,1/2개
6930116,재료,달걀,2개
6930116,재료,진간장,2T
6930116,재료,카레가루,2T
7040595,재료,당근,1개
7040595,재료,감자전분,1T
7040595,재료,소금,1꼬집
7040595,재료,식용유,2바퀴
7040595,재료,모짜렐라치즈,취향껏
7040595,기타,도마,
7040595,기타,조리용나이프,
7040595,기타,믹싱볼,
7040595,기타,채칼,
7040595,기타,스푼,
7040595,기타,프라이팬,
7040595,기타,뒤집개,
7040595,기타,접시,
6935659,재료,명란젓,3개
6935659,재료,두부,1/2모
6935659,재료,대파,약간
6935659,재료,홍고추,약간
6935659,재료,청양고추,약간
6935659,재료,양파,1/2개
6935659,재료,호박,1/4개
6935659,재료,멸치다시마육수,650ml
6935659,재료,소금,약간
6935659,재료,소주,1큰술
6868912,재료,얇게 썬 소고기,6장
6868912,재료,깻잎,6장
6868912,재료,빨간 파프리카,1/3쪽
6868912,재료,주황 파프리카,1/3쪽
6868912,재료,노랑 파프리카,1/3쪽
6868912,재료,간장,1T
6868912,재료,물,1T
6868912,재료,식초,1T
6868912,재료,설탕,1T
6868912,재료,소금,6번
6868912,재료,후추,6번
6928509,재료,무염버터,150g
6928509,재료,설탕,90g
6928509,재료,계란,1개
6928509,재료,박력분,180g
6928509,재료,파마산 치즈가루,100g
6889560,재료,맛살,6줄
6889560,재료,달걀,3개
6889560,재료,다진당근,2
6889560,재료,다진 애호박,2
6889560,재료,소금,
6889560,재료,식용유,
6894518,재료,파프리카,2개
6894518,재료,스팸,1/2캔
6894518,재료,양파,1/2개
6894518,재료,애호박,1/3개
6894518,재료,피자치즈,적당히
6894518,재료,파슬리가루,약간
6894518,재료,토마토 스파게티 소스,적당히
6862218,재료,삼겹살,2근
6862218,재료,김치,1/2포기
6862218,재료,대파,2대
6862218,재료,홍고추,1개
6862218,재료,청양고추,2개
6862218,재료,사골곰탕 시판용,2봉
6862218,재료,고추장,1T
6862218,기타,도마,
6862218,기타,조리용나이프,
6862218,기타,냄비,
6862218,기타,요리스푼,
6889513,재료,밥,2인분
6889513,재료,양배추 넓은 것,10장
6889513,재료,소고기불고기,250g
6889513,재료,다진 쪽파,3T
6889513,재료,얇게 썬 양파,3T
6889513,재료,식초,1T
6889513,재료,설탕,1/2T
6889513,재료,참기름,1/2T
6889513,재료,미림,1/2T
6889513,재료,소금,1t
6889513,재료,간장,2T
6889513,재료,미림,1T
6889513,재료,소주,2t
6889513,재료,매실청,2t
6889513,재료,다진마늘,1/2T
6889513,재료,설탕,2t
6889513,재료,참기름,2t
6889513,재료,후추가루,약간
6832551,재료,박력분,160g
6832551,재료,아몬드가루,40g
6832551,재료,버터,100g
6832551,재료,설탕,90g
6832551,재료,소금,2g
6832551,재료,냉동블루베리,1컵
7074287,재료,소갈비,1kg
7074287,재료,간장,8스푼
7074287,재료,설탕,2스푼
7074287,재료,맛술,2스푼
7074287,재료,통마늘,1줌
7074287,재료,배 갈배 대체 가능,1/2개
7074287,재료,물,400ml
7074287,재료,물엿,1스푼
7074287,재료,참기름,2스푼
6962360,재료,닭가슴살,150g
6962360,재료,빨강파프리카,1/2개
6962360,재료,노랑파프리카,1/2개
6962360,재료,양파,1/2개
6962360,재료,오이,1/2개
6962360,재료,맛살,2개
6962360,재료,연겨자,1/2큰술
6962360,재료,간장,1큰술
6962360,재료,꿀,1/2큰술
6962360,재료,다진마늘,1작은술
6962360,재료,식초,2큰술
6962360,재료,물,2큰술
6895448,재료,식빵,1장
6895448,재료,슬라이스치즈,1장
6895448,재료,캔옥수수,2T
6895448,재료,버터,1/2T
6895448,재료,설탕,적당히
6921432,재료,시금치,1줌
6921432,재료,달걀,2개
6921432,재료,치즈,1개
6953931,재료,떡국떡,1컵
6953931,재료,베이컨,5줄
6953931,재료,마늘,5개
6953931,재료,대파,1/3개
6953931,재료,굴소스,1T
6953931,재료,식용유,3T
6953931,재료,검은깨,1T
6953931,재료,후춧가루,1꼬집
7067653,재료,두부,400g
7067653,재료,새싹채소,100g
7067653,재료,방울토마토,3개
7067653,재료,청정원오리엔탈드레싱,3~5스푼
7067653,재료,볶은통깨,약간
7074992,재료,알배추잎,4장
7074992,재료,부침가루,1컵
7074992,재료,물,1컵
7074992,재료,밀가루,약간
7074992,재료,소금,약간
6866586,재료,계란,3개
6866586,재료,소금,3꼬집
6866586,재료,대파 초록부분,1/2대
6866586,재료,다진 김치,1컵
6866586,재료,양파,1/4개
6866586,재료,참기름,1/2큰술
6866586,재료,두부,200g
6866586,재료,다시마 멸치육수,3컵
6866586,재료,국간장,1큰술
6866586,재료,소금,약간
6866586,재료,후추,약간
6834570,재료,떡볶이떡,
6834570,재료,양파,1/2개
6834570,재료,베이컨,3줄
6834570,재료,브로컬리,조금
6834570,재료,계란 노른자,1개
6834570,재료,다진마늘,1/2스푼
6834570,재료,우유,400ml
6834570,재료,허브솔트,톡톡
6834570,재료,슬라이스치즈,2장
6877635,재료,참치캔 100g,2캔
6877635,재료,대파,
6877635,재료,양파,1/2개
6877635,재료,청양고추 취향에따라,1개
6877635,재료,고춧가루,1T
6877635,재료,마늘,1/2T
6877635,재료,고추장,2T
6877635,재료,설탕,1/2T
6877635,재료,된장,1T
6877635,재료,물,50ml
7030846,재료,칼라 방울토마토,400g
7030846,재료,바질,10g
7030846,재료,레몬,1/2개
7030846,재료,매실청,200ml
7030846,재료,물,150ml
7030846,재료,올리브오일,50ml
7030846,재료,레몬즙,4큰술
7030846,기타,믹싱볼,
7030846,기타,채반,
7030846,기타,도마,
7030846,기타,조리용나이프,
7030846,기타,냄비,
7030846,기타,조리용스푼,
7030846,기타,유리밀폐용기,
6878407,재료,풋고추,7~9개
6878407,재료,된장,1큰술
6878407,재료,고추장,1/3큰술
6878407,재료,다진마늘,1/2큰술
6878407,재료,올리고당,1/2큰술
6878407,재료,매실청,1큰술
6878407,재료,참기름,1/2큰술
6878407,재료,깨소금,약간
6900822,재료,푸실리,1컵
6900822,재료,깐 메추리알,10알
6900822,재료,베이비채소,1줌
6900822,재료,소금,약간
6900822,재료,간장,2T
6900822,재료,올리브오일,2T
6900822,재료,식초,2T
6900822,재료,올리고당,2T
6900822,재료,소금,약간
7027713,재료,순두부,1개
7027713,재료,달걀,2개
7027713,재료,대파,1개
7027713,재료,물,800ml
7027713,재료,치킨스톡,1숟갈
7027713,재료,국간장,1숟갈
7027713,재료,맛소금,1티스푼
7027713,기타,도마,
7027713,기타,조리용나이프,
7027713,기타,면기,
7027713,기타,조리용스푼,
7027713,기타,냄비,
7027713,기타,국그릇,
6902285,재료,밤고구마,2개
6902285,재료,체다치즈,4장
6902285,재료,버터,1T
6902285,재료,소금,1꼬집
6902285,재료,설탕,1T
6843977,재료,우유,
6843977,재료,생크림,3통
6843977,재료,핫케익믹스,1봉지
6843977,재료,계란,2개
6994093,재료,찹쌀,1/2종이컵
6994093,재료,냉동새우,3마리
6994093,재료,건미역,1큰술
6994093,재료,물 또는 육수,800ml
6994093,재료,다진마늘,1t
6994093,재료,참기름,1T
6994093,재료,국간장,0.5T
6733300,재료,밥,1공기
6733300,재료,마늘,5개
6733300,재료,참치,2스푼
6733300,재료,올리브유,약간
6733300,재료,달걀,1개
6733300,재료,소금,약간
6833230,재료,가지,1개
6833230,재료,두부,조금
6833230,재료,기름,
6833230,재료,대파흰부분,
6833230,재료,청양고추,
6833230,재료,마늘,
6833230,재료,간장,2큰술
6833230,재료,물,1큰술
6833230,재료,참기름,
6855073,재료,오징어채,2줌
6855073,재료,버터,3스푼
6855073,재료,설탕,1~2스푼
6855073,재료,파슬리가루 없으면패스,조금
6924838,재료,멸치육수,1.6L
6924838,재료,봄동,1포기
6924838,재료,집된장,2숟갈
6924838,재료,들깨가루,8숟갈
6924838,재료,소금,2꼬집
6904044,재료,떡볶이떡,10개
6904044,재료,베이컨,5줄
6959353,재료,두부,1/4모
6959353,재료,청경채,3개
6959353,재료,다진마늘,1/2큰술
6959353,재료,진간장,2큰술
6959353,재료,굴소스,1/2큰술
6959353,재료,설탕,1/2큰술
6959353,재료,다진마늘,1작은술
7073921,재료,납작어묵,7장
7073921,재료,크래미,6개
7073921,재료,양파,1/2개
7073921,재료,대파,1/2개
7073921,재료,진간장,2t
7073921,재료,굴소스,1t
7073921,재료,꿀,2t
7073921,재료,참기름,1t
7073921,재료,깨소금,1t
7073921,재료,올리브유,2t
6873533,재료,중간크기 감자,2개
6873533,재료,모짜렐라치즈,2줌
6873533,재료,스파게티소스,2스푼
6873533,재료,케찹,조금
6873533,재료,식용유,조금
6873533,재료,파슬리가루,조금
6873533,재료,튀김가루,1-2스푼
6892531,재료,밀가루,5스푼
6892531,재료,누텔라,5스푼
6892531,재료,계란,1개
6892531,재료,슈가파우더,1스푼
7060594,재료,시판네모유부,8장
7060594,재료,팽이버섯,1팩
7060594,재료,깻잎,4장
7060594,재료,계란,2개
7060594,재료,참기름,1작은술
7060594,재료,소금,1/3작은술
7060594,기타,볼,
7060594,기타,채반,
7060594,기타,트레이,
7060594,기타,도마,
7060594,기타,조리용칼,
7060594,기타,프라이팬,
7060594,기타,요리젓가락,
7042351,재료,콩나물,300~400g
7042351,재료,대파,조금
7042351,재료,데칠때 생강술 맛술,1큰술
7042351,재료,고추가루,1큰술
7042351,재료,다진마늘,1작은술
7042351,재료,맛소금 가는소금,1티스푼
7042351,재료,참기름,1큰술
7042351,재료,통깨,조금
7042351,기타,볼,
7042351,기타,냄비,
7042351,기타,국자,
7042351,기타,찬기,
6897498,재료,두부 300g,1모
6897498,재료,대파,1대
6897498,재료,다진마늘,1큰술
6897498,재료,된장,2큰술
6897498,재료,채썬 표고,1/2컵
6897498,재료,다시마 멸치육수,5컵
6897498,재료,들깨가루,4큰술
7002443,재료,닭다리살 정육,300g
7002443,재료,소금,약간
7002443,재료,후추,약간
7002443,재료,바질가루,약간
7002443,재료,버터,1숟가락
7002443,재료,올리브유,3숟가락
7002443,재료,감자,
7002443,재료,아스파라거스,
7002443,재료,간장,3숟가락
7002443,재료,올리고당,3숟가락
7002443,재료,케찹,1숟가락
7002443,재료,후추,약간
7002443,기타,밧드트레이,
7002443,기타,도마,
7002443,기타,프라이팬,
7002443,기타,주방집게,
7002443,기타,요리스푼,
7002443,기타,원형접시,
7067147,재료,가래떡,320g
7067147,재료,소시지,300g
7067147,재료,식용유,2큰술
7067147,재료,설탕,1큰술
7067147,재료,고춧가루,1큰술
7067147,재료,케첩,2-3큰술
7067147,재료,올리고당,2큰술
7067147,재료,고추장,1큰술
7067147,재료,진간장,1큰술
7067147,재료,물,50ml
6892515,재료,자숙새우(칵테일새우),300g
6892515,재료,다진마늘,2큰술
6892515,재료,다진파,1큰술
6892515,재료,식용유,4큰술
6892515,재료,토마토케첩,3큰술
6892515,재료,진간장,2큰술
6892515,재료,설탕,1큰술
6892515,재료,식초,2큰술
6892515,재료,고추가루,1큰술
6892515,재료,버터,1큰술
6892515,재료,후추가루,약간
6892515,재료,물,5큰술
6892515,재료,파슬리가루,약간
6864389,재료,오레오 과자 50g,1봉
6864389,재료,바닐라 아이스크림,1컵
6864389,재료,얼음,1컵
6864389,재료,우유,1컵
6864389,재료,생크림,적당량
6913424,재료,닭가슴살,1개
6913424,재료,우유,1컵
6913424,재료,대파,1대
6913424,재료,부추,1/2줌
6913424,재료,깻잎,15장
6913424,재료,치킨스톡,2알
6913424,재료,물,1L
6913424,재료,고추가루,1큰술
6913424,재료,고추장,1큰술
6913424,재료,다진마늘,1큰술
6913424,재료,양조간장,1큰술
6913424,재료,된장,1작은술
6913424,재료,생강맛술 또는 맛술,1큰술
6998876,재료,두부,1모
6998876,재료,간장,3T
6998876,재료,설탕,1T
6998876,재료,물엿,1T
6998876,재료,소주,1T
6998876,재료,참기름,1/2T
6998876,재료,다진마늘,1T
6998876,재료,고추가루,1/4T
6998876,재료,파,조금
6998876,재료,통깨,조금
6998876,기타,도마,
6998876,기타,조리용나이프,
6998876,기타,프라이팬,
6998876,기타,뒤집개,
6998876,기타,볼,
6998876,기타,요리스푼,
6998876,기타,완성접시,
6920148,재료,양파,1/2개
6920148,재료,계란,2개
6920148,재료,간장,2스푼
6920148,재료,맛술,2스푼
6920148,재료,설탕,1스푼
6920148,재료,물,6스푼
6909481,재료,돼지 앞다리살,200g
6909481,재료,숙주,200g
6909481,재료,양파,100g
6909481,재료,다진 마늘,1스푼
6909481,재료,간장,1스푼
6909481,재료,굴 소스,1스푼
6909481,재료,올리고당,1스푼
6909481,재료,후추,조금
7072882,재료,무 약 400~500g,1/3토막
7072882,재료,고춧가루,2큰술
7072882,재료,멸치 액젓 또는 까나리액젓,1.5큰술
7072882,재료,매실청,1.5~2큰술
7072882,재료,식초,0.5큰술
7072882,재료,다진 마늘,0.5큰술
7072882,재료,통깨,1큰술
7072882,재료,소금 선택,약간
6910254,재료,참치캔,1개
6910254,재료,고추장,1.5큰술
6910254,재료,간장,1큰술
6910254,재료,물엿,1큰술
6910254,재료,토마토케첩,1큰술
6910254,재료,참기름,0.5큰술
6910254,재료,후추,1꼬집
6910254,재료,밥,2/3공기
6910254,재료,상추,5장
6910254,재료,달걀,1개
6910254,재료,참치쌈장,적당량
6907366,재료,모닝빵,6개
6907366,재료,옥수수 콘,1컵
6907366,재료,마요네즈,1
6907366,재료,허니 머스터드,1
6907366,재료,후춧가루,약간
6907366,재료,모차렐라치즈,1컵
6995719,재료,손질 오징어,1마리
6995719,재료,무,1/4토막
6995719,재료,대파,1/3대
6995719,재료,청양고추,1개
6995719,재료,다진 마늘,1스푼
6995719,재료,국간장,1/5종이컵
6995719,재료,액젓,2스푼
6995719,재료,들기름,3스푼
6995719,재료,물,7종이컵
6881308,재료,두부,1모
6881308,재료,전분가루,적당량
6881308,재료,고추장,1.5큰술
6881308,재료,케찹,2큰술
6881308,재료,다진마늘,1/2큰술
6881308,재료,​고추가루,1/2큰술
6881308,재료,설탕,1큰술
6881308,재료,올리고당,1큰술
6881308,재료,깨소금,약간
6885704,재료,닭가슴살,1팩
6885704,재료,간장,1큰술
6885704,재료,고추장,2큰술
6885704,재료,설탕,2큰술
6885704,재료,다진마늘,1큰술
6885704,재료,올리고당,2큰술
7076383,재료,계란,1개
7076383,재료,밀가루,150g
7076383,재료,식용유,넉넉하게
7076383,재료,물,150ml
7076383,재료,신김치 400g,1/4개
6867166,재료,파프리카,1.5개
6867166,재료,된장,1T
6867166,재료,다진마늘,1/2T
6867166,재료,올리고당,1T
6867166,재료,고춧가루,1/2T
6867166,재료,참깨,1/2T
6867166,재료,참기름,1T
6869920,재료,콩나물,200g
6869920,재료,맛살,4T
6869920,재료,당근,조금
6869920,재료,양파,1/4개
6869920,재료,오이 생략가능,1/2개
6869920,재료,설탕,4.5T
6869920,재료,다진마늘,0.5T
6869920,재료,간장,2T
6869920,재료,식초,5T
6869920,재료,매실액기스 올리고당 대체가능,1T
6869920,재료,참기름,적당히
6869920,재료,깨,솔솔
6869920,재료,겨자,1.5T
7062176,재료,달걀,4개
7062176,재료,브로콜리,취향껏
7062176,재료,베이컨,3줄
7062176,재료,갈은 깨,2~3스푼
7062176,재료,간장,1스푼
7062176,재료,알룰로스,1스푼
7062176,재료,마요네즈,2~3스푼
6917129,재료,참치,150g
6917129,재료,감자,2개
6917129,재료,양파,1개
6917129,재료,대파,1줄
6917129,재료,청양고추,1개
6917129,재료,마늘,1T
6917129,재료,고추장,1T
6917129,재료,설탕,0.5T
6917129,재료,고춧가루,1T
6917129,재료,진간장,2T
6917129,재료,참기름,1T
6917129,재료,물 참치캔 기준,3캔
6829454,재료,버섯 한입 크기로 썰어서,3-4컵
6829454,재료,마늘 다진 것,1개
6829454,재료,래디쉬 옵션,2-3알
6829454,재료,시금치,
6829454,재료,비타민채소,
6829454,재료,양상추,
6829454,재료,로메인,
6829454,재료,간장,2T
6829454,재료,맛술,1T
6829454,재료,설탕,1T
6829454,재료,물엿,1/2T
6829454,재료,생강가루 옵션,2-3꼬집
6829454,재료,후추,약간
6829454,재료,발사믹 식초,1T
6829454,재료,올리브오일,2~3T
6870648,재료,깻잎 약 20장,2묶음
6870648,재료,밥,3인분
6870648,재료,참치,1캔
6870648,재료,된장,0.5큰술
6870648,재료,쌈장,0.5큰술
6870648,재료,다진 마늘,0.5큰술
6870648,재료,참기름,1큰술
6870648,재료,통깨,1큰술
6870648,재료,후춧가루,약간
6979678,재료,닭다리살,300g
6979678,재료,양파,1/2개
6979678,재료,계란,2개
6979678,재료,밥,2인분
6979678,재료,표고버섯,2~3개
6979678,재료,진간장,3T
6979678,재료,설탕,1.5~2T
6979678,재료,맛술,1T
6979678,재료,굴소스,1T
6979678,재료,꿀,1/2T
6979678,재료,고춧가루,1t
6840267,재료,베이컨,
6840267,재료,노랑파프리카,
6840267,재료,빨강파프리카,
6840267,재료,팽이버섯,
6840267,재료,깻잎,
6840267,재료,식용유,
6887489,재료,새송이버섯,2개
6887489,재료,튀김가루,1종이컵
6887489,재료,물,1종이컵
6887489,재료,마요네즈,4스푼
6887489,재료,설탕,2스푼
6887489,재료,식초,1스푼
6884578,재료,만두,3개
6884578,재료,밥,1공기
6884578,재료,다진 마늘,1큰술
6884578,재료,식용유,3큰술
6884578,재료,굴소스 취향껏,1작은술
6884578,재료,참기름,1큰술
6884578,재료,통깨,적당량
6884578,재료,후추,약간
6924603,재료,두부,1모
6924603,재료,식용유,넉넉히
6924603,재료,전분가루,1컵
6924603,재료,고추장,1/2큰술
6924603,재료,케첩,7큰술
6924603,재료,간장,2큰술
6924603,재료,요리당,7큰술
6924603,재료,다진마늘,1티스푼
6924603,재료,소금,1꼬집
6895214,재료,식빵,7쪽
6895214,재료,버터,1큰술
6895214,재료,설탕,1/2종이컵
6895214,재료,물,1소주컵
6895214,재료,우유,1종이컵
6873881,재료,대패 삼겹살,200g
6873881,재료,양파,1/2개
6873881,재료,대파,1대
6873881,재료,밥,1공기
6873881,재료,식용유,약간
6873881,재료,설탕,1T
6873881,재료,간장,1/2T
6873881,재료,맛술,1T
6873881,재료,된장,1T
6873881,재료,다진 마늘,1/2T
6873881,재료,올리고당,1T
6873881,재료,참기름,1T
6873881,재료,물,2T
6973460,재료,두부면,1팩
6973460,재료,기름,1T
6973460,재료,버섯,1줌
6973460,재료,진간장,1.7~2T
6973460,재료,계란,1개
6973460,재료,김가루,약간
6973460,재료,깨,약간
6887398,재료,오이,1개
6887398,재료,소고기 다짐육,100g
6887398,재료,다진 파,1큰술
6887398,재료,다진 마늘,1/2큰술
6887398,재료,간장,1큰술
6887398,재료,설탕,1/2큰술
6887398,재료,생강술,1큰술
6887398,재료,배즙,1큰술
6887398,재료,후춧가루,적당량
6872491,재료,감자,2개
6872491,재료,소금,1t
6872491,재료,밀가루,
6872491,재료,계란,1개
6872491,재료,빵가루,
6872491,재료,모짜렐라 치즈,1/2그릇
6872491,재료,스위트콘,1/2그릇
6872491,재료,마요네즈,
6900682,재료,밥,1공기
6900682,재료,베이컨,6줄
6900682,재료,슬라이스치즈,1장
6900682,재료,소금,약간
6900682,재료,후추,약간
6900682,재료,참기름,1숟가락
6900682,재료,통깨,약간
6911508,재료,식빵,2장
6911508,재료,버터,1T
6911508,재료,설탕,2T
6911508,재료,계피가루,1/2T
6828931,재료,가지 약 24cm,1개
6828931,재료,간장,1T
6828931,재료,설탕,1T
6828931,재료,청주,1T
6828931,재료,미림,1T
6828931,재료,물,1T
6909296,재료,애호박,1개
6909296,재료,양파,1/2개
6909296,재료,대파,1/2개
6909296,재료,다진마늘,0.5큰술
6909296,재료,식용유,1큰술
6909296,재료,간장,2큰술
6909296,재료,굴소스,1큰술
6909296,재료,고춧가루,1큰술
6909296,재료,참기름,0.5큰술
6909296,재료,깨,톡톡
6865288,재료,불린 미역,1줌
6865288,재료,된장,3큰술
6865288,재료,멸치육수,6컵
6865288,재료,두부,300g
6865288,재료,다진마늘,1큰술
6865288,재료,팽이버섯,1/2봉지
7073283,재료,훈제오리,600g
7073283,재료,양배추,1/4개
7073283,재료,양파,1개
7073283,재료,굴소스,2큰술
7073283,재료,진간장,1작은술
7073283,재료,후추,
7073283,재료,통마늘,
4095068,재료,버터,50g
4095068,재료,설탕,3g
4095068,재료,소금,1g
4095068,재료,물,125g
4095068,재료,박력분,75g
4095068,재료,달걀,2개
4095068,재료,우유,170g
4095068,재료,설탕,45g
4095068,재료,박력분,14g
4095068,재료,바닐라빈,1/2개
4095068,재료,달걀 노른자,2개
4095068,재료,생크림,180g
4095068,재료,설탕,15g
6894890,재료,두부,1모
6894890,재료,계란,1개
6894890,재료,팽이버섯,1봉
6894890,재료,양파,1개
6894890,재료,당근,1/2개
6894890,재료,대파,1대
6894890,재료,전분,4T
6894890,재료,소금,1/3T
6894890,재료,후추,톡톡
6894890,재료,돈까스 소스 or케찹,적당히
6891934,재료,오이,1/2개
6891934,재료,맛살,3개
6891934,재료,마요네즈,3T
6891934,재료,후추가루,약간
6891934,재료,소금,약간
6891934,재료,설탕,1/2T
6891934,재료,설탕,1/2T
6891934,재료,식초,1T
6894818,재료,단호박,1통
6894818,재료,양파,1/2개
6894818,재료,소금,3꼬집
6894818,재료,부침가루,2스푼
6881286,재료,애호박,1개
6881286,재료,양파,1/2개
6881286,재료,굴소스,1큰술
6881286,재료,고춧가루,1큰술
6881286,재료,다진마늘,1t
6881286,재료,참기름,
6881286,재료,식용유,
6881286,재료,달걀,
6961281,재료,우유,50g
6961281,재료,물,50g
6961281,재료,버터,50g
6961281,재료,소금,1g
6961281,재료,박력분,80g
6961281,재료,달걀,130g
6961281,재료,무염 버터,30g
6961281,재료,설탕,30g
6961281,재료,박력분,26g
6961281,재료,코코아파우더,4g
6961281,재료,인스턴트 커피,2봉
6961281,재료,뜨거운 물,1T
6961281,재료,생크림,250g
6961281,재료,연유,50g
6902125,재료,카레가루,3.5큰술
6902125,재료,우유,200ml
6902125,재료,달걀,1개
6902125,재료,양파,1/2개
6902125,재료,통조림 햄 제일 작은거,1/2통
6906406,재료,가지,2개
6906406,재료,양파,1개
6906406,재료,토마토소스,7Ts
6906406,재료,모짜렐라 치즈,200g
6906406,재료,버터,10g
6906406,재료,마늘,2쪽
6906406,재료,소금,3g
6906406,재료,후추,3g
6906406,재료,바질,3g
6987130,재료,애호박,1/2개
6987130,재료,당근,40g
6987130,재료,청양고추,1/2개
6987130,재료,홍고추,1/2개
6987130,재료,천일염,1/2작은술
6987130,재료,부침가루,2큰술
6987130,재료,식용유,적당량
6987130,재료,간장,1큰술
6987130,재료,양조식초,1큰술
6987130,재료,고춧가루,조금
6961293,재료,오징어,2마리
6961293,재료,빨강 파프리카,1/2개
6961293,재료,노랑 파프리카,1/2개
6961293,재료,오이,1/2개
6961293,재료,깻잎,2장
6961293,재료,소금,약간
6961293,재료,고추장,2T
6961293,재료,매실청,2T
6961293,재료,식초,1T
6961293,재료,올리고당,0.5T
6961293,재료,통깨,약간
6927930,재료,대파,3대
6927930,재료,대패 삼겹살,200g
6927930,재료,페퍼론치노,5개
6927930,재료,소금,약간
6927930,재료,후추,약간
6927930,재료,식용유,약간
6927930,재료,간장,1숟가락
6927930,재료,설탕,1숟가락
6927930,재료,미림,1숟가락
6927930,재료,청주,1숟가락
6927930,재료,베이컨,
6887130,재료,새송이버섯,1개
6887130,재료,소금,1/2스푼
6887130,재료,버터 전자레인지에 녹여,1스푼
6887130,재료,간마늘,1스푼
6887130,재료,진간장,1.5스푼
7015045,재료,두부,1모
7015045,재료,대파,1/3대
7015045,재료,양파,1/2개
7015045,재료,통깨,
7015045,재료,계란,3개
7015045,재료,고춧가루,1.5T
7015045,재료,물,1컵
7015045,재료,간장,4T
7015045,재료,설탕,1T
7015045,재료,다진마늘,1T
7015045,기타,도마,
7015045,기타,조리용나이프,
7015045,기타,볼,
7015045,기타,냄비,
7015045,기타,요리스푼,
7013169,재료,닭다리살,1kg
7013169,재료,소금,
7013169,재료,후추,
7013169,재료,고추장,5T
7013169,재료,간장,5T
7013169,재료,설탕,1T
7013169,재료,매실액,1T
7013169,재료,올리고당,3T
7013169,재료,고춧가루,3T
7013169,재료,청주,3T
7013169,기타,도마,
7013169,기타,조리용나이프,
7013169,기타,볼,
7013169,기타,숟가락,
7013169,기타,프라이팬,
7013169,기타,요리집게,
7013169,기타,키친타올,
7013169,기타,완성접시,
7065350,재료,동태포,400g
7065350,재료,달걀,4알
7065350,재료,소금,약간
7065350,재료,쪽파,2줄기
7065350,재료,식용유,약간
7065350,재료,밀가루,1/2컵
6888303,재료,양파 작은것,2개
6888303,재료,계란,2개
6888303,재료,쪽파 or대파,약간
6888303,재료,밥,2공기
6888303,재료,물,12큰술
6888303,재료,설탕,2큰술
6888303,재료,맛술,4큰술
6888303,재료,간장,4큰술
6977514,재료,두부,100g
6977514,재료,밀가루,3T
6977514,재료,카레 가루,1T
6977514,재료,식용유,1T
4155883,재료,밥,1공기
4155883,재료,네모참치,1캔
4155883,재료,빨강파프리카,1개
4155883,재료,깻잎,20장
4155883,재료,달걀,2개
4155883,재료,기름,적당량
4155883,재료,슬라이스치즈,1장
4155883,재료,소금,약간
4155883,재료,후추,약간
6907247,재료,양파,1개
6907247,재료,부침가루,2큰술
6907247,재료,스팸 햄,60g
6907247,재료,다진당근,1/2큰술
6907247,재료,청양고추,1개
6907247,재료,홍고추,1개
6907247,재료,계란,1개
6907247,재료,식용유,약간
6838790,재료,스팸,
6838790,재료,두부 맘껏,
6838790,재료,김치,1/4포기
6838790,재료,양파,1개
6838790,재료,청양고추,1개
6838790,재료,고춧가루,1큰술
6838790,재료,설탕,1/2큰술
6838790,재료,물엿,1/2큰술
6838790,재료,참기름,
6838790,재료,깨,
6838790,재료,후춧가루,약간
2342071,재료,미나리,1단
2342071,재료,된장,1
2342071,재료,매실청,1
2342071,재료,깨소금,1
6924404,재료,플레인요구르트,400g
6924404,재료,핫케이크가루,150g
6924404,재료,계란,2개
6924404,재료,설탕,5~7큰술
6856459,재료,단호박,1/4개
6856459,재료,아몬드,적당량
6856459,재료,잣,적당량
6856459,재료,설탕,1/2숟가락
6856459,재료,간장,2숟가락
6856459,재료,청주,2숟가락
6856459,재료,물,1/2컵
6856459,재료,올리고당,2숟가락
7044761,재료,참치캔,1개
7044761,재료,양파,1개
7044761,재료,후추,약간
7044761,재료,통깨,약간
7044761,재료,설탕,1꼬집
7044761,재료,소금,1/2t
7044761,기타,도마,
7044761,기타,조리용나이프,
7044761,기타,프라이팬,
7044761,기타,숟가락,
7044761,기타,요리스푼,
7044761,기타,접시,
6930757,재료,알배추,1통
6930757,재료,된장,1.5숟가락
6930757,재료,대파,1대
6930757,재료,다진마늘,1/2숟가락
6930757,재료,고춧가루,1/2스푼
6930757,재료,청양고추,1~2개
6930757,재료,멸치다시다육수 또는 생수,700ml
6985854,재료,감자,3개
6985854,재료,양파,1/2개
6985854,재료,비엔나소세지,10개
6985854,재료,올리고당,4T
6985854,재료,물,8T
6985854,재료,맛술,1T
6985854,재료,진간장,3T
6985854,재료,참치액,1T
6985854,재료,통깨,적당량
