external_recipe_id,source_url,title,description,thumbnail_url,difficulty,serving_size,cook_time,cat1_method,cat2_situation,cat3_ingredient,cat4_type
7073455,https://www.10000recipe.com/recipe/7073455,감자볶음 레시피 감자채볶음 햄감자볶음 황금레시피,아이들 있는 집에서는 햄과 감자의 조합이 실패할 확률이 거의 없죠. 오늘은 다른 반찬 없이도 밥 한그릇을 뚝딱 비우게 만들어주는 감자볶음을 만들었어요. 오늘은 매일 먹어도 질리지 않고 다른 반찬들과도 잘 어울리는 햄감자볶음 레시피 소개해 드릴게요 '◡',https://recipe1.ezmember.co.kr/cache/recipe/2026/03/23/2c503288d910dd1b015e168f6c06500c1.jpg,아무나,2인분,20분 이내,,,,
7065887,https://www.10000recipe.com/recipe/7065887,굴소스 팽이버섯 계란 덮밥 만들기 한 그릇 레시피,바쁜 날에도 10분 만에 완성되는 굴소스 팽이버섯 계란 덮밥 만들기 한 그릇 레시피를 준비했어요. ​,https://recipe1.ezmember.co.kr/cache/recipe/2025/11/07/3da118ba2d017500e14b7f834c9ac4de1.jpg,아무나,1인분,10분 이내,,,,
7072605,https://www.10000recipe.com/recipe/7072605,들기름 두부구이 두부부침 양념장 레시피 두부반찬,다이어트를 한다고 장을 볼 때 작은 사이즈 두부와 큰 사이즈 두부를 구매하여 두부반찬으로 조림이나 구이를 자주 만들어 먹는데 두부요리 레시피 중에서 제일 쉬운게 들기름을 넣고 부치는 들기름 두부구이를 일주일에 2번 정도 두부반찬으로 챙겨 먹어요.,https://recipe1.ezmember.co.kr/cache/recipe/2026/03/05/0d6e0fe86c2570d2ac39605e7ee0b47d1.jpg,아무나,2인분,20분 이내,,,,
7073618,https://www.10000recipe.com/recipe/7073618,칼칼한 오징어무국 맛있게 끓이는 법,안녕하세요! 오늘도 반가운 박 실장입니다.,https://recipe1.ezmember.co.kr/cache/recipe/2026/03/25/eb9e778fd7b86fbc98fee6bb1ae84e361.jpg,아무나,2인분,15분 이내,,,,
7035406,https://www.10000recipe.com/recipe/7035406,양배추 오믈렛/다이어트 식단,양배추 요리는 칼로리가 낮고 식이섬유가 많아 포만감이 좋 아 한 끼로 든든합니다.담백한 양배추 오믈렛에 스리라차 소 스를 곁들려 살짝 매콤함을 더했어요.,https://recipe1.ezmember.co.kr/cache/recipe/2024/09/28/72af8ba74b49a575bc4b7689fc237a8f1.jpg?w=1000,초급,1인분,15분 이내,,,,
7073764,https://www.10000recipe.com/recipe/7073764,숙주나물 무침 만들기 아삭한 숙주나물 무침 양념 레시피 깔끔한 밑반찬 요리,아삭한 숙주나물 무침은 화려하진 않지만 매일 먹어도 질리진 않는 집밥반찬이에요 숙주나물 한 봉지로 간단하게 만들 수 있고 식탁 영양의 균형을 맞출 수 있는 숙주나물! 가볍게 먹기 좋은 나물 반찬이지만 알고 보면 영양도 꽤 알찬 숙주랍니다. 아스파라긴산이 풍부한 숙주나물은 피로회복에 도움을 주고 비타민과 철분도 함유되어 있어서 혈관 건강과 항산화에도 좋은 재료에요! ​ ​ 가볍게 데친 다음 국간장과 참기름으로 깔끔하고 아삭한 식감을 살려서 무쳐낸 숙주나물 무침 레시피를 남겨 보도록 할게요 :) ​,https://recipe1.ezmember.co.kr/cache/recipe/2026/02/23/2b12d620ac967da76f5c4efbb0f4ed691.jpg,아무나,6인분 이상,20분 이내,,,,
7018465,https://www.10000recipe.com/recipe/7018465,간장버터 새송이구이,평소 고기 외에는 야채를 싫어하는 저를 위해 만들어 보았는데요 버섯에서 양념갈비 맛이 나서 야채를 싫어하는 사람들에게도 거부감 없이 먹일 수 있어서 성인은 물론 아이들까지도 찾게 되는 맛이에요!,https://recipe1.ezmember.co.kr/cache/recipe/2024/01/23/32d270a7a86b2b6392accbff09c07a1a1.jpg?w=1000,초급,2인분,10분 이내,,,,
7070463,https://www.10000recipe.com/recipe/7070463,파프리카 겉절이 레시피 식감 살아 있는 파프리카 김치 만들기 반찬 요리,파프리카 겉절이 만들었는데요 식감이 살아 있어서 일단 너무 좋아요 먹을때 마다 아삭 아삭 걸여서 겉절이 먹는거 같지가 않아요 겉절이지만 절일 필요도 없고 바루 무쳐서 드시면 되서 간편하게 만들수도 있어요,https://recipe1.ezmember.co.kr/cache/recipe/2026/01/26/768fcd6a817646c03109e9ddbc6ec6691.jpg,초급,3인분,30분 이내,,,,
7022775,https://www.10000recipe.com/recipe/7022775,시금치무침 (시금치데치는 방법 시금치나물요리 나물반찬 반찬레시피),봄에 먹는 제철나물반찬입니다 시금치 데치는 방법과 무침양념을 알려드립니다,https://recipe1.ezmember.co.kr/cache/recipe/2024/03/22/809f052e924cd0d9ac9d4f295794f08c1.jpg,초급,4인분,10분 이내,,,,
6984517,https://www.10000recipe.com/recipe/6984517,도시락 반찬으로 최고! 스팸감자조림♡,단짠단짠 맛있어요^^,https://recipe1.ezmember.co.kr/cache/recipe/2022/07/31/d804978cda6e3c8b4e3a94a1c19696041.jpg,초급,2인분,10분 이내,,,,
7073279,https://www.10000recipe.com/recipe/7073279,매콤하게 구워 더 맛있는 새송이버섯 매콤구이 레시피 (1봉지로 만드는 초간단 반찬),안녕하세요? 밥심은 국력입니다. 요즘 새송이버섯은 가격도 부담 없고 식감이 좋아서 자주 사게 되는 재료 예요. 특히 새송이버섯은 고기처럼 쫄깃한 식감이 있어서 구워 먹으면 정말 맛있죠. 오늘은 새송이버섯 1봉지로 만드는 매콤한 밑반찬을 만들어 봤어요. 고소한 참기름으로 밑간을 한 뒤 매콤한 양념장을 발라 구워주면 밥 반찬으로 딱 좋은 새송이버섯 매콤구이가 완성됩니다. 조리 방법도 간단해서 집에서 금방 만들 수 있는 레시피예요. 유투브에서 보고 만들었어요. 그럼 새송이버섯 매콤 구이를 만들어 볼게요.,https://recipe1.ezmember.co.kr/cache/recipe/2026/03/19/550996e724c1fbb6d59554237dc381bb1.jpg,초급,2인분,30분 이내,,,,
7009944,https://www.10000recipe.com/recipe/7009944,오이고추된장무침 (사계절 먹기좋은 밑반찬 고추무침 5분 레시피),오이고추로 만든 밥반찬 밑반찬입니다 불 없이 초간단하게 만들 수 있는 레시피입니다,https://recipe1.ezmember.co.kr/cache/recipe/2023/09/15/5d2efb2914ae962b6af877359624ac871.jpg,아무나,4인분,5분 이내,,,,
6989690,https://www.10000recipe.com/recipe/6989690,아이반찬 양파소세지볶음 레시피 양파요리 초스피드반찬,밑반찬 없을때 후닥닥 만드는 초스피드반찬 소세지양파볶음입니다.,https://recipe1.ezmember.co.kr/cache/recipe/2022/10/15/c94c0b75cdab225f0ee9883c0b9549c31.jpg?w=1000,초급,4인분,10분 이내,,,,
6993517,https://www.10000recipe.com/recipe/6993517,새송이버섯버터굴소스볶음 간단반찬,미니새송이버섯으로 만든 간단반찬입니다,https://recipe1.ezmember.co.kr/cache/recipe/2022/12/09/ee7c7222f2e3491f17d24c61dedd34181.jpg?w=1000,아무나,2인분,5분 이내,,,,
7070554,https://www.10000recipe.com/recipe/7070554,청포묵 무침 만드는 법,묵무침은 은근히 고소하면서도 담백해서 어른들은 물론이고 아주 어린 아이들까지 가볍게 먹기에 참 좋아요. 묵 자체의 식감이 부드러운 편이라 자칫하면 물컹하게 느껴질 수도 있지만 살짝만 데쳐 찬물에 헹군 후 물기를 빼주면 탄력도 살아나고 양념도 훨씬 잘 배더라구요. 오늘은 집에 묵이 조금 남아있을 때나 가벼운 반찬이 필요한 날 만들기 좋은 청포묵(동부묵)무침 레시피 소개해 드릴게요 '◡',https://recipe1.ezmember.co.kr/cache/recipe/2026/01/27/169ea16bc8f26562100b287f3a489fd01.jpg,아무나,2인분,15분 이내,,,,
7054279,https://www.10000recipe.com/recipe/7054279,[두부계란덮밥] 두부를 이용한 건강한 다이어트 밥상,두부를 이용한 건강한 다이어트 밥상 소개해드릴게요~!!,https://recipe1.ezmember.co.kr/cache/recipe/2025/06/02/061af59a1677b01594d2fad037247a6b1.jpg,초급,2인분,30분 이내,,,,
7025833,https://www.10000recipe.com/recipe/7025833,매운빨간콩나물무침 레시피 매일반찬,큰아이가 오랜만에 요청한 매운빨간콩나물무침입니다.,https://recipe1.ezmember.co.kr/cache/recipe/2024/05/05/249c2d8bdbaec9298a764249ae04970b1.jpg?w=1000,초급,4인분,15분 이내,,,,
7067844,https://www.10000recipe.com/recipe/7067844,단무지무침 레시피 밑반찬 만들기 치자 단무지무침,"단무지는 새콤하면서 아삭하기 때문에 자주 구매하여 밑반찬으로 양념 없이 그냥 먹기도 하지만, 조금 더 단무지를 맛있게 먹고 싶을 때에는 간단한 단무지무침 양념을 넣고 무쳐 먹으면 짝꿍도 찬으로 조금씩 먹고 있지만 오히려 제가 단무지무침을 더 먹고 있어요.",https://recipe1.ezmember.co.kr/cache/recipe/2025/12/09/71f816257b5c39cfa4622525b7b76dae1.jpg,아무나,2인분,10분 이내,,,,
7003487,https://www.10000recipe.com/recipe/7003487,청경채 된장 무침으로,청경채는 샤브샤브와 볶음으로만 만들었는데 샤브샤브 해먹고 남은 청경채를 초간단 된장 무침 만들었어요 이웃님도 저처럼 청경채 남으면 만들어 보세요 된장에 들기름 넣고 무쳐도 은근 맛있어요,https://recipe1.ezmember.co.kr/cache/recipe/2023/06/03/106eb9bdfd66e588158326e46a10d9001.jpg,아무나,3인분,20분 이내,,,,
7029097,https://www.10000recipe.com/recipe/7029097,여름반찬 아삭오이고추 만능된장무침 레시피,그냥 먹어도 맛있는 아삭오이고추 된장으로 맛있게 무쳐 볼게요.,https://recipe1.ezmember.co.kr/cache/recipe/2024/06/25/e05e4ed894989b9fe2759cc67d3ce6ec1.jpg,아무나,2인분,5분 이내,,,,
7029407,https://www.10000recipe.com/recipe/7029407,"즉석,오이 부추 무침(백종원양념)",냉장고에 오이 있으세요? 밥 반찬 없으시다면 후다닥~ 양념에 무쳐 맛나게 즐겨보세요.,https://recipe1.ezmember.co.kr/cache/recipe/2024/06/30/0904bcb02a70de71c6f7107000ae2fb21.jpg,아무나,2인분,20분 이내,,,,
6933414,https://www.10000recipe.com/recipe/6933414,#최애반찬#소세지강정,아이들의 최애반찬! 저 또한 소세지 반찬만 있으면 밥 뚝딱이랍니다. 밥도둑 도시락 반찬이자 술안주로도 최고 최고ㅋㅋ,https://recipe1.ezmember.co.kr/cache/recipe/2020/05/18/2cad62498784efd2b97c0f80abebfcff1.jpg?w=1000,초급,2인분,20분 이내,,,,
7005830,https://www.10000recipe.com/recipe/7005830,도토리묵김무침 레시피 아이반찬,아이반찬으로 좋은 도토리묵김무침만드는 방법입니다.,https://recipe1.ezmember.co.kr/cache/recipe/2023/07/10/3c9d039f692932c2aa9baaabe6b4d8941.jpg?w=1000,아무나,2인분,5분 이내,,,,
6991123,https://www.10000recipe.com/recipe/6991123,"고소한 맛이 좋은 밑반찬, 애호박버섯볶음 만들기(새우젓없이 만들기)","오늘은 집에 있는 애호박과 느타리버섯을 함께 볶아봤는데요. 보통은 애호박을 볶을때 새우젓을 넣고 만드는데요, 오늘은 새우젓없이 별다른 양념이 들어가지는 않았지만 재료 본연의 맛을 살려 맛있게 만들 수 있는 레시피로 요리해 봤어요.",https://recipe1.ezmember.co.kr/cache/recipe/2022/10/31/10f241f6bc6fdcdd77ae96cdc92810101.jpg,초급,4인분,30분 이내,,,,
6979508,https://www.10000recipe.com/recipe/6979508,♥[신혼밥상] 10분 뚝딱 양배추참치덮밥,자취생 모여라!! 10분 뚝딱 한그릇 메뉴! 냉장고 파먹기 딱 좋은 요리 소개~~ 아삭 양배추&담백 참치 밥 위에 슥슥 만개님들 집밥 한끼 드시러 오세요.,https://recipe1.ezmember.co.kr/cache/recipe/2022/05/17/6b9ee606dbecc6dde33d4a7a481b05711.jpg?w=1000,아무나,2인분,10분 이내,,,,
7075757,https://www.10000recipe.com/recipe/7075757,봄 입맛 살리는 오이 달래 무침 황금 레시피,봄철 입맛 없을 때 상큼한 밑반찬 달래오이 무침 소개할게요,https://recipe1.ezmember.co.kr/cache/recipe/2026/05/06/ddfa3e8c536f673ce8f5916223fdf9c01.jpg?w=1000,아무나,4인분,30분 이내,,,,
7053273,https://www.10000recipe.com/recipe/7053273,저렴하게 반찬 뚝딱!! 감자조림 만들기,고물가 시대~저렴하게 감자한봉지로 2개 반찬 만들어봄니다. 감자조림 만들어봐요.,https://recipe1.ezmember.co.kr/cache/recipe/2025/05/05/f0f73439b497576b1cb609a9f96300e01.png,초급,4인분,60분 이내,,,,
7007585,https://www.10000recipe.com/recipe/7007585,베이컨감자채볶음,감자가 요즘 제철이라서 박스로 주문을 했답니다. 감자로 감자채베이컨볶음을 시작으로 감자요리를 모두 소개하려고 합니다.,https://recipe1.ezmember.co.kr/cache/recipe/2023/08/07/c2fa4ee2ae2ff84cdeedba8ef396ff231.jpg?w=1000,초급,4인분,20분 이내,,,,
7075755,https://www.10000recipe.com/recipe/7075755,봄이 되면 꼭 생각나는 제철 음식 바로 두릅전이에요.,쌉쌀하면서도 향긋한 두릅을 바삭하게 부쳐내면 밥 반찬은 물론 술 안주로도 정말 최고랍니다,https://recipe1.ezmember.co.kr/cache/recipe/2026/05/06/546a9ecbcecff4eba0626a5e352d05281.jpg?w=1000,아무나,2인분,20분 이내,,,,
7074106,https://www.10000recipe.com/recipe/7074106,단짠단짠 고기없이깊은맛! 메추리알장조림만드는법표고버섯장조림,메추리알장조림.표고버섯장조림 레시피 공유합니다,https://recipe1.ezmember.co.kr/cache/recipe/2026/04/03/23df3b773336b0cb3ded1137f211a99f1.jpg?w=1000,초급,6인분 이상,60분 이내,,,,
7075568,https://www.10000recipe.com/recipe/7075568,네 가지 버전 골라 먹은 재미 통밀 쿠키 만들기 건강하고 고소한 홈베이킹 레시피.,요즘 집에서 간단하게 만들 수 있는 건강 간식 찾으신다면 바로 통밀 쿠키 만들기 추천드려요.,https://recipe1.ezmember.co.kr/cache/recipe/2026/05/01/135c93afe5a96e58b0add82f6f77610e1.jpg?w=1000,아무나,6인분 이상,60분 이내,,,,
7072884,https://www.10000recipe.com/recipe/7072884,"베이컨 양배추 볶음, 진짜 쉬운 양배추 반찬 레시피",조리시간은 짧고 실패할 일은 거의 없는 진짜 쉬운 양배추 반찬 자주 해먹게 되는 양배추 볶음,https://recipe1.ezmember.co.kr/cache/recipe/2026/03/11/10e2aee39c835b0384bc513d4f86d3501.jpg,아무나,2인분,10분 이내,,,,
7045377,https://www.10000recipe.com/recipe/7045377,라이스페이퍼 양배추만두,"만두는 먹고 싶은데 피까지 만들긴 귀찮고..그럴 땐 라이스페이퍼를 활용해 보세요! 참치, 달걀로 만두소까지 만들면 간단해요 양배추까지 들어가 속도 편안하구요. 가벼운 저녁 한끼를 고민하고 계시다면 오늘은 라이스페이퍼 양배추 만두로 GO",https://recipe1.ezmember.co.kr/cache/recipe/2025/02/19/289273586ce52c702ff61dd4bdee68fa1.jpg?w=1000,아무나,2인분,20분 이내,,,,
6992063,https://www.10000recipe.com/recipe/6992063,"내 인생 레시피,친정 엄마표 “파채무침”","누군가가 제게 세상 맛진 요리는 무엇이냐고 물어보신다면,저는 1도 망설임 없이 어릴 때 부터 맛나게 먹고 자라던 친정엄마 요리들이라고 말할 수 있습니다.친정 엄마손에서는 분명히 맛진 조미료가 나온다고 생각했는데 제가 엄마라는 이름표를 달아보니 그 맛진 조미료는 바로 엄마의 사랑과 정성이었음을 깨닫게 됩니다. 제가 좋아하는 엄마 레시피 중에 제 인생레시피 하나! 친정 엄마표 파채무침입니다.",https://recipe1.ezmember.co.kr/cache/recipe/2022/11/15/9e01753c1b0f35315692fd5c984db4be1.jpg,아무나,3인분,30분 이내,,,,
7017809,https://www.10000recipe.com/recipe/7017809,시금치 계란 볶음 레시피 다이어트 반찬,계란은 단백질이 풍부하고 칼로리가 낮아 다이어트에 좋은 식품! 또 계란 노른자에는 루테인 성분이 풍부하여 눈 건강에도 도움이 되며 탈모 예방에도 효과적이라고 해요. 이렇게 몸에 좋은 두 가지 재료를 함께 볶아낸다면 얼마나 맛있게요? ​시금치 계란 볶음 레시피 바로 시작할게요.,https://recipe1.ezmember.co.kr/cache/recipe/2024/01/15/539c7609af6d9b9c3bac23ac745db9951.jpg,아무나,4인분,30분 이내,,,,
6977503,https://www.10000recipe.com/recipe/6977503,"""시금치나물""",시금치 무침,https://recipe1.ezmember.co.kr/cache/recipe/2022/04/06/acae475bc52a1c27857737f144afcf311.jpg?w=1000,아무나,4인분,30분 이내,,,,
7075926,https://www.10000recipe.com/recipe/7075926,집에서도 곤드레밥 맛있게 만드는 법,곤드레 밥은 은은한 향과 부드러운 식감 덕분에 한 끼 건강식으로도 정말 인기 많은 밥입니다. 전기밥솥으로 쉽게 할 수 있는 곤드레밥입니다.,https://recipe1.ezmember.co.kr/cache/recipe/2026/05/11/388ca082beac1c4e3dd6b19d92af72971.jpg?w=1000,초급,4인분,60분 이내,,,,
7075869,https://www.10000recipe.com/recipe/7075869,감자 멸치 조림 황금 레시피,짭짤하고 고소한 밥도둑 반찬 만들기 집밥 반찬으로 빠질 수 없는 메뉴 바로 감자 멸치 조림이에요.,https://recipe1.ezmember.co.kr/cache/recipe/2026/05/09/c65c033423d8e0e15a39d647bb56701b1.jpg?w=1000,아무나,4인분,30분 이내,,,,
7045900,https://www.10000recipe.com/recipe/7045900,굴소스 느타리버섯볶음 만드는 법 버섯볶음 레시피,"요즘 저희집 냉장고 식재료 중에서 떨어지지 않게 버섯을 종류별로 조금씩 준비해두었다가 반찬으로 전이나 볶음, 전골, 찌개에 넣고 버섯을 골고루 먹고 있어요.",https://recipe1.ezmember.co.kr/cache/recipe/2025/02/25/df17f75b7c8b50afa643e8b673c16fc61.jpg,아무나,3인분,10분 이내,,,,
7075845,https://www.10000recipe.com/recipe/7075845,소고기 미역국끓이기,미역국 맛있고 쉽게 끓이는 법은 불조절입니다.,https://recipe1.ezmember.co.kr/cache/recipe/2026/05/08/b389e0fc8e411c469d5933edfeed92241.jpg?w=1000,아무나,5인분,60분 이내,,,,
6994258,https://www.10000recipe.com/recipe/6994258,[밑반찬] 10분 밑반찬 딱딱하지않고 부드러운 오징어채,오징어채 반찬이 필수인 남편을 둔 븟린이 9년동안 여러번 만든 결과 최고의 레시피를 픽! 냉장고에 두어도 질기지 않고 비리지 않은 밑반찬 알려드릴께요,https://recipe1.ezmember.co.kr/cache/recipe/2022/12/24/0cbb4cb0beaa2ecae5c464ba27d2f9a41.jpg?w=1000,아무나,4인분,5분 이내,,,,
6912734,https://www.10000recipe.com/recipe/6912734,버섯으로 관자 느낌 내는 방법! 새송이버섯간장버터구이 만들기,지금까지 이런 버섯은 없었다. 이것은 관자인가 버섯인가,https://recipe1.ezmember.co.kr/cache/recipe/2019/05/25/39ac1e73e998e88da300d38663242f0a1.jpg,아무나,1인분,15분 이내,,,,
7073955,https://www.10000recipe.com/recipe/7073955,어묵볶음 만들기 안 불고 쫄깃하게 만드는 법,간단한 재료로 쉽게 만드는 어묵볶음이에요. 양념을 넣는 순서만 바꿔도 불지 않고 쫄깃하게 완성돼요.,https://recipe1.ezmember.co.kr/cache/recipe/2026/04/01/48bac3aaadc417d288aa1df0be555a441.jpg,아무나,4인분,10분 이내,,,,
6957003,https://www.10000recipe.com/recipe/6957003,단짠단짠 마성의 베이컨덮밥♡,한그릇 뚝딱 금방 만들어요^^,https://recipe1.ezmember.co.kr/cache/recipe/2021/04/18/a86f6fb92e4850bf3b7922a256c581e71.jpg,초급,1인분,10분 이내,,,,
7004229,https://www.10000recipe.com/recipe/7004229,[참치쌈장] 입맛없을때 밥도둑이요!,"다른 반찬 필요없이 이거 하나면 밥 한공기 뚝딱 갓한 따끈한 밥에 쌈장올려 쌈싸먹으면 건강한한끼 ^^ 상추 제철이라 많이 나오는데 이것만 싸먹으면 되니다 양배추에 쌈싸먹으면 포만감 장난아니에요 ㅎㅎ 싱겁게 드신다면 두부, 감자 ,애호박, 버섯 등 추가해서 드세요 먹을 만큼만 덜어 드세요 침 묻으면 금방상해요! 입맛없을때 드세요",https://recipe1.ezmember.co.kr/cache/recipe/2023/06/16/b1531f0bcf9890599b2b97b4cc39e1621.jpg?w=1000,초급,3인분,15분 이내,,,,
7023640,https://www.10000recipe.com/recipe/7023640,"향긋한 취나물 간단하게 쌈장으로 무쳐도 맛있어요, 취나물쌈장무침",취나물을 쌈장으로 조물조물 무쳐보세요. 향긋한 취나물을 간단하고 맛있게! 순식간에 만들 수 있는 밑반찬 향긋한 나물을 언제든 먹을 수 있어요.,https://recipe1.ezmember.co.kr/cache/recipe/2024/04/04/f1af0b95091f467878ffb734fe3ec7011.jpg?w=1000,아무나,2인분,15분 이내,,,,
7075897,https://www.10000recipe.com/recipe/7075897,쫄깃한 식감 살리는 표고 버섯 볶음,쫄깃한 표고 버섯에 감칠맛 가득한 양념이 더해져 아이 반찬 도시락 반찬 술안주로 잘 어울리는 메뉴랍니다.,https://recipe1.ezmember.co.kr/cache/recipe/2026/05/09/4cd4d90699e8c7fe04300e17eca826af1.jpg?w=1000,아무나,4인분,20분 이내,,,,
7001752,https://www.10000recipe.com/recipe/7001752,아이 반찬 콩나물 & 크래미 무침 - 아이들 콩나물과 친해져요.,살 빠지는 레시피로 다이어트 중인 루나에요. 쉬운듯하면서 어려운 요리가 나물입니다. 기본적인 반찬이라서 잘 배워두면 반찬 고민이 덜어지는데요. 여러 가지 나물 요리 중 오늘은 콩나물무침을 준비했어요. 콩나물무침 만으로도 훌륭한 반찬이 되지만 우리 아이들 좀 더 콩나물과 친해질 수 있게 크래미를 넣어서 무쳐 보았어요. 크래미가 들어가니 달달하니 밥반찬에 더욱 잘 어울려요. 초간단 아이반찬 콩나물 & 크래미 무침 콩나물 무치러 가볼까요?,https://recipe1.ezmember.co.kr/cache/recipe/2023/05/06/7567fcb67ecfc9f532efa8ee665601651.jpg,초급,4인분,30분 이내,,,,
7052761,https://www.10000recipe.com/recipe/7052761,토마토간장샐러드 진짜 별거없는데 미치도록 맛있어요 7분 완성 초간단 샐러드,일본식 토마토샐러드는 간장소스에 먹는다고 해요~ 토마토와 간장이 조합이라.. 이거 괜찮을까?? 위험해보이는데...?? 역시 편견은 깨져봐야 진짜를 알 수 있는거 같아요 이거 찐입니다 너무 간단한데 국물까지 마셔버리게 되는 간단한 토마토샐러드 이렇게 한번 만들어 보세요!,https://recipe1.ezmember.co.kr/cache/recipe/2025/05/15/3630251cec187ac68276a453181ad03f1.jpg?w=1000,아무나,2인분,10분 이내,,,,
6983882,https://www.10000recipe.com/recipe/6983882,소떡강정 만드는 법 소떡소떡보다 만들기 쉬운 소떡강정레시피,소떡소떡보다 더 쉽게 만들 수 있는 소떡강정 만드는법이에요~~,https://recipe1.ezmember.co.kr/cache/recipe/2022/07/19/8d1cce0024f7ab704001602df86b70081.jpg?w=1000,초급,2인분,15분 이내,,,,
7075861,https://www.10000recipe.com/recipe/7075861,집에서도 고급 한우 육회 맛있게 만드는 법,신선한 소고기로 만드는 육회는 집에서도 어렵지 않게 즐길 수 있는 한식 메뉴입니다. 오늘은 고소하고 감칠맛 가득한 한우 육회 만드는 레시피 알려드릴게요.,https://recipe1.ezmember.co.kr/cache/recipe/2026/05/08/0d1b56c0ac658ec1dd5fc244b9c5f67c1.jpg?w=1000,아무나,4인분,30분 이내,,,,
7014484,https://www.10000recipe.com/recipe/7014484,NO밀가루! 감자치즈호떡 아이들 간식으로 딱 좋아요.,포실포실 감자반죽에 치즈를 넣어 구워서 쫀득하고 고소한 감자치즈호떡! 간식으로 만들기 좋아요^^,https://recipe1.ezmember.co.kr/cache/recipe/2023/11/27/06d71f75e9075d79d4adb79ac07293561.png?w=1000,아무나,2인분,15분 이내,,,,
6984423,https://www.10000recipe.com/recipe/6984423,간단하고 맛있게 대파소시지달걀볶음밥 만들기,집에 있는 간단한 재료로 한그릇 뚝딱 하게 만드는 대파소시직달걀볶음밥 만들기입니다.,https://recipe1.ezmember.co.kr/cache/recipe/2022/07/29/31999a0cda68a69c9ae8efbac98811111.jpg?w=1000,아무나,1인분,10분 이내,,,,
6946282,https://www.10000recipe.com/recipe/6946282,깐풍기맛 나는 깐풍두부!,집에 있는 재료로 뚝~딱~ 만들어낼 수 있는 깐풍기 맛 깐풍두부!! 밥 반찬으로도 너무 좋고 술 안주로도 너무 좋은 요리랍니다~,https://recipe1.ezmember.co.kr/cache/recipe/2020/11/12/9b92389633c738731e0b6a328540abfb1.jpg,아무나,2인분,10분 이내,,,,
7070354,https://www.10000recipe.com/recipe/7070354,실패없는 무생채 레시피,바로 먹어도 맛있는 무생채 레시피입니다!,https://recipe1.ezmember.co.kr/cache/recipe/2026/01/23/db17cd14b9246c66c1b05b6219bbffbd1.jpg?w=1000,아무나,4인분,5분 이내,,,,
7025912,https://www.10000recipe.com/recipe/7025912,토마토 달걀볶음/방울토마토,상큼한 토마토와 달걀이 의외로 잘 어울리고 포만감 있어 식단 관리로 공복감을 채울 수 있는 든든한 한 끼가됩니다.,https://recipe1.ezmember.co.kr/cache/recipe/2024/05/08/93819677da57219a5ef609ef52f164851.jpg,초급,1인분,15분 이내,,,,
6933760,https://www.10000recipe.com/recipe/6933760,♥[신혼밥상] 팽이버섯 덮밥,"10분 레시피! 1,000원의 행복! 간단한데 맛까지 있음 100점 ^---^ 한그릇 팽이버섯 덮밥 함께해요~",https://recipe1.ezmember.co.kr/cache/recipe/2020/06/03/4f573fef12f96ef7576c9d0f9603e1b51.jpg?w=1000,아무나,1인분,10분 이내,,,,
6915088,https://www.10000recipe.com/recipe/6915088,밥도둑 반찬 고추장 달걀조림 만들기!TV 알토란 레시피,평소 간장을 베이스로 한 계란장조림을 만들어 먹는 편인데요. TV알토란에서 고추장을 베이스로 계란 장조림을 만들길래 저도 만들어 봤는데 우왕! 진짜 맛있어요. 뜨끈한 밥에 비벼 먹으니 밥도둑이 따로 없네요^^,https://recipe1.ezmember.co.kr/cache/recipe/2019/07/01/097a119634a9657ee34d81b011a97b131.jpg?w=1000,아무나,3인분,20분 이내,,,,
7013562,https://www.10000recipe.com/recipe/7013562,새송이버섯볶음 간장버섯조림 어린이 밑반찬,새송이버섯을 한번 볶은 후 간장에 조려주면 버섯 한봉지 순삭! 버섯에 넣은 칼집으로 쫄깃함이 배가 되어 아이들도 잘 먹는 밑반찬입니다! 꼭 만들어보세요 :),https://recipe1.ezmember.co.kr/cache/recipe/2023/11/14/ec47f478f8f7e5f900df69bedc108cb41.jpg,아무나,2인분,20분 이내,,,,
4030952,https://www.10000recipe.com/recipe/4030952,아삭아삭한 고추된장박이,아삭아삭 밥도둑 고추된장박이 만드는법,https://recipe1.ezmember.co.kr/cache/recipe/2015/04/22/a673e92121f268ea47ea5212bcbde4891.jpg,,15분 이내,아무나,,,,
6907091,https://www.10000recipe.com/recipe/6907091,초간단 5분반찬!아삭아삭 '고추쌈장무침',고추는 그냥 쌈장에 찍어 먹어도 맛있지만 양념을 가미해 무쳐 드셔도 맛있답니다.오늘은 초간단 5분 반찬!아삭아삭한 식감이 참 좋은 '고추쌈장무침'레시피를 소개할께요.,https://recipe1.ezmember.co.kr/cache/recipe/2019/02/21/003c9a280159b3ddc1f473b7077501ec1.jpg,아무나,2인분,5분 이내,,,,
7065112,https://www.10000recipe.com/recipe/7065112,한끼 식사로 너무 맛있는 베이컨볶음밥,베이컨은 매번 감자와 볶아서 밑반찬으로 먹었는데 오늘은 특별하게 한끼 식사로 베이컨볶음밥을 맛있게 만들어 보았습니다 . 대파를 듬뿍 넣어서 대파향이 가득한 베이컨볶음밥을 소개합니다.,https://recipe1.ezmember.co.kr/cache/recipe/2025/10/25/54cc4be8030a23338201cb79fefcd28b1.jpg?w=1000,초급,4인분,30분 이내,,,,
7006608,https://www.10000recipe.com/recipe/7006608,애호박새우살볶음 한끼반찬 초스피드요리,초스피드요리 애호박새우살볶음입니다.,https://recipe1.ezmember.co.kr/cache/recipe/2023/07/21/dc0f6123a2ebfd3aa8753a773d8b12521.jpg?w=1000,초급,4인분,10분 이내,,,,
6843136,https://www.10000recipe.com/recipe/6843136,달콤 짭조름♡ 떡 베이컨 간장조림♡,간단하니 맛있는 반찬! 아주 쉬워요 : ),https://recipe1.ezmember.co.kr/cache/recipe/2016/02/16/d74c6731fce3dc72c5579b24083185f11.jpg?w=1000,아무나,3인분,5분 이내,,,,
7006705,https://www.10000recipe.com/recipe/7006705,알배추 두부참치롤 도리돌돌 말면 한입컷,먹으면서 살 빼는 다이어트 전인 알배추 두부참치롤을 여러분들께 소개해드리려고 해요. 반찬으로도 좋고 메인으로도 드셔도 좋으니 참고해서 만들어보세요:),https://recipe1.ezmember.co.kr/cache/recipe/2023/07/24/ddebf135612ea68fcb52b079feb8930d1.jpg,아무나,1인분,15분 이내,,,,
7040785,https://www.10000recipe.com/recipe/7040785,[스팸마요덮밥] 업그레이드 비법소스로 간단히 만드는 한끼식사 | 신혼밥상,남편이 좋아하는 스팸으로 기존 스팸마요덮밥과 다르게 업그레이드 버전으로 준비했어요~,https://recipe1.ezmember.co.kr/cache/recipe/2024/12/17/21fe8a850e11c9c7c1a77e6186628bbf1.jpg,아무나,2인분,20분 이내,,,,
7055913,https://www.10000recipe.com/recipe/7055913,레몬들기름오이국수,국수와 오이만 있음 간단하게 만들수 있는 레몬들기름오이국수예요. 소스에 레몬즙을 넣어 상큼하고 들깻가루와 들기름 넣어 고소해요. 오이를 달콤 짭짭하게 절여 국수와 함께 하면 식감도 좋아요. 습하구 더운 여름에 상큼하게 먹음 좋을거 같아요.,https://recipe1.ezmember.co.kr/cache/recipe/2025/06/21/4c60c36cc8f764c108cd4b31fa4c34ba1.jpg?w=1000,아무나,1인분,30분 이내,,,,
7045536,https://www.10000recipe.com/recipe/7045536,<다이어트 건강식> 초간단 양배추 닭가슴살 덮밥,건강한 다이어트 식단 재료 중 대표적인 닭가슴살과 양배추로 빠르고 간단하게~ 거기다 맛있게 드실 수 있어요^^,https://recipe1.ezmember.co.kr/cache/recipe/2025/02/20/a8ecdfeb81d4ba604c2ca7a3c7bddf601.jpg?w=1000,아무나,1인분,5분 이내,,,,
7011685,https://www.10000recipe.com/recipe/7011685,베이컨 떡말이 어린이 간식 간단 술안주,"쫄깃한 식감의 떡과 짭쪼롬한 베이컨의 조합은 그야말로 최고입니다! 아이들 간식으로도 좋고 어른들 술안주로도 좋은 베이컨 떡말이, 간단 레시피로 즐겨보세요 :)",https://recipe1.ezmember.co.kr/cache/recipe/2023/10/16/4b62a4b043de0702bbfa168967be6cb71.jpg,아무나,2인분,20분 이내,,,,
7007197,https://www.10000recipe.com/recipe/7007197,구운 참치 간장 주먹밥 레시피 / 아이들 입맛 저격! 자취생도 해먹기 좋은 초간단 주먹밥,"아이들 입맛 저격은 물론, 바쁘게 살아가는 현대인 아침식사로도 좋은 구운 참치 간장 주먹밥 레시피 알려드리려고 해요. 재료도 간단하고 만드는 방법도 쉬워 요리 초보도 쉽게 만들 수 있습니다!!",https://recipe1.ezmember.co.kr/cache/recipe/2023/08/02/822e4cbfee2feb8a526016be8033a3501.jpg?w=1000,아무나,1인분,10분 이내,,,,
7028655,https://www.10000recipe.com/recipe/7028655,참기름 스팸김치볶음 레시피,참기름 스팸김치볶음 레시피 입니다.,https://recipe1.ezmember.co.kr/cache/recipe/2024/06/19/8eb3842278b074a4c42df9abb04444cf1.jpg?w=1000,아무나,6인분 이상,30분 이내,,,,
6957535,https://www.10000recipe.com/recipe/6957535,[마늘종볶음]단짠단짠 자꾸만 손이가요~,알토란에서 소개된 이보은님의 레시피 입니다~ 중요한 3가지 양념의 순서만 지켜주면 누가 해도 똑 같은 맛을 낼수 있답니다^^ 아삭하고 푸릇푸릇한 마늘종볶음 간단하게 만들어 보세요~,https://recipe1.ezmember.co.kr/cache/recipe/2021/04/28/b5b240a7490c8be73852f1a7563d352d1.jpg?w=1000,아무나,3인분,20분 이내,,,,
7033948,https://www.10000recipe.com/recipe/7033948,햄 감자채볶음 만드는법,아이들반찬으로 간단하게 만들기 좋은 감자채볶음을 스팸을 넣고 고소하고 짭조름하게 볶았어요,https://recipe1.ezmember.co.kr/cache/recipe/2024/09/06/3f9565ae696e4ecebed9ea126d114a3e1.png?w=1000,초급,2인분,20분 이내,,,,
7052506,https://www.10000recipe.com/recipe/7052506,레드벨벳 슬기님의 컴백 전 관리비결!,요 레시피 레드벨벳 슬기님이 자주 해먹으신다는 레시피인데 짝꿍이 먹어보더니 불고기 같대요~,https://recipe1.ezmember.co.kr/cache/recipe/2025/05/12/ddc7435df7bf81f8c955e50e998f53c91.jpg?w=1000,아무나,1인분,10분 이내,,,,
6995956,https://www.10000recipe.com/recipe/6995956,생일상으로 딱 <하트맛살전> : 사랑하는 마음을 담아서 짜란,"사랑하는 사람을 위해 만들어보는 하트맛살전 어떤가요? 매번 먹는 평범한 전 말고, 특별한 전으로 사랑을 전해보세요.",https://recipe1.ezmember.co.kr/cache/recipe/2023/01/25/4dc0df4cfd3c4484e9d3ac7915bdfef51.jpg,중급,2인분,60분 이내,,,,
6840157,https://www.10000recipe.com/recipe/6840157,자취라이프 평범한 단무지도 양념에 무쳐서 맛있게 먹자,중국집에서 배달을 시켜 먹었는데 오랜만에 먹으니 단무지도 맛있더라구요~ 그래서 단무지 1팩 구매해서 새콤달콤하게 무쳐 먹었어요,https://recipe1.ezmember.co.kr/cache/recipe/2015/12/14/39c560f4656689bddf0d442da8461ded1.jpg,초급,3인분,10분 이내,,,,
7075993,https://www.10000recipe.com/recipe/7075993,열무나물 된장무침 만드는법,텃밭에서 직접 키운 열무 ! 열무 된장 나물 만들어보았어요 ~,https://recipe1.ezmember.co.kr/cache/recipe/2026/05/11/d83f634b12ede662e2a381e00d6dbf0c1.jpg,아무나,4인분,10분 이내,,,,
6918934,https://www.10000recipe.com/recipe/6918934,갈릭마요새우 간단히 만들어 먹는 술안주!,갈릭마요새우,https://recipe1.ezmember.co.kr/cache/recipe/2019/09/09/fb2e3be1f7b8b2512551142ac802f28b1.jpg,아무나,2인분,15분 이내,,,,
6830616,https://www.10000recipe.com/recipe/6830616,배추 된장 들깨무침,짜지않고 담백한 배추 된장 들깨무침~,https://recipe1.ezmember.co.kr/cache/recipe/2015/07/24/2c6c4f254ed62c12403dc3b4acd1d6551.jpg,초급,2인분,15분 이내,,,,
7048782,https://www.10000recipe.com/recipe/7048782,삼겹살 싸 먹기 좋은 봄동 겉절이,봄이 되면 봄동 안 먹고 봄맞이했다는 소리가 무색해질만큼 많이 식탁에 많이 오르는 봄동 요리! 액젓 넣고 새콤달콤하게 무친 봄동 겉절이도 인기 메뉴이죠.,https://recipe1.ezmember.co.kr/cache/recipe/2025/03/29/3e11e75b2711fcf78bdb597edf49a4cc1.jpg,초급,4인분,15분 이내,,,,
7003451,https://www.10000recipe.com/recipe/7003451,"간단하게 만드는 밥도둑, 팽이버섯두부조림",지글지글 밥도둑 팽이버섯두부조림 팽이버섯 특유의 식감과 두부의 부드러운 맛이 만나 밥도둑이 됐어요. 팽이버섯과 두부를 함께 먹어도 좋고 따로 먹어도 맛있는 팽이버섯두부조림 이게 밥도둑 아닐까요?,https://recipe1.ezmember.co.kr/cache/recipe/2023/06/05/675544d0a4e97359ee7623cb4513dbca1.jpg?w=1000,아무나,2인분,20분 이내,,,,
6992944,https://www.10000recipe.com/recipe/6992944,다이어트 식단 표에 넣기 좋은 원팬 양파 볶음밥,양파만으로 고소한 맛을 낼 수 있습니다. 다이어트 식단 표에 넣기도 좋은 음식입니다. 생양파를 볶으면 달달해지는 맛이 좋습니다. 양파의 영양성분은 성인병 예방에도 도움이 됩니다.,https://recipe1.ezmember.co.kr/cache/recipe/2022/11/30/59e2990d72d83f54f47d9f858d6146ff1.jpg,아무나,2인분,10분 이내,,,,
6875304,https://www.10000recipe.com/recipe/6875304,고소하고 향긋한 깻잎들깨볶음,고소하고 향긋한 깻잎들깨볶음,https://recipe1.ezmember.co.kr/cache/recipe/2017/08/24/0e9fc3d5791ffb44a852e57188b361341.jpg,초급,2인분,15분 이내,,,,
7011840,https://www.10000recipe.com/recipe/7011840,간단 콩나물반찬 콩나물요리 매운 콩나물무침 빨간 콩나물무침,아삭 아삭한 식감은 살리고 콩나물 특유의 비린내는 완벽하게 잡은 국민반찬 매운 콩나물무침입니다^^*,https://recipe1.ezmember.co.kr/cache/recipe/2023/10/19/bb92de2712b1e63d8fed771b4affd9891.jpg,초급,3인분,15분 이내,,,,
6981985,https://www.10000recipe.com/recipe/6981985,다이어트 식단 브로콜리 두부무침 만드는 법,"요즘 염분이 높은 음식을 너무 먹은 거 같아 건강한 식단을 곁들어 봅니다. 다이어트 식단으로도, 아이 음식으로도 너무나 좋은 브로콜리 두부무침 레시피입니다.",https://recipe1.ezmember.co.kr/cache/recipe/2022/06/21/eb4d9db8fdd7fd1d1fb2eb718e8609bb1.jpg,초급,4인분,30분 이내,,,,
6897383,https://www.10000recipe.com/recipe/6897383,스팸 돈부리덮밥!반찬이 필요없는 초간단 한그릇 요리,집에 스팸이 많이 있어서 스팸 돈부리덮밥을 만들어 봤어요! 반찬이 필요없이 한끼 맛있게 해결할수 있어 좋아요,https://recipe1.ezmember.co.kr/cache/recipe/2018/10/08/1425b54008417baec4cf781ab54bc94c1.jpg,아무나,2인분,2시간 이상,,,,
7004960,https://www.10000recipe.com/recipe/7004960,"밀가루 없이 두부도우로 피자만들기, 두부피자",다이어트 중 피자가 먹고 싶을 때 빵 대신 두부를 이용해 피자를 만들어 보세요. 담백하고 맛있는 두부 피자를 맛볼 수 있어요.,https://recipe1.ezmember.co.kr/cache/recipe/2023/06/29/f95b5d248bae9cd1f50ea853df7cfdf21.jpg?w=1000,아무나,3인분,30분 이내,,,,
6978378,https://www.10000recipe.com/recipe/6978378,♥[신혼밥상]오독오독 매운팽이버섯,먹방계 핫 메뉴! 오독오독 역대급 맛있는 소리 보기만해도 상상만해도 군침 질질 밥도둑 술도둑이 따로 없는 매운팽이버섯조림 맛이 궁금하면 윤블리네로 오세요,https://recipe1.ezmember.co.kr/cache/recipe/2022/04/25/9d17b995ff5c95f7760b56eaeb95caec1.jpg?w=1000,아무나,2인분,10분 이내,,,,
6951564,https://www.10000recipe.com/recipe/6951564,간단하게 맛난 반찬 만들기 '베이컨 버섯볶음',베이컨과 버섯의 만남! 그사이에 양파까지! 간단하게 맛있는 반찬을 만들어보아요! 맥주 안주로도 좋답니다ㅎㅎ,https://recipe1.ezmember.co.kr/cache/recipe/2021/01/20/fe2043bd8a9471a57829286754cf21581.jpg,아무나,2인분,15분 이내,,,,
7071744,https://www.10000recipe.com/recipe/7071744,마늘아몬드조림 레시피,"마늘과 아몬드를 좋아하신다면, 이 간식은 당신을 위한 것입니다. 빠르고 간단하죠 :)",https://recipe1.ezmember.co.kr/cache/recipe/2026/02/16/4342442d89c8072d42484db9609bd57a1.png,아무나,4인분,20분 이내,,,,
6991245,https://www.10000recipe.com/recipe/6991245,참치양파볶음 (초간단 초스피드 반찬 레시피),참치캔 하나로 뚝딱뚝딱 만들어낸 초간단 초스피드 반찬입니다 적당한 간에 밥과 함께 먹기 너무 좋았습니다,https://recipe1.ezmember.co.kr/cache/recipe/2022/11/07/9535d24c26bb6f81b0b2e86b42bcde0d1.jpg?w=1000,아무나,4인분,5분 이내,,,,
7030095,https://www.10000recipe.com/recipe/7030095,매운 어묵볶음 어묵 요리 맛있게 만들기,어묵으로 매운 어묵 볶음 간단히 만들어요. 매운맛과 단맛이 어우러져 반찬으로 최고입니다.,https://recipe1.ezmember.co.kr/cache/recipe/2024/07/09/4879f48da3cd86ef33550eab1d7fc8e31.jpg,초급,2인분,10분 이내,,,,
6913952,https://www.10000recipe.com/recipe/6913952,목우촌 집반찬 간편요리 마늘쫑 소시지 볶음,"우리아이가 달라졌어요!! 야채라면 괴물만큼 싫어하는 우리아이, 마늘쫑에다 프라임 소시지를 넣고 같이 볶아주었더니 단짠단짠 ""마늘쫑 소시지 볶음""에 빠져버렸네요~ 어른이한테도 맛있는 밥도둑~~함께 즐겨보실래요?",https://recipe1.ezmember.co.kr/cache/recipe/2019/06/14/2ae25e1a390e94b56ff92db993bb67d01.jpg?w=1000,초급,2인분,30분 이내,,,,
7071098,https://www.10000recipe.com/recipe/7071098,토마토 이렇게 먹으니 진짜 맛있어요. 토마토마리네이드,상큼한 토마토에 올리브오일 향이 어우러진 마리네이드는 가볍게 먹기 좋은 한 접시지만 영양 가득한 다이어트 요리로 식탁 분위기를 확 살려주는 메뉴예요. 구운 고기나 생선 옆에 곁들이면 느끼함을 싹 잡아주고 바게트에 올려 브루스케타로 활용해도 좋아요.,https://recipe1.ezmember.co.kr/cache/recipe/2026/02/03/511f45d0dc357af977b4564446c425541.jpg?w=1000,아무나,6인분 이상,30분 이내,,,,
6997077,https://www.10000recipe.com/recipe/6997077,양배추오믈렛..,간단하게 한끼식사로 먹을수 있는 양배추오믈렛... 담백한게 맛있어요.,https://recipe1.ezmember.co.kr/cache/recipe/2023/02/15/ae25d353c17492c998228a5d84c8dc0b1.jpg?w=1000,아무나,1인분,5분 이내,,,,
6962486,https://www.10000recipe.com/recipe/6962486,[다이어트요리] 새싹 두부 비빔밥 만드는 법,간단하게 다이어트식으로 만든 새싹두부비빔밥이에요.,https://recipe1.ezmember.co.kr/cache/recipe/2021/07/29/5164c0264924697500f2c0906dbab0101.jpg,아무나,1인분,15분 이내,,,,
7018922,https://www.10000recipe.com/recipe/7018922,"크래미에 깻잎을 말아 구운 향긋한 전요리, 크래미깻잎전",크래미와 깻잎으로 만드는 맛있는 반찬 향긋한 매력이 있는 크래미깻잎전 크래미를 깻잎으로 돌돌 말아주고 계란물 입혀 노릇하게 구워주면 끝 향긋한 깻잎향과 색감까지 침샘을 자극하는 맛있는 반찬이에요.,https://recipe1.ezmember.co.kr/cache/recipe/2024/01/30/fd46ceb3b81b2b62b77b43c80ee2d4221.jpg?w=1000,아무나,2인분,15분 이내,,,,
7046232,https://www.10000recipe.com/recipe/7046232,<다이어트 건강식>초간단 순두부 계란찜,*단백질 폭탄 영양 만점~ 한 끼 식사! *불 필요없이 전자레인지로 초간단 레시피,https://recipe1.ezmember.co.kr/cache/recipe/2025/02/28/4c823434b94bd74b14e82cbe31649bdd1.jpg?w=1000,아무나,1인분,10분 이내,,,,
7017649,https://www.10000recipe.com/recipe/7017649,다이어트식으로 딱 알배추 두부말이구이,포만감이 있어서 다이어트할때 먹기에도좋아요 밥대신먹어도 아쉽지않은 배부름을 느낄수있는 요리입니다,https://recipe1.ezmember.co.kr/cache/recipe/2024/01/12/050cd27f6cb135578288c9eafe7cf56e1.jpg?w=1000,초급,2인분,15분 이내,,,,
7002422,https://www.10000recipe.com/recipe/7002422,우삼겹콩나물국 레시피,얼큰~하게 속풀고 싶을때 딱인 우삼겹콩나물국 레시피!!우삼겹대신 차돌박이 넣어도 쫀맛!! 해장국으로도 딱이에여,https://recipe1.ezmember.co.kr/cache/recipe/2023/05/18/2b54a0bddce6c3c21f2834581f89019c1.jpg,아무나,3인분,20분 이내,,,,
7030132,https://www.10000recipe.com/recipe/7030132,대패 제육볶음 레시피 대패삼겹살 돼지 대패 두루치기,"매일 먹어도 질리지 않는 주기적인 수혈이 꼭꼭 필요한 제육볶음입니다. 얇은 대패삼겹살로 볶아 간이 쏙 배어 더 부드럽고 맛있는 대패제육볶음, 간단하게 만들어 보세요 :)",https://recipe1.ezmember.co.kr/cache/recipe/2024/07/10/04bbba25ac8e8779eafb67735f756e8b1.jpg,아무나,4인분,30분 이내,,,,
7014608,https://www.10000recipe.com/recipe/7014608,"10분컷, 아보카도 간장와사비 계란밥","정말 간단한데 맛은 간단하지 않은! 다이어트 중인 분들, 식단 관리 중인 임산부, 임신성 당뇨가 있으신 분들이 간편하게 만들어 먹기 좋은 아보카도 간장와사비 계란밥 소개합니다♡",https://recipe1.ezmember.co.kr/cache/recipe/2023/11/29/b14f9ee042cc52e9e81969c4ed51b93c1.jpg?w=1000,아무나,1인분,10분 이내,,,,
6966445,https://www.10000recipe.com/recipe/6966445,파프리카달걀볶음:초간단 저탄고지 다이어트 단백질식사,토마토가 없어 토달볶대신 만든 파달볶,https://recipe1.ezmember.co.kr/cache/recipe/2021/10/06/36cb806316fc9049dfe091d61f9f5bd21.jpg,아무나,1인분,10분 이내,,,,
7043912,https://www.10000recipe.com/recipe/7043912,브로콜리 두부 무침 맛있게 만드는 법,명절 동안 살 찔 음식들을 먹었으니까 이제 건강한 음식을 만들어서 또 먹어야죠! 두부랑 브로콜리는 건강식으로도 다이어트 음식으로도 너무 좋은 음식이죠!! 두부랑 브로콜리는 건강하게 먹을려고 마트에 가면 항상 사 가지고 와서 쟁여 놓고 먹고 있어요. 브로콜리 두부 무침은 아이들 반찬으로도 좋고 어른들 건강식으로도 넘 좋은 음식이에요!! 언제 먹어도 너무 맛있어요 ㅎㅎ,https://recipe1.ezmember.co.kr/cache/recipe/2025/02/03/5ecd5036cc3a4303fd3a86eebcd10b161.jpg,아무나,2인분,30분 이내,,,,
6983042,https://www.10000recipe.com/recipe/6983042,쪽파계란말이 만들기-딸에게#,,https://recipe1.ezmember.co.kr/cache/recipe/2022/05/29/1bad148c152573a6aa41b74041da3faf1.jpg,,,,,,,
6895591,https://www.10000recipe.com/recipe/6895591,쫄깃하고 맛있는 두부볶음 레시피!다이어트 요리로도 좋아요,다이어트 할때 두부를 많이 드시는데요! 두부를 고기처럼 쫄깃하게 구워내 양념으로 볶아주시면 참 맛있답니다!,https://recipe1.ezmember.co.kr/cache/recipe/2018/09/10/52e034a51820107820b9e3aba28717bd1.jpg,초급,2인분,30분 이내,,,,
6952025,https://www.10000recipe.com/recipe/6952025,무볶음 만들기,반찬하기 귀찮을때 달달한 무를가지고 볶아보세요 들기름과의 조합이 최고예요,https://recipe1.ezmember.co.kr/cache/recipe/2021/01/26/bf9e787e1184da601ff0e739759c2c9c1.jpg?w=1000,아무나,2인분,5분 이내,,,,
7009241,https://www.10000recipe.com/recipe/7009241,매콤오이채무침 레시피 한끼반찬 오이요리,매콤하고 일이 깔끔해지는 오이채무침 알려드릴께요,https://recipe1.ezmember.co.kr/cache/recipe/2023/09/02/1924de43370bfc30cfa5cc1acb2510211.jpg?w=1000,아무나,4인분,10분 이내,,,,
6877253,https://www.10000recipe.com/recipe/6877253,비엔나 만두 강정,만두 강정을 만드려다가 집에 비엔나소세지가 있어서 같이 만들어봤어요ㅎㅎ,https://recipe1.ezmember.co.kr/cache/recipe/2017/09/28/d445feff73d436cbea92af449c3f66ac1.jpg?w=1000,아무나,2인분,15분 이내,,,,
7019202,https://www.10000recipe.com/recipe/7019202,"41개월 유아반찬, 고구마베이컨볶음 레시피","41개월 유아반찬, 고구마베이컨볶음 레시피 입니다.",https://recipe1.ezmember.co.kr/cache/recipe/2024/02/03/9cf9f83c513c65d74baeeed30de03ea91.jpg?w=1000,아무나,4인분,30분 이내,,,,
6924130,https://www.10000recipe.com/recipe/6924130,쉽고간단한 시금치양파계란볶음!,겨울철 노지시금치와 양파에 계란을 넣어서 후다닥볶아보세요 쉽고간단하지만 영양반찬이자 다이어트식에도 좋은 레시피이네요,https://recipe1.ezmember.co.kr/cache/recipe/2019/12/27/258f7b445277ce15104c5a59ca2563501.jpg?w=1000,아무나,2인분,10분 이내,,,,
2399193,https://www.10000recipe.com/recipe/2399193,매콤하게 즐기는 새우당면 덮밥,매콤하고 탱글한 새우 식감이 좋은 새우당면 덮밥입니다.,https://recipe1.ezmember.co.kr/cache/recipe/2015/06/08/0d52cda0d7e6cb717a662f9cdbedb1c1.jpg,초급,2인분,30분 이내,,,,
7042590,https://www.10000recipe.com/recipe/7042590,시금치 오일 파스타 레시피,비타민과 식이섬유가 풍부한 시금치를 건강하고 맛있게 먹을 수 있는 요리를 고민하다가 만든 온 가족이 맛있게 먹을 수 있는 시금치 오일 파스타입니다.,https://recipe1.ezmember.co.kr/cache/recipe/2025/01/14/026a44cf914118863b30c64d287584461.jpg?w=1000,초급,2인분,30분 이내,,,,
7070355,https://www.10000recipe.com/recipe/7070355,백종원 감자채 당근볶음 쉬운 7월제철 밑반찬,부드럽고 너무 맛있는 감자채볶음 만들기 해 볼게요.,https://recipe1.ezmember.co.kr/cache/recipe/2026/01/23/9bfb27ea8d32e5ee6d88e5137595c1d91.jpg,아무나,4인분,10분 이내,,,,
7018178,https://www.10000recipe.com/recipe/7018178,유아반찬~굴소스어묵소세지볶음!,"유아,어린이들이 좋아하는 어묵과 소세지로 간단하게 조림반찬 만들어봤어요",https://recipe1.ezmember.co.kr/cache/recipe/2023/12/28/4bcd45b6609b8ff56f5d87120759b7e21.jpg?w=1000,아무나,4인분,15분 이내,,,,
6910706,https://www.10000recipe.com/recipe/6910706,재료도 방법도 초간단! 떠먹는 치즈감자,"출출한 늦은 저녁, 왕창 사놓은 감자를 보고 치즈감자를 해먹어 볼까 생각해서 만들어 먹어보았는데 생각보다 너무 맛있어서 올려용 :))",https://recipe1.ezmember.co.kr/cache/recipe/2019/04/18/e8f27404007d739404a1329973aacaba1.jpg?w=1000,아무나,2인분,20분 이내,,,,
6955413,https://www.10000recipe.com/recipe/6955413,메추리알은 곤약 하고 졸여야~ 맛있어용~ 쫀득쫀득 곤약이 일품~,횟집 갔다가 서브 메뉴로 나오는 메추리알 곤약조림 맛보곤 ... 완전 반해 버렸죠~ 그래서 한번 만들어 봤는데~ 역시나 맛있음~,https://recipe1.ezmember.co.kr/cache/recipe/2021/03/18/fec04e98eb62b482b03aecc87de6cbcf1.jpg?w=1000,아무나,6인분 이상,20분 이내,,,,
6897374,https://www.10000recipe.com/recipe/6897374,꿀마늘 닭강정(아이들 단골메뉴 찜♡♡),닭봉조림 하나만 해 놓으면 아이들 밥상~~ 그냥 끝나죠!!밥투정하는 아이들도 양손에 쥐고 뜯게되는 닭봉조림~ 건강을 생각해서 꿀과 마늘 듬뿍넣어봤어요 굿입니다^^,https://recipe1.ezmember.co.kr/cache/recipe/2018/10/07/da4e0452ac3bd20bb0528f4abc1211881.jpg?w=1000,초급,4인분,30분 이내,,,,
6885909,https://www.10000recipe.com/recipe/6885909,【간단반찬】꽈리고추 햄볶음 만들기~,단짠 밥도둑 꽈리고추 햄볶음 이에요~:-) 완전 쉬워서 아무나 하실수 있는 초간단 방법이에용~^~^,https://recipe1.ezmember.co.kr/cache/recipe/2018/03/22/779982ef4e8f9c32c472297e632789a91.jpg?w=1000,아무나,3인분,10분 이내,,,,
6846168,https://www.10000recipe.com/recipe/6846168,초간단 럭셔리요리@ 매콤참치퀘사디아,밖에서 사먹으려면 기본 2만원인 퀘사디아ㅠ 하지만 집에서 전자렌지로 초간단하면서도 더 맛나게 만들어먹을 수 있어요^.^,https://recipe1.ezmember.co.kr/cache/recipe/2016/04/08/8448b043b2e1eb6cb55041b0bffb1a281.jpg,아무나,2인분,5분 이내,,,,
7002427,https://www.10000recipe.com/recipe/7002427,돼지고기감자조림 밥통이 거덜날 수 있어요,자박자박 매~콤~한 국물에 푹 익힌 감자와 야들야들 부드러운 돼지고기..... 밥 한그릇 갖고는 도저히 안되는 레시피랍니다.. ㅎㅎ 다이어트 중이시라면 가급적 피해주세요~!,https://recipe1.ezmember.co.kr/cache/recipe/2023/05/18/4234f3ed2df974b3458adf7aef4b1fc51.jpg?w=1000,아무나,3인분,20분 이내,,,,
7057107,https://www.10000recipe.com/recipe/7057107,카레크림파스타 | 카레 향이 나는 느끼하지 않은 크림 스파게티,크림 파스타에 카레를 넣어 느끼하지 않고 한국인의 입맛에 딱 맞는 레시피~ 아이들도 좋아해요,https://recipe1.ezmember.co.kr/cache/recipe/2025/06/30/2c0a8e13795f98945d2b01ab96f133a71.jpg?w=1000,초급,2인분,30분 이내,,,,
7073666,https://www.10000recipe.com/recipe/7073666,초간단 어묵국,"초간단 어묵국은 물,무,어묵만 넣고 짧게 끓여줍니다.간단히 끓여 아침에 가볍게 먹기 좋아 요.부부공감 레시피 참고",https://recipe1.ezmember.co.kr/cache/recipe/2026/03/26/9a0fedca1ab6104e48cb2e656af015f61.jpg?w=1000,초급,3인분,15분 이내,,,,
7032079,https://www.10000recipe.com/recipe/7032079,감자꽈리고추조림 밥통 거덜내는 무시무시한 저녁반찬,감자가 맛난 계절 꽈리고추 넣어 맛있게 졸여보세요~ 이건 정말 말이 필요 없어지는 맛입니다.. 밥 한숟가락에 감자 꽈리고추 넣어 왕~~ 정말 맛있어요 ㅠㅠ,https://recipe1.ezmember.co.kr/cache/recipe/2024/08/08/fa7f51b62545d1c53c2e70d9006e8c5a1.jpg?w=1000,아무나,2인분,15분 이내,,,,
6959420,https://www.10000recipe.com/recipe/6959420,톡 쏘는 맛이 매력인 새콤달콤 닭고기 냉채 : 더워서 입맛 없을 때 무조건 이 메뉴!,더운 날씨에 지칠 땐 톡 쏘는 겨자 맛이 참 매력있는 것 같아요. 맛있는 드레싱으로 샐러드를 더 맛있게 드세요:),https://recipe1.ezmember.co.kr/cache/recipe/2021/05/20/e8b97435ea177a627fc46312cd6c9f501.jpg,아무나,1인분,10분 이내,,,,
6984643,https://www.10000recipe.com/recipe/6984643,콜레스테롤 수치를 낮춰주는 초간단 양파 간장 볶음 만드는 법,생양파는 맵기도 하고 냄새도 많이 나지만 이렇게 살짝 볶아서 드시면 단맛은 올라가고 매운맛은 없어지더라고요 양파의 효능은 항산화 작용과 혈중 콜레스테롤 수치를 낮춰주는 효능을 가지고 있어요 나이가 드니 건강 걱정이 많이 지더라고요ㅎㅎ 건강할 때 지키는 게 건강이니까 평소에 음식으로 챙기면 좋을 것 같아요 많이 먹으면 혈관이 깨끗해진다고 하니 간단한 조리법으로 맛있는 양파 볶음 많이 해 드세요,https://recipe1.ezmember.co.kr/cache/recipe/2022/08/02/a6049fba946708404df5a83ab7c34bd41.jpg,아무나,4인분,5분 이내,,,,
7007710,https://www.10000recipe.com/recipe/7007710,두부소보로덮밥 고소해서 자꾸 먹고 싶어지는 맛,쌀밥 위에 볶아 만든 음식을 얹어먹는 일본 요리 중 하나로 포만감도 있고 담백하고 고소해서 든든하고 건강한 한 끼를 즐길 수 있어요.,https://recipe1.ezmember.co.kr/cache/recipe/2023/08/09/b8cebd17de07a08ef3e1bd46c03fd2941.jpg,아무나,1인분,10분 이내,,,,
6975337,https://www.10000recipe.com/recipe/6975337,순두부찜 (다이어트음식에 아주 좋은 순두부요리),야식으로도 너무 좋은 순두부찜을 소개합니다 따뜻하게 차갑게 취향에 맞게 먹을 수 있어 아주 좋습니다,https://recipe1.ezmember.co.kr/cache/recipe/2022/03/02/6b7004cb211e4a6e2e737a82efda24d21.jpg?w=1000,초급,3인분,10분 이내,,,,
7035098,https://www.10000recipe.com/recipe/7035098,새콤달콤 무생채 레시피 아삭한 무생채 만드는 법,채썰은 무로 새콤달콤 매콤한 양념에 무쳐내면 별다른 절임 과정 없이도 무로 만드는 김치가 뚝딱 만들어진답니다. 여름 무는 매운맛이 더하며 수분이 다소 적어 가을겨울무에 비해 맛이 떨어지지만 그래도 사계절 내내 요리를 하고 남은 무는 항상 맛있게 양념을 더해서 무채 김치로 만들어 맛있게 활용하곤 해요. 이제 9월이 오니 확실히 가을무 답게 무맛이 다르더라고요. 수분이 많고 단맛이 강한 가을 겨울무로 맛있는 생채 김치 만들어 보아요. 한번 만들어 놓으면 고기 등 메인 반찬과 곁들이기에도 꿀맛이고요. 비빔밥의 재료로 밥에 쓱쓱 비벼 먹기에도 좋지요. 풍부한 소화효소와 비타민C를 갖고 있는 무는 열에 가하지 않아야 그 영양소를 보다 많이 흡수시킬 수 있기 때문에 이렇게 생채 무침으로 맛있게 만들어 드셔보세요. 채 썰어 분량의 양념에 버무리기만 하면 뚝딱 누구나 맛있게 완성할 수 있는 레시피로 차근차근 소개해 드립니다.,https://recipe1.ezmember.co.kr/cache/recipe/2024/09/23/827cc44f1e13389efdf9b39d3d3c567e1.jpg,초급,6인분 이상,30분 이내,,,,
7075761,https://www.10000recipe.com/recipe/7075761,머위 나물 무침 만드는 법,봄이 되면 꼭 챙겨 먹어야 하는 건강한 제철 음식 바로 머위나물이예요,https://recipe1.ezmember.co.kr/cache/recipe/2026/05/06/a108b392d1b217d10e403b68e94b06fe1.jpg?w=1000,아무나,4인분,30분 이내,,,,
7074800,https://www.10000recipe.com/recipe/7074800,"바삭 달콤 밥도둑, 밥새우볶음으로 완성하는 초간단 후리카케 레시피","집에 흔히 있는 재료로 빠르게 만들 수 있으면서도 만족도가 높은 밑반찬, 밥새우볶음을 소개합니다. 고소하게 볶아낸 밥새우에 달콤하고 짭짤한 양념이 더해지면 밥 한 공기를 금세 비우게 되는 마성의 반찬이 완성됩니다. 특히 아이들도 거부감 없이 잘 먹는 메뉴라 가족 반찬으로 활용하기 좋고, 한 번 만들어두면 며칠 동안 간편하게 꺼내 먹을 수 있어 실용적입니다. 따뜻한 밥 위에 솔솔 뿌리면 후리카케처럼 활용할 수 있어 주먹밥이나 도시락 메뉴로도 손색이 없습니다.",https://recipe1.ezmember.co.kr/cache/recipe/2026/04/16/ffc96e63fb4a627be554e120679e5e831.jpg,초급,3인분,20분 이내,,,,
6894755,https://www.10000recipe.com/recipe/6894755,만물상에 소개된 불 없이 5분만에 만든 오징어채 황금 레시피!,만물상에 소개된 오징어채 레시피인데요!밑반찬으로 참 좋은 오징어채를 불 없이 전자렌지로 5분만에 뚝딱 만들어 봐요!,https://recipe1.ezmember.co.kr/cache/recipe/2018/08/25/16869b3c1cee4e82141bb3abe90d0be21.jpg,아무나,2인분,5분 이내,,,,
6990828,https://www.10000recipe.com/recipe/6990828,"5분 컷 세상 간단한 달걀요리, 우유달걀카레",맛있는 카레에 몽글몽글 달걀을 풀어준 부드러운 우유달걀카레 달걀과 우유를 섞어 부드럽게 만들고 카레에 솔솔 뿌려 익혀주면 호로록 넘어가는 달걀이 매력적인 카레가 돼요,https://recipe1.ezmember.co.kr/cache/recipe/2022/11/01/304b60c63348dde9cb5ff816551bbb751.jpg?w=1000,아무나,1인분,10분 이내,,,,
7039774,https://www.10000recipe.com/recipe/7039774,차돌박이떡볶음으로 즐기는 특별한요리,달콤하고 짭조름한 맛이 일품인 차돌박이 떡볶음입니다. 매운 거 못 드시는 분들은 한번 만들어 보세요.,https://recipe1.ezmember.co.kr/cache/recipe/2024/11/25/4d7ea408e7be3c61517900327fef74421.jpg?w=1000,아무나,2인분,20분 이내,,,,
6969794,https://www.10000recipe.com/recipe/6969794,♥[신혼밥상] 소시지양배추덮밥,배불배불 한그릇 뚝딱 이보다 간단할 순 없다. 아삭아삭 '위 건강' 양배추 단짠단짠 약간의 소스를 더해주면 초간단 맛있는 든든 한끼가 완성된답니다.,https://recipe1.ezmember.co.kr/cache/recipe/2021/11/15/981772755d6217d427c8479fe7d4c7b01.jpg?w=1000,초급,2인분,20분 이내,,,,
6952286,https://www.10000recipe.com/recipe/6952286,손님 초대용으로도 좋은 유산슬느낌 청경채부추새우덮밥,새우를 좋아하는 남편을 위한 건강식 청경채새우덮밥! 중국집보다 더 맛있게 냠냠 완성!,https://recipe1.ezmember.co.kr/cache/recipe/2021/01/28/a3e39623186a7cfa9bdb7c6e01c6fdd21.jpg?w=1000,초급,2인분,15분 이내,,,,
6918383,https://www.10000recipe.com/recipe/6918383,달콤한 양파속에 꼭꼭 숨은 닭가슴살,양파는 익히면 더 달콤해 지니까요~ 거기에 냉장고에 오밀조밀 남아있던 자투리 채소들도 듬뿍 닭가슴살까지 숨겨 넣었더니 다들 잘~ 먹어주네요^^,https://recipe1.ezmember.co.kr/cache/recipe/2019/08/29/1ce224af5aaad6a4f789f925760323fb1.jpg?w=1000,초급,4인분,20분 이내,,,,
6948513,https://www.10000recipe.com/recipe/6948513,"달콤 짭짤 고소, 입맛을 사로 잡는 '베이컨 덮밥'",달콤 짭짤한 소스와 계란이 만나 고소함을 더해 베이컨을 덮쳐!!!! 아주 맛있는 덮밥이 탄생했습니다^~^ 아주 간단하니 따라 해 보세요~,https://recipe1.ezmember.co.kr/cache/recipe/2020/12/12/5900b8818b79c4c11bf88b286aa091881.jpg,아무나,1인분,15분 이내,,,,
1802633,https://www.10000recipe.com/recipe/1802633,베이컨떡꼬치,쫄깃한 떡에 짭쪼름한 베이컨이 감싼 베이컨떡꼬치입니다. 꼬치로 만들어서 먹기도 쉽고 술안주로 안성맞춤인 꼬치요리입니다.,https://recipe1.ezmember.co.kr/cache/recipe/2015/06/08/4f5407219edb59ff69b9067672cfa380.jpg,초급,2인분,15분 이내,,,,
6891606,https://www.10000recipe.com/recipe/6891606,백종원의 부추 달걀 볶음,반찬 없을때 간단하게 해 먹을수 있는 부추 달걀 볶음입니다. 따로 반찬으로도 좋지만 밥위에 올려 덮밥을 만들어 봤습니다,https://recipe1.ezmember.co.kr/cache/recipe/2018/06/27/bbc059c608dd01cfa43ebcb45c1882a81.jpg,아무나,2인분,15분 이내,,,,
7040553,https://www.10000recipe.com/recipe/7040553,[매콤감자조림] 간단하고 매콤한 감자 요리 레시피 | 신혼밥상,남편은 매콤하고 자극적인 음식을 좋아하는 편이여서 매콤감자조림을 만들어봤어요~,https://recipe1.ezmember.co.kr/cache/recipe/2024/12/14/3a77206fcc1e4363c375642ee06271461.jpg,초급,4인분,30분 이내,,,,
6996297,https://www.10000recipe.com/recipe/6996297,고구마떡 고구마씨를 말릴 수 있는 위험한 레시피,집에 쌓인 고구마 이렇게 활용해보세요~,https://recipe1.ezmember.co.kr/cache/recipe/2023/02/02/41942668ad91ccfb305c4cab9dee030f1.jpg?w=1000,아무나,2인분,20분 이내,,,,
6887226,https://www.10000recipe.com/recipe/6887226,저칼로리 된장 참치 양배추롤 만들기 w. 한길식품,요즘 운동도 열심히 하고 식단 조절도 하려고 노력하고 있어요 매번 야채만 먹다가 이번엔 한길식품의 한된장을 이용해 양배추롤 만들기를했어요,https://recipe1.ezmember.co.kr/cache/recipe/2018/04/13/99c90fd70d5491753df543c6a7ed56d91.jpg,초급,3인분,60분 이내,,,,
6869017,https://www.10000recipe.com/recipe/6869017,【반전의맛】스팸 양배추 덮밥 만들기~,큰양배추 한통 샀더니 어마어마한 양에 내맘대로 후다닥 볶아 덮밥으로 해먹었는데 . . 시상에 의외의 반전~!!!핵꿀맛이에요~!!자주자주 해먹어야 겠어요ㅎㅎ,https://recipe1.ezmember.co.kr/cache/recipe/2017/04/26/78f62ae9ce3063eb2cc280e0c112a6ed1.jpg,아무나,1인분,10분 이내,,,,
6834258,https://www.10000recipe.com/recipe/6834258,초간단 연두부반찬,"초보 집밥요리, 초간단 초스피드 연두부반찬 만들기입니다.",https://recipe1.ezmember.co.kr/cache/recipe/2015/09/13/1a2d27dc33295f34df4e4bed6e6ed3ac1.jpg,아무나,1인분,5분 이내,,,,
7004418,https://www.10000recipe.com/recipe/7004418,참나물 된장무침 만들기,다시 돌아온 누구리 기록 겸 요리 코너 ​ 한번 만들고 나서 다음에 또 만들 때 가끔 제 기록을 보기도해요ㅎㅎ 번에 참나물 된장무침 만족스럽게 맛있어서 올리는 거랍니다 ㅎㅎ,https://recipe1.ezmember.co.kr/cache/recipe/2023/06/20/c73b693e1366fa3ca5098273ff93e1f91.jpg,초급,2인분,20분 이내,,,,
6932918,https://www.10000recipe.com/recipe/6932918,치킨너겟으로 만든 순살간장치킨 내 최애반찬♥,"오늘은 집에서도 진짜 간단하게 만들 수 있는 레시피를 준비해봤는데요. 바로 치킨너겟 간장치킨입니다. 마트에서 파는 냉동 치킨너겟으로 간장소스를 입혀서 순살간장치킨을 만들어봤는데요 레시피도 정말 간단하구요. 집에서 혼자 치킨 시켜먹기 부담스러울때나, 아이들 간식으로도 딱 좋구요. 먹을때 맥주나 좋아하는 음료 준비해서 같이 드셔보세요.",https://recipe1.ezmember.co.kr/cache/recipe/2020/05/18/378996ce6fabdc495a4461aba8fbd1d01.jpg?w=1000,초급,3인분,20분 이내,,,,
6881099,https://www.10000recipe.com/recipe/6881099,완전맛있는 차돌박이찜! 미소된장마요소스도 함께~,손님상차림으로도 좋은 차돌박이찜 입니다 만들기도 너무쉽고 모양도 예뻐서 추천하는 메뉴에요 미소된장마요소스를 찍어먹으니 한층 맛이 더 업그레이드!! 정말 강력추천하는 메뉴랍니다,https://recipe1.ezmember.co.kr/cache/recipe/2017/12/18/58dd1a9a0d0ef8ff0c60dc35965ea09d1.jpg,아무나,2인분,15분 이내,,,,
7071077,https://www.10000recipe.com/recipe/7071077,소시지볶음 레시피 | 간장 비엔나소시지 반찬 만들기,"오늘은 냉장고에 하나쯤은 꼭 있는 비엔나소시지로 누구나 실패 없이 만들 수 있는 소세지볶음 반찬을 소개해 드릴게요. 짜지 않고, 느끼하지 않으면서도 한 번 맛보면 밥이 술술 넘어가는 맛이라 미리 만들어두어도 금세 사라지는 반찬이에요. 재료도 간단하고 조리 시간도 짧아서 바쁜 날 부담 없이 만들어 드시기 좋아요.",https://recipe1.ezmember.co.kr/cache/recipe/2026/02/05/fe69ba5fd596acf332d348990d3231c01.jpg,아무나,3인분,15분 이내,,,,
7036904,https://www.10000recipe.com/recipe/7036904,우삼겹 콩나물 불고기,"우삼겹은 기름이 많은 부위입니다. 처음에는 맛있지만 먹을수록 느끼합니다 우삼겹에 매콤한 양념 그리고 콩나물의 아삭함으로 요리를 한층 맛있게 하며, 마지막 볶음밥을 만들어 먹으면 행복함을 느끼실 수 있습니다",https://recipe1.ezmember.co.kr/cache/recipe/2024/10/22/f7c6ee76721f7664ac107f0a49450bc21.png,아무나,2인분,20분 이내,,,,
7014762,https://www.10000recipe.com/recipe/7014762,[공모전] 뜨끈한 국물요리 소고기미역국,찬바람이 불면 따끈한 국물이 그립잖아요. 그럴때 어울리는 것이 바로 미역국이 아닐까해 요~ 오늘은 한우 국거리용을 넉넉하게 넣어서 한소큼 소고기미역국을 끓였습니다.,https://recipe1.ezmember.co.kr/cache/recipe/2023/12/01/792b7c60217d01597c1fdaf21f88b7091.jpg?w=1000,초급,4인분,30분 이내,,,,
6869489,https://www.10000recipe.com/recipe/6869489,매콤버섯덮밥~한그릇,버섯듬뿍 넣어 만든 매콤하게 만든 버섯덮밥~ 한그릇요리로 아주 좋아요~ 오늘 점심은 매콤버섯덮밥~~ 어떠세요,https://recipe1.ezmember.co.kr/cache/recipe/2017/05/08/89595a259ab949db112841461f217f481.jpg,아무나,1인분,30분 이내,,,,
6969724,https://www.10000recipe.com/recipe/6969724,일본가정식 이모모찌 (감자떡),홋카이도 명물인 이모모찌를 만들었어요(*´ω`*) 일본식 반찬이지만 한국 조미료로도 충분히 만드실 수 있어서 레시피 공유합니다^^,https://recipe1.ezmember.co.kr/cache/recipe/2021/11/26/db8f9d03d86ea3da931e2810abb5a86c1.jpg,아무나,2인분,20분 이내,,,,
6868389,https://www.10000recipe.com/recipe/6868389,치킨너겟으로 간편하게 간장치킨 만들기,언제나 사랑하는 치느님이지만 매번 시켜먹기도 부담스럽잖아요. 그렇다고 생닭을 가지고 치킨을 만들자니 번거롭기도 하고요. 치킨너겟만 있으면 15분이면 아주 간편하게 간장치킨을 만들 수 있답니다. 간편함과 맛을 동시에 잡은 치킨너겟 간장치킨 만들어 봅니다.,https://recipe1.ezmember.co.kr/cache/recipe/2017/04/13/28b6227ec7f7a07d0bc43b48394bc81c1.jpg,아무나,2인분,15분 이내,,,,
6885805,https://www.10000recipe.com/recipe/6885805,초간단 머그컵 퐁당 오 쇼콜라*.*,"단거를 너무 좋아해서 집에서 땡길때 마다 숟가락 하나로 만들어 먹었어요@,@ 노오븐 노계량 노버터에 집에 거의 있는 재료들로 뚝딱할 수 있음! 달달한 디저트 땡길때 추천이에요!",https://recipe1.ezmember.co.kr/cache/recipe/2018/03/20/ab0dd12cf477c21f9104004a18f8beab1.jpg,아무나,1인분,5분 이내,,,,
6965981,https://www.10000recipe.com/recipe/6965981,계란 당면만두 아이들 반찬으로 좋아요,"계란, 당면 조합이면 맛 없을수가 없어요 아이들 반찬, 술 안주로 최고입니다",https://recipe1.ezmember.co.kr/cache/recipe/2021/09/29/21da66e7d441c9ca1ef65a266dd0b5801.jpg,초급,2인분,30분 이내,,,,
6939980,https://www.10000recipe.com/recipe/6939980,쫄깃 매콤한 백종원 느타리 두루치기,쫄깃쫄깃한 식감의 느타리버섯과 매콤한 두루치기 양념소스의 만남~~ 맛남의광장 백종원 레시피입니다!,https://recipe1.ezmember.co.kr/cache/recipe/2020/08/24/4beccfef39cf9dcdd9a016819ce013051.jpg,아무나,3인분,15분 이내,,,,
7037835,https://www.10000recipe.com/recipe/7037835,소시지 채소 볶음,소시지와 채소를 볶아서 아이들 입맛을 생각한 레시피에요.,https://recipe1.ezmember.co.kr/cache/recipe/2024/11/04/36b6f0f74c78d20a1e7008692eab94db1.jpg?w=1000,아무나,4인분,15분 이내,,,,
7010409,https://www.10000recipe.com/recipe/7010409,대패 우유 카레우동 레시피,물 대신 우유로 끓여 만든 우유 카레우동입니다. 고명으로 대패삼겹살을 올려 같이 먹으면 조합이 아주 좋아요.,https://recipe1.ezmember.co.kr/cache/recipe/2023/09/24/66912efca16e829100ef21732f4b26841.jpg?w=1000,아무나,1인분,20분 이내,,,,
6886034,https://www.10000recipe.com/recipe/6886034,쫀득쫀득 일본식 감자떡 '이모모찌' 만들기,감자전 과 감자떡의 사이! 쫀득하고 짭잘하니 맛있어요.,https://recipe1.ezmember.co.kr/cache/recipe/2018/03/23/f02d9781faae375a9ddff8c9b91b69bb1.jpg?w=1000,아무나,1인분,90분 이내,,,,
7006926,https://www.10000recipe.com/recipe/7006926,알배추무침 불 쓰지 말고 7분만에 뚝딱‼️ 만들어 보세요,불쓰기 힘든 요즘 불없이 간단하게 만들어 보세요,https://recipe1.ezmember.co.kr/cache/recipe/2023/07/28/b64b044f6f0f984df67821c73405c3411.jpg?w=1000,아무나,2인분,10분 이내,,,,
6892209,https://www.10000recipe.com/recipe/6892209,볶아 먹는 시금치도 맛있다♪ 시금치달걀볶음,달걀이랑 함께 볶은 시금치 달걀볶음입니다:),https://recipe1.ezmember.co.kr/cache/recipe/2018/07/09/9025fd8fdc716755317050bf74df79f91.JPG,아무나,4인분,15분 이내,,,,
7002301,https://www.10000recipe.com/recipe/7002301,고소하고 짭짤한 초간단 명란버터우동,"국물 없이 간단하게 비벼먹는 우동 명란, 버터, 김가루, 쪽파 등을 올리고 쯔유를 넣어 비벼먹는 초간단 명란버터우동 가벼운 한끼를 원하는 분들이라면 집에서 한끼 맛있게 드셔보세요.",https://recipe1.ezmember.co.kr/cache/recipe/2023/05/16/54cceb8507fe68ca3bdc2d98ac6977cd1.jpg?w=1000,아무나,1인분,10분 이내,,,,
6901939,https://www.10000recipe.com/recipe/6901939,<찌망 요리레시피> 간단한 청경채 된장무침!,청경채도 무침으로 먹으면 맛있을것 같아서 만들었어요~,https://recipe1.ezmember.co.kr/cache/recipe/2018/12/14/6ac1ecd65ac017a64626156691645eb81.jpg?w=1000,아무나,3인분,10분 이내,,,,
6956954,https://www.10000recipe.com/recipe/6956954,"[다이어트요리] 에어프라이어에 맛있게 구운 ""닭가슴살꼬치""♪",다이어트할때 제일 먼저 생각나는건 닭가슴살!! 하지만 그냥 먹기엔 금방 물리잖아요..ㅎㅎ 다이어트도 맛있게!! 고단백으로 닭꼬치로 즐겨보아요~,https://recipe1.ezmember.co.kr/cache/recipe/2021/04/17/7ef6c26cf34b49f7f298ed22fab485b81.jpg,아무나,2인분,30분 이내,,,,
6939082,https://www.10000recipe.com/recipe/6939082,면두부 새우오일파스타 다이어트에도 좋아요,코스트코 장보러 갔는데 면두부가 있더라구요. 건강에도 좋고 다이어트에도 좋을거 같아서 파스타 만들때 면두부로 만들어보았답니다. (맛있어요 ^^),https://recipe1.ezmember.co.kr/cache/recipe/2020/08/12/8c8087677ac5f71ffb80fa9d4241c6c11.jpg?w=1000,초급,1인분,20분 이내,,,,
6988775,https://www.10000recipe.com/recipe/6988775,오이무침 (5분이면 완성하는 반찬레시피),오이 하나로 맛난 밥반찬을 만들었습니다 5분이면 뚝딱 완성되는 무침반찬입니다 고기 먹을 때도 좋고 바로 무쳐서 싱싱한 재료 그 자체로 맛난 음식입니다,https://recipe1.ezmember.co.kr/cache/recipe/2022/10/06/803bd1d93454988a2dfd8c28605ca6241.jpg?w=1000,아무나,4인분,5분 이내,,,,
6853446,https://www.10000recipe.com/recipe/6853446,오븐없이 만드는 갈릭버터치즈피자,이도 저도 재료도 없다~~~!!! 하시는 분들에게 꿀 레시피~^^ 완전 간단한데 맛은 기가 막힌 ㅋㅋㅋ 꿀치즈 피자를 소개해드려요^^ 전자레인지 돌리는 것까지 10분이 안 걸리는 초간단 레시피예요^^ 아이 간식으로 물론 어른들 간식으로도 만점~!!!! 꿀에 찍어 먹으면 너무 맛있어요^^ 마늘향이 버터와 어우러져 풍미가 굿굿굿~^^,https://recipe1.ezmember.co.kr/cache/recipe/2016/07/26/bb452348200ecc2b5a451191632907e71.jpg?w=1000,아무나,2인분,10분 이내,,,,
6930302,https://www.10000recipe.com/recipe/6930302,고소하고 상큼한 일본식 오이토마토무침,작년에 일본 여행 갔다가 일본식 가정식 반찬이 깔끔하고 맛있고 간단하여 만들어 보았어요 불요리가 아니라 지금부터 여름내내 만들어 드시면 좋아요 쉽게 만들 수 있어서 좋고 맛있답니다,https://recipe1.ezmember.co.kr/cache/recipe/2020/04/09/76706e4c14cfa819139505369b55425d1.jpg?w=1000,아무나,2인분,20분 이내,,,,
7020127,https://www.10000recipe.com/recipe/7020127,베이컨 반찬 베이컨숙주볶음 레시피,베이컨 숙주볶음은 매우 간단하게 만들 수 있는 베이컨 반찬 중 하나에요. 누구나 좋아하는 베이컨과 아삭한 숙주의 조합인 베이컨 숙주볶음은 요리하기 귀찮을 때 간편해서 자주 해먹는 요리 중 하나에요.,https://recipe1.ezmember.co.kr/cache/recipe/2024/02/16/c1ff3ffc4ad1d74e69ba0f127aa37cf71.jpg,초급,4인분,30분 이내,,,,
6886357,https://www.10000recipe.com/recipe/6886357,초간단 아이반찬 오징어간장조림 아이밑반찬으로 좋아요,아이밑반찬으로좋은 오징어간장조림 짭조름하니 맛있어요 초간단10분완성으로 간단해요,https://recipe1.ezmember.co.kr/cache/recipe/2018/03/29/1c44752d7458174ab556c441bb3910f51.jpg?w=1000,초급,1인분,10분 이내,,,,
6922700,https://www.10000recipe.com/recipe/6922700,새우 부추전ㅣ집들이용으로도 손색 없는!,통통한 새우의 식감이 살아있는 부추전!,https://recipe1.ezmember.co.kr/cache/recipe/2019/12/07/de9763ea2f67bde8eee04321f23b3f421.jpg?w=1000,중급,2인분,30분 이내,,,,
6881815,https://www.10000recipe.com/recipe/6881815,칠리새우ㅣ쉬림프 박스 만들기,피크닉갈때 싸가기 좋은 쉬림프박스 입니다 ! 간단하게 칠리새우를 만들어보세요,https://recipe1.ezmember.co.kr/cache/recipe/2018/07/17/7c94e88fca13cf73f8e0e473e02357e01.jpg?w=1000,아무나,2인분,30분 이내,,,,
6847470,https://www.10000recipe.com/recipe/6847470,담백한 새우연두부달걀탕,간단하지만 세상 시원한! 담백한 새우연두부달걀탕입니다:),https://recipe1.ezmember.co.kr/cache/recipe/2016/05/02/cb02f276edb4a52aaf86196bce187db51.jpg,아무나,2인분,15분 이내,,,,
6919305,https://www.10000recipe.com/recipe/6919305,든든한 혼밥 돈까스김치나베,누구나 즐겨 먹는 돈까스 점심 단골 메뉴이자 혼밥하기 딱 좋은 메뉴 간단 든든 한끼식사 돈까스김치나베,https://recipe1.ezmember.co.kr/cache/recipe/2019/09/17/e89c82b5021b89a91b3c37396ccbdd5c1.jpg,초급,1인분,20분 이내,,,,
7002329,https://www.10000recipe.com/recipe/7002329,상큼한 크래미 오이 숙주무침,새콤달콤 입맛 돋는 반찬입니다~ 한입 먹자마자 기분이 좋아지는 상큼한 맛이에요^^,https://recipe1.ezmember.co.kr/cache/recipe/2023/05/16/2b22d07bbb6ac9d0ee4c0438691819161.jpg,아무나,4인분,10분 이내,,,,
7020260,https://www.10000recipe.com/recipe/7020260,아이들이 밥 두그릇씩 먹는 돼지고기 콩나물무침 만들어 봤어요.,콩나물 단백질과 무기질 비타민 A. C. B. 사포닌. 칼륨. 레시틴 등의 물질들이 다량 함유되어 있어서 세균 감염으로 부터 우리몸을 지켜주는 면역력 향상을 하여 감기에 긍정적인 작용을 합니다. 수분이 풍부하여 수분보충을 원활하게 해주며 발열증세를 낮춰줄수 있습니다. 돼지고기 돼지고기는 몸속의 노폐물을 몸 밖으로 내보내는데 도움을 주어 중금속을 몸 밖으로 배출시켜주어 중금속을 해독하는 효능이있습니다.,https://recipe1.ezmember.co.kr/cache/recipe/2024/02/18/8a10d6eb12bcb279f33725e11ca61b7e1.jpg,아무나,3인분,60분 이내,,,,
7076505,https://www.10000recipe.com/recipe/7076505,녹차 티백 없이 만드는 초초간단 오차즈케 [고등어 오차즈케],녹차 티백 없이 이것만으로 간단하게 국물까지 한그릇 뚝딱하는 초초간단 일본 가정식 국밥 오차즈케,https://recipe1.ezmember.co.kr/cache/recipe/2026/05/22/72d20d2f0b587c1731136f9dcb91d1ea1.jpg?w=1000,아무나,1인분,10분 이내,,,,
6854230,https://www.10000recipe.com/recipe/6854230,떠먹는 떡꼬치 - 때론 떡피자 또는 떡꼬치 새콤 달콤,떠먹는 떡꼬치 새콤달콤매콤 ^^,https://recipe1.ezmember.co.kr/cache/recipe/2016/08/08/b3fc330bba013a8c0f8798d3b6f7e9431.jpg,아무나,2인분,30분 이내,,,,
6912739,https://www.10000recipe.com/recipe/6912739,아이반찬-얼갈이들깨무침,제철인 얼갈이로 나물반찬 만들어보세요 고소한 들깨가루를 넣어주니 아삭하면서도 영양만점으로 아이반찬으로 저염식단으로 저렴하게 건강식단을 챙겨보세요,https://recipe1.ezmember.co.kr/cache/recipe/2019/05/25/f2c4235c6dc8104d825cf6b50b466eee1.jpg?w=1000,아무나,2인분,15분 이내,,,,
7064116,https://www.10000recipe.com/recipe/7064116,급진급빠 다이어트 순두부장 만들기 양념 속편한 순두부요리 레시피,빠르게 만들 수 있는 요리로 순두부장을 만들었습니다. 요 며칠 사이에 몇 번이나 만들어 먹었는데 먹을 때마다 고개를 끄덕이게 되는 맛이에요. 순두부와 간장양념 떠서 밥에 비벼 먹으면 입맛 없는 날도 완밥이 가능해집니다. ​,https://recipe1.ezmember.co.kr/cache/recipe/2025/10/08/10772d5d1f5fb524ff4f4bbc85b4b8db1.jpg,아무나,3인분,10분 이내,,,,
7060108,https://www.10000recipe.com/recipe/7060108,앞다리살감자조림 수십 번 해먹은 인생 레시피 저렴한 앞다리살로 만든 감자조림 맛보장,비교적 저렴한 앞다리살로 만든 앞다리살감자조림 이거 하나 만들어두면 온 가족이 다른 반찬은 거들떠도 안보고 밥에 비벼 먹느라 정신 없답니다 ㅎㅎ 저 믿고 !! 한번만 만들어보세요~ 정말 너무 맛있어서 저희집 최애메뉴예요 예전에 유튜브 영상으로 한 번 소개해드린 적이 있지만... 아쉽게도 조회수가 조금 저조해서 이번에 다시 소개해드려요! 저렴한 앞다리살과 감자로 만드는 앞다리살 감자조림 집밥메뉴로 강력 추천드립니다,https://recipe1.ezmember.co.kr/cache/recipe/2025/08/11/9649ce386ab3bc751826ff09f0d710c41.jpg?w=1000,아무나,3인분,20분 이내,,,,
6884169,https://www.10000recipe.com/recipe/6884169,촉촉한 양배추에 닭가슴살+상큼 야채를 돌돌~담백하게 시작하는 일주일!닭가슴살 양배추말이,촉촉한 양배추에 닭가슴살+상큼 야채를 돌돌~ 담백하게 시작하는 하루♥!닭가슴살 양배추말이 만들기~,https://recipe1.ezmember.co.kr/cache/recipe/2018/02/19/b5e605640bf5c791bef462d3ee0c6e2c1.png,아무나,2인분,30분 이내,,,,
7035751,https://www.10000recipe.com/recipe/7035751,아삭한 콩나물무침 레시피/ 하얀 콩나물무침 만들기,"콩나물은 주로 국이나 무침으로 만들어 먹으며 가끔은 볶음 요리에 넣어 먹기도 하지만, 이번에는 맵지 않으면서 아삭한 하얀 콩나물무침을 만들었어요.",https://recipe1.ezmember.co.kr/cache/recipe/2024/10/03/ed3db6a3efe25c58fd79b45aec79833f1.jpg,아무나,3인분,15분 이내,,,,
7075989,https://www.10000recipe.com/recipe/7075989,입맛 확 돋우는 미나리비빔밥 레시피,미나리가 맛있는 지금 미나리를 이용하여 비빔밥을 만들어보았습니다 ~ 삼겹살과 먹어도 맛있고 비빔밥만 먹어도 맛있답니다 계란후라이 하나 구워서 같이 비벼드셔요 ~~,https://recipe1.ezmember.co.kr/cache/recipe/2026/05/11/e411a1ff2347cf5e7403c52c92da420e1.jpg,아무나,2인분,10분 이내,,,,
6894323,https://www.10000recipe.com/recipe/6894323,고기처럼 쫄깃한 밥도둑 반찬 '새송이버섯 간장버터구이'레시피,마땅한 반찬 없을때 새송이버섯 간장버터구이 한번 만들어 보세요!단짠단짠 양념에 고기처럼 쫄깃한 식감이 어우러져 밥 한공기 뚝딱하게 만드는 밥도둑 반찬이랍니다,https://recipe1.ezmember.co.kr/cache/recipe/2018/08/17/d1d0c5999686a5ec11e426b79abf4a1a1.jpg,아무나,2인분,10분 이내,,,,
7061712,https://www.10000recipe.com/recipe/7061712,133.토마토반달오믈렛(ft.평생레시피) (2025.9.2)),토마토와 계란으로 간단히 아침을 대신할 만한 레시피를 찾다가 재주 많은 요리 유튜버 루다테이블님의 레시피를 참고해 가감응용합니다.,https://recipe1.ezmember.co.kr/cache/recipe/2025/08/30/6de7563945af7c8e65dd3f7cf88784561.jpg?w=1000,아무나,2인분,30분 이내,,,,
7056615,https://www.10000recipe.com/recipe/7056615,"여름 반찬, 매콤하고 시원한 오이 냉국 만들기",요즘 오이가 많이 싸길래 많이 사 가지고 와서 오이 반찬을 만들어 먹는데... 시원한 오이 냉국이 넘 먹고 싶어서 만들어 먹었어요. 청양 고추를 넣어서 매콤하니 시원하고 맛있어요. 여름에 시원한 오이 냉국이 최고죠 ㅎㅎ,https://recipe1.ezmember.co.kr/cache/recipe/2025/06/22/c6acba1cd79a5e2199ca14eca744bf6d1.jpg,아무나,3인분,10분 이내,,,,
6978052,https://www.10000recipe.com/recipe/6978052,"[아기식단/아기반찬] ""홍양갱의 밤 - 우리아기 밥도둑 애호박 느타리버섯볶음""",오늘 소개해드릴 애호박느타리버섯볶음인데요! 애호박느타리버섯볶음 너무나도 잘 먹어서 바로 포스팅 해야겠다 싶어서 신나게 시작해봅니다.,https://recipe1.ezmember.co.kr/cache/recipe/2022/04/18/29fcbf7162c894a425df4f2b909efd341.jpg?w=1000,초급,1인분,10분 이내,,,,
6890777,https://www.10000recipe.com/recipe/6890777,"매콤한 두부덮밥, 눈 깜짝할 새 완성되는 초간단 덮밥요리","노출의 계절이 되면서 급하게 다이어트 하시는 분들 많으시죠? 그래서 오늘은 제가 적게 먹어도 포만감이 느껴지는 요리 레시피 하나를 소개해드릴까 해요. 바로바로 초간단 덮밥요리, 매콤한 두부덮밥이랍니다 :)",https://recipe1.ezmember.co.kr/cache/recipe/2018/06/12/4c62616ec005976375e1262e0831adb51.jpg,초급,2인분,15분 이내,,,,
7071467,https://www.10000recipe.com/recipe/7071467,그릭요거트 콩포트 오픈 샌드위치 다이어트 디저트,그릭요거트에 블루베리 콩포트를 만들어 올린 오픈 샌드위치,https://recipe1.ezmember.co.kr/cache/recipe/2026/02/12/c51661a40a8b1104f5bde3de58bdef7f1.jpg?w=1000,초급,2인분,15분 이내,,,,
6988709,https://www.10000recipe.com/recipe/6988709,차가워도 맛있는 추억의 급식달걀찜,급식에서나 볼 수 있었던 계란찜을 이제 집에서 만들어보세요! 중탕으로 만들어 보들보들하고 탄력도 좋은 급식계란찜,https://recipe1.ezmember.co.kr/cache/recipe/2022/10/05/b75e71a7b284b77b04892bfacd3dfe661.jpg?w=1000,아무나,4인분,30분 이내,,,,
6898497,https://www.10000recipe.com/recipe/6898497,팽이버섯 베이컨 볶음,팽이버섯은 향과 아삭한 식감이 좋은 재료입니다.오늘은 베이컨을 넣고 쉽고 간단하지만 맛있는 볶음을 만들어 봤습니다.,https://recipe1.ezmember.co.kr/cache/recipe/2018/10/21/5a445b781e9c72a54afb51895eecf50a1.jpg?w=1000,아무나,2인분,10분 이내,,,,
6899265,https://www.10000recipe.com/recipe/6899265,해물찜처럼 맛있는 백종원 소시지콩나물찜,평소 매콤한 해물찜을 참 좋아하는데요. 해물찜처럼 맛있는 백주부님 소시지콩나물찜을 소개할께요.아삭한 콩나물에소시지가 어우러져 칼칼하니 참 맛있습니다,https://recipe1.ezmember.co.kr/cache/recipe/2018/11/03/f700f1964219a06e73be2c8d314ab4641.jpg,아무나,3인분,30분 이내,,,,
6871953,https://www.10000recipe.com/recipe/6871953,【스팸감자볶음만들기】,좀있음 장마철 시작될텐데 저희 집에는 아직까지 감자가 너무 많네요. . ^^;; 싹트기 전에 감자처치용 으로 만들었지만 너무 맛나는 반찬이죠^~^ 초간단으로 휘리릭 만들어 보아요 :-),https://recipe1.ezmember.co.kr/cache/recipe/2017/06/29/859353599938ad5c66b4803ea56509541.jpg?w=1000,아무나,2인분,10분 이내,,,,
7043343,https://www.10000recipe.com/recipe/7043343,"3개의 재료로 뚝딱 만드는 한끼, 고추참치 파스타","초등학생도 만들 수 있을 정도로 간단한 파스타입니다. 엄마도 좀 쉬어갈 때가 있어야죠? 아침에 도시락 싸다가 후다닥 찍어서 올려봤습니다. 준출가(?)인인 대학생 딸을 위해서, 가끔 혼자 해먹는 아들을 위해서 남기는 기록~",https://recipe1.ezmember.co.kr/cache/recipe/2025/01/24/ca4e385963f9189dad31635373871f181.jpg?w=1000,아무나,2인분,10분 이내,,,,
6961309,https://www.10000recipe.com/recipe/6961309,고추참치 하나면 맛있는 파스타가 됩니다.,정말 간단하지만 맛을 보면 특별한 고추참치 파스타를 만들어봤습니다. 집에 하나쯤 있을법한 고추참치로 특별한 요리 만들어보세요!,https://recipe1.ezmember.co.kr/cache/recipe/2021/07/06/1a6213e5f3e730b1dd8fb4cdfe98ab001.jpg?w=1000,초급,1인분,30분 이내,,,,
6863696,https://www.10000recipe.com/recipe/6863696,초간단 깻잎두부구이,어제저녁에 아주 간단하게 만들어먹은 깻잎두부구이~ 깻잎에는 비타민C가 풍부하게 들어있고 향이 좋아 아주 좋아하는 식재료인데요~ 두부를 구운다음 깻잎을 넣은 간장소스를 뿌려 먹으니 넘 맛나더라구요,https://recipe1.ezmember.co.kr/cache/recipe/2017/01/09/8831d7e8ddde5e72073a079708cf64d31.jpg,아무나,2인분,30분 이내,,,,
7046139,https://www.10000recipe.com/recipe/7046139,<다이어트 건강식>초간단 두부 치즈 그라탕!!,*단백질 가득한 초간단 레시피!!! *불 없이 전자레인지로 간편하게 요리!!! *고급진 맛에 너무 맛있어서 다이어트 중이라도 행복한 식사 가능!!! 강추해요^^,https://recipe1.ezmember.co.kr/cache/recipe/2025/02/27/597802d30f5795a0a19a5502d4f849351.jpg?w=1000,아무나,1인분,10분 이내,,,,
6854893,https://www.10000recipe.com/recipe/6854893,자꾸 손이가는 황태강정이 치킨강정같아요~ 황태강정,애들아빠가 강원도 출장갔다가 큰 쇼핑백을 들고 들어 옵디다. 그 속에는 황태 10마리를 찢어 만든 황태채​가 꾹꾹 눌러 담긴 큰 봉지가 들어 있더군요. 요즘 황태채를 밀폐용기에 담아 식탁에 올려 두고 밥에 물말아 고추장에 찍어 먹고 있지요. 그냥 주전부리로 먹어도 맛난 황태채를 기름에 바삭하게 튀겨 매콤달콤한 소스에 버무려 강정으로 만들면 온가족이 맛나게 먹을 수 있는 반찬도 되고 간식도 되고 술안주도 된답니다.,https://recipe1.ezmember.co.kr/cache/recipe/2016/08/18/553609859fa7bd3dd22bfab08fddec9b1.jpg,아무나,2인분,30분 이내,,,,
6916408,https://www.10000recipe.com/recipe/6916408,♥[신혼밥상] 10분 반찬! 메추리알조림,아이반찬 걱정 뚝! 일주일간 반찬 걱정 그만! 달달소스에 빠진 메추리알 10분이면 뚝딱 반찬을 소개합니다.,https://recipe1.ezmember.co.kr/cache/recipe/2019/07/24/c3e2a76338282c7a32cab50b4c5437b21.jpg?w=1000,초급,4인분,15분 이내,,,,
7030325,https://www.10000recipe.com/recipe/7030325,도토리묵무침,더운여름 반찬걱정이라면 도토리묵무침 어떠신가요? 고협압예방에도 좋고 바로 무침으로 먹으면 밑반찬 하나 뚝딱 만들수 있답니다.,https://recipe1.ezmember.co.kr/cache/recipe/2024/07/13/141d414406adce0f2c7a2993008120e11.jpg?w=1000,초급,4인분,10분 이내,,,,
6876875,https://www.10000recipe.com/recipe/6876875,영화속요리 10탄 줄리앤줄리아 속 크림소스 치킨스테이크,안녕하세요 이번에 도전한 요리는 줄리앤줄리아에 나오는 요리에요 이번 시즌때는 줄리앤줄리아에 나온 요리들이 많이 나오는데요 제가 딱 좋아하는 요리들이 이 영화에 많이 등장하기 때문이에요 이번에 도전한 요리는 크림소스 치킨스테이크인데요 다이어트용으로 사논 닭가슴살을 이용했구요 쉽게 만들 수 있는 크림소스 레시피로 집에서도 즐기기 편하실거에요,https://recipe1.ezmember.co.kr/cache/recipe/2017/09/21/f18eb5188eec99631c502d61667ff5941.jpg?w=1000,아무나,1인분,30분 이내,,,,
6920393,https://www.10000recipe.com/recipe/6920393,호두마늘볶음 만드는법- 딸에게# /수미네반찬,,https://recipe1.ezmember.co.kr/cache/recipe/2019/09/06/81c508e74e1e9245e13326c312c2014b1.jpg,,,,,,,
6932924,https://www.10000recipe.com/recipe/6932924,최애반찬 소시지 감자조림,"감자조림에 비엔나소시지 넣고 조린 소시지 감자조림입니다 아이, 어른 함께 호불호 없이 맛있게 먹을 수 있는 밥도둑 반찬입니다 아이꺼는 청양고추 빼고 만들어 주세요~",https://recipe1.ezmember.co.kr/cache/recipe/2020/05/19/9fb4cf31154f7175bcee4901f886444a1.jpg,초급,3인분,10분 이내,,,,
6913489,https://www.10000recipe.com/recipe/6913489,에어프라이어 콘치즈 토스트 만들기!중독성 강하네요!,콘치즈는 그냥 먹어도 맛있지만 토스트로 만들어 드셔도 정말 맛이 좋은데요. 전자렌지로 해먹어도 맛있었는데 에어프라이어로 해보니 더 맛이 좋네요^^,https://recipe1.ezmember.co.kr/cache/recipe/2019/06/07/cd56011174e305838e5ed6b2da514a611.png?w=1000,아무나,1인분,10분 이내,,,,
7022752,https://www.10000recipe.com/recipe/7022752,김치 삼겹살,김치+삼겹살 조합은 언제나 성공입니다,https://recipe1.ezmember.co.kr/cache/recipe/2024/03/22/3ac2b1daebd02382c33a9f31658bcb981.jpg?w=1000,초급,4인분,15분 이내,,,,
6909570,https://www.10000recipe.com/recipe/6909570,기름 없이 볶아 다이어트에 좋은 중국식 청경채 돼지볶음,"기름 없이 중국 스타일로 만들어본 청경채 돼지 볶음입니다. 돼지는 삼겹살만 제외하면 등심, 안심, 뒷다리살 모두 가능합니다. (요약) 1. 돼지고기는 잡채용으로 길게 썰어 주세요. 2. 청경채, 파프리카 썰기 3. 양념 만들기 4. 기름 없이 돼지고기를 볶다가 양념을 넣어 주세요. 5. 청경채, 파프리카를 넣고 볶아주세요.",https://recipe1.ezmember.co.kr/cache/recipe/2019/04/14/67b39b7159fa14c51042fe0674e7399f1.jpg?w=1000,아무나,1인분,10분 이내,,,,
6831048,https://www.10000recipe.com/recipe/6831048,딸기잼 롤,달달한 우리아이간식 딸기잼롤 만들기~ 한입에 쏙쏙 베어먹을수있어 아이들 간식으로 좋은거같아요.,https://recipe1.ezmember.co.kr/cache/recipe/2015/08/02/2a63ade5aad6e00b0d46a341ccfe19bf1.jpg,아무나,1인분,30분 이내,,,,
6892728,https://www.10000recipe.com/recipe/6892728,간단한 한끼식사ㅡ 삼색소보로덮밥,저희집 아이들이 잘먹어서 가끔씩 만들어먹어요 더운 여름에 간단히 뚝딱 만들어드세요^^,https://recipe1.ezmember.co.kr/cache/recipe/2018/07/18/50012e62f8ef8e7f468536d4611926941.jpg?w=1000,초급,2인분,15분 이내,,,,
6868435,https://www.10000recipe.com/recipe/6868435,[간단 자취요리] 비주얼 끝장판!! 참치 스테이크 만들기,"안녕하세요 여러분?? 히히 오늘은 참치 스테이크를 만들어 봅시다!! 소스는 간단하게 시판용 돈가스 소스를 사용했고, 옆의 장식은....얌싸때 먹고 냉장고에 방치해둔 셀러리를 장식으로나마 살려봤어요 :D 그리고 오늘 비지엠이 조금 특별하죠..? 개인적으로 딱딱 맞아 떨어지는 느낌이 너무 좋아서, 모차르트를 좋아하는데 (1도 안어울리지만 클래식 전공이었던 얌무) 유튜브 무료음원에 딱 2곡 있더라구요..ㅋㅋㅋ 언젠간 쓰겠지 하고 받아뒀는데 이때 아니면 못쓸 것 같아서 넣어봤어요! [모차르트 - 세레나데 13번 G장조 ""아이네 클라이네 나흐트무지크""] 이곡은 굉장히 유명한 곡이라 많이들 아실 것 같네요! 감각있으신 분들은 이미 느끼셨겠지만 칼질할때 일정부분들의 박자를 편집으로 맞춰봤습니닼ㅋㅋㅋ (헛짓 매니아)",https://recipe1.ezmember.co.kr/cache/recipe/2017/04/14/8044c7b3de1b62dfdb50c68f37262be31.jpg?w=1000,아무나,1인분,30분 이내,,,,
7004080,https://www.10000recipe.com/recipe/7004080,부추무침 부추겉절이 밑반찬,밑반찬또는 고기와 함께 먹어도 좋아요~,https://recipe1.ezmember.co.kr/cache/recipe/2023/06/14/40bdeebd7b8e52abfc4553f0265dd89f1.jpg?w=1000,초급,3인분,10분 이내,,,,
6878340,https://www.10000recipe.com/recipe/6878340,단짠단짠의 대패덮밥,뜨끈한 밥에 대패삼겹살 한점! 집밥백선생 강추레시피! 간단하고 빠르게 만드는 별미메뉴! 입맛없을때 만들먹으면 밥두공기도 거뜬해요.,https://recipe1.ezmember.co.kr/cache/recipe/2017/10/22/3211f299a02729bc2d05649ceec734771.jpg,초급,2인분,30분 이내,,,,
6953539,https://www.10000recipe.com/recipe/6953539,"빵 대신 에그번 ♥ 햄버거로 다이어트 가능한 "" 달걀버거 "" 만들기",탱글탱글한 달걀로 뚜껑을 덮은 달걀버거! 급찐살로 식단을 조절해야 된다면?! 탄수화물을 줄인 에그버거로 시작하세요 :) 귀여워서 다이어트도시락으로 싸도 bb 세상의모든레시피 만개의레시피,https://recipe1.ezmember.co.kr/cache/recipe/2021/02/16/61153bf7816901787cdb5558a3d8e1801.jpg?w=1000,아무나,3인분,30분 이내,,,,
6922190,https://www.10000recipe.com/recipe/6922190,치킨 스테이크 만들기ㅣ굽네가 부럽지 않은ㅣ,남편이 굽네치킨을 너무 좋아라해서 한 번 만들어 봤어요! 먹고 나선 앞으론 치킨 시킬 일이 없을 것 같다고 하네요! :),https://recipe1.ezmember.co.kr/cache/recipe/2019/11/15/a36dfeaf990f082fc811b432d776bf471.jpg?w=1000,초급,2인분,30분 이내,,,,
6980995,https://www.10000recipe.com/recipe/6980995,무기징역 고추장삼겹살 레시피,허연 밥과 소주를 부르면서 한국인의 마음을 루팡하는 고추장삼겹살 입니다. 이 레시피를 본 여러분은 오늘의 희생자가 될 겁니다.. (※ 제 스푼 기준은 밥숟가락 입니다.),https://recipe1.ezmember.co.kr/cache/recipe/2022/06/09/a9433667f78726385f769db7f632040c1.jpg,초급,4인분,60분 이내,,,,
6886281,https://www.10000recipe.com/recipe/6886281,"[얌무진 레시피] 쫀득쫀득, 바삭, 달콤! 떡 맛탕 만들기","안녕하세요 얌배추들! 고구마 맛탕은 모두들 아실 텐데요. 떡으로 해봐도 맛있겠다 싶어서 남은 가래떡을 이용해 떡 맛탕을 만들어 봤어요. 실제로 '떡 맛탕'이라는 요리는 없지만 가장 적합한 이름인 것 같아 붙여봤어요ㅎㅎ 가래떡을 별로 안 좋아하는 저도 맛있게 먹었습니다 :D 쫄깃, 바삭, 달콤~ 하니 간식으로 엄청 좋아요!!",https://recipe1.ezmember.co.kr/cache/recipe/2018/03/28/7ca2a174822e92069536014f7e8518511.jpg?w=1000,아무나,1인분,10분 이내,,,,
6918977,https://www.10000recipe.com/recipe/6918977,간단한 술안주로 최고인 버터갈릭새우 만들기,요즘 남편과 늦은 밤에 마시는 술 한잔에 푹 빠졌어요. ヾ(๑ㆁᗜㆁ๑)ﾉ” 술을 마실 때 안주를 든든하게 먹어야 다음 날 숙취가 없어서 저는아무리 귀찮아도 꼭 안주를 챙겨 먹는 편인데 요새는 엄청 만들기 쉬운 버터갈릭새우에 홀릭 중이랍니다.,https://recipe1.ezmember.co.kr/cache/recipe/2019/09/10/ceb6aad8259b5dde6ea5bfc9a76957591.jpg,아무나,2인분,15분 이내,,,,
7073275,https://www.10000recipe.com/recipe/7073275,당근 고추참치덮밥 초간단 도시락 메뉴,고추참치를 넣은 당근덮밥 도시락 레시피,https://recipe1.ezmember.co.kr/cache/recipe/2026/03/18/119b1c9ffbe4d0527445049516fdcb2f1.jpg?w=1000,초급,1인분,15분 이내,,,,
7070124,https://www.10000recipe.com/recipe/7070124,고소하고 부드러운 계란두부부침 만들기,오늘은 속이 편안하게 부드럽고 맛있는 계란두부부침을 만들어 보았어요. 누구나 쉽게 따라할 수 있는 레시피입니다.,https://recipe1.ezmember.co.kr/cache/recipe/2026/01/18/296c0a43bb6795286e31c3ea6fe2b9611.jpg,초급,1인분,20분 이내,,,,
6847506,https://www.10000recipe.com/recipe/6847506,건강 가지를 스테이크로 즐겨요.,"안토시아닌이 함유되어 있는 항암예방에 좋은 가지.. 고혈압, 동맥경화 예방까지... 매콤달달 스테이크 만들어 즐겨 보아요.",https://recipe1.ezmember.co.kr/cache/recipe/2016/05/03/032f72b4e96c4b62277277a1dea047981.jpg,아무나,4인분,30분 이내,,,,
6881806,https://www.10000recipe.com/recipe/6881806,모닝빵콘치즈 간단간식,간단간식,https://recipe1.ezmember.co.kr/cache/recipe/2018/01/05/45b38a0a874f30a5eb35c177c27d359d1.jpg,아무나,2인분,30분 이내,,,,
6933349,https://www.10000recipe.com/recipe/6933349,우리집 최애 반찬 마늘아몬드조림 레시피,마늘이 몸에 좋은건 아는데 자주 챙겨먹지 않게 되더라구용 . 하지만 아몬드와 함께 조림식으로 만들어 먹으니 단짠단짠한 양념맛 때문에 반찬으로 잘 먹게 되네요^^,https://recipe1.ezmember.co.kr/cache/recipe/2020/05/26/e36b183d83e67dc42c6247b5f00b38be1.jpg,아무나,3인분,20분 이내,,,,
6875055,https://www.10000recipe.com/recipe/6875055,카레두부구이. 아이반찬으로 좋아요.,두부구이에 카레가루를 더하면 카레향이 솔솔나는 특색있는 카레두부구이가 된답니다. 카레 좋아하시면 좋아하실 밑반찬이예요 : ),https://recipe1.ezmember.co.kr/cache/recipe/2017/08/20/940f3948fb5a3eb1d8906c95061210f31.jpg?w=1000,아무나,4인분,15분 이내,,,,
7070465,https://www.10000recipe.com/recipe/7070465,반찬 걱정 줄여주는 오래 두고 먹는 양파청양고추 장아찌,"장아찌 한가지 만들어두면~! 두고두고 먹기 정말 좋지요 고기 먹을때나 전, 튀김, 수육 등등 다양하게 활용하기 좋은 장아찌~! 달큼한 양파와 칼칼한 청양고추를 넉넉히 넣어 두가지 조합이 딱 어울리는 양파청양고추장아찌를 맛있게 만들어봤어요~!",https://recipe1.ezmember.co.kr/cache/recipe/2026/01/26/d274451483d90166faa19b173c7e247d1.jpg?w=1000,아무나,4인분,20분 이내,,,,
6850385,https://www.10000recipe.com/recipe/6850385,항정살 된장구이 쌈 아니고 샐러드로 품격있게!,구워만 먹던 항정살을 된장양념을 하여 맛있게 구웠답니다 매운양념이 아니라 아이들도 맛있게 먹을 수 있어요,https://recipe1.ezmember.co.kr/cache/recipe/2016/06/02/4653713dadeabb48dcd4787a83cba9ee1.jpg,아무나,2인분,60분 이내,,,,
6867650,https://www.10000recipe.com/recipe/6867650,다른 반찬이 필요없는 매운 어묵 비빔밥~*,다른 반찬이 필요없는 어묵 양념 비빔밥 재료 착한 가격에 손쉽게 만들어 먹을수 있어 좋아요,https://recipe1.ezmember.co.kr/cache/recipe/2017/03/29/cee70f9835e0221d85d634cce75674721.jpg?w=1000,아무나,2인분,15분 이내,,,,
6943349,https://www.10000recipe.com/recipe/6943349,★쫀득쫀득 새우어묵★ 새우와 야채만 들어간 새우어묵입니다~,새우와 당근 고추를 넣고 찜기에 쪄서 만든 새우어묵입니다~ 밥반찬으로 아이들 간식으로고 너무 좋습니다^^,https://recipe1.ezmember.co.kr/cache/recipe/2020/10/04/d49e1d923c61e71a834cae1a9a5288ce1.jpg?w=1000,초급,2인분,60분 이내,,,,
6900601,https://www.10000recipe.com/recipe/6900601,톡톡 터지는 고소함!콘치즈파이 초간단 레시피,콘치즈는 그냥 먹어도 맛있지만 식빵속에 넣고 콘치즈파이를 만들어도 넘 고소하면서 맛있답니다!간식으로 강추해요^^,https://recipe1.ezmember.co.kr/cache/recipe/2018/11/22/22f1f7b08f72d759186671d89472b45f1.jpg,아무나,1인분,15분 이내,,,,
6925564,https://www.10000recipe.com/recipe/6925564,돌나물사과무침 l 아삭한 사과와 돌나물로 만든 간단 반찬 레시피 ★,사과의 아삭함과 돌나물의 특유맛 ! 간단한 무침 양념으로 만드는 초간단 반찬 레시피 ★ 세상의 모든 레시피 만개의레시피,https://recipe1.ezmember.co.kr/cache/recipe/2020/01/21/4d15d0da42c194a37166dc41f4e7825d1.jpg?w=1000,아무나,2인분,10분 이내,,,,
7027794,https://www.10000recipe.com/recipe/7027794,입맛 없는 여름에 딱 좋은 한 끼! 오이고추 비빔밥,시원한 오이고추 가득 넣어서 오이고추 비빔밥 만들어보세요. 된장으로 만드는 고소한 양념장 레시피까지! 간단하게 집에서 건강하게 만들어 먹기도 좋고 다이어트 식단 메뉴로 좋아요~,https://recipe1.ezmember.co.kr/cache/recipe/2024/06/07/a969f7cb0d9a648fc26cfd248bab4a9b1.jpg?w=1000,아무나,1인분,5분 이내,,,,
7021091,https://www.10000recipe.com/recipe/7021091,다이어트 반찬 양배추크래미볶음,다이어트 반찬 양배추크래미볶음,https://recipe1.ezmember.co.kr/cache/recipe/2024/02/29/356c43e0f44a6a5ab005bbf720cd124d1.jpg,아무나,2인분,10분 이내,,,,
7074215,https://www.10000recipe.com/recipe/7074215,국민반찬 부서지지 않는 감자채 볶음 만드는 법 10분 완성 레시피,특별한 재료 없이 간단하게 감자와 소금 간으로 담백하게 만들었어요. 전분기 제거하고 검은깨도 추가하니 고소함이 2배로 올라 가더라고요.,https://recipe1.ezmember.co.kr/cache/recipe/2026/04/04/1adadb13cc05eafba35c4742adeeac961.jpg,초급,2인분,15분 이내,,,,
7050547,https://www.10000recipe.com/recipe/7050547,비엔나 메추리알 조림 고추장 쏘알볶음 만드는 법,비엔나소시지 세일하길래 두 봉 사서 맛있는 반찬 하나 만들어 봤는데요. ​ 오늘 그 레시피 올려볼게요!,https://recipe1.ezmember.co.kr/cache/recipe/2025/04/17/c91cb7ef2d7ee0c2a6bc4b298fe55e551.jpg,초급,2인분,30분 이내,,,,
6892715,https://www.10000recipe.com/recipe/6892715,저녁반찬 없을때 후다닥 참치감자조림,집에 참치와 감자가 있었는데 뭘 해먹어야 좋을까 싶어서 찾아보다가 백종원씨가 만들어서 유명한 레시피가 있기에 따라해보았어요!,https://recipe1.ezmember.co.kr/cache/recipe/2018/07/18/d65a465ab4b6dc2bacd48eecb70f5e5e1.jpg?w=1000,아무나,2인분,10분 이내,,,,
6854799,https://www.10000recipe.com/recipe/6854799,닭가슴살 갈비구이,퍽퍽하기만한 닭가슴살을 조금 더 맛있게 먹는 방법! 자몽의요리가 알려드릴께요!!!! 촉촉하고 달콤하게 드셔보세요 닭가슴살에서 갈비맛이? ㅋㅋㅋㅋㅋㅋㅋㅋㅋ,https://recipe1.ezmember.co.kr/cache/recipe/2016/08/17/d9bdc5d413a5ecac7a8f8ff8ce8edf0b1.jpg,아무나,1인분,30분 이내,,,,
6874866,https://www.10000recipe.com/recipe/6874866,특제소스로 만든 가지탕수 아이도 잘 먹어요!,가지를 잘 먹지 않는 아이를 위해 튀겨서 새콤달콤한 소스에 버무려보았어요. 특별한 날 또는 손님상에 내놓아도 전혀 손색없을 가지탕수. 고기가 아니면 어때요?맛있으면 되지요! 흔한 듯 흔하지 않은 가지탕수 만들기 지금 바로 시작해 보겠습니다.^_^,https://recipe1.ezmember.co.kr/cache/recipe/2017/08/17/e0fa9b1d251b507741a67cc91a9d2ac71.jpg,중급,3인분,30분 이내,,,,
7040411,https://www.10000recipe.com/recipe/7040411,건새우 시금치된장국 레시피 시금치 두부 된장국 끓이는법,"반찬으로 시금치무침을 만들고 남은 시금치와 건새우, 두부를 넣고 시금치국 건새우 시금치국을 끓였어요.",https://recipe1.ezmember.co.kr/cache/recipe/2024/12/12/1d1b8c28721054fae8ae47271948e3681.jpg,아무나,2인분,15분 이내,,,,
6852019,https://www.10000recipe.com/recipe/6852019,가지등심카나페,"고급스러운 비주얼과 육즙이 파도처럼 넘쳐나는 한 입에 쏙, 가지 요리! 와인 안주, 손님 접대 음식으로 잘 어울려요^^",https://recipe1.ezmember.co.kr/cache/recipe/2016/07/03/55ce405cb26f4daf70cbd7354715289d1.jpg?w=1000,초급,2인분,15분 이내,,,,
6956266,https://www.10000recipe.com/recipe/6956266,500원 이면 밥한끼~ 뚝딱하는 팽이버섯조림~ 너무 맛있어용^^~,고기 구워먹고 팽이가 남아서 ㅎㅎㅎ 만들어 봤습니당^^~,https://recipe1.ezmember.co.kr/cache/recipe/2021/04/04/067529ead0761af2a8dbe1106e21bcd91.jpg?w=1000,아무나,2인분,15분 이내,,,,
6930961,https://www.10000recipe.com/recipe/6930961,양배추 참치덮밥 /Cabbage tuna bowl of rice,양배추로 간단히 만들 수 있는 덮밥 요리입니다. 본 게시물은 저작권 보호를 받고 있습니다. 저작자의 사전 동의 없이 이미지 및 문구의 무단 도용 및 복제를 금합니다. 무단으로 사용할 경우 법적 책임을 질 수도 있습니다. This post is copyright protected. Unauthorized theft and reproduction of images and phrases is prohibited without prior consent from the author. You may be liable for unauthorized use.,https://recipe1.ezmember.co.kr/cache/recipe/2020/04/18/4fa103e626a1a3c1314acf9de77fde361.jpg?w=1000,아무나,1인분,20분 이내,,,,
7042593,https://www.10000recipe.com/recipe/7042593,애호박전 꽃보다 예쁘게 만드는 레시피,오늘은 흔한 애호박전에 고명 하나를 더해 꽃보다 예쁜 '애호박전' 레시피를 소개할게요. 손님맞이용은 물론 명절용으로 만들어 내놓으면 탄사가 터진답니다.,https://recipe1.ezmember.co.kr/cache/recipe/2025/01/14/fada3ecde3717899b944ef5a628a47361.jpg,아무나,4인분,20분 이내,,,,
6860385,https://www.10000recipe.com/recipe/6860385,노오븐 베이킹/햄치즈빵 : 간단한 간식 만들기,오븐없이 전자렌지로 간단하게 만들 수 있는 간식이에요 ^^,https://recipe1.ezmember.co.kr/cache/recipe/2016/11/10/d9a682da8a2b69828c11d950233998f21.jpg,초급,1인분,10분 이내,,,,
7074563,https://www.10000recipe.com/recipe/7074563,얼큰 무청시래기 소고기 된장국,무청시래기와 소고기 감자를 넣고 푹 끓인 얼큰 무청시래기 소고기 된장국입니다. 언제 먹어도 맛있는 힌국인의 소울푸드죠!,https://recipe1.ezmember.co.kr/cache/recipe/2026/04/12/48a52783febc2f3704a0fd38765b6ae31.jpg,중급,6인분 이상,60분 이내,,,,
6904344,https://www.10000recipe.com/recipe/6904344,돼지목살꼬치 아이간식과 남편 술안주로 딱이야~,아이들이 엄마가 만들어준 돼지고기 꼬치는 장에서 파는 닭꼬치 보다 더 맛있단다~!^^ 단짠 단짠의 양념소스와 돼지고기 목살의 부드럽고 촉촉한 맛이 잘 어우러져서 아이들의 마음을 사로잡다~♡,https://recipe1.ezmember.co.kr/cache/recipe/2019/01/02/649b7166cddd374b7dcdfd52fd75f0f81.jpg,초급,2인분,20분 이내,,,,
6922742,https://www.10000recipe.com/recipe/6922742,다이어터들의 영양간식!두부참치스테이크 만들기!,"365일 일년이 다이어트라서 종종 닭가슴살을 많이 먹는데, 너무 물릴 때 가끔 닭가슴살 두부스테이크를 해먹었는데요. 이번엔 닭가슴살도 좋지만 계속 먹다간 닭까지 혐오할까봐 참치를 대신해서 만들어봤어요!",https://recipe1.ezmember.co.kr/cache/recipe/2019/11/27/c606469ca6b42e164619d81e1e38cf261.jpg?w=1000,아무나,4인분,10분 이내,,,,
6910384,https://www.10000recipe.com/recipe/6910384,매운맛 쏙 마늘 꿀조림 만들기,마늘은 매운맛때문에 먹기힘들죠 . 그런데 이렇게 하니 아이들도 먹을수있고 마늘이 꿀맛입니다,https://recipe1.ezmember.co.kr/cache/recipe/2019/04/13/1bd0a756ce6621fbf3711739980726b61.jpg,아무나,2인분,30분 이내,,,,
6935331,https://www.10000recipe.com/recipe/6935331,삼겹깐풍덮밥 : 비 오는 날에 생각나는 삼겹살!!!! 실패없는 깐풍소스로 덮밥만들기 ♥,비가 오늘 날에는 지글지글은 음식이 땡기는 날! 지글지글한 삼겹살과 간단 깐풍소스로 만든 덮밥 레시피! 오늘 점심은 삼겹깐풍 너야! 세상의모든레시피 만개의레시피,https://recipe1.ezmember.co.kr/cache/recipe/2020/06/30/d77f639c047a6cf6d5afb463d9d210ce1.jpg?w=1000,초급,2인분,30분 이내,,,,
6912539,https://www.10000recipe.com/recipe/6912539,에어프라이어 소시지 피자,간편하게 만드는 후랑크 소시지 피자 무조건 맛있다~ 정말 맛있어요,https://recipe1.ezmember.co.kr/cache/recipe/2019/05/21/52ec68320e673157a36e0bdce94f89561.jpg?w=1000,아무나,2인분,10분 이내,,,,
6831990,https://www.10000recipe.com/recipe/6831990,부추베이컨말이,간단한 술안주를 만들려고 냉장고를 들여보다가 급 만들게 되었는데요~ 대부분 팽이버섯을 베이컨에 많이 넣어 만들곤 하지만..전 향긋함과 영양을 더하기 위해 부추를 넣어봤어요. 느끼함도 잡아주고 완전 좋답니다^^,https://recipe1.ezmember.co.kr/cache/recipe/2015/08/15/2e35349d4ca6d65611bab97efeec7a621.jpg,초급,2인분,15분 이내,,,,
6880679,https://www.10000recipe.com/recipe/6880679,밥상 디톡스 브로콜리 마늘 볶음/해독 밥상/야채 마늘 볶음,"제가 평소 많이 먹고있는 디톡스 요리를 하나 가지고 왔어요 건강 식재료 브로콜리와 마늘을 함께 볶은, 깔끔한 맛이 일품인, 초간단 밥상 디톡스! 지금부터 시작해 볼게요 고고씽! :)",https://recipe1.ezmember.co.kr/cache/recipe/2017/12/08/f0896ec6cdc3fb6c57d5786d00ee20301.jpg,초급,3인분,10분 이내,,,,
6844877,https://www.10000recipe.com/recipe/6844877,양파알새우덮밥만들기,맛좋은 양파알새우덮밥!!!,https://recipe1.ezmember.co.kr/cache/recipe/2016/03/01/9f47a9f273578ec67dfad5d166cd2efc1.jpg,아무나,1인분,15분 이내,,,,
6836906,https://www.10000recipe.com/recipe/6836906,비스켓,"오늘은 아이들 간식이나 식사대용으로 이용할 수 있는 일명 KFC 비스켓을 만드는 법을 알려드릴게요. KFC 비스켓은 겉은 바삭하고 속은 부드러운 비스켓이에요. 딸기잼과 곁들여서 모닝빵 대용으로 이용해도 좋은데요. 가족들의 기호에 따라 건크랜베리나 피칸, 초쿄칩 등을 넣어서 다양하게 응용하셔도 좋답니다.^^",https://recipe1.ezmember.co.kr/cache/recipe/2015/10/26/75824892ef186515cb9b99840f5117cc1.jpg?w=1000,초급,6인분 이상,60분 이내,,,,
6989041,https://www.10000recipe.com/recipe/6989041,대파 싫어하는 아이들도 잘 먹는 대파 냉파스타 만들어 보세요.,대파 싫어하는 아이들도 잘 먹는 대파 냉파스타입니다.,https://recipe1.ezmember.co.kr/cache/recipe/2022/10/09/48c970009cfd4a65ef46af6d9a87409b1.jpg?w=1000,아무나,1인분,30분 이내,,,,
6867358,https://www.10000recipe.com/recipe/6867358,고구마 닭볶음 단짠의 케미 맥주안주!,날씨가 따뜻해지니 자꾸만 맥주가 땡기는 요즘! 봄이라 옷이 얇아져서 다이어트도 해야되고 먹고는 싶을 때 찔릴 때 배부르고 맛있게 먹을 수 있는 건강한 맥주 안주 소개해요!,https://recipe1.ezmember.co.kr/cache/recipe/2017/03/24/d7a5cc1c8438447eeea3c2c9c2fe26161.jpg,초급,1인분,60분 이내,,,,
7074542,https://www.10000recipe.com/recipe/7074542,묵은지 삼겹살 김치찜 초간단 레시피,밥 한공기 뚝딱 해버리는 묵은지 삼겹살 김치찜 레시피 :),https://recipe1.ezmember.co.kr/cache/recipe/2026/04/11/4a6bbfd5780cd254c348467f1b8625391.jpg?w=1000,중급,2인분,30분 이내,,,,
7063408,https://www.10000recipe.com/recipe/7063408,들기름리챔김치볶음,김장김치가 너무 익어서 그냥 먹기보다는 들기름 듬뿍 넣어서 달달달 볶아먹으면 또 그것이 꿀맛이랍니다.,https://recipe1.ezmember.co.kr/cache/recipe/2025/09/26/e5f09186bec2781f52da46607de96f101.jpg,초급,4인분,30분 이내,,,,
6891556,https://www.10000recipe.com/recipe/6891556,스팸 양파덮밥/스팸 돈부리,집에 마땅한 반찬이 없을때 스팸과 양파를 이용해 초간단 덮밥을 만들어 한끼 식사를 해결해보세요.,https://recipe1.ezmember.co.kr/cache/recipe/2018/06/27/ac1dbf84e93bba27a9e1c21597fab7e41.jpg,초급,1인분,10분 이내,,,,
6897704,https://www.10000recipe.com/recipe/6897704,"카라멜 입힌 식빵팝콘 레시피, 홈극장 별미",집에서 영화 보시는 경우가 상당히 많으신데요. 영화만 보면 섭섭할 수 있지요. 그래서 준비한 식빵팝콘레시피에요.,https://recipe1.ezmember.co.kr/cache/recipe/2018/10/12/9eb2e16defe757f67e7449fe84570fc01.jpg?w=1000,아무나,2인분,10분 이내,,,,
7074693,https://www.10000recipe.com/recipe/7074693,다이어트 식단 애호박 당근라페 덮밥,다이어트 식단으로 즐기기 좋은 애호박 당근라페 덮밥! 가볍지만 든든하게 즐겨봐요 : ),https://recipe1.ezmember.co.kr/cache/recipe/2026/04/14/55c3f4357e7622a1ac1145b0301cbc851.jpg?w=1000,초급,1인분,10분 이내,,,,
6842456,https://www.10000recipe.com/recipe/6842456,갈릭 닭가슴살버섯볶음,닭고기를 좋아하는 아이들을 위한 건강한 닭가슴살 요리입니다,https://recipe1.ezmember.co.kr/cache/recipe/2016/01/15/b00ba818099e92d6a36a10c694c141751.jpg,초급,2인분,30분 이내,,,,
6828951,https://www.10000recipe.com/recipe/6828951,대패삼겹살 영양부추 샐러드,영양부추샐러드는 보통 차돌박이를 많이 이용해서 샐러드를 만드는데요~ 대패삼결살을 이용해 만들어봤어요.,https://recipe1.ezmember.co.kr/cache/recipe/2015/06/17/1cea014584e2bf483dfe132faceda22b1.jpg,초급,2인분,30분 이내,,,,
6875696,https://www.10000recipe.com/recipe/6875696,참치 맛 가루 (후리 가케),방송에서 참치 맛 가루 만드는것 보고 따라 해보았어요~^^,https://recipe1.ezmember.co.kr/cache/recipe/2017/09/01/4d62a081b2bb5032f320c4a80e7d41cc1.jpg,아무나,6인분 이상,30분 이내,,,,
7069914,https://www.10000recipe.com/recipe/7069914,10분 만에 초간단 명란 버터 파스타 만들기,"밥하기는 귀찮고, 그렇다고 평범한 한식은 당기지 않을 때 부담 없이 즐길 수 있는 파스타가 생각나더라고요. 그래서 10분이면 후다닥 완성되는 고소하고 짭잘한 버터명란파스타를 만들어 봤답니다 :) 재료는 간단하지만 한 입 먹으면 은근히 중독되는 맛!",https://recipe1.ezmember.co.kr/cache/recipe/2026/01/14/810c6c976864c45dcb682418f02c414c1.jpg?w=1000,아무나,2인분,10분 이내,,,,
7003388,https://www.10000recipe.com/recipe/7003388,마지막 묵은지 털어 끓인 김치 콩나물국..,김치 찌끄래기 섞어서 국 끓였어요,https://recipe1.ezmember.co.kr/cache/recipe/2023/06/04/9bba95fd9f39ca063bb81a7d246ac3da1.jpg,아무나,5인분,30분 이내,,,,
7071789,https://www.10000recipe.com/recipe/7071789,백종원 깐 메추리알 장조림 만들기 도시락자취밑반찬,한입 쏙 국민반찬 메추리알 장조림 만들기 해 볼게요.,https://recipe1.ezmember.co.kr/cache/recipe/2026/02/19/ddc4ea0acde17af0a0ea29177dc7f7f01.jpg,아무나,4인분,15분 이내,,,,
6926078,https://www.10000recipe.com/recipe/6926078,♥[신혼밥상] 아몬드초코칩쿠기,초간단 간식 바삭바삭 고소함 가득 '아망디오 쇼콜라' 고급 디저트 아몬드 초코칩 쿠기 처음 만들어 봤는데 만족 만족*^.^* 햇살이 따뜻한 오후 커피한잔의 여유 메뉴!,https://recipe1.ezmember.co.kr/cache/recipe/2020/02/05/45cafda15a792a96993608aaaf8e7d901.jpg?w=1000,초급,2인분,30분 이내,,,,
6841156,https://www.10000recipe.com/recipe/6841156,"다이어트를 결심한 당신에게, “닭가슴살 부추냉채무침”","다이어트에 대한 이슈는 1년 내내 가는 것 같은데요, 그래서 이번에는 다이어트하면 항상 따라다니는 음식, 닭가슴살을 가지고 더 맛있고 건강하게 요리하는 방법을 알려드리려고 합니다.",https://recipe1.ezmember.co.kr/cache/recipe/2016/01/06/9e764e8107a194b7f809eab156b5207e1.jpg,초급,2인분,30분 이내,,,,
6916655,https://www.10000recipe.com/recipe/6916655,매콤 바삭 달콤 고등어 강정,"울~ 아들이 대형 마트에서 손질되어 있는 고등어를 사왔네요.ㅎ 알뜰하게도 엄마챙기는 울 아들 고마워♡ 손질되어 있는 고등어는 요리하기 편해 좋네요. 세상 참 살기 좋아졌어요. ㅎ 오늘은 매콤 달콤 바삭 고등어 강정을 만들어 봤습니다. 밥반찬으로도 좋지만 술안주,손님접대에도 손색이 없습니다. 구하기 쉽고 가계 부담도 없은 고등어 요리입니다.",https://recipe1.ezmember.co.kr/cache/recipe/2019/07/29/5a48cfef844b0882baf6377537ec3e001.jpg?w=1000,초급,2인분,15분 이내,,,,
6883649,https://www.10000recipe.com/recipe/6883649,비엔나 소세지강정 간단하게 만들어 먹기 좋아요 ♪,간단한 밑반찬으로 술안주로도 좋은 비엔나 소세지강정 이예요 :),https://recipe1.ezmember.co.kr/cache/recipe/2018/02/08/9e8e69c8a058e3f1e73ae0f0c990c7901.jpg,아무나,2인분,30분 이내,,,,
6891823,https://www.10000recipe.com/recipe/6891823,여름에 잘 어울리는 미역초샐러드! 와사비 넣어 더 상큼하게,여름이라 옷은 얇아지고 맛있는 건 먹고 싶고! 다이어트가 고민될 때 있으시죠? 이럴때 한끼 든든하게 먹을 수 있는 간단한 미역초샐러드 소개해요 간장드레싱에 와사비를 풀어 상큼하게 즐길 수 있는 샐러드랍니다,https://recipe1.ezmember.co.kr/cache/recipe/2018/07/02/c266461ad4b7032df19bd38c25b9cd441.jpg,아무나,1인분,30분 이내,,,,
7026723,https://www.10000recipe.com/recipe/7026723,마요네즈 스팸계란볶음밥 레시피,마요네즈 스팸계란볶음밥 레시피 입니다.,https://recipe1.ezmember.co.kr/cache/recipe/2024/05/20/b967233598e3e59f6c58e5aa194891591.jpg?w=1000,아무나,2인분,30분 이내,,,,
7006126,https://www.10000recipe.com/recipe/7006126,두부면 명란 파스타,명란 파스타 맛있게 먹는 꿀팁은 명란을 좀 많다 싶을 정도로 넣어 주는 게 좋아요. 명란이 좀 짜다 싶으면 물에 5분 정도 담갔다가 물기를 제거한 후 껍질을 벗겨서 사용하면 됩니다.,https://recipe1.ezmember.co.kr/cache/recipe/2023/07/14/d922226b979585475643318e9b9e6d2c1.jpg?w=1000,초급,1인분,15분 이내,,,,
6854979,https://www.10000recipe.com/recipe/6854979,소고기두부볶음 - 아이들 반찬/이유식 반찬으로도 최고죠~옛생각이 절로...,이제 슬슬 기온이 떨어지려나봐요. 아직 한낮에는 덥지만...아침저녁이라도 선선하게~~ 슬슬 반찬도 부지런히 해먹어야겠죠??ㅎㅎㅎㅎㅎㅎ 연휴의 끝과 함께 냉장고 반찬도 끝이 났어요. 일단....장보기는 싫고~~냉파냉파~~ 두부와 소고기가 있으니...소고기두부볶음을 했죠~ 아이들도 잘먹는 훌륭한 반찬!!!,https://recipe1.ezmember.co.kr/cache/recipe/2016/08/20/2146c8ef816630adcab6633818b3e4de1.jpg,초급,3인분,30분 이내,,,,
6887603,https://www.10000recipe.com/recipe/6887603,【우리집 인기반찬】 맛보장 통오징어 양념구이 진짜 맛있어요 ! (밥안먹는 4살 아이 반찬 & 술안주),오징어는 고단백질 식품으로 타우린이 풍부하죠! 활동량이 많아 지치기 쉬운 아이들에게 팜 좋으요:) 통으로 구워 썰어 먹으면 아이가 재미있어하며 잘 먹는답니다!,https://recipe1.ezmember.co.kr/cache/recipe/2018/04/20/49b40436a2e5fec4f2a8474a122e10201.jpg,중급,4인분,15분 이내,,,,
7048338,https://www.10000recipe.com/recipe/7048338,초간단 비빔국수,이것저것 요리하기엔 귀찮고! 맛있는 건 먹고 싶고! 그럴 때 초초초간단하게 해먹을 수 있는 세우식탁 비결 비빔국수 레시피 들고 왔어요! 살짝 매콤새콤하면서 고소한 맛이에요 그럼 Let's Go!,https://recipe1.ezmember.co.kr/cache/recipe/2025/03/24/002300de66b6d74de6abe2e83e7ae8a01.jpg?w=1000,아무나,1인분,20분 이내,,,,
7072626,https://www.10000recipe.com/recipe/7072626,반찬 없을 때 무조건 이거! 3분 완성 단무지무침 레시피,제가 정말 좋아하는 단무지무침을 만들었어요 쉽고 짧은 시간에 완성되니 꼭 만들어보세요,https://recipe1.ezmember.co.kr/cache/recipe/2026/03/05/88fd8575ce7a7879e64a54e2c668f47b1.jpg,아무나,4인분,5분 이내,,,,
6984535,https://www.10000recipe.com/recipe/6984535,"아삭함이 살아있는 반찬! 양배추 무침, 겉절이 만들기",새콤달콤한 맛이 입맛을 돋우는 양배추 겉절이에요. 김치 대진 먹기 좋은 요리입니다.,https://recipe1.ezmember.co.kr/cache/recipe/2022/07/31/0a3cf69214c365f5f80af5eee174c09f1.jpg,초급,2인분,15분 이내,,,,
6980900,https://www.10000recipe.com/recipe/6980900,오징어 간장조림 간단하지만 맛있다,수미네반찬에 나왔던 레시피인데오 오징어와 꽈리고추만 있으면 별다른 재료 넣지않아도 든든한 밥한공기 뚝딱할 밥도둑입니다,https://recipe1.ezmember.co.kr/cache/recipe/2022/06/09/741adf86dcacb22af586967425b514e21.jpg,초급,2인분,15분 이내,,,,
6994661,https://www.10000recipe.com/recipe/6994661,"파티에 로스트치킨이 빠질 수 없지, 에어프라이어 카레닭봉구이",파티요리에 닭요리가 빠질 수 없지! 파티요리로도 반찬으로도 좋은 카레닭봉구이 손질된 닭봉을 카레 소스에 버무리고 에어프라이어에 구워주면 순식간에 완성~,https://recipe1.ezmember.co.kr/cache/recipe/2023/01/02/5d8b1b3f3536b607c7ff2c720ebbec7e1.jpg?w=1000,아무나,4인분,30분 이내,,,,
7027008,https://www.10000recipe.com/recipe/7027008,고추장 대신 된장소스 곁들인 감칠맛 가득 부추비빔밥,"된장소스로 고소하고 감칠맛 있는 비빔밥 참치, 부추, 계란에 특제 된장소스를 넣고 슥슥 비벼주면 간단한 한끼 완성 입맛 없고 반찬하기 싫을 때 감칠맛을 살린 부추된장비빔밥으로 한끼 뚝딱해보세요.",https://recipe1.ezmember.co.kr/cache/recipe/2024/05/24/4c28d87dbd0ad39f7793f43d1f7500ab1.jpg?w=1000,아무나,1인분,15분 이내,,,,
7050937,https://www.10000recipe.com/recipe/7050937,밑반찬으로 너무 좋은 계란말이,계란말이는 이왕이면 예쁘게 만들어 먹고싶은데 처음에는 만들기 어렵다고 생각했는데 김밥용발을 이용해서 모양을 예쁘게 사각형으로 잡아주면 예쁜 계란말이가 된답니다.,https://recipe1.ezmember.co.kr/cache/recipe/2025/04/22/ff0bbc58b5bdbaa76a1cfbfd61a9ae1a1.jpg?w=1000,초급,2인분,30분 이내,,,,
6980888,https://www.10000recipe.com/recipe/6980888,부추나물 [향긋한 부추로 만든 초간단 나물요리! 부추를 맛있게 많이 먹을 수 있는 영양 듬뿍 채소 반찬!],부추는 섬유질이 풍부하고 성질이 따뜻해서 건강에 참 좋은 식재료죠. 부추를 듬뿍 맛있게 먹을 수 있는 방법은 바로 나물로 만들어 먹는 거예요. ​ 별다른 양념 없이도 부추의 향을 오롯이 느낄 수 있는 부추나물! 부추를 손질해서 데치기만 하면 요리과정이 거의 끝나는 초간단 나물반찬이에요.​,https://recipe1.ezmember.co.kr/cache/recipe/2022/06/08/cb2fb7af53a9b5b6dd31512e90c60fd11.jpg?w=1000,아무나,2인분,20분 이내,,,,
6832044,https://www.10000recipe.com/recipe/6832044,"여름엔 진리, ""참치오이롤초밥""♪","무더운 여름, 가스불앞에 서지 않고 간단하면서도 맛있게 먹을 수 있는 대표적인 핑거푸드인데요~ 비쥬얼이 좋아서 손님초대요리로도~ 파티요리로도~ 어디에나 잘 어울리는 참치오이롤초밥입니다.",https://recipe1.ezmember.co.kr/cache/recipe/2015/08/16/84788060b17a8792d15230d6061004f91.jpg,아무나,1인분,30분 이내,,,,
7041117,https://www.10000recipe.com/recipe/7041117,눈사람 함박스테이크 감자샐러드로 홈파티 음식 다진 돼지고기로 간단하게,홈파티 음식으로 즐기기 좋은 눈사람 함박스테이크를 소개 드려요. 소고기 다짐육과 돼지고기 다짐육을 함께 넣고 동그랗게 빚어 함박스테이크를 만들고 달짝지근한 스테이크 소스까지~~(다진 돼지고기만 이용하여도 괜찮음) 연말 파티 분위기를 내기 위해 감자샐러드를 활용 눈사람을 만들어 함박스테이크 위로 올려보았어요. ​,https://recipe1.ezmember.co.kr/cache/recipe/2024/12/23/85e907eb9a6fd03446e0bff0505b29151.jpg,초급,2인분,30분 이내,,,,
6952146,https://www.10000recipe.com/recipe/6952146,"쉽고 맛있는 ""돼지고기 짜글이"" 만들기",짜글이는 돼지고기와 채소를 넣고 국물이 약간 자작하게 끓여 먹는 충청도 향토 음식입니다. 밥비벼 먹는 맛이 일품이라서 자주 만들어 먹고 있습니다.,https://recipe1.ezmember.co.kr/cache/recipe/2021/01/27/a8dec739f64598cb843a2356eb6bf21e1.jpg,아무나,2인분,20분 이내,,,,
6954484,https://www.10000recipe.com/recipe/6954484,간단한 반찬 새우숙주볶음 맵지 않아서 아이들도 잘 먹어요.,"제가 새우를 좋아하는데 새우 알레르기가 있습니다. 새우 알레르기가 있는데 날 것의 상태로 만지거나 날 것의 상태로 먹으면 안 되는데 익힌 새우는 맛있게 먹을 수 있습니다. 익힌 새우라도 맛있게 먹을 수 있어서 참 다행입니다. 새우를 먹지 못하는 인생, 상상하기도 싫습니다. 그리고 저는 어차피 날 것의 음식을 좋아하지 않기 때문에 새우장 등 날 것으로 먹는 경우는 거의 없습니다. 오늘은 제가 좋아하는 새우를 넣고 숙주볶음을 만들었습니다. 새우 못지않게 숙주도 좋아하는데요, 그냥 오늘은 제가 좋아하는 재료만 사용했습니다. 평소에도 제가 좋아하는 재료만 사용하지만요. 그럼 지금 바로 새우숙주볶음 만드는 법을 알려드립니다.",https://recipe1.ezmember.co.kr/cache/recipe/2021/03/03/f308636e26ec3e5e3ede271565a964791.jpg,아무나,4인분,30분 이내,,,,
4197710,https://www.10000recipe.com/recipe/4197710,느끼함은 잠시 접어둔 담백한 참치까스,"오늘은 담백하면서도 바삭하고 너무 맛있는 참치까스 만드는법을 소개해 드리려고 해요. 돈까스가 맛있기는 하지만, 살짝 느끼하잖아요. 참치까스는 느끼함 보다는 담백함이 느껴지고, 식감도 겉은 바삭 속은 부드러워 아이들도 너무 좋아해요.",https://recipe1.ezmember.co.kr/cache/recipe/2015/06/25/81e5599ca50934c6bdf6b3ef7d0aaf65.jpg,초급,2인분,60분 이내,,,,
6847884,https://www.10000recipe.com/recipe/6847884,[반찬] 숙주새우달걀볶음,아삭아삭한 숙주와 탱글탱글한 새우! 그리고 부드러운 달걀까지. 맛있는 재료만 모아 휘리릭 볶아낸 간단한 반찬입니다:),https://recipe1.ezmember.co.kr/cache/recipe/2016/05/10/5d7b179b1126968b574cd08aa1f185721.jpg,아무나,2인분,15분 이내,,,,
6865340,https://www.10000recipe.com/recipe/6865340,[간단 자취요리] 몽쉘로 쫀득쫀득 컵브라우니 만들기!,"안녕하세요 여러분! 오늘은 발렌타인데이죠? 주변사람들과, 연인들과 초콜렛 많이 주고받으셨나요ㅎㅎ 저는 이렇게 발렌타인데이도 자급자족으로...:D 여러분들도 브라우니 간단하게 만들어서 드셔보세요 ㅎㅎ 슬프다구요? 기분 탓이에요 (엉엉) 그리고 오늘은 완성 영상이랑 사진이 없어서 앞뒤가 휑~한점 양해부탁드려요..ㅋㅋㅋ",https://recipe1.ezmember.co.kr/cache/recipe/2017/02/15/8fc58374cdba7cdf0beebac7f38ea2971.jpg,아무나,1인분,5분 이내,,,,
6835071,https://www.10000recipe.com/recipe/6835071,깐풍만두 전분가루 없이도 맛있는 소스만들기,냉동고에 항상 있는 냉동만두로 맛있는 깐풍만두를 만들어봤는데요 전분가루 없이도 맛있는 깐풍소스를 만들어보았답니다,https://recipe1.ezmember.co.kr/cache/recipe/2015/09/24/1dd94284297cf2a3baea26c4f144020a1.jpg?w=1000,초급,2인분,15분 이내,,,,
7003814,https://www.10000recipe.com/recipe/7003814,빨주노 삼색 파프리카 애호박 구이 파프리카 양념장 만들기,집에 남는 애호박을 가지고 뭘 만들어볼까 고민하다가 아이들도 좋아하는 양념으로 삼색 파프리카 애호박 구이를 만들어 봤습니다^^,https://recipe1.ezmember.co.kr/cache/recipe/2023/06/10/ea855a6640b35cbb0882bec541f838eb1.jpg,초급,3인분,30분 이내,,,,
6975626,https://www.10000recipe.com/recipe/6975626,♥[시혼밥상] 술안주 새우콘치즈,고소함의 끝판왕! 혼맥 하기 딱 좋은 메뉴 *^.^* 술이 술술 들어가는 초간단 맥주안주 10분 뚝딱~ 지금 시작합니다.,https://recipe1.ezmember.co.kr/cache/recipe/2022/02/24/5bb20ca2a22caf16fdbf5de3164ef4891.jpg?w=1000,초급,2인분,10분 이내,,,,
7074078,https://www.10000recipe.com/recipe/7074078,시금치된장 고추장넣었더니?이맛뭐죠?밥두공기 순삭,요즘처럼 쌀쌀한 날에는 따뜻하게 데워주는국이 최고지요 된장만넣었을때보다 더맛있는 시금치된장 고추장국입니다,https://recipe1.ezmember.co.kr/cache/recipe/2026/04/03/831e962b6122a22fdfbc10f7994229dd1.jpg,아무나,4인분,60분 이내,,,,
6868392,https://www.10000recipe.com/recipe/6868392,부추스팸덮밥. 냉장고 파먹기. 초간단덮밥요리. 혼밥요리.,간만에 주방에서 칼질한 오늘. ㅎㅎ 신랑이 간만에 집에서 밥을 먹겠다는데 라면을 끓여줄 수도 없고해서. 냉장고를 털어보니 부추뿐이다..ㅡㅡ;;; 그리고 통조림햄들... 꺼내보니 종류별로.. 아주 많다.. 이 종류들이 몇개씩이나 있다. 명절때 선물 들어온것들.. 우리는 햄을 먹지 않아서..ㅠㅠ 방치상태. 어쨌든 활용해 먹여야겠지?ㅋㅋㅋㅋ,https://recipe1.ezmember.co.kr/cache/recipe/2017/04/13/a307ea8aeb9216fb3aad8cb30a6e05211.jpg,아무나,1인분,15분 이내,,,,
6910228,https://www.10000recipe.com/recipe/6910228,배추나물 무침 만드는법 다이어트 반찬,사진 글 ㅣ 요리하는 아내 오늘은 제가 다이어트에 좋은 반찬을 소개 해 드릴게요 배추를 겉절이로 만들어 먹는것보다 살짝 데쳐서 간을 약하게 한 뒤 무침으로 만들어 먹으면 다이어트에 좋아요 그리고 저희 집에는 아직 어린 두 아드님이 계셔서 겉절이는 못 먹지만 이 배추무침은 잘 먹는답니다:),https://recipe1.ezmember.co.kr/cache/recipe/2019/04/10/784e5b98059c72fe8dc1a49d473e7f4e1.jpg,아무나,2인분,30분 이내,,,,
7074045,https://www.10000recipe.com/recipe/7074045,모닝빵으로 마늘빵만들기 에어프라이어로 간단한간식레시피,에어프라이어로 간단하게 집에서 만들수있는 모닝빵으로 마늘빵만들기 레시피입니다,https://recipe1.ezmember.co.kr/cache/recipe/2026/04/03/1e0b251f93b363224746e927f4e760971.jpg?w=1000,아무나,4인분,30분 이내,,,,
6886567,https://www.10000recipe.com/recipe/6886567,딱 10분이면 완성! 초간단 애호박덮밥,애호박과 양파로 만드는 초간단 덮밥요리! 애호박덮밥입니다:),https://recipe1.ezmember.co.kr/cache/recipe/2018/04/02/66156603476fcaebb89569b4593758ed1.jpg,아무나,1인분,10분 이내,,,,
7023485,https://www.10000recipe.com/recipe/7023485,고추장 냉이무침 입안에 봄이 가득 맛있는 냉이요리 냉이손질법 냉이나물,봄이 온 걸 알리는 대표 봄나물 중 하나인 냉이! 냉이는 은은한 흙냄새와 쌉쌀한 풀 내음을 가져 특유의 향을 가지고 있는 매력적인 나물인데요 제철 맞은 냉이를 매콤한 고추장 양념에 조물조물 무쳐 입맛 확 살려주는 반찬으로 만들어봤어요:),https://recipe1.ezmember.co.kr/cache/recipe/2024/04/02/e06ab7897edb32ecfa89b1b1a71d6eda1.jpg?w=1000,초급,2인분,20분 이내,,,,
6867306,https://www.10000recipe.com/recipe/6867306,부드럽고 먹기 좋은 닭다리살 치즈밥,부드럽고 먹기 좋은 닭다리살! 집에서도 레스토랑 따라해볼까요? 집에 있는 갖가지 양념을 넣고 맛있게 볶아 치즈까지 올려서 푸짐한 한끼 만들어봤어요,https://recipe1.ezmember.co.kr/cache/recipe/2017/03/23/ee2687e1f51b7fad5084dd447b13d5c91.jpg,초급,1인분,30분 이내,,,,
7029194,https://www.10000recipe.com/recipe/7029194,감자 계란국 끓이는 법 계란 감자국 간단한 맑은 국 요리,감자와 계란 평범한 재료로 달큼하면서 고소한 맛. 간편하게 만든 든든한 맑은 감자 계란국이에요.,https://recipe1.ezmember.co.kr/cache/recipe/2024/06/26/a41a276d2f96b4d00e24c14b8a81d1661.jpg,아무나,2인분,10분 이내,,,,
6892442,https://www.10000recipe.com/recipe/6892442,초간단 밑반찬 파프리카버섯볶음 굴소스가 포인트,굴소스로 만드는 #초간단밑반찬 #파프리카버섯볶음 레시피예요. 만들기 쉽고 시간도 얼마 안걸려서 반찬없을때 후다닥 만들기 좋아요.,https://recipe1.ezmember.co.kr/cache/recipe/2018/07/12/211a169445837d4f72ab65c370acd4e61.jpg,아무나,4인분,10분 이내,,,,
7073523,https://www.10000recipe.com/recipe/7073523,냉이된장국 레시피 끓이는법 효능 냉이요리 추천,"냉이 하면 가장 먼저 떠오르는 요리가 바로 냉이된장국이에요. 된장국에 냉이를 넣어 끓이면 향이 은은하게 올라오면서 밥이랑 같이 먹기 좋은 국이 되거든요. 자극적인 국이 아니라서 집밥 느낌도 나고 속도 편한 메뉴예요. 오늘은 집에서 간단하게 끓여 먹기 좋은 봄 제철 음식, 냉이된장국 끓이는법 소개해 드릴게요 '◡'",https://recipe1.ezmember.co.kr/cache/recipe/2026/03/24/6c4e1d62b2e36253e3c628690e75bdd51.jpg,아무나,2인분,20분 이내,,,,
6983253,https://www.10000recipe.com/recipe/6983253,포만감 가득 다이어트 양배추오믈렛,양배추와 계란을 이용한 고단백 저칼로리 다이어트 요리예요. 포만감과 맛 모두 잡았어요.,https://recipe1.ezmember.co.kr/cache/recipe/2022/07/11/0b87fd150c33a01e1ebc6a7d32565f441.jpg?w=1000,아무나,1인분,10분 이내,,,,
6989529,https://www.10000recipe.com/recipe/6989529,오징어무국 레시피,쌀쌀해진 날씨에 뜨~끈하고 시원~하게 먹기좋은 오징어무국 만들기 밥 한그릇 말아서 후루룩 뚝딱하기 좋습니당!,https://recipe1.ezmember.co.kr/cache/recipe/2022/10/14/f83c9b1390fdbad6e02244a2dd51dba41.jpg,초급,5인분,15분 이내,,,,
6913806,https://www.10000recipe.com/recipe/6913806,♥[신혼밥상] 닭가슴살양배추말이,여름 휴가 대비! 칼로리는 다운↓ 배는 빵빵↑ 메뉴 추천 체중감량의 단골손님 '닭가슴살' 위를 보호해주는 '양배추' 포만감 가득한 '오이'랑 '당근'랑 s라인 만들기 프로젝트 돌입! 지금부터 건강식 다이어트레시피를 소개합니다.,https://recipe1.ezmember.co.kr/cache/recipe/2019/06/16/943ecafd5e928849983cb52d8273e5021.jpg?w=1000,초급,2인분,15분 이내,,,,
6842114,https://www.10000recipe.com/recipe/6842114,"팽이버섯덮밥:초초초간단 그러나, 더 없이 훌륭한 한끼","채소가 여의치 않은 겨울철엔 버섯이 효자, 팽이버섯을 이용한 덮밥을 만들어 도시락도 싸고 아침도 해결했어요",https://recipe1.ezmember.co.kr/cache/recipe/2016/01/26/793d64f053cd6e3be138ca8cbbaed8f01.jpg,아무나,2인분,10분 이내,,,,
7042252,https://www.10000recipe.com/recipe/7042252,베이컨김치볶음밥 레시피 간단 김치볶음밥 만들기,묵은지와 함께 돼지고기를 비롯한 각종 햄이나 소시지와 함께 볶으면 그 자체로 꿀맛인 한 그릇 뚝딱 메뉴가 되는데요. 김치를 평소 좋아하지 않는 아이들도 이렇게 감칠맛 나는 재료들과 함께 볶아주면 맛있게 먹기 때문에 묵은지 활용 메뉴로 자주 만들곤 해요. 오늘은 스팸만큼이나 좋아하는 베이컨과 함께 잘 익은 신김치와 함께 달달 볶아 베이컨김치볶음밥 만들어 방학 식단으로 맛있는 한끼 만들어 주었습니다. 파 송송 썰어 식용유에 노릇하게 볶아낸 뒤 베이컨과 김치 섞어 달달 볶아주고요. 진간장 소량 넣고 풍미 살려 지글지글 끓여 밥과 함께 볶아 고소한 참기름 추가해 완성하면 되는 간단한 레시피랍니다. 여기에 달걀 프라이 하나 톡 올려 준 뒤 김가루 추가해 맛있게 비벼 먹으면 맛뿐 아니라 영양까지 채울 수 있는 한 그릇 식단으로 맛있는 베이컨김치볶음밥 만드는 법 차근차근 소개해 드립니다. ​,https://recipe1.ezmember.co.kr/cache/recipe/2025/01/09/e33390802d49e1273ebc6853d2adcdea1.jpg,초급,1인분,20분 이내,,,,
6907784,https://www.10000recipe.com/recipe/6907784,에어프라이어 깐풍만두 만들기,깐풍만두 만들기,https://recipe1.ezmember.co.kr/cache/recipe/2019/03/05/883f73880b7bbee9ab612a8ad603636a1.jpg,아무나,2인분,60분 이내,,,,
6867736,https://www.10000recipe.com/recipe/6867736,[간단 자취요리] 혼술 안주 생성! 닭꼬치 만들기,"안녕하세요 여러분~! 요즘 혼술하시는 분들 많으시죠? 그래서 오늘은 술안주로 딱인 닭꼬치를 준비했어요! 예전에 다이어트한다고 닭가슴살 대량 구매했다가 다이어트는 포기하고 맛있는 닭꼬치를 만들어 먹은 기억이 나네요.. 하하.. 저는 가까운 마트에 닭가슴살이나 닭다리살이 없어서 통닭을...사서ㅋㅋㅋ 발골했는데요! 여러분들은 닭다리 살이나, 넓적다리 살, 가슴살 등을 구매해서 편하게 만드세용! 확실히 가슴살보다는 넓적다리살이 맛있어요..:D",https://recipe1.ezmember.co.kr/cache/recipe/2017/03/31/7b6d48c2da3fcc6313d965c1c2b3a6481.jpg?w=1000,아무나,3인분,30분 이내,,,,
6984865,https://www.10000recipe.com/recipe/6984865,[유아식]당면을 넣어 만든 달걀만두,만두를 빚을 필요 없이 아주 만두 속을 달걀과 섞어 부치기만 하면 되는 아주 간단한 만두예요. 당면과 채소만 넣었을 뿐인데 정말 맛있는 아기반찬이 완성된답니다^^,https://recipe1.ezmember.co.kr/cache/recipe/2022/08/05/5bcd7b14e9407c287f09988abd54cc8d1.jpg?w=1000,초급,1인분,60분 이내,,,,
6977567,https://www.10000recipe.com/recipe/6977567,"삼치조림 [전분 묻혀 구운 삼치에 간장양념으로 감칠맛 더한 조림요리! 밥반찬, 술안주 다 잘 어울려요!]",싱싱한 손질삼치 1마리로 간장양념 삼치조림을 만들었어요. 삼치를 전분 무쳐 미리 구워낸 후 간장양념에 졸여 내니 밥반찬으로도 좋고 술안주로도 좋네요.,https://recipe1.ezmember.co.kr/cache/recipe/2022/04/09/9ba8bef94d7758da05a6f94adbf11a781.jpg?w=1000,아무나,2인분,30분 이내,,,,
6895266,https://www.10000recipe.com/recipe/6895266,No밀가루!속이 편안 밥피자 만들기,"피자가 땡기는데 밀가루가 부담되실때 속이 편한 밥피자를 만들어 보세요!맛도, 영양도 챙길수 있고 무엇보다 찬밥 남았을때 활용하기 좋아요!",https://recipe1.ezmember.co.kr/cache/recipe/2018/09/04/7149b06d432481e2fa5f2cbd8456181b1.jpg,아무나,2인분,30분 이내,,,,
6994439,https://www.10000recipe.com/recipe/6994439,두부조림보다 부드러운 매콤 순두부 요리,두부조림보다 부드럽게 넘어가는 순두부조림 자작자작하게 조린 순두부를 따뜻한 흰밥에 올려 먹으면 꿀맛! 부드럽게 호로록 넘어가는 순두부가 너무 매력적이에요.,https://recipe1.ezmember.co.kr/cache/recipe/2022/12/28/9f7ae8371922d6aeb5cbc7b8178d26741.jpg?w=1000,아무나,2인분,20분 이내,,,,
6857754,https://www.10000recipe.com/recipe/6857754,새우 is 뭔들~ 카레버터새우볶음,카레와 버터를 넣어 볶은 초간단 밥반찬! 카레버터새우볶음입니다:),https://recipe1.ezmember.co.kr/cache/recipe/2016/10/01/1ecfd9aa242318d78de1a782005fc0841.jpg,아무나,3인분,15분 이내,,,,
6893218,https://www.10000recipe.com/recipe/6893218,혼밥도 즐겁게! 버터갈릭새우,"이웃님들은 혼밥할 때 어떻게 드실까? 궁금해지는거 있죠. 저는요~ 냉장고에서 빨리 처리해야 할 재료들로 후다닥~ 요리해 먹어요. 몇일전 요리에 덜어 쓰고 남은 새우를 냉동실에 넣지 않고 냉장실에...앗! 실수를. 그래서, 버터갈릭새우 후다닥~~ 만들어 먹었어요.",https://recipe1.ezmember.co.kr/cache/recipe/2018/07/28/217a2c7c11470279c27a636d59aafd701.jpg,아무나,1인분,15분 이내,,,,
6898369,https://www.10000recipe.com/recipe/6898369,고소함이 남다른 백종원 '들기름계란후라이'초간단 레시피,평소 해먹던 계란 후라이 대신 들기름을 사용해 정말 고소한 백주부님 들기름 계란후라이 한번 만들어 보세요^^김가루 약간 넣고 슥슥 비벼 드셔도 꿀맛입니다,https://recipe1.ezmember.co.kr/cache/recipe/2018/10/21/908b60f6bd193e12eef66238ec166a5f1.jpg,아무나,2인분,10분 이내,,,,
6855421,https://www.10000recipe.com/recipe/6855421,계란덮밥- 아이가 좋아하는 연두부와 달걀의 만남 부드러운 계란덮밥,아침에 눈 뜨자마자 율양이 엄마~밥!!! 이러면 마음부터 급해진다. 배고픔을 못 참는 아빠 닮아서~ㅋㅋㅋ 울율양도 배가 고프면 예민해지는 편이라~ 국이나 반찬이 마땅치 않을 땐 후다닥 만들어 주는 계란덮밥!,https://recipe1.ezmember.co.kr/cache/recipe/2016/08/27/3e0153c5c8f8ca8d1cc234290f03474b1.jpg,아무나,2인분,15분 이내,,,,
6879543,https://www.10000recipe.com/recipe/6879543,[간단 자취요리] 두부를 쫄깃한 고기식감으로 만들기! 두부탕수 만들기,"안녕하세요 얌배추들!! 오늘은 두부탕수입니다 :D 동두부가 한창 유행했을 때, 저도 많이 만들어 먹었는데 보통은 조림이나 찌개에 이용했어요. 그러다가 문득... 두부탕수를 동두부로 만들어 보면 괜찮겠다 생각이 들어 만들어 봤는데 역시 그냥 두부로 만들 때보다 훨씬 더 식감이 좋더라구요ㅎㅎ",https://recipe1.ezmember.co.kr/cache/recipe/2017/11/14/ad85ee77d35f69c4420f32565f11ecd71.jpg?w=1000,아무나,1인분,15분 이내,,,,
6841290,https://www.10000recipe.com/recipe/6841290,[No.1 감자새우덮밥] 고급스러운 중식덮밥,"이 레시피는 집에서 한그릇 뚝딱! 쉽게 만들 수 있는 일명 ""한그릇 요리""에요. 만드는 방법도 간단하고 조리시간도 짧지만 그 맛은 기대이상이지요! 굴소스가 들어가 깊은 맛을 내주면서 감자의 부드러움, 새우의 탱글탱글한 식감까지 - 손님용 요리로도 손색이 없을만큼 고급스러운 맛을 내주는 <감자 새우 덮밥>입니다 :)",https://recipe1.ezmember.co.kr/cache/recipe/2016/01/08/c2b4d2a0e6543e8cd9c120cbcabed00d1.jpg,초급,1인분,15분 이내,,,,
6871815,https://www.10000recipe.com/recipe/6871815,초 간단 계란 초,삶은 계란 그냥 먹는 것 보다 요로코롬 해서 먹음 더 맛난다지요,https://recipe1.ezmember.co.kr/cache/recipe/2017/06/26/d62fbae850e7ce54baaed8cde3ab50901.jpg?w=1000,아무나,1인분,10분 이내,,,,
6882435,https://www.10000recipe.com/recipe/6882435,"당신의 다이어트를 책임져줄, 닭가슴살 고구마 볶음",맨날 풀만 먹는 것에 지친 다이어터들을 위한 국내 유일의 요리전용 맛술 미림을 활용한 닭가슴살 고구마 볶음,https://recipe1.ezmember.co.kr/cache/recipe/2018/01/10/3c39ea976428eed6fbce95c82f6c69d11.png,초급,2인분,60분 이내,,,,
6904864,https://www.10000recipe.com/recipe/6904864,치즈덕후 설레는 치즈폭발 '갈릭치즈 토스트'간식 만들기,평소 치즈를 너무 좋아하는 치즈덕후인데요. 오늘은 커피랑 함께 먹으면 넘 맛있는 초간단 간식 갈릭치즈 토스트 소개할께요.,https://recipe1.ezmember.co.kr/cache/recipe/2019/01/20/37853531cbd9afdba74372aa15f0df2a1.jpg,아무나,1인분,10분 이내,,,,
6860598,https://www.10000recipe.com/recipe/6860598,또띠아마늘칩 -10분이면 가능 또띠아칩 #간단간식,간단하게 누구나 만들수있는 바삭한또띠아칩 마늘과 버터를 넣어 더욱 맛있어요,https://recipe1.ezmember.co.kr/cache/recipe/2016/11/13/fbceba7b97dbc06754596ed2dbfb34181.jpg,아무나,2인분,10분 이내,,,,
7013057,https://www.10000recipe.com/recipe/7013057,몽글몽글 부드러운 순두부 계란국 끓이는법,바쁜 아침에 후다닥 끓여서 호로록 먹기 좋은 몽글몽글 순두부 계란국 끓이는법 알려드릴게요 :),https://recipe1.ezmember.co.kr/cache/recipe/2023/11/08/499f773662ab56cbbaac94db5503ffc41.jpg,아무나,4인분,20분 이내,,,,
6839363,https://www.10000recipe.com/recipe/6839363,게살 텐신항:중국식?일본식? 어쨌든 초간단! 계란덮밥,"중국엔 없고 일본에만 있는 중국풍일본요리인 텐신항을 만들었어요, 계란덮밥에 소스를 뿌려내는 한그릇요리인데 이름에 비해 만드는 법은 초간단이라서 아침식사로도 추천할 만한 음식이랍니다",https://recipe1.ezmember.co.kr/cache/recipe/2015/12/08/4c0e6eef4d85dde6b34a5d1228cd09961.jpg,초급,1인분,15분 이내,,,,
6922432,https://www.10000recipe.com/recipe/6922432,비스퀵 l 할아버지 버거집에서만 팔았던 KFC비스켓 ★,KFC에서 먹었던 퍽퍽한 빵!!!! KFC비스킷 딸기잼에 발라서 먹으면 캐존맛~! 세상의 모든 레시피 만개의레시피,https://recipe1.ezmember.co.kr/cache/recipe/2019/11/18/291439f9ff5a579ac9e04e5ade09af981.jpg?w=1000,초급,3인분,60분 이내,,,,
7017631,https://www.10000recipe.com/recipe/7017631,쫀득해서 계속 손이 가는 고구마맛탕쿠키,전분만 살짝 넣어서 구워줘도 쫀득하고 바삭한 고구마 맛탕쿠키 완성~ 다이어트 간식으로도 좋아요^^,https://recipe1.ezmember.co.kr/cache/recipe/2024/01/12/aba6182568d2762bf92aa6e1de8e06d81.jpg?w=1000,아무나,2인분,30분 이내,,,,
6957721,https://www.10000recipe.com/recipe/6957721,집들이 음식 훈제오리 부추무침 만드는 법 간단하고 맛있어요.,"훈제오리 시금치볶음을 만들어 먹고 남은 훈제오리가 있습니다. 그 훈제오리로 훈제오리 부추무침을 만들어 먹었습니다. 먹고 남은 식재료가 있으면 무조건 빨리 사용해야 된다는 강박증 같은 것이 있어서. 훈제오리 부추볶음을 만들어 먹을까 싶었는데 이미 훈제오리 시금치볶음을 만들어 먹었기 때문에 ""그래, 훈제오리 부추무침을 만들어 먹자."" 훈제오리 부추무침은 만들기 간단해서 ""집들이 음식으로 간단하게 뚝딱"" ""생일파티 음식으로 간단하게 뚝딱"" 그럼 지금 바로 훈제오리 부추무침 만드는 법을 알려드립니다.",https://recipe1.ezmember.co.kr/cache/recipe/2021/05/03/3f75c213dbe561a9f738c0e3a0b72f941.jpg,아무나,2인분,30분 이내,,,,
6953644,https://www.10000recipe.com/recipe/6953644,초간단 요리 다이어트 레시피 닭가슴살 양배추 덮밥,탄단지 구성과 포만감이 좋고 소화도 잘되는 초간단 요리 다이어트레시피 닭가슴살 양배추 덮밥입니다:),https://recipe1.ezmember.co.kr/cache/recipe/2021/02/17/1d804e60564c1d8d56ee99926870c1c71.jpg,아무나,1인분,20분 이내,,,,
6844208,https://www.10000recipe.com/recipe/6844208,다이어트 할때는 닭가슴살 깻잎볶음 .,다이어트를 반복적으로하는데 그때 닭가슴살요리를 이것저것 해봅니다 . 지겨운 닭가슴살 새롭게~~^^,https://recipe1.ezmember.co.kr/cache/recipe/2016/03/07/e8e6636563df149801fc0d0168d6fd411.jpg,아무나,2인분,30분 이내,,,,
6992204,https://www.10000recipe.com/recipe/6992204,다이어트에 좋은 닭가슴살 또띠아 롤~~균형있는 영양만점 다이어트 메뉴,"다이어트 도시락으로 싸 본 또띠아 집에있는 야채와 과일 ,닭가슴살 넣어서 또띠아로 돌 돌 말아주면 끝~ 누구나 쉽게 만들 수 있어서 좋아요 영양이 골구르 들어가 한끼 식사로 다이어트 식사로 아주 좋아요",https://recipe1.ezmember.co.kr/cache/recipe/2022/11/17/b421bf9193e0e13700ad96239eae9e651.jpg,아무나,4인분,30분 이내,,,,
7032267,https://www.10000recipe.com/recipe/7032267,계란 참치전 만드는법 간단한 밥반찬 야채 참치전 레시피,간단하게 만드는 밥반찬,https://recipe1.ezmember.co.kr/cache/recipe/2024/08/10/a566e55abdbd270466ab94e5427ba8541.jpg,아무나,2인분,20분 이내,,,,
7074659,https://www.10000recipe.com/recipe/7074659,연두부 양념장 만들기 다이어트 연두부 요리 레시피,지친 입맛에도 생기를 불어넣는 것 같은 짭짤 고소한 맛의 연두부 양념장 레시피를 소개 드립니다.집에 있는 양념들을 사용해 누구나 쉽게 만들 수 있는 레시피로 입맛 돋는 반찬 만들어 보세요.,https://recipe1.ezmember.co.kr/cache/recipe/2026/04/13/277626a44a8945a8dd644e4ba201127c1.jpg,아무나,2인분,5분 이내,,,,
7030722,https://www.10000recipe.com/recipe/7030722,가지나물,부드러운 식감의 가지나물 레시피에요.,https://recipe1.ezmember.co.kr/cache/recipe/2024/07/17/ac900dfea8ad375ee65e83a0f08aeabf1.jpg?w=1000,아무나,4인분,15분 이내,,,,
7037873,https://www.10000recipe.com/recipe/7037873,얼갈이무침 이렇게 만들면 정말 맛있어요 얼갈이들깨무침 레시피,안녕하세요 김진옥입니다. 제가 금요일마다 어르신들 섬기는 봉사를 가는데요.. 지난 여름에 오이들깨무침을 너무 맛있게 드시는것을 보고.. 얼갈이배추를 가지고 들깨무침을 만들었더니 너무 맛있다고~~~ 잘 드시더라고요!!! 얼갈이배추들깨무침에 얼갈이를 데칠때요.. 얼갈이 상태에 따라 데치는 것만 조금 조절하시면 실패하지 않고 맛있게 성공하실겁니다. 끓는 소금물에 얼갈이 넣고요~ 뒤적인후 한번 바글바글 끓어오르면 바로 건지면 아삭한 식감의 얼갈이무침이 되는데요. 여름철에는 얼갈이가 억센경우.. 데치는 시간은 조금만 늘려주시면 됩니다. 들깨가루는 껍질제거한 고운 들깨가루 넣으시고요~깨도 갈아서 갈은깨를 사용하셔야 더 고소하고 맛있습니다.,https://recipe1.ezmember.co.kr/cache/recipe/2024/11/05/2fc6d412a3fddca421a95975f11b00f11.jpg?w=1000,아무나,4인분,10분 이내,,,,
6914310,https://www.10000recipe.com/recipe/6914310,연두부와 어린새싹,연두부와 어린새싹에 오리엔탈 드레싱을 올려 간단하게 만들어 봤습니다. 간식이나 다이어트할때 좋습니다.,https://recipe1.ezmember.co.kr/cache/recipe/2019/06/20/adb6a9ac404e57012a0e153acb5427a91.jpg?w=1000,아무나,1인분,5분 이내,,,,
6857631,https://www.10000recipe.com/recipe/6857631,표고버섯달걀죽 - 아침식사로 좋으네 달걀죽,,https://recipe1.ezmember.co.kr/cache/recipe/2016/09/28/157b854b882f1d91780e8b7893a379e61.jpg,아무나,1인분,30분 이내,,,,
6922734,https://www.10000recipe.com/recipe/6922734,하찮은 냉동미니돈까스에서 고오급 난자완스 만들기,오늘은 추억의 미니돈까스로 돈까스 강정을 만들어봤습니다. 달콤짭잘한게 아이들 입맛에도 딱 취향저격이구요. 맥주 안주로도 정말 좋으니깐요 미니돈까스가 있다면 한번 따라서 만들어보세요. 솔직히 그냥 튀겨서 먹는거보다 훨씬 맛있어요.,https://recipe1.ezmember.co.kr/cache/recipe/2019/11/27/189ba21e7cf907b6d1d68f09e595b5641.jpg?w=1000,초급,2인분,20분 이내,,,,
7000439,https://www.10000recipe.com/recipe/7000439,국물이 시원한 뚝배기 당면 소불고기 레시피,"소불고기를 볶아서 먹어도 참 맛있지만 호로록 당면과 뜨끈한 국물까지 함께 먹을 수 있어 참 좋은 오늘의 요리 "" 뚝배기 당면 소불고기 "" 만들어보아요.",https://recipe1.ezmember.co.kr/cache/recipe/2023/04/10/0b6dcd19a4d183fc91138585023f59ad1.jpg,아무나,2인분,20분 이내,,,,
6952367,https://www.10000recipe.com/recipe/6952367,다이어트식단~브로콜리 당근 닭가슴살 스크램블!,다이어트를 시작한 아들램을 위해서 닭가슴살을 대량구매를 했는데 갈릭맛으로 잘못구매를ㅜㅜ 그래서 제가 대신 먹고있네요ㅎㅎ 그덕에 저도 다이어트를 하게 되었네요ㅎㅎ,https://recipe1.ezmember.co.kr/cache/recipe/2021/01/30/48622a51fccaf6985354ba63b13c930f1.jpg?w=1000,아무나,2인분,10분 이내,,,,
7033699,https://www.10000recipe.com/recipe/7033699,맑은 콩나물국 끓이는법/ 간단 콩나물국 레시피,메인 요리로 빨갛고 매운 음식을 먹게 되어 매운맛을 달래줄 수 있는 맑은 국 종류로 맑은 콩나물국을 간단하게 끓여봤어요.,https://recipe1.ezmember.co.kr/cache/recipe/2024/08/27/e9ca51ed72628ff6941bf82448037c841.jpg,아무나,3인분,20분 이내,,,,
6955759,https://www.10000recipe.com/recipe/6955759,닭안심냉채,톡쏘는 겨자향이 매력적이죠♡ 저칼로리로 건강하게 즐길수 있는 닭안심냉채예요:),https://recipe1.ezmember.co.kr/cache/recipe/2021/03/24/09b55dbc418dbf867d6ad72493688b001.jpg?w=1000,아무나,4인분,30분 이내,,,,
6918300,https://www.10000recipe.com/recipe/6918300,오늘 저녁은 채식위주로??? 에어프라이어표 버섯채소구이 ★,냉장고에 있는 칭구들~! 에어프라이어로 들어왓~! 또 내입으로 들어왓~! 샐러드에 얹어 먹으면 너무 좋겠는걸 ? 세상의 모든 레시피 만개의레시피,https://recipe1.ezmember.co.kr/cache/recipe/2019/08/23/dde5c3f44d10f5f8f55ac6fb181388ce1.jpg?w=1000,초급,3인분,20분 이내,,,,
6904793,https://www.10000recipe.com/recipe/6904793,"[핑거푸드] 다이어트에도 좋은 ""파프리카 계란찜""♪",다이어트요리에도 좋고 한끼 식사로도 간단하고 든든하게 먹을 수 있는 파프리카요리/계란요리입니다. 간단하게 만들어볼께요^^,https://recipe1.ezmember.co.kr/cache/recipe/2019/01/19/77d4cf5abc30d38cbd02da1ead39d1301.jpg,아무나,1인분,10분 이내,,,,
7072351,https://www.10000recipe.com/recipe/7072351,참치 무조림 만들기 간단 밥반찬 참치무조림 레시피 참치 통조림 요리,집에 늘 하나쯤 있는 참치캔과 무로 만드는 간단한 밥도둑 반찬을 만들었어요 참치 통조림의 고소한 맛과 무의 시원함과 달큼함이 양념과 잘 어우러져서 생선이나 다른 재료가 없어도 깊은 맛이 나는 밥도둑 반찬이랍니다. ​ ​ 부드럽게 푹 익은 무를 밥에 비벼서 먹으면 밥 한 공기 금방 순삭 하게 되는 메뉴에요! 한 번 만들어두면 며칠은 반찬 걱정 없이 든든하게 먹을 수 있답니다. 자취생들도 쉽게 따라 할 수 있는 레시피인 참치 무 조림 만드는 법을 남겨 볼게요 :),https://recipe1.ezmember.co.kr/cache/recipe/2026/01/28/6e678df68ec3663d10cc1c6aa425d9e81.jpg,아무나,6인분 이상,20분 이내,,,,
6835355,https://www.10000recipe.com/recipe/6835355,몬테크리스토,"피크닉메뉴로 인기만점인 몬케크리스토 샌드위치예요. 겉은 바삭하고 안은 촉촉하답니다. 먹을때마다 딸기쨈,치즈,햄이 순서대로 여러가지 맛을 느끼게 해줘 더 맛있답니다.",https://recipe1.ezmember.co.kr/cache/recipe/2015/10/01/9e11f564e9cff51ce97425f5635eff881.jpg,초급,2인분,15분 이내,,,,
6968567,https://www.10000recipe.com/recipe/6968567,팽이버섯말이 만들기 실패없는 베이컨말이 레시피,"짭조름 고소한 베이컨에 팽이버섯을 돌돌 말아서 구우면 자꾸만 손이 가는 맛이죠. 이 조합은 정말 실패할 수가 없고요. 간식, 반찬, 술안주 어디에나 어울리는 팽이버섯요리 이지요.",https://recipe1.ezmember.co.kr/cache/recipe/2021/11/09/220500b88a53caf9f8a0ab3593e2627e1.jpg,초급,1인분,30분 이내,,,,
6874871,https://www.10000recipe.com/recipe/6874871,간단 반찬-아이 반찬으로 좋은 감자볶음,아이들이 좋아하는 맛~~ 단짠단짠 감자볶음 휘리릭 만들어볼게요^^,https://recipe1.ezmember.co.kr/cache/recipe/2017/08/17/5d22ca7fdd032ba2d35200962c530bdb1.jpg?w=1000,아무나,3인분,30분 이내,,,,
6937841,https://www.10000recipe.com/recipe/6937841,곤약면 닭가슴살 숙주볶음,다이어트레시피로 딱~ 좋은 닭가슴살 숙주볶음 여기에 곤약면을 넣어 더 든든하게 만들었어요 매콤한 양념과 잘 어울린답니다,https://recipe1.ezmember.co.kr/cache/recipe/2020/07/29/01ecaac64ca3198600892aba507ede021.jpg,아무나,1인분,20분 이내,,,,
7069129,https://www.10000recipe.com/recipe/7069129,감자전분의 마법! 시판 새우칩보다 10배 맛있는 리얼새우칩,바삭바삭한 식감에 고소한 새우 향까지 리얼새우칩 입니다.,https://recipe1.ezmember.co.kr/cache/recipe/2026/01/01/f8cd52e5bf6a05fe1ce9dc135d265a421.jpg?w=1000,아무나,1인분,10분 이내,,,,
7027628,https://www.10000recipe.com/recipe/7027628,순대볶음 레시피 순대요리,"팩순대 활용 요리, 순대볶음입니다. 순대볶음의 핵심재료 들깨가루와 넉넉한 깻잎만 있으면 밖에서 사먹는 순대볶음보다 더 맛있고 푸짐하게 만들어 먹을 수 있다는 것! 조리과정을 잘 보시고 맛있게 만들어 드세요 :)",https://recipe1.ezmember.co.kr/cache/recipe/2024/06/05/9b3a8e1d699cbd6fadc49be31603beb71.jpg,아무나,2인분,30분 이내,,,,
6920397,https://www.10000recipe.com/recipe/6920397,"#간단한반찬, 고소함 터지는 들깨두부볶음",간단하지만 영양만점인 들깨두부볶음입니다. 자극적이지 않아 아이들반찬 어르신반찬으로 좋을것 같아요.,https://recipe1.ezmember.co.kr/cache/recipe/2019/10/10/4f6965424396369346b9279f1c16e6721.jpg?w=1000,아무나,2인분,10분 이내,,,,
6946032,https://www.10000recipe.com/recipe/6946032,아삭한 식감이 매력적인 단짠 반찬 마늘종 볶음,달달 짭조름한 반찬으로 마늘종볶음을 만들어 보았어요.,https://recipe1.ezmember.co.kr/cache/recipe/2020/11/10/4fd5af46a14810c45f8a0d69b9c957d21.png,아무나,2인분,10분 이내,,,,
7008869,https://www.10000recipe.com/recipe/7008869,두부 양배추 들깨 볶음밥,쫄깃한 식감의 두부를 굽고 양배추와 밥을 넣어 볶으면 식감도 좋고 들깨 가루의 구수한 맛이 특별 합니다 저의 최애 볶음밥 중에 하나 이구요 ​ ​,https://recipe1.ezmember.co.kr/cache/recipe/2023/08/28/9f830600304adcb3b3d491e20b6868631.jpg,초급,3인분,30분 이내,,,,
7044128,https://www.10000recipe.com/recipe/7044128,새송이버섯으로 만드는 관자구이!,버섯으로 이런 고급요리가..! 손님맞이 음식으로도 손색 없어요~,https://recipe1.ezmember.co.kr/cache/recipe/2025/02/05/64630e84efa7f350ca451a0bb65a84a11.jpg,아무나,2인분,15분 이내,,,,
6885808,https://www.10000recipe.com/recipe/6885808,브로콜리참치전,브로콜리참치전,https://recipe1.ezmember.co.kr/cache/recipe/2018/03/20/a4d37a96f5a7ed13b4a1bdde57c679361.jpg,아무나,2인분,30분 이내,,,,
6829153,https://www.10000recipe.com/recipe/6829153,일본식 두부 덮밥 두부 소보로동 만들기,"고기가 없어도 괜찮아요, 두부 소보로동",https://recipe1.ezmember.co.kr/cache/recipe/2015/06/18/4536f2df3fb648d86c2aafc05cd077a11.jpg,중급,1인분,30분 이내,,,,
6924357,https://www.10000recipe.com/recipe/6924357,매콤하게 사랑받는 삼겹살 강정,트레이더스에서 싸다고 충동구매한 삼겹살 3kg. 매일 구워만 먹었더니 마님께서 물린다고 하셔서 만들어봤습니다. (에어프라이어 없어도 돼요!),https://recipe1.ezmember.co.kr/cache/recipe/2020/01/01/801afbccd9aab794d31feddf20e617ba1.jpg?w=1000,아무나,2인분,15분 이내,,,,
6909721,https://www.10000recipe.com/recipe/6909721,초간단 밥도둑 반찬! '깻잎스팸전'황금 레시피,제가 평소에 깻잎반찬을 참 좋아하는데요. 깻잎과 밥도둑반찬의 강자 스팸이 만난다면 더 맛있겠죠?오늘은 스팸을 활용한 5분 완성 밥도둑반찬!'깻잎스팸전'레시피를 소개합니다.,https://recipe1.ezmember.co.kr/cache/recipe/2019/04/02/228be375ebb5a85fd0bc2a7c4194314e1.jpg,아무나,2인분,10분 이내,,,,
7070322,https://www.10000recipe.com/recipe/7070322,초간단 미역된장국 끓이기,미역국이 먹고싶었으나 고기가 없어서 급하게 만들어본 미역된장국. 구수한 재래식된장국으로 초간단 국 완성,https://recipe1.ezmember.co.kr/cache/recipe/2026/01/22/30d6efd6846a2c947ac4cb7e49cc2ab71.jpg?w=1000,아무나,2인분,15분 이내,,,,
4145941,https://www.10000recipe.com/recipe/4145941,치즈 웨지 감자,NO오븐 - 주르륵 부어 먹는 치즈 웨지 감자,https://recipe1.ezmember.co.kr/cache/recipe/2015/07/02/5684ebd1ae342e5202c9c0093e3907d8.jpg,초급,2인분,60분 이내,,,,
6910980,https://www.10000recipe.com/recipe/6910980,카페 부럽지 않은 '베이컨에그토스트'!식빵으로 쉽게 만들기!,오늘은 집에서 먹어도 카페 부럽지 않은 디저트 '베이컨토스트'를 만들어 볼께요.커피와 함께 먹으면 정말 꿀맛이에요^^,https://recipe1.ezmember.co.kr/cache/recipe/2019/04/22/9146f627a14df9e2e83ab8395ad874741.jpg,아무나,1인분,10분 이내,,,,
6837731,https://www.10000recipe.com/recipe/6837731,굴소스카레볶은밥,집에 있는 재료로 맛난 볶음밥 만들어 볼께요~^^,https://recipe1.ezmember.co.kr/cache/recipe/2015/11/08/a83aa4ef0018c0b65505410770569e091.jpg?w=1000,아무나,1인분,30분 이내,,,,
6998777,https://www.10000recipe.com/recipe/6998777,섬초고추장무침 달큰달큰~,달큰달큰 맛있게 섬초고추장무침입니다,https://recipe1.ezmember.co.kr/cache/recipe/2023/03/13/9565936e95424b754e6be192d30e27d61.jpg,아무나,4인분,15분 이내,,,,
6843348,https://www.10000recipe.com/recipe/6843348,돼지고기마늘조림 # 밥위에 쓱쓱,간장 마늘향이 솔솔 돼지고기를 꿀맛 반찬으로 만들어 밥 한공기 뚝딱. 아이들도 함께 먹을 수 있어요,https://recipe1.ezmember.co.kr/cache/recipe/2016/02/19/a80d0bb04ffc500c2c91b40606d44c111.jpg,아무나,2인분,30분 이내,,,,
6831988,https://www.10000recipe.com/recipe/6831988,"견과류 듬뿍 넣은 쫄깃,달콤함 ""두부강정""♪","두부를 흔하게 부침이나 조림으로 먹는건 지겹지만 마트에 장보러 가면 무의식적으로 담게되는 품목 중 하나인데요~ ㅎㅎㅎ 좀 더 고급스럽게 먹고 싶어져 살짝 변신을 줘봤습니다. 치킨과는 또 다른 맛, 쫄깃하면서 담백한 맛이 일품인 두부강정이예요^^",https://recipe1.ezmember.co.kr/cache/recipe/2015/08/15/b1b34ddeaf42d645c99e72342cd750d11.jpg,초급,2인분,15분 이내,,,,
6904080,https://www.10000recipe.com/recipe/6904080,모양까지 예쁜 핑거푸드[양송이버섯 타파스],"집들이나 생일상등 손님초대요리에 모양까지 예쁜 핑거푸드요리가 딱이죠~ 건강, 맛까지 잡은 양송이버섯요리 소개합니다",https://recipe1.ezmember.co.kr/cache/recipe/2019/01/11/c0a7cb14f6e026cd135c5a9ddf65b8be1.jpg?w=1000,초급,3인분,20분 이내,,,,
7021205,https://www.10000recipe.com/recipe/7021205,소고기당면전골 레시피,당면러버들 여기 모여라 당면 너~무 좋아해서 소고기전골에도 왕창 넣어 후루룩 먹은 소고기당면전골 레시피 시작,https://recipe1.ezmember.co.kr/cache/recipe/2024/03/03/06d3f9f28faabf065f23e615d54281901.jpg,아무나,3인분,30분 이내,,,,
6998798,https://www.10000recipe.com/recipe/6998798,닭가슴살 쌈장 만드는 법 상추 쌈밥 도시락,쌈장도 저칼로리로 만들어 먹어요.,https://recipe1.ezmember.co.kr/cache/recipe/2023/03/13/5f9d16c7b9a1c0c04a8a25a659218e931.jpg,아무나,1인분,15분 이내,,,,
6831876,https://www.10000recipe.com/recipe/6831876,다이어트요리 두부카레볶음밥,초간단하게 만들수있는 다이어트 볶음밥!,https://recipe1.ezmember.co.kr/cache/recipe/2015/08/13/f9dfb2399701f22355b279e825ca7de31.jpg,아무나,2인분,15분 이내,,,,
6880341,https://www.10000recipe.com/recipe/6880341,참치 감자 조림,짜작~ 하게 졸여 뜨거운 밥에 슥슥~ 비벼 맛있게 냠 냠~,https://recipe1.ezmember.co.kr/cache/recipe/2017/12/01/feade6e0d3abac9c8db721a6db408c6b1.jpg?w=1000,아무나,3인분,30분 이내,,,,
6894872,https://www.10000recipe.com/recipe/6894872,냉파요리로 좋은 5분완성 떠먹는 컵피자 만들기,냉장고속 애매하게 남은 재료들을 활용해 꿀맛간식 떠먹는 컵피자를 만들어 봐요^^,https://recipe1.ezmember.co.kr/cache/recipe/2018/08/27/b7536d6fe48c3806575a472e42e4e7181.jpg,아무나,1인분,5분 이내,,,,
6874797,https://www.10000recipe.com/recipe/6874797,"마늘조림, 건강한 밑반찬 애들이 더 좋아해요 ~",건강한 밑반찬 마늘조림! 아이들도 잘먹는답니다~ http://blog.naver.com/qw3859,https://recipe1.ezmember.co.kr/cache/recipe/2017/08/16/00a72cb62367087565b0838c8afba9741.jpg,아무나,4인분,30분 이내,,,,
7007929,https://www.10000recipe.com/recipe/7007929,오이 볶음 오이소고기볶음 소고기오이볶음 오이 반찬 여름 반찬,요즘 제철인 오이를 소고기와 함께 볶았어요. 오독오독하니 맛있어요,https://recipe1.ezmember.co.kr/cache/recipe/2023/08/11/999f002d302f947b11947d029faf084c1.jpg,초급,6인분 이상,30분 이내,,,,
6989786,https://www.10000recipe.com/recipe/6989786,순두부조림 순두부가 순식간에 사라지는,"제가 좋아하는 두부조림 양념에 순두부를 넣어 만들어봤어요 순두부대신 두부를 넣어 먹어도 맛있고, 순두부를 넣어 먹어도 부드럽고 정말 맛있네요~^^",https://recipe1.ezmember.co.kr/cache/recipe/2022/10/18/a8ab1de11bcc37740f969b762459ef311.jpg?w=1000,아무나,4인분,15분 이내,,,,
6887551,https://www.10000recipe.com/recipe/6887551,베이컨치즈 밥말이,날씨도 풀렸는데 피크닉 안가?! 넘나 간편한 베이컨 치즈 밥말이♥,https://recipe1.ezmember.co.kr/cache/recipe/2018/04/19/538315d8c56b99cdde69c774fada64981.jpg?w=1000,초급,2인분,15분 이내,,,,
1135209,https://www.10000recipe.com/recipe/1135209,<호두비스킷> 재료가 딱 4가지~~너무 쉬운 베이킹~~^^,"요즘 이 호두 비스킷을 자주 만들어서 먹어요.. 만들기도 쉽고, 재료도 무지 간단하고....^^ 매달 구입해서 보고 있는 슈퍼레시피에 참으로 착하고 괜찮은 베이킹 레시피가 실렸더라고요... 이름하여 호두비스킷... 여러번 구워 먹어보고 제 입맛에 맞는 레시피를 다시 만들어 보았어요... 뭐~~호두 양 늘리고, 설탕 양을 줄이고....^^ 원래 레시피대로 하면 설탕의 양이 많다 싶어서 제 입맛에는 많이 달더라고요.. 그리고 호두의 양도 조금 더 늘려도 되겠다 싶어서 호두 잔뜩 넣고 구운~~ 바삭바삭 담백하고도 영양가 많은 과자가 만들어 지지요~~~ 대충 만들어도 맛있고, 신기하게 잘 구워지는 호두비스킷...ㅎㅎ",https://recipe1.ezmember.co.kr/cache/recipe/2015/06/09/ea5b81efaa11cf79bff6497f959f4e4e.jpg,아무나,2인분,60분 이내,,,,
6930572,https://www.10000recipe.com/recipe/6930572,비건베이킹인데 너무 맛있는 감자 크래커!,비건베이킹이에요 ~! 감자 좋아하시나요? 저 메쉬드 포테이토 환장하고 먹는 귀신인데 요 크래커 정말 좋아해요 입이 삼삼하니 심심할때 먹다보면 어느새 뚝딱 없어져요,https://recipe1.ezmember.co.kr/cache/recipe/2020/04/13/c00d47439f0dbbff7f88f57fb43fb02d1.jpg?w=1000,아무나,5인분,60분 이내,,,,
6900423,https://www.10000recipe.com/recipe/6900423,후다닥!!!두부 크래미 달걀볶음!,초딩입맛! 야채 골라내는 아이들을 위해서 후다닥 만들수 있는 반찬이랍니다~ 자취하는분들도 많은 재료필요없으니 딱! 좋겠네요~~ㅎ,https://recipe1.ezmember.co.kr/cache/recipe/2018/11/19/244c0057f9afe10bf158d4e6a2de30911.jpg?w=1000,아무나,4인분,15분 이내,,,,
7073021,https://www.10000recipe.com/recipe/7073021,"떡국 맛있게 끓이는 법, 매콤하게 즐기는 얼큰 떡국 레시피",떡국 맛있게 끓이는 법 중에서도 고춧가루로 깊은 맛을 낸 얼큰 떡국 레시피를 준비했어요. 해장용으로도 좋고 속 풀어주는 한 그릇으로 딱 좋은 메뉴예요.,https://recipe1.ezmember.co.kr/cache/recipe/2026/03/13/8a738a10ac28d104f0cfc4e69d4a803e1.jpg,초급,1인분,10분 이내,,,,
7053625,https://www.10000recipe.com/recipe/7053625,편스토랑 이정현'고구마파이',"이정현의 '고구마파이'는 고구마 삶는거 제외 10분 이면 완성됩니다.재료도 간단해 누구나 쉽게 따라할 수 있고 식사대용,간식으로 도 포만감있고 든든해요.",https://recipe1.ezmember.co.kr/cache/recipe/2025/05/25/a0de173792591c38976782c8e4a076e71.jpg,아무나,3인분,10분 이내,,,,
6894538,https://www.10000recipe.com/recipe/6894538,바쁜 아침 5분 뚝딱 !맛보장 '참치계란간장밥'레시피,바쁜 출근길에 식사 거르기 일쑤인데 초스피드로 만들수 있는 맛있는 한끼 레시피 소개해 드릴께요. 정말 초간단하면서 맛 보장 합니다^^,https://recipe1.ezmember.co.kr/cache/recipe/2018/08/22/ed4298f7c819d1e00986c53c6b5e3e0f1.jpg,아무나,1인분,5분 이내,,,,
6739157,https://www.10000recipe.com/recipe/6739157,차돌박이 파스타,한끼 식사로도 맥주 안주로도 훌륭한 매운 차돌박이 파스타,https://recipe1.ezmember.co.kr/cache/recipe/2015/05/05/f898a7e9e03e179c2c6b7ad65fd946321.jpg,초급,1인분,30분 이내,,,,
6911766,https://www.10000recipe.com/recipe/6911766,에어프라이어로 달콤한 허니버터 고구마 만들기,가끔 패밀리 레스토랑에서 사이드 메뉴로 허니버터고구마가 나오면 너무 맛있어서 순삭했는데요. 에어프라이어로도 패밀리레스토랑 비슷하게 허니버터고구마 만들수 있답니다.,https://recipe1.ezmember.co.kr/cache/recipe/2019/05/07/59c2be1a139ada5c6c028db4e419eebb1.jpg,아무나,1인분,30분 이내,,,,
6863792,https://www.10000recipe.com/recipe/6863792,[간단 자취요리] 닭가슴살캔으로 치즈 불닭 만들기 / 혼술안주,오늘은 치즈불닭 만들기를 준비해봤어요 :) 간편하게 닭가슴살캔으로 만드는 방법을 준비했는데요 생닭(가슴살/다리살)으로 만드셔도 좋습니다 ! 하지만 저녁에 집에와서 간단하게 한잔하고 싶을때나 근처에 편의점 밖에 없을때 좋은 방법이겠죠?,https://recipe1.ezmember.co.kr/cache/recipe/2017/01/11/a593822ae8e7e1b1268cccf473202a2e1.jpg?w=1000,아무나,1인분,30분 이내,,,,
6838102,https://www.10000recipe.com/recipe/6838102,고추장참치볶음 + 케일쌈밥까지 - 도시락메뉴,한번 만들어 놓으면 그냥 밥이랑만 먹어도 맛있는 고추장참치볶음을 만들었는데요 도시락메뉴로도 좋은 케일쌈밥까지 풀코스로 보여드릴게요,https://recipe1.ezmember.co.kr/cache/recipe/2015/11/14/e5377c89c81b96339d9ce31f7914f4421.jpg,아무나,6인분 이상,30분 이내,,,,
6975041,https://www.10000recipe.com/recipe/6975041,빨간어묵 매콤~~하니 자꾸만 먹게되네?,길거리음식으로 빨간어묵을 빼놓을 수 없지요 부들부들한 어묵에 매콤한 양념이 쏙쏙 베어 자꾸만 끌리는 빨간어묵 ﻿,https://recipe1.ezmember.co.kr/cache/recipe/2022/02/23/87e628a8314a8385f8a07706f2d0c1e51.jpg,아무나,2인분,15분 이내,,,,
6902807,https://www.10000recipe.com/recipe/6902807,"베이컨 떡꼬치구이 만드는 법, 아이 간식","오랜만에 간단한 간식을 만들어볼까라며 냉장고를 뒤적뒤적했어요. 냉동에 보관해둔 떡이랑, 냉장고에 베이컨이 있어서 간단하게 베이컨 떡꼬치구이를 만들어봤어요. 아이 간식으로도 너무 좋겠죠? 베이컨, 떡, 케첩, 머스터드소스만 들어가는데 맛있다고..?라고 하시는 분들도 계실 텐데 정말 맛있답니다! 재료도 간단하고 만드는 법도 쉬워서 초간단 요리라고도 할 수 있죠. 머스터드소스 없으면 마요네즈 뿌리려고 했거든요. 치킨 시킬 때마다 주는 머스터드소스 남겨놨던 게 있더라고요 ㅎㅎ 그래서 뿌려줬더니 맛도 좋고 색감도 예쁘네요. 다가오는 겨울방학 아이 간식으로 어떠신가요~",https://recipe1.ezmember.co.kr/cache/recipe/2018/12/25/1fbef45b6867fb55d0ee0bb8db77716f1.jpg,아무나,2인분,15분 이내,,,,
7027181,https://www.10000recipe.com/recipe/7027181,면역력 높이는 건강한 반찬 통마늘 표고버섯볶음 만드는 법,"나이가 들면 피로가 쌓이면, 면역력이 저하되면 각종 질병에 노출이 되기 때문에 고생하게 됩니다. 면역력이 저하되기 싶지만 다시 높이기에는 많은 노력을 해야 됩니다. 면역력이 저하되기 전에 유지라도 해야 되는 것이 최선의 방법이라고 생각합니다. 오늘은 면역력 유지 및 높이는데 도움이 되는 반찬을 만들었습니다. 그 반찬은 바로 통마늘 표고버섯볶음입니다. 마늘과 표고버섯은 면역세포의 활성화를 촉진시켜 면역력을 유지 및 높이는데 도움이 됩니다. 마늘, 표고버섯 등 면역력 유지 및 높이는데 도움이 되는 식재료를 반찬으로 만들어 먹으면 좋을 듯합니다. 그럼 지금 바로 통마늘 표고버섯볶음 만드는 법을 알려드립니다.",https://recipe1.ezmember.co.kr/cache/recipe/2024/05/28/2af089c66abe7c448bfd8c8f14d0240c1.jpg,아무나,4인분,30분 이내,,,,
6872474,https://www.10000recipe.com/recipe/6872474,새우요리 갈릭마요새우~ 요거 완전 맛있지~,냉동실에 묵혀두었던 냉동새우 ! 간단하게 맛있는 간식으로 만들어봤어요 ~ 술안주나 아이들 간식으로도 너무 좋은 갈릭마요새우 ~ 맛있답니다 ^^ http://blog.naver.com/qw3859,https://recipe1.ezmember.co.kr/cache/recipe/2017/07/10/092788fb72da830f79991bde7d9c68831.jpg,아무나,1인분,15분 이내,,,,
7052509,https://www.10000recipe.com/recipe/7052509,"(유아국,어린이국)순두부 들깨가루 무채국!","단맛이 좋은 제주무와 부드러운 순두부에 고소한 들깨가루를 넣어서 순한맛으로 국을 끓여봤어요. 유아,어린이 또는 환자식단으로도 좋아요",https://recipe1.ezmember.co.kr/cache/recipe/2025/05/01/50e09bad3f274580930fcf0d906c33701.jpg,아무나,5인분,30분 이내,,,,
7039682,https://www.10000recipe.com/recipe/7039682,[가지양념구이] 간단하지만 맛있는 황금레시피 | 신혼밥상,가지를 활용해서 간편하지만 맛있는 요리를 만들어봤어요~,https://recipe1.ezmember.co.kr/cache/recipe/2024/12/01/4a6865d0a4b9148e22c5cb03ff8206de1.jpg,초급,2인분,30분 이내,,,,
6847733,https://www.10000recipe.com/recipe/6847733,아몬드샤브레,아몬드가루를 넣어 만들어서 그런가 기존의 샤브레쿠키보다 부드럽고 폭신한 식감이에요. 만들기두 간단하고 샤브레쿠키는 끝도 없는거같네요. 아몬드슬라이스를 한개씩 올려서 구웠더니 더 고급져 보인달까요. 선물용으로도 괜찮고 간식용으로도 딱이네요.,https://recipe1.ezmember.co.kr/cache/recipe/2016/05/07/977ba86f77649770cdc66893fd2488c41.jpg,초급,6인분 이상,2시간 이상,,,,
7068538,https://www.10000recipe.com/recipe/7068538,콩나물무침 황금레시피 ㅣ 다 먹을 때까지 물 생기지 않는 콩나물무침 만들기,많은 분이 어려워하시는'아삭하게 삶는 정확한 시간'과 비린내 없이 깔끔하게 만드는 저만의 꿀팁을 가득 담아왔어요. ​ 맵지만 자꾸 손이 가는 양념이라 어른은 물론 아이들도 젓가락을 멈추지 못할 거예요. 조리 시간도 15분 이내면 충분하니 바쁜 날에도 뚝딱!,https://recipe1.ezmember.co.kr/cache/recipe/2025/12/22/156949cb9b05d95d16085577f5c28ea61.jpg,아무나,3인분,15분 이내,,,,
6890570,https://www.10000recipe.com/recipe/6890570,새우굴소스파스타,어렸을때 엄마랑 파스타를 먹으러갔었는데 처음보는비주얼에 처음느껴보는맛이라 인상깊게남아서 맛을 기억했다가 집에와서 대충 만들어봤는데 의외로 비슷한맛에 너무 맛있어서 가끔 엄마랑 만들어먹게된 새우파스타입니다,https://recipe1.ezmember.co.kr/cache/recipe/2018/06/09/c9cff4f20768f0ec00f2f7e8e6d9ab9c1.jpg?w=1000,초급,1인분,15분 이내,,,,
7035725,https://www.10000recipe.com/recipe/7035725,가츠동 대신 비비고 만두로 계란 만두 덮밥 만들기,바쁜 일상 속에서 쉽게 만들 수 있는 만두 덮밥 레시피를 소개해 드릴게요! 계란과 양파를 활용해서 간단하면서도 든든해서 한 끼 식사로 안성맞춤이에요.,https://recipe1.ezmember.co.kr/cache/recipe/2024/10/03/a8ff4fd7734553dae02f96410290f2941.jpg,아무나,1인분,10분 이내,,,,
6882848,https://www.10000recipe.com/recipe/6882848,시금치베이컨볶음,간단요리,https://recipe1.ezmember.co.kr/cache/recipe/2018/01/25/05b6b9d84cc52f1ffa34538f0751e41c1.jpg,아무나,1인분,30분 이내,,,,
7036574,https://www.10000recipe.com/recipe/7036574,치킨스톡 새우볶음면 만드는법 칵테일새우요리 파스타면 볶음면 올리브오일 후추 새우볶음면 치킨스톡 치킨스톡새우볶음면레시,"안녕하세요 슈퍼파워입니다. 오늘은 치킨스톡 새우볶음면을 만들어봤어요. 짭짤하지만 고소한 맛이 당기는 날 가끔 해먹는 면 요리입니다. 재료는 파스타면, 칵테일새우, 치킨스톡, 올리브유, 후추, 물만 있으면 되기 때문에 무척 간단해요. 새우 그리고 짭짤한 맛 좋아하신다면 만들어 드셔보세요. 그럼 치킨스톡 새우볶음면 만드는 법 시작하겠습니다!",https://recipe1.ezmember.co.kr/cache/recipe/2024/10/16/85693ce5a14a179d0fe0001cbda962991.jpg,초급,1인분,15분 이내,,,,
7011422,https://www.10000recipe.com/recipe/7011422,시원하고 뜨끈한 황태뭇국 끓이기,술 마신 다음날 매번 라면먹는 것보다 건강하게 해장하는 법,https://recipe1.ezmember.co.kr/cache/recipe/2023/10/11/36911c0f82fee07f0edbd218fe19c1841.jpg?w=1000,초급,3인분,30분 이내,,,,
6917038,https://www.10000recipe.com/recipe/6917038,모닝빵 속에 옥수수가 ★ 에어프라이어 옥수수치즈빵 ★,에어프라이어만 있다면 난 든든해~! 간식부터 저녁밥상까지~! 세상의 모든 레시피 만개의레시피,https://recipe1.ezmember.co.kr/cache/recipe/2019/08/05/55c148d9192197e255cd03a40fb1a7821.jpg?w=1000,초급,4인분,15분 이내,,,,
6963204,https://www.10000recipe.com/recipe/6963204,[애호박두부탕 끓이는 법]다이어트 식단으로 좋은 맑은 국물 요리,"다이어트 식단으로도 좋은 맑은 국물 요리, 수미네반찬 레시피로 만들어 본 애호박두부탕~!!",https://recipe1.ezmember.co.kr/cache/recipe/2021/08/12/520457fb9d89530b6c22f282e94379b91.jpg,아무나,4인분,15분 이내,,,,
7014837,https://www.10000recipe.com/recipe/7014837,맑은 감자계란국 끓이는법 아기계란국,감자와 계란만 넣고 맛있게 끓여먹을수 있는 초간단 감자계란국~,https://recipe1.ezmember.co.kr/cache/recipe/2023/12/02/7bb2e3be43c71360413c99b81082489f1.jpg,초급,2인분,30분 이내,,,,
6945735,https://www.10000recipe.com/recipe/6945735,초스피드반찬 : 유아반찬으로 좋은 감자카레전 5분만에 만들기,감자요리로 지겨우신 분들은 카레가루 넣고 전 만들어보는건 어때요?,https://recipe1.ezmember.co.kr/cache/recipe/2020/11/05/7c7172fed8f04c2eb8ceb49d85d624d41.jpg,아무나,2인분,5분 이내,,,,
3595564,https://www.10000recipe.com/recipe/3595564,튀기지 않은 토스트 핫도그,휘리릭 아이들 간식으로 안성맞춤~ 튀기지 않아서 더 좋은 토스트 핫도그 소개할게요~!,https://recipe1.ezmember.co.kr/cache/recipe/2015/04/22/d5930a748a81c150059e5ddb59f355db1.jpg,,초급,,,,,
6895759,https://www.10000recipe.com/recipe/6895759,감자베이컨치즈~전자렌지의 세계가 무한합니다^^♡,"전자렌지로 만든 감자베이컨치즈라니... 믿어지지 않습니다ㅎㅎ 혼밥도,자취도.새댁도,바쁜 맘들도 모두 사랑하게 될 그예요요ㅋㅋ",https://recipe1.ezmember.co.kr/cache/recipe/2018/09/12/e3a71664816ab7013023d580ab5dc3ab1.jpg?w=1000,초급,3인분,15분 이내,,,,
6899367,https://www.10000recipe.com/recipe/6899367,녹네 녹아.. 전자렌지 1분 30초 컷. 고소 짭짤 수란마요밥 만들기,녹네 녹아.. 전자렌지 1분 30초 컷. 고소 짭짤 수란마요밥 만들기ㅣ전자렌지 수란 자취요리 레시피 ㅣYAMMoo,https://recipe1.ezmember.co.kr/cache/recipe/2018/11/05/3ad58336218c24351e8ca6f08b7790111.jpg?w=1000,아무나,1인분,5분 이내,,,,
6934433,https://www.10000recipe.com/recipe/6934433,♥[신혼밥상] 닭가슴살 그라탕 한그릇,다이어트 식단이 식상할 때 혹은 마땅한 반찬이 없거나 귀찮을 때 근사한 한그릇 요리를 맛보고 싶을 때 뚝딱뚝딱 맛있는 한그릇 추천합니다.,https://recipe1.ezmember.co.kr/cache/recipe/2020/06/16/486aecbde8816ccb58bc2334b69196961.jpg?w=1000,초급,1인분,20분 이내,,,,
4803252,https://www.10000recipe.com/recipe/4803252,버섯 들깨소스 무침,"버섯은 버섯들의 각각의 향과 맛, 쫄깃하게 씹히는 식감까지 너무너무 사랑하는 식재료랍니다. 그래서 저희집에는 몇종류의 버섯은 떨어지지 않게 해두고 있지요. 한번 만들어 먹고서는 고소한 그 맛에 반해서 벌써 몇번째 만들어 먹고 있는 버섯반찬이예요. 들어가는 양념재료는 아주 간단한데, 깊은 맛과 감칠맛을 내어주어서 가족 모두에게 사랑받는 밑반찬이 되었어요. 맛있게 고소하게 건강하게 만들어 드셔보세요!",https://recipe1.ezmember.co.kr/cache/recipe/2015/09/03/f639c6a827d1d31b5cbfdad0884766d91.jpg,초급,2인분,30분 이내,,,,
6930296,https://www.10000recipe.com/recipe/6930296,원팬으로 10분이면 뚝딱!! 초간단 버섯당면볶음 입니다~^^,"이 음식은 제가 집에 라면도없는데 면먹고 싶을때, 혹은 잡채먹고싶거나 잡채밥 땡길때, 아니면 버섯이 한 3~4개쯤 남아 처치곤란일때.. 바로 이럴때 간단하게 만들어 먹는 볶음면인데요. 이게 또 정말 간단한데 식사가 되고 좋아요^^ 사실 갑자기 잡채 먹고 싶다고 진짜 만들기도 귀찮지만 이건 혼자사는 저로선 만들어도 처치곤란!! 게다가 이것저것 남은 식재료들이 문제가 될 수밖에 없는데 이렇게 볶음당면으로 만들면 잡채맛도 충분히 느낄수 있고 한끼 해결도 충분하고, 남으면 반찬으로도 좋고.. 뭣보다 간단해서 좋은 요리입니다 ^^ 납작당면 이용하면 훨씬 식감이 좋으니 참고하시고 만들어 보세요^^",https://recipe1.ezmember.co.kr/cache/recipe/2020/04/08/cadca86dc0eba4b586a6b307dda2eee71.jpg,아무나,1인분,20분 이내,,,,
6929388,https://www.10000recipe.com/recipe/6929388,♥[신혼밥상] 5분 반찬 상추겉절이,봄철 입맛 돌게 만드는 상추겉절이~ 한국식 샐러드 ㅋㅋ 밥도 좋아요. 고기에도 잘 어울리는 반찬! 초스피드로 뚝딱 즐겨보세요~,https://recipe1.ezmember.co.kr/cache/recipe/2020/03/26/6d6107810146e718ca42320cef0833c01.jpg?w=1000,아무나,2인분,5분 이내,,,,
6866122,https://www.10000recipe.com/recipe/6866122,봄동 된장무침,김장김치가 조금 물릴때쯤 집에서 자주 해먹는 음식중 하나입니다. 봄동은 가격도 저렴하고 금방 무쳐놓으면 젖가락이 자주 가는 반찬이지요^^ 만드는 방법도 간단하니 금방 만들어 식탁에 올려보세요~~,https://recipe1.ezmember.co.kr/cache/recipe/2017/03/02/0be911fa88df72b74cf79b29e1ef38711.jpg,아무나,6인분 이상,15분 이내,,,,
6862339,https://www.10000recipe.com/recipe/6862339,두부시금치무침 이 레시피가 제일 맛있네요,"시금치 좋아하세요? 외할머니께서 매일같이 밥상에 올려주시던 시금치두부무침의 맛을 아직까지도 잊을 수 없어서 아이들반찬으로도 종종 올려주는데요, 부드럽고 고소한 맛이 좋아 아이들이 참 좋아한답니다. 시금치를 좋아하지 않는 꼬꼬마입맛 남편도 시금치두부무침은 부드러워서 참 좋아해요. 자주 해먹는반찬인 만큼 만들 때 마다 진화에 진화를 거듭하네요~ 두부를 양념과 달달 볶아 수분기를 없애줬더니 하루가 지나도 금방 무친 것 처럼 맛이좋아요. 시금치두부무침 황금 RECIPE 만들어볼게요~",https://recipe1.ezmember.co.kr/cache/recipe/2016/12/08/34ba5bf522b2964e97b70dcd5b62dcb31.jpg,아무나,3인분,15분 이내,,,,
6842280,https://www.10000recipe.com/recipe/6842280,연두부 샐러드,초간단 초스피드~ 레시피로 맛은 물론 비쥬얼도 최고~ 손님상에도 너무나 잘어울리는 연두부 샐러드. 눈도 입도 즐거운 연두부 샐러드 한번 드셔보시겠어요?? ^^,https://recipe1.ezmember.co.kr/cache/recipe/2016/01/28/4e4610ee9171513894d19d80b8c8aaea1.jpg,아무나,4인분,5분 이내,,,,
7071602,https://www.10000recipe.com/recipe/7071602,초초초 간단 치즈 과자 만들기!!!,초 간단 전자 레인지로 만드는 치즈 과자~~~,https://recipe1.ezmember.co.kr/cache/recipe/2026/02/14/b1305c95b31adcb580cf448fc2ceedda1.jpg?w=1000,아무나,1인분,5분 이내,,,,
6858529,https://www.10000recipe.com/recipe/6858529,한숟갈 뜰 때마다 영양 듬뿍! 소고기표고버섯덮밥♥,영양보충이 필요한 화요일 소고기표고버섯덮밥 한 그릇으로 든든하게♥ 세상의 모든 레시피 만개의레시피,https://recipe1.ezmember.co.kr/cache/recipe/2016/10/17/e552639482b295d27e271baaf24f212b1.png,아무나,2인분,30분 이내,,,,
6902300,https://www.10000recipe.com/recipe/6902300,중식의 대가 이연복 쉐프 깐풍만두 초간단 레시피,오늘은 만들기 쉽지만 정말 맛있는 이연복쉐프님의 깐풍만두 레시피를 소개해드릴께요. 야식으로 강추 드립니다,https://recipe1.ezmember.co.kr/cache/recipe/2018/12/18/a144910bd4279905bdd20e40ae7ef3e11.jpg,아무나,1인분,15분 이내,,,,
7045621,https://www.10000recipe.com/recipe/7045621,<다이어트 건강식>초간단 참치 비빔밥,초간단 하지만 완전 꿀맛!! 혈당 관리와 다이어트에도 좋은 고대곡물 '파로'로 지은 밥과 함께^^,https://recipe1.ezmember.co.kr/cache/recipe/2025/02/21/b4756ab10597b0faf1ff566eec18f6591.jpg?w=1000,아무나,1인분,5분 이내,,,,
6927971,https://www.10000recipe.com/recipe/6927971,매운 팽이버섯 조림 간단 반찬/술안주/맥주안주/소주안주 굿굿!!,밥반찬으로도 술안주로도 좋은 매운 팽이버섯 초림♡♡,https://recipe1.ezmember.co.kr/cache/recipe/2020/03/08/7f30d319399045be9491fa710fc260a71.jpg,아무나,1인분,5분 이내,,,,
7020587,https://www.10000recipe.com/recipe/7020587,휘리릭 볶아 완성하는 감자볶음 만들기,휘리릭 볶아 완성하는 감자볶음 만들기,https://recipe1.ezmember.co.kr/cache/recipe/2024/02/22/b0c27a077040b0faf11ba295ecbdd8161.jpg,,아무나,,,,,
6861562,https://www.10000recipe.com/recipe/6861562,추억의 간식 피카츄돈까스 치킨너겟으로 그 맛을 재연하다,피카츄돈까스 이거 초딩때 진짜 맨날 분식집 가서 사 먹었었는데 500원이었던 거 같은데 와 초딩때는 세상에서 이게 떡꼬치 다음으로 제일 맛있었는데 말이죠 그때 그맛을 치킨너겟으로 다시 한번 재연해봤습니다 간단한 아이들간식으로 너무 좋은 치킨너겟꼬지,https://recipe1.ezmember.co.kr/cache/recipe/2016/11/24/b965ca40798d07748deefbb065df11b01.jpg,아무나,1인분,15분 이내,,,,
7056068,https://www.10000recipe.com/recipe/7056068,"단돈 1,000원으로!! 간장계란덮밥 달걀규동 맛있게 만들기",간단하지만 규동 맛집 부럽지 않은 '간장 달걀덮밥'을 들고 와 보았습니다!!,https://recipe1.ezmember.co.kr/cache/recipe/2025/06/23/578b4704cca2168d98bcc28b7fccdc231.jpg,초급,2인분,10분 이내,,,,
5269045,https://www.10000recipe.com/recipe/5269045,짭쪼름하고 쫄깃해 입맛살리는 양념꼬막만들기,쫄깃한 식감에 짭쪼름한 양념장까지~ 입 맛 확실하게 살려주는 양념꼬막~,https://recipe1.ezmember.co.kr/cache/recipe/2015/03/25/8ebe7082d056d01d2142c51df05fca301.jpg,,30분 이내,초급,,,,
6842110,https://www.10000recipe.com/recipe/6842110,김구이와 달래양념장만있으면 밥한공기 뚝딱!,달래가지고 양념장 만들어서 김구이와 함께 먹었어요.,https://recipe1.ezmember.co.kr/cache/recipe/2016/01/26/9c3e3c07a2df8e88622b12d6822d7b421.jpg,아무나,4인분,15분 이내,,,,
6899965,https://www.10000recipe.com/recipe/6899965,아침대용식 콘바 세상에서 제일 쉬운 에너지바 만드는 법ㅣ처치곤란 시리얼의 변신ㅣYAMMoo,"오늘은 처치곤란 시리얼로 에너지바를 만들어 봤어요. 콘 시리얼을 사용해서 콘바! 엄청 쉬운데 엄청 맛있습니다 :D # 지퍼백에 넣고 냉장보관한 뒤 두고두고 드세요. 요즘같은 날씨엔 실온보관도 OK # 라이스크이스피처럼 마쉬멜로우로 만든 바와는 다른 과자라고 생각하셔도 될 정도로 다릅니다. 제 입맛대로 말씀드리면 차이점은 이렇습니다. 1. 라이스크리스피 - 외국 과자 st맛, 달고 달고 달다, 열량에 비례한 존맛탱, 어른들은 싫어할 맛. 2. 콘바 - 어딘가 한과 느낌이 스물스물나는 에너지바, 적당히 달고 손이 계속 감, 어른들도 좋아할 만한 맛. 1에 비해 좀 더 건강한 맛.",https://recipe1.ezmember.co.kr/cache/recipe/2018/11/12/82c770886650fb84e70c9ad66d5215e41.jpg?w=1000,초급,6인분 이상,15분 이내,,,,
7069741,https://www.10000recipe.com/recipe/7069741,아직도 부침가루 넣어요? 느타리버섯 전은 계란이면 충분합니다,보통 전을 부칠 때에는 부침가루 넣어 만드는 경우가 많죠. 하지만 느타리버섯 전은 정말 계란만으로도 충분히 고소하고 촉촉하게 완성된답니다.,https://recipe1.ezmember.co.kr/cache/recipe/2026/01/12/86e04f45c6e29a2b3416c2ce83c935d81.jpg,아무나,2인분,20분 이내,,,,
6894649,https://www.10000recipe.com/recipe/6894649,"간단한 요리 레시피, 덮밥으로도 술안주로도 OK! 10분만에 만드는 소고기숙주볶음","간편 술안주, 덮밥, 반찬으로 좋은 소고기 숙주볶음을 만들어 봤습니다. 간단한 재료, 간단한 레시피로 많은 분들이 좋아하시는 소고기숙주볶음! 한번 만들어봅시다.",https://recipe1.ezmember.co.kr/cache/recipe/2018/08/23/d62e6e54a3d8700f694a5e6b71ed247f1.jpg,초급,1인분,15분 이내,,,,
6896819,https://www.10000recipe.com/recipe/6896819,실패는없다!백종원 냉국레시피!,미역국 먹고 남아 있는 건 미역과 냉장고에 있는 오이로 쉽고 간단하게 만들수 있는 냉국 레시피를 소개합니다^^,https://recipe1.ezmember.co.kr/cache/recipe/2018/09/30/16fc5e69d9c7624353361f4a65f4752a1.jpg,초급,3인분,10분 이내,,,,
6853260,https://www.10000recipe.com/recipe/6853260,부산에서 먹던 탱글탱글 비빔당면,부산에서 맛잇게 먹었던 비빔당면이예요 심심한듯 하면서도 은근히 중독성있는 맛이죠 여름이니깐 아무래도 이런 비빔메뉴가 계속 땡기네요 비빔당면양념장은 각종 비빔면요리에 사용하셔도 잘 어울립니다,https://recipe1.ezmember.co.kr/cache/recipe/2016/07/22/c857fb66d3cd74b26faf8fc89092ab331.jpg,아무나,1인분,15분 이내,,,,
7009401,https://www.10000recipe.com/recipe/7009401,팽이버섯 파 계란국 레시피,"팽이버섯 구입하면 항상 조금씩 남는 경우가 많은데 그럴때 후다닥 초간단하게 팽이버섯 넣은 계란국을 끓여요. 계란만 넣고 끓이는 계란국보다는 오독 식감이 좋은 팽이 버섯을 넣고 끓이면 더 맛있는 계란국이 완성돼죠!! 오늘의 요리 ""팽이버섯 계란국 "" 만들어 보아요.",https://recipe1.ezmember.co.kr/cache/recipe/2023/09/06/c26e1a5382b98c3c17df1f318795549c1.jpg,아무나,2인분,15분 이내,,,,
6909523,https://www.10000recipe.com/recipe/6909523,에어프라이어 깐풍만두,요즘대세 에어프라이어에 바삭하게 구워 매콤하게 깐풍 만두 꿀조합 소스 비율~,https://recipe1.ezmember.co.kr/cache/recipe/2019/03/30/1a3dbe90fa9a2aa4d5805b41fcb50b9f1.jpg,초급,2인분,30분 이내,,,,
6902441,https://www.10000recipe.com/recipe/6902441,새우살로 만드는 얼큰한 새우탕 만들기,얼큰하면서 시원한 해물이 들어간 탕을 먹고 싶었는데 새우살로 야매(???!!) 간단 새우탕 만들어봤습니다 :) 간단하게 만드는 얼큰 새우탕 레시피 가져왔습니다 :D,https://recipe1.ezmember.co.kr/cache/recipe/2018/12/20/4397bb9597252fa1429877098943890c1.jpg,아무나,2인분,60분 이내,,,,
7007156,https://www.10000recipe.com/recipe/7007156,황태 미역국 끓이기 보양식 같은 아침국으로 좋아요.,구수하고 담백하지만 감칠맛 가득 보양식 같은 아침국으로 좋아요. 황태 미역국 끓이기,https://recipe1.ezmember.co.kr/cache/recipe/2023/08/02/5c8f9cc7fa71bf58256fa63c5fdfc02f1.jpg,아무나,6인분 이상,30분 이내,,,,
6892138,https://www.10000recipe.com/recipe/6892138,두부강정 맵지않은 소스로 아이들 입맛까지 확 ~,두부강정 맵지않은 소스로 아이들 입맛까지 확 ~,https://recipe1.ezmember.co.kr/cache/recipe/2018/07/07/784b7e46b2cb23659576da8cd0df5bde1.jpg,아무나,2인분,30분 이내,,,,
6965550,https://www.10000recipe.com/recipe/6965550,초간단 굴소스 두부덮밥,두부덮밥이 땡겨 집앞 편의점에서 두부1모 사와 뚝딱 만들어보았다.,https://recipe1.ezmember.co.kr/cache/recipe/2021/09/20/7fe53dcfcce26ffb1f66c223cd8c1a2b1.jpg?w=1000,아무나,1인분,15분 이내,,,,
6948579,https://www.10000recipe.com/recipe/6948579,짭조름하고 쫀득쫀득한 새송이버섯버터구이 만들기,"새송이버섯버터구이는 재료도 간단하고, 예쁘며, 식감도 쫀득쫀득해서 간단하게 만들어 먹기 좋을 뿐만 아니라손님 초대상에 내기도 좋아요!",https://recipe1.ezmember.co.kr/cache/recipe/2020/12/16/d8655939f66a86195e0a938e714475bf1.jpg,아무나,2인분,10분 이내,,,,
7057859,https://www.10000recipe.com/recipe/7057859,콩나물냉라면,"여름입맛 되살리는 새콤시원 콩나물냉라면 시원한 육수에 아삭한 콩나물과 채소까지 듬뿍! 비빔면 한봉지만 있으면 매콤하고 시원한 육수 완성~ 얼음 동동 띄워 한입 먹으면 더위가 싹~ 사라지는 맛! 무더운 날, 입맛 없을 때 딱 좋은 간단 레시피예요",https://recipe1.ezmember.co.kr/cache/recipe/2025/07/14/6c37c89449baf4e51d466c907db503f11.jpg?w=1000,아무나,1인분,15분 이내,,,,
7005355,https://www.10000recipe.com/recipe/7005355,어니언링 만들기 겉은 바삭하고 양파는 촉촉해요!,양파 하나만 있으면 바로 집에서 요리할 수 있도록 재료들이 간단하고 과정도 그렇게 많지 않아 쉽게 따라 할 수 있는 요리에요!,https://recipe1.ezmember.co.kr/cache/recipe/2023/06/27/5f22684f1101f15a52906208e8e28ed41.jpg,초급,1인분,15분 이내,,,,
7070392,https://www.10000recipe.com/recipe/7070392,어묵볶음 레시피 간장오뎅볶음,"밑반찬 중에서 오뎅볶음은 제가 좋아하여 자주 만들어 먹는 반찬 중 하나 이면서, 짝꿍도 어묵볶음을 만들어 놓으면 많이는 먹지 않지만 조금씩 먹기 때문에 가성비 좋고 좋아하는 반찬으로 자주자주 만들어 먹고 있어요.",https://recipe1.ezmember.co.kr/cache/recipe/2026/01/24/bb1ca13a5fe45375043234514c7868e31.jpg,아무나,4인분,20분 이내,,,,
4320507,https://www.10000recipe.com/recipe/4320507,구운애호박 무침,밑반찬으로 좋은 간단한 구운애호박무침입니다.,https://recipe1.ezmember.co.kr/cache/recipe/2015/08/03/2d7aa33f7b2bd720069fe8506808f9811.jpg,초급,2인분,30분 이내,,,,
6918734,https://www.10000recipe.com/recipe/6918734,쫄깃한 떡에 베이컨을 말아줘~! (제발) 에어프라이어 베떡베떡 ★,쫄깃함과 짭조르름을 한방에 느끼실려면??? 베이컨떡말이 어떠신가? 이름도 귀여워 베떡베떡 ♡♥♡♥ 세상의 모든 레시피 만개의레시피,https://recipe1.ezmember.co.kr/cache/recipe/2019/09/03/59622b4e2801fcd619af661c2e793e3c1.jpg?w=1000,아무나,2인분,20분 이내,,,,
7041518,https://www.10000recipe.com/recipe/7041518,밥 비벼 먹기 좋은 참치 두부조림,"간단한 저녁메뉴를 고민하다가, 든든하고 간단히 먹을 수 있는 두부 조림. 참치를 넣으니 찐득하니, 밥에 쓱싹 비벼 먹으니 넘 맛있더라고요. ❣️ 해장으로도 좋을 것 같아요. ✨간단한 한 끼 메뉴로 추천추천입니다.",https://recipe1.ezmember.co.kr/cache/recipe/2024/12/29/e74e8ef30582448ca1a63f49898caedb1.jpg?w=1000,초급,2인분,15분 이내,,,,
6895112,https://www.10000recipe.com/recipe/6895112,자취생 간단요리<메추리알볶음>,오늘은 메추리알을 장조림이 아닌 다르게 먹어보고 싶어서~한번 볶아본 자취생 간단요리<메추리알볶음>입니다!,https://recipe1.ezmember.co.kr/cache/recipe/2018/09/01/9b54fc4b120dd9acb68c0c7c37d759111.jpg,초급,3인분,30분 이내,,,,
7035901,https://www.10000recipe.com/recipe/7035901,백종원 오삼불고기 만드는 법 오징어삼겹살볶음 밥반찬 술안주 손님초대요리 feat. 오징어 삼겹살,삼겹살구이로만 먹다가 색다르게 드시고 싶다면 오징어와 함께 매콤하게 볶아 보세요!!,https://recipe1.ezmember.co.kr/cache/recipe/2024/10/06/317dd2e1c126a75fc6a2365981d050121.jpg,아무나,4인분,20분 이내,,,,
6919453,https://www.10000recipe.com/recipe/6919453,냉장고에 새송이 하나쯤은 있쟈냐~! 새송이간장버터구이 ★,굴러다니던 재료의 변신은 끝이없지~! 이렇게 만드니 버섯인줄 아무도 몰라!!! 세상의 모든 레시피 만개의레시피,https://recipe1.ezmember.co.kr/cache/recipe/2019/09/18/f0f87da9414bf1e21687c51d01b83aba1.png?w=1000,아무나,2인분,20분 이내,,,,
6933144,https://www.10000recipe.com/recipe/6933144,우리 집 최애 반찬 달콤 짭조름한 닭안심감자조림,"저희 집 밥도둑 중 하나인 짭조름하고 달콤한 닭안심감자조림 레시피를 소개합니다! 닭안심을 사용해 만들어서 먹기도 편하고, 뒷처리도 깔끔해요!",https://recipe1.ezmember.co.kr/cache/recipe/2020/05/22/bb7719b695404279a500bcae8014dde01.jpg,초급,2인분,60분 이내,,,,
7031635,https://www.10000recipe.com/recipe/7031635,라면보다 쉽게 육수없이 끓이는 [만둣국],"늦은 밤, 남편이 배고프다 징징대면 이 레시피를 따라서 만들어보세요! 라면보다 쉽게 만들 수 있습니다.",https://recipe1.ezmember.co.kr/cache/recipe/2024/08/02/d20aaabe87f267d63f344ce6eaac184e1.jpg?w=1000,아무나,1인분,15분 이내,,,,
6949579,https://www.10000recipe.com/recipe/6949579,다이어트 할 때 저탄고단 고소한 '두부밥',다이어트 할 때 밥 한공기 다먹기에는 탄수화물이 넘 많고~ 걱정될때가 있죠! 그럴때 만들어 먹는 두부 밥! 고소하고 든든한 한끼를 완성할 수 있답니다~,https://recipe1.ezmember.co.kr/cache/recipe/2020/12/27/60871bd5962c743cb5c81c290a3be8b61.jpg,아무나,1인분,10분 이내,,,,
7074277,https://www.10000recipe.com/recipe/7074277,매콤달콤한 밥도둑!고추장멸치볶음황금레시피,짭조름하면서 도 매콤달콤한 맛이살아있어서 밥한공기 금방비워지는 메뉴랍니다,https://recipe1.ezmember.co.kr/cache/recipe/2026/04/06/807d3b771720219781b753ba20ea7b501.jpg?w=1000,아무나,5인분,10분 이내,,,,
6904302,https://www.10000recipe.com/recipe/6904302,바삭바삭 만들기도 쉽고 맛있는 간식 만두피 치즈스틱 만들기,바삭바삭하고 치즈가 가득 늘어가는 만두피 치즈스틱을 만들어보았어요~!! 재료도 정말 간단하고 만들기도 쉬워서 정말 좋은레시피에요♡♡♡ 아이들 간식으로도 너무 좋고 야식으로도 강추드려요~!! 바삭바삭하고 고소한 맛이 일품인 만두피 치즈스틱 다함께 만들어보세용~!!♡♡♡,https://recipe1.ezmember.co.kr/cache/recipe/2019/01/14/2690cb44dbc2b77e088f5371c7aede831.jpg?w=1000,초급,2인분,15분 이내,,,,
6944255,https://www.10000recipe.com/recipe/6944255,콩나물불고기 레시피,콩불,https://recipe1.ezmember.co.kr/cache/recipe/2020/10/15/b13c6ab51a8bb5b6ae5281110a26b8851.jpg,아무나,4인분,60분 이내,,,,
6855088,https://www.10000recipe.com/recipe/6855088,"갈릭치킨, 매력있는 맛일세~~",치킨 좋아하시죠? 야식으로도 맥주안주로도 간식으로도.. 누구나 즐겨먹는 치킨인데요 갈릭치킨 만들어 봅니다,https://recipe1.ezmember.co.kr/cache/recipe/2016/08/22/7865f5f3d43c01bb0dc44e6732bf9cb41.jpg,아무나,3인분,15분 이내,,,,
7071235,https://www.10000recipe.com/recipe/7071235,순두부계란탕 만드는법 순두부 계란국 맑은 순두부국 끓이기,"바쁜 아침 간단하게 먹을 수 있는 국으로도, 다이어트 한 끼 식사로도 너무 좋은 순두부 계란탕이에요 ​ 맑게 끓인 국이라 아침에 후루룩 먹기에도 부담 없고, 순두부와 계란으로 단백질도 듬뿍 챙겨 다이어트 식단으로도 참 괜찮은 것 같더라구요~~그리고 깔끔한 국물 요리가 생각날 때 한 그릇 먹기에도 너무 괜찮은 순두부 계란탕이랍니다 ​ 복잡하지 않고 간단한 레시피라 휘리릭 끓이기 너무 좋은 순두부 계란탕 만드는법 지금 바로 알려 드릴게요~^^ ​ ​",https://recipe1.ezmember.co.kr/cache/recipe/2026/02/08/68c4230323cf6ca58f5dde25179dccb51.jpg,아무나,2인분,10분 이내,,,,
7018228,https://www.10000recipe.com/recipe/7018228,베이컨감자채볶음,밑반찬으로 우리집 아이들이 너무 좋아하는 반찬중에 최고인 베이컨에 감자채를 썰어서 함께 볶은 밑반찬입니다.,https://recipe1.ezmember.co.kr/cache/recipe/2024/01/21/3ee8a162f68a1ecb42328c9b1a3effe61.jpg?w=1000,초급,4인분,30분 이내,,,,
7074132,https://www.10000recipe.com/recipe/7074132,도토리묵 만들기,도토리가루로 만드는쫀득쫀득 탱글땡글한 도토리묵 만들기레시피 도토리가루 판매하는 곳이 많으니 집에서 만들어보세요,https://recipe1.ezmember.co.kr/cache/recipe/2026/04/04/94a2065217982d9bcd4f7823380c4ec71.jpg?w=1000,아무나,6인분 이상,20분 이내,,,,
7020548,https://www.10000recipe.com/recipe/7020548,표고버섯꽈리고추볶음 장담합니다 앉은자리에서 뚝딱 사라지는 밑반찬,쫄깃쫄깃한 표고버섯에 꽈리고추를 볶아 밑반찬을 만들어보세요 이거 정말 너무너무 맛있어요! 매운거 잘 못 먹는 아이들도 버섯만 쏙쏙 골라먹느냐 젓가락이 바빠졌어요~!,https://recipe1.ezmember.co.kr/cache/recipe/2024/02/22/ab0574fb8f7729667fa8cb65322df9fc1.jpg?w=1000,아무나,2인분,15분 이내,,,,
7016910,https://www.10000recipe.com/recipe/7016910,소고기무국,오늘처럼 너무 추운날씨에 든든하게 먹고싶을때 고민없이 한우국거리로 만든 든든한 소고기무국을 소개합니다.,https://recipe1.ezmember.co.kr/cache/recipe/2023/12/22/94d92e938b8d8038e5db55459d12d7a51.jpg?w=1000,초급,4인분,20분 이내,,,,
6910345,https://www.10000recipe.com/recipe/6910345,허니갈릭 연어,간단하지만 너무 맛있는 허니갈릭 연어에요 :),https://recipe1.ezmember.co.kr/cache/recipe/2019/04/12/3b4c7f70f3c9509790df0718377f52ce1.jpg?w=1000,초급,2인분,30분 이내,,,,
6920400,https://www.10000recipe.com/recipe/6920400,♥[신혼밥상] 삼겹살 차슈덮밥,"달달 사르르 부드러운 차슈덮밥★~ 남은 보쌈 ok! 냉동 삼겹살 ok! 손님초대, 브런치 한끼식사로 강추",https://recipe1.ezmember.co.kr/cache/recipe/2019/10/03/43d22c37d335f315e6463b993b627aae1.jpg,초급,2인분,20분 이내,,,,
7071148,https://www.10000recipe.com/recipe/7071148,양배추전｜달걀 계란 베이컨 담뿍 넣어!!,양배추 부치면! 달콤하고 고소한 맛이 올라와 진짜 맛있어요:),https://recipe1.ezmember.co.kr/cache/recipe/2026/02/06/41535445ac4458a9fa1b260d57fdfeb41.jpg,아무나,3인분,10분 이내,,,,
6962124,https://www.10000recipe.com/recipe/6962124,실패없이 만드는 밥도둑 감자스팸간장조림 황금레시피!!,"감자 조림이 밋밋할때!! 집에 스팸 있다면 함께 요리해보세요 밥 두공기 뚝딱 밥도둑이 따로 없어요~ 레시피대로 따라하시면,오래 걸리는 조림을 간단하고 빠르게 실패없이 만들수 있는 레시피입니다!!",https://recipe1.ezmember.co.kr/cache/recipe/2021/07/22/a3edf3aee8c852c189b9380f7d37f3c61.jpg?w=1000,아무나,2인분,20분 이내,,,,
7004934,https://www.10000recipe.com/recipe/7004934,스팸양배추볶음 스팸양배추덮밥레시피 다이어트레시피 식단관리,다이어트 식단으로 더 좋은 스팸 양배추 볶음입니다 덮밥으로 드시면 훌륭한 다이어트식단이에요,https://recipe1.ezmember.co.kr/cache/recipe/2023/06/28/e52bbcbdd08be80210c08c343081c1101.jpg?w=1000,초급,2인분,10분 이내,,,,
6907004,https://www.10000recipe.com/recipe/6907004,촉촉하고 부드러운 초코크랙쿠키 만들기(+버터없이도 가능해요~!!),만드는방법도 정말 간단하고 촉촉하고 부드러운 초코크랙쿠키를 만들어보았어요~!! 버터가 없다면 식용유로 대체해서 만들어도 좋은 초코크랙쿠키랍니다♡♡♡ 쿠키의 갈라짐이 너무 예쁘고 선물용으로도 정말 좋은 쿠키랍니다~!!♡♡♡ 아이들도 우유와함께 너무 잘먹고 어른들은 커피와함께 즐기기좋은 쿠키랍니다♡♡♡ 많이 달지않고 부드러워서 어르신분들도 좋아할쿠키에요~!!,https://recipe1.ezmember.co.kr/cache/recipe/2019/02/20/e3d24da4b4be552f9364b3b8bed9b5931.jpg?w=1000,아무나,6인분 이상,30분 이내,,,,
7013219,https://www.10000recipe.com/recipe/7013219,초간단 오이만 있으면 완성~ 깨소금오이샐러드,간단하지만 감칠맛 가득! 시원 아삭해서 입맛 없을 때나 샐러드가 질릴 때 포만감 있게 먹기 좋을 메뉴~^^,https://recipe1.ezmember.co.kr/cache/recipe/2023/11/09/226b0a31e59baed2fcfdb14b0bb8841b1.jpg?w=1000,아무나,1인분,10분 이내,,,,
6992061,https://www.10000recipe.com/recipe/6992061,"맛없으면 이상한 볶음밥, 버터만두볶음밥",볶음밥 재료 따로 준비하지 마세요! 냉동만두를 활용하면 여러 재료없이 맛있는 볶음밥을 만들 수 있어요!,https://recipe1.ezmember.co.kr/cache/recipe/2022/11/15/03091fe549ac4bc7de9343d7d709c9001.jpg?w=1000,아무나,1인분,15분 이내,,,,
7075265,https://www.10000recipe.com/recipe/7075265,김치볶음밥,"김치볶음밥은 언제 먹어도 맛있는 요리로, 자주 만들어 먹을 수 있는 간편한 한 끼입니다.",https://recipe1.ezmember.co.kr/cache/recipe/2026/04/24/98ee077b497f0c59e020c7e36437075d1.jpg?w=1000,초급,4인분,20분 이내,,,,
7004654,https://www.10000recipe.com/recipe/7004654,매콤새콤 입맛을 확 잡아주는 차돌박이부추무침,날씨가 더워지면 입맛이 떨어지곤 하는데요. 이럴때 새콤한 음식을 먹으면 침샘이 자극돼 입맛이 살아나요. 새콤달콤한 부추무침과 맛있게 구워진 차돌박이가 만나 안주로도 좋고 밥과 싸먹어도 맛있는 요리가 완성되요.,https://recipe1.ezmember.co.kr/cache/recipe/2023/06/23/ee4c5f28ba82c3a861038c1857b87fd01.jpg?w=1000,아무나,3인분,15분 이내,,,,
7074401,https://www.10000recipe.com/recipe/7074401,매운 돼지갈비찜 황금레시피 돼지갈비찜 양념장,돼지갈비 한 팩으로 간단하게 만들어 본 저녁메뉴! 매운 돼지갈비찜을 소개 드려요. 잡내 제거를 위해 삶아 만드는 경우가 많은데 저는 좀 더 편하게 작업하기 위해 팬에 굽는 방식으로 만들어 보았어요.,https://recipe1.ezmember.co.kr/cache/recipe/2026/04/08/2c80a2d28c2b665f6a89936ee001be331.jpg,초급,3인분,60분 이내,,,,
6899340,https://www.10000recipe.com/recipe/6899340,미니 새송이버섯 조림,새송이 버섯 한봉지를 사와 맛난 반찬 만들어 봤어요~,https://recipe1.ezmember.co.kr/cache/recipe/2018/11/02/f382bfc309ca19fa6c29507e871145671.jpg,아무나,6인분 이상,30분 이내,,,,
7038084,https://www.10000recipe.com/recipe/7038084,견과류 품은 멸치볶음; 잔멸치 볶음 손이 가요 손이가~,견과류 품은 멸치볶음; 잔멸치 볶음 손이 가요 손이가~,https://recipe1.ezmember.co.kr/cache/recipe/2024/11/07/5b4edcfcdd2ff2f1fcaf9dfa8a9c21851.jpg,,아무나,,,,,
6896826,https://www.10000recipe.com/recipe/6896826,초간단술안주!대패삼겹우동볶음!!,"출출한밤, 냉동대패삼겹과 우동사리로 단짠단짠 초스피드 초간단 술안주만들기~! ☆저녁한끼 혹은 밥과 곁들여먹기에도 좋아요!",https://recipe1.ezmember.co.kr/cache/recipe/2018/09/30/104e88e71700a7e9bdcb7f5b2bf9a3bd1.jpg?w=1000,아무나,3인분,15분 이내,,,,
6841304,https://www.10000recipe.com/recipe/6841304,"차돌박이 참나물 샐러드 , 쉽고 간단하지만 폼나고 맛있다.",너무나 쉽고 간단하게 완성되는 차돌박이 참나물 샐러드 만드는 과정에 비해 모양새나 맛이 좋아 언제 만들어도 인기만점인 레시피 :),https://recipe1.ezmember.co.kr/cache/recipe/2016/01/08/6938ccddcb10feed15101404681889c01.jpg?w=1000,아무나,4인분,15분 이내,,,,
6903739,https://www.10000recipe.com/recipe/6903739,베이컨 양파덮밥,베이컨과 양파를 넣고 한그릇 덮밥을 만들어 봤습니다.,https://recipe1.ezmember.co.kr/cache/recipe/2019/01/05/9558f0331c87dce2e039100fdcf3c9611.jpg?w=1000,아무나,1인분,15분 이내,,,,
6883228,https://www.10000recipe.com/recipe/6883228,간단하게~ 양송이 버섯 덮밥,간단하게 즐기는 양송이 덮밥,https://recipe1.ezmember.co.kr/cache/recipe/2018/02/01/7518b72bfc4fc06d05cdc72986709c721.jpg,아무나,4인분,30분 이내,,,,
7001546,https://www.10000recipe.com/recipe/7001546,﻿아스파라거스 칵테일새우 볶음 밑반찬,아스파라거스 칵테일새우 볶음 너무 맛있어요~ 만들기 전에는 많아보였는데 숨이 죽으니 2인분정도 반찬이 될 것같아요~,https://recipe1.ezmember.co.kr/cache/recipe/2023/05/02/4943ceb7185fb8e220d66008fd9fdd351.jpg?w=1000,초급,2인분,15분 이내,,,,
6886287,https://www.10000recipe.com/recipe/6886287,[얌무진 레시피] 동글동글~ 맛있는 참치 마요볼 만들기,안녕하세요 얌배추들! 오늘은 겉은 바삭하고 속은 쫀득한 참치마요볼을 만들어 볼게요! 아주 맛있고 든든한 간식이 될 거예요 :D,https://recipe1.ezmember.co.kr/cache/recipe/2018/03/28/71107f1e1b9753ee10cf8ff302faaa2b1.jpg?w=1000,초급,2인분,15분 이내,,,,
6882843,https://www.10000recipe.com/recipe/6882843,【느끼함제로】꿀조합으로 참치 스테이크 만들기~,참치랑 깻잎은 환상궁합인거 같아요^^ 짜투리 채소랑 참치로 버물버물해서 근사한 한끼 뚝딱~! 초간단으로 만들어 보아용~:-),https://recipe1.ezmember.co.kr/cache/recipe/2018/01/25/47d3dcc680c978b498b7f4e5cf5c5ad61.jpg?w=1000,아무나,2인분,30분 이내,,,,
7004170,https://www.10000recipe.com/recipe/7004170,밥과 잘어울리는 스팸덮밥,스팸은 집에 많이 쟁여 두실텐데요. 구워 먹어도 맛있지만 간장 양념에 졸여서 먹으면 밥 한공기 뚝딱이에요.,https://recipe1.ezmember.co.kr/cache/recipe/2023/06/15/5ae8dfb014b736cd5dfbac550742941a1.jpg?w=1000,아무나,1인분,15분 이내,,,,
6922857,https://www.10000recipe.com/recipe/6922857,[아이반찬] 달콤 짧짤 바삭 부드러운 두부강정,두부를 별로 좋아하지 않는 큰 아이를 위해 만든 두번째 두부 반찬 두부강정입니다,https://recipe1.ezmember.co.kr/cache/recipe/2019/12/05/b087095dc9b9fe762c57679be47b43251.jpg?w=1000,초급,2인분,20분 이내,,,,
6965877,https://www.10000recipe.com/recipe/6965877,맛살깻잎말이(맛살전),막걸리 도둑!!,https://recipe1.ezmember.co.kr/cache/recipe/2021/09/27/007d7ffdd1f0ae9c39054832c64f58321.jpg?w=1000,초급,2인분,20분 이내,,,,
6955087,https://www.10000recipe.com/recipe/6955087,♥[신혼간식] 상큼 유자마들렌,비타민 톡톡^^ 상큼상큼 귀여운 간식이 왔어요. 초보자도 쉽게 도전하는 홈베이킹 윤블리와 함께 유자마들렌 만들기 도전!,https://recipe1.ezmember.co.kr/cache/recipe/2021/03/12/a91e00084067dd16fff3d971f09b6a0f1.jpg?w=1000,초급,3인분,30분 이내,,,,
6990705,https://www.10000recipe.com/recipe/6990705,"야채는 거들뿐, 비빔만두",진짜 맛있을 수 밖에 없는 요리 새콤매콤한 맛이 너무 매력적인 비빔만두 조물조물 양념으로 버무린 야채에 노릇하게 구워진 군만두까지 보기만해도 침샘 자극!,https://recipe1.ezmember.co.kr/cache/recipe/2022/10/31/27b5bb27ed40dbf52a820294077201c01.jpg?w=1000,아무나,2인분,30분 이내,,,,
6932754,https://www.10000recipe.com/recipe/6932754,다이어트식: 아스파라거스 소고기 말이,아스파라거스는 섬유질이 풍부해서 다양한 방식으로 장 운동을 촉진해 노폐물을 배출하도록 하고 포만감을 주어 식욕을 억제하고 칼로리가 매우 낮지만 영양분은 풍부하게 들어 있어 체중 감량에 좋은 식재료입니다.,https://recipe1.ezmember.co.kr/cache/recipe/2020/05/16/8983f0b2f7ffdffa306e0ead803c2b3f1.jpg,아무나,2인분,30분 이내,,,,
6904722,https://www.10000recipe.com/recipe/6904722,노오븐 홈메이드 간식 '생딸기오믈렛'초간단 레시피,한때 생딸기 오믈렛이 정말 인기가 많았는데요. 오늘은 핫케이크 가루를 활용해 No오븐 홈메이드 꿀맛 디저트'생딸기 오믈렛'을 만들어 봤습니다.,https://recipe1.ezmember.co.kr/cache/recipe/2019/01/18/a9e6e8260a10232364aecfd35f560c561.jpg,아무나,2인분,15분 이내,,,,
6977898,https://www.10000recipe.com/recipe/6977898,"고등학생 도시락, 스팸무스비, 나들이 도시락으로 추천",둘째 딸 학교 급식실 조리사님 중 2~3분이 코로나 확진을 받는 바람에 급하게 도시락을 싸 보았어요. 집에 있는 재료로 간단하게 만들 수 있는 스팸무스비 만들어 보냈어요. 김밥 먹고싶은데 집에 재료 없을 때 간단하게 만들기 좋구요. 나들이 도시락 메뉴로 추천드려요^^,https://recipe1.ezmember.co.kr/cache/recipe/2022/04/14/763360b5139b0d76b78d5bfe0cddb61e1.jpg,아무나,1인분,30분 이내,,,,
6811239,https://www.10000recipe.com/recipe/6811239,바삭한 카레닭구이,아이들도 좋아하는 카레 닭가슴살 구이~,https://recipe1.ezmember.co.kr/cache/recipe/2015/06/03/fdb40ab5e54261a384f39532a3513c021.jpg,초급,2인분,30분 이내,,,,
6928511,https://www.10000recipe.com/recipe/6928511,휘리릭~ 초 간단 맛살 볶음,초간단 반찬,https://recipe1.ezmember.co.kr/cache/recipe/2020/03/15/d2df00abb5327324e5a1d491084459561.jpg?w=1000,아무나,2인분,10분 이내,,,,
7001408,https://www.10000recipe.com/recipe/7001408,두부볶음 만들기 두부로 이렇게 맛있는 음식이 가능?,"찌개나 국 끓일때를 대비해서, 두부를 항상 준비해 놓았었는데, 제가 잘못 구매 한 건지, 냉장고에 부침두부가 있더라구요~ 이걸로 뭘 해먹을까 하다가~ 국에 그냥 넣어 먹어도 되지만~ 두부볶음을 해봤어요~^^ ​",https://recipe1.ezmember.co.kr/cache/recipe/2023/05/01/d4eaa3dd5df1e19d28d2d5a8daf386691.jpg,,아무나,,,,,
7074892,https://www.10000recipe.com/recipe/7074892,옛날과자 그대로! 고소하고 바삭한 상투과자 만들기,한입 베어물면 입안가득퍼지는 달콤함과 바삭함이 정말 매력적인 상투과자입니다,https://recipe1.ezmember.co.kr/cache/recipe/2026/04/18/7f2cb635eeebe6fabd69ca7ceb88684a1.jpg?w=1000,아무나,5인분,60분 이내,,,,
7076384,https://www.10000recipe.com/recipe/7076384,향긋한 신선초 나물무침 건강하게 즐기기 향금 레시피,신선초은 이름처럼 몸에 좋은 영양이 풍부한 건강 채소로 유명해요. 특유한 향긋한 맛과 부드러운 식감 덕분에 나물 무침 생즙 쌈 채소 등 다양하게 활용할 수 있는 인기 건강식 재료입니다.,https://recipe1.ezmember.co.kr/cache/recipe/2026/05/20/b9d353b9ba7cc2bc2d317ec1a78bf3251.jpg?w=1000,아무나,4인분,20분 이내,,,,
6992379,https://www.10000recipe.com/recipe/6992379,묵은지간장국수 묵은지를 쭉쭉 찢어보세요 한끼가 해결됩니다,"집에 묵은지가 넘쳐나서 이렇게 먹을까? 저렇게 먹을까? 고민하다가 묵은지간장국수를 만들어봤어요~ 묵은지, 국수만 있다면 한끼가 뚝딱 해결됩니다!",https://recipe1.ezmember.co.kr/cache/recipe/2022/11/21/124bac65d4a0c571d77f052b9fe70c341.jpg?w=1000,아무나,2인분,15분 이내,,,,
7015067,https://www.10000recipe.com/recipe/7015067,다이어트 양배추 참치 덮밥 만들기 낮은 칼로리로 맛있는 한 끼,"다이어트해보신 분들은 한 번쯤 들어본 레시피일 텐데요. 너무나 간단한데 맛도 있고 영양적으로 훌륭한 레시피입니다. 통조림 참치가 의외로 칼로리도 높지 않고, 단백질 함량이 높아 좋습니다.",https://recipe1.ezmember.co.kr/cache/recipe/2023/12/05/707322029e811616ebb78a6e570b2aa41.jpg,아무나,1인분,10분 이내,,,,
6934182,https://www.10000recipe.com/recipe/6934182,하트맛살전 사랑스러운 집들이 음식,예전부터 꼭 한번 만들어보고 싶었던 하트맛살전 이번에 신랑 모임 겸 집들이가 있어서 간단한 요리 몇가지만 만들게 되었는데요 그 중에 하나 요걸 만들게 되었답니다 남정네들만 오는 모임이라 알록달록 너무 튀는건가 싶었지만 완전 인기만점 집들이 음식 이었어요 ​,https://recipe1.ezmember.co.kr/cache/recipe/2020/05/13/1ede23eb23b0c4d9f8673f836fce64841.jpg,초급,2인분,30분 이내,,,,
6994106,https://www.10000recipe.com/recipe/6994106,스팸돈부리 레시피,진짜 진짜 맛있는 스팸레시피‼️스팸하나로 한 끼 해결 가능한 스팸돈부리 레시피‼️‼️ 진짜 오바해서 5분도 안걸리고 미친 맛이니 어서어서 따라오시요,https://recipe1.ezmember.co.kr/cache/recipe/2022/12/21/57e29d2f4e0c32723221c1fec85846641.jpg,아무나,2인분,10분 이내,,,,
6928224,https://www.10000recipe.com/recipe/6928224,아침식사 굿굿! 노오븐 에어프라이어 스위트콘 콘옥수수 치즈 모닝빵,영양도 만점 맛도 만점♡♡,https://recipe1.ezmember.co.kr/cache/recipe/2020/03/11/16479991109978c742da010ff1457f831.jpg,아무나,1인분,10분 이내,,,,
6903698,https://www.10000recipe.com/recipe/6903698,두부닭가슴살유부초밥,유부를 무척이나 좋아하는데 저탄다이어트 중이라서 집 냉동고에 잘 안먹게되는 닭가슴살 응용해봤어요^^ 몸에 좋을 맛이라 칼로리도 낮고 (탄수화물 대신에 단백질이라서..) 레시피로 올려봅니다,https://recipe1.ezmember.co.kr/cache/recipe/2019/01/06/8a350cc766ba99e365f53856293f97801.jpg,아무나,2인분,30분 이내,,,,
7047563,https://www.10000recipe.com/recipe/7047563,매콤한 새송이버섯 어묵잡채,쫄깃한 식감이 좋은 새송이버섯과 어묵을 함께 볶은 매콤 칼칼 버섯 어묵 잡채인데요. 일주일 밑반찬이 고민이시라면 추천드려 봅니다.,https://recipe1.ezmember.co.kr/cache/recipe/2025/03/15/5936c542e3d7800f68c636cffdc926b11.jpg?w=1000,초급,4인분,15분 이내,,,,
6837437,https://www.10000recipe.com/recipe/6837437,두부고기 맛이 나는 두부볶음~~,우리 아들은 두부의 부드러운맛을 싫어한답니다 그래서 시중에 파는 두부고기를 사다가 반찬을 해준적도 있는데요 좀비싸요~~ 그래서 집에서 일반두부 사다가 꼼수를 부려 만들어 봤는데요 쫄깃쫄깃한게 꼭 두부고기같네요~^^,https://recipe1.ezmember.co.kr/cache/recipe/2015/11/03/2edbb7fe192eb69f48c3c8ccbd8ca12c1.jpg?w=1000,아무나,3인분,15분 이내,,,,
6886375,https://www.10000recipe.com/recipe/6886375,꼭 해드세요. 존맛임! 버터 스팸동 만들기,안녕하세요 얌배추들~! 오늘은 버터 스팸동을 만들어 봤어요.예전에 스팸동 레시피를 많은 분들이 좋아해주셨는데 짠맛은 줄이고 버터밥으로 조금 더 업그레이드 된 맛입니다! 개인적으로 입맛 없을 때 이거 하나면 입맛이 쫙 돌아오더라구요ㅎㅎ 꼭 한번 만들어 보세요!!,https://recipe1.ezmember.co.kr/cache/recipe/2018/03/30/da173e553e52b432c7ae39854c4256841.jpg?w=1000,아무나,1인분,10분 이내,,,,
6847798,https://www.10000recipe.com/recipe/6847798,치즈 가지말이,가지를 얇게 썰어 치즈를 넣어 맛있게 가지 먹는 방법,https://recipe1.ezmember.co.kr/cache/recipe/2016/05/09/3310142b96ece4f78c02ee3183d6a1101.jpg,아무나,1인분,60분 이내,,,,
7074824,https://www.10000recipe.com/recipe/7074824,다이어트두부면(17칼로리)불 없이만드는 시원한 두부면콩국수,다이어트두부면(17칼로리) 불없이 만드는 콩국수 야식으로먹어도 속이편하고 칼로리걱정없는 두부면으로 콩국수만들어보세요,https://recipe1.ezmember.co.kr/cache/recipe/2026/04/16/03a421e03a4877bfab984825e2af534e1.jpg?w=1000,아무나,2인분,15분 이내,,,,
7064360,https://www.10000recipe.com/recipe/7064360,한그릇 뚝딱! 든든한 해장계란탕,한 그릇만으로도 든든하고 포만감 있는 완벽한 한 끼,https://recipe1.ezmember.co.kr/cache/recipe/2025/09/10/aa86b131dd63bc2065a147fc4857d9031.jpg?w=1000,아무나,1인분,15분 이내,,,,
6937332,https://www.10000recipe.com/recipe/6937332,야식으로굿!안주로도굿!아이간식으로도굿!두부강정!,비가오는날 막걸리와 두부를 자주먹는데 다르게 먹고싶어서 두부강정을 해봤어용!!,https://recipe1.ezmember.co.kr/cache/recipe/2020/07/29/8824cfcd5d8fd1f3693e7321bd0a300b1.jpg?w=1000,중급,2인분,30분 이내,,,,
6848325,https://www.10000recipe.com/recipe/6848325,아망디오쇼콜라,초코쿠키의 대표라고 해도 과언이 아닌 아망디오쇼콜라쿠키. 많이 알려져 있기도 하구 많은 사람들이 좋아하기도하고 냉동쿠키라 만들기도 간단하고 굽기도 간편하고 아몬드슬라이스 듬뿍넣어 구우면 초코쿠키이면서도 고소하니 영양적으로도 좋고 맛도 좋고 아이들간식으로도 딱 꼭 한 번 드셔보세요.,https://recipe1.ezmember.co.kr/cache/recipe/2016/05/17/362f29eaea676c06aa96b88abe52d9c71.jpg,초급,6인분 이상,2시간 이상,,,,
6914749,https://www.10000recipe.com/recipe/6914749,감자어묵국 보들보들하게 즐기는 간단국요리,보들보들~ 아침국으로 좋은 감자어묵국 레시피입니다 :),https://recipe1.ezmember.co.kr/cache/recipe/2019/05/27/04d53874c0c0f2837e15c9e7e79ac1141.jpg,초급,4인분,30분 이내,,,,
6872282,https://www.10000recipe.com/recipe/6872282,[간단 자취요리] 콘꼬노미야끼 만들기,"안녕하세요 여러분!! 오늘은 콘꼬노미야끼입니다. 실제로 이런 메뉴는 없지만 재미있게 이름 붙여봤어요! 참치전이나 옥수수전은 다들 먹어보셨죠? 이건 업그레이드 버전정도로 생각하시면 되겠네요 :D 이건 진짜 꼭 한번 만들어보셨으면 좋겠어요. 보기에는 그냥 그래보이지만, 무슨맛을 상상하던 그것보다 더 맛있을거예요. 특히 마요네즈와의 조합이 그냥 끝장.",https://recipe1.ezmember.co.kr/cache/recipe/2017/07/05/8e9ebde52cc124b66d3ec4e4bc01ba761.jpg?w=1000,아무나,1인분,15분 이내,,,,
6912270,https://www.10000recipe.com/recipe/6912270,짭조름 간장 쏘야,아이와 어른들도 좋아하는 간장 쏘야볶음입니다,https://recipe1.ezmember.co.kr/cache/recipe/2019/05/16/4a738bac5898349956c493cb2daeca0c1.jpg,아무나,2인분,30분 이내,,,,
3976406,https://www.10000recipe.com/recipe/3976406,두부오꼬노미야끼,간단재료로 쉽게 만드는 두부오꼬노미야끼입니다.,https://recipe1.ezmember.co.kr/cache/recipe/2015/06/08/aaa32a881e54289e0800a156002448b8.jpg,초급,2인분,30분 이내,,,,
6880694,https://www.10000recipe.com/recipe/6880694,버섯요리/조금 색다르게 만들어 먹는 버섯 깐풍,안녕하세요 오늘은 느타리버섯으로 종종 만들어 먹는 버섯 깐풍을 만들어 맛있게 먹었답니다^^ 버섯 하면 주로 볶음이나 전을 먼저 생각하는데 조금 색다른 맛으로 버섯 깐풍으로 만들어 먹어도 아주 맛있습니다.,https://recipe1.ezmember.co.kr/cache/recipe/2017/12/08/91a64b288e91260e8d8cc5d52e366c2c1.jpg,초급,3인분,30분 이내,,,,
6925795,https://www.10000recipe.com/recipe/6925795,즉석 목살 양념구이~ 달큰한 양념소스가 정말 맛있습니다.,즉석양념장으로 간장베이스 소스를 만들어 돼지목살을 졸여 봤어요~ 양념장에 숙성시킨 양념돼지고기와는 또 다른 느낌의 맛을 보여주네요~,https://recipe1.ezmember.co.kr/cache/recipe/2020/02/01/c559f7fe91e19d4d9fbe0d7e88e768fa1.jpg?w=1000,초급,2인분,20분 이내,,,,
6894964,https://www.10000recipe.com/recipe/6894964,맥주와 환상궁합! 백종원 칠리새우 쉽게 만들기,"맥주안주로도, 반찬으로도 넘 좋은 백주부님 칠리새우 쉽게 만들어봐요!",https://recipe1.ezmember.co.kr/cache/recipe/2018/08/29/896d8b6287d80573a3b159c092b6d17b1.jpg,아무나,2인분,15분 이내,,,,
6907655,https://www.10000recipe.com/recipe/6907655,'몽쉘'로 초간단 컵브라우니 만들기,저는 케익류를 다 좋아하지만 그중에서도 꾸덕한 브라우니를 참 좋아해요. 오늘은 몽쉘로 꾸덕꾸덕한 컵브라우니 만드는 초간단 방법 소개할께요,https://recipe1.ezmember.co.kr/cache/recipe/2019/03/03/5a2938d7f90defe8830f37da1e5420f71.jpg,아무나,1인분,5분 이내,,,,
6869250,https://www.10000recipe.com/recipe/6869250,【초간단】햇마늘쫑 어묵 조림~♥,햇마늘쫑 철이 왔습니다^~^ 보기에 좋은 떡이 맛도 좋다고 하잖아요ㅎㅎ 이왕 드시는거 초간단으로 이뿌게 해서 가족님들께 사랑 듬뿍 받아보셔용~^~^,https://recipe1.ezmember.co.kr/cache/recipe/2017/05/03/5a4e946f7a66fa67b06a1993734b1deb1.jpg?w=1000,아무나,1인분,5분 이내,,,,
7016404,https://www.10000recipe.com/recipe/7016404,#새우 브로콜리볶음 #크리스마스음식 만들어놓으면 순십간에 사라지는 요리,#새우 브로콜리볶음 #크리스마스음식 만들어놓으면 순십간에 사라지는 요리,https://recipe1.ezmember.co.kr/cache/recipe/2023/12/25/006a26efcf79fbe8344cab453fef65f01.jpg,,아무나,,,,,
7072343,https://www.10000recipe.com/recipe/7072343,햄야채 볶음밥 레시피 겨울방학 점심 메뉴 간단 한 그릇 햄 볶음밥 레시피,돌아서면 배고프다고 이야기하는 저희 집 초등 아이들의 겨울방학이 시작되었네요! 삼시 세끼와 간식까지 먹는 아이들 덕분에 주방에 있는 시간이 더 늘어난 엄마의 시간이죠 오늘 점심으로는 냉장고 속 남은 야채들과 햄을 넣고 휘리릭 볶은 볶음밥을 만들었어요 ​ ​ 아이들 방학 점심 메뉴로 간단하고 냉장고 속 자투리 야채들을 활용해서 만들기도 좋은 햄야채 볶음밥이랍니다. 특별한 반찬 없이도 든든한 한 끼가 되는 찬밥과 햄야채로 만드는 간단 한 그릇 햄야채 볶음밥을 만들어 볼게요 :),https://recipe1.ezmember.co.kr/cache/recipe/2026/01/07/622232dac72028f8eede43a41d8001881.jpg,아무나,3인분,20분 이내,,,,
6896204,https://www.10000recipe.com/recipe/6896204,수미네 반찬 :: 전주식 콩나물탕 / 해장하기 좋은 시원한 맛,안녕하세요~ 시윤입니다 '0' 오늘은 핫하디 핫한 수미네 반찬의 전주식 콩나물탕 레시피를 가지고 왔어요! 라면만큼 쉬운 김수미 콩나물탕! 시작해볼까요 ❛ ڡ ❛,https://recipe1.ezmember.co.kr/cache/recipe/2018/09/20/faa7dcefbda5a5f196ba892367635f931.jpg,초급,1인분,60분 이내,,,,
6915735,https://www.10000recipe.com/recipe/6915735,깔끔고소한 아침국~~들깨무국,어제 자극적인 음식을 먹었다면 ..아침은 맑은 국이 제격이죠?^^,https://recipe1.ezmember.co.kr/cache/recipe/2019/07/11/e35399cd4afecaa53e194ef96b827a3a1.jpg?w=1000,아무나,2인분,15분 이내,,,,
6913239,https://www.10000recipe.com/recipe/6913239,고구마치즈전,달콤 고구마와 고소 치즈의 만남은 무죄!!^^,https://recipe1.ezmember.co.kr/cache/recipe/2019/06/04/5cfeebac4e542442cf49a0887a9a3ae81.jpg,아무나,2인분,15분 이내,,,,
6880201,https://www.10000recipe.com/recipe/6880201,만두강정 소스까지 다 만들기 간단간식 맥주안주로 굿굿!,어느집에나 냉동실에 들어있을 냉동만두! 구워먹고 쪄먹고 만두국끓여먹고 외에 매콤달콤한 소스를 곁들인 별미 만두강정 레시피 입니다,https://recipe1.ezmember.co.kr/cache/recipe/2017/11/28/50a3188ab277080733f21878c68ae62a1.jpg,아무나,2인분,15분 이내,,,,
7073300,https://www.10000recipe.com/recipe/7073300,어릴적 추억을 담은 분홍소시지전,분홍소시지를 조금 다른 방법으로 더 맛있게 만들어 봤습니다.,https://recipe1.ezmember.co.kr/cache/recipe/2026/03/19/b9153485fb23b41f6841c11d50363b611.jpg?w=1000,초급,4인분,20분 이내,,,,
6835918,https://www.10000recipe.com/recipe/6835918,촉촉한 닭가슴살완자 만들기,고기완자 만드는 법과 똑같야요 집에 돼지고기 대신 닭가슴살이 있어서 만든 요리에요,https://recipe1.ezmember.co.kr/cache/recipe/2015/10/10/8a70652234bfab22831076ca9d8742b31.jpg,초급,3인분,30분 이내,,,,
6879416,https://www.10000recipe.com/recipe/6879416,햄 숙주볶음 : 초간단 밥반찬&술안주,"안녕하세요~ 몽베이향입니다 :) 요거 완전 간단하게 만들 수 있고, 맛도 굿! 밥반찬, 술안주로 너무 좋아요~ 그럼 만들어 볼까요~?",https://recipe1.ezmember.co.kr/cache/recipe/2017/11/11/f3c9d700f1980e9bb193d0042a246eb31.jpg,아무나,2인분,15분 이내,,,,
6915356,https://www.10000recipe.com/recipe/6915356,오이 속에 닭가슴살이 ? 오이치킨보트 ★,손님 올때 간단한 에피타이저 제격? (인정) 닭가슴살이 들어가 단백질 보충에도 쵝오 ★ 세상의 모든 레시피 만개의레시피,https://recipe1.ezmember.co.kr/cache/recipe/2019/07/04/4bfef332d94395feeaabe4f8041bc8441.jpg?w=1000,아무나,2인분,15분 이내,,,,
6921400,https://www.10000recipe.com/recipe/6921400,"[다이어트] 저탄고지 고단백 영양식, 새우 브로콜리 볶음",다이어트 하시는 분들 아니어도 건강 영양식으로 좋을 요리입니다. 만들기도 너무 쉽고 한 번 뚝딱 만들면 가족들이랑 다 같이 먹을 수 있으니 메인요리로도 손색없어요. 4인 가족 기준 나눠 먹으면 1인당 순탄수화물 약7g정도입니다. 하지만 그 탄수화물조차 단당류가 아닌 다당류(소화가 천천히 되어 당을 천천히 올리며 인술린 저항성을 높이지 않는)이니 당뇨나 대사증후군에도 좋습니다. 기본 영양정보는 아래에 있어요.,https://recipe1.ezmember.co.kr/cache/recipe/2019/10/30/9910976e24f1b55eebe06c2e790f66801.jpg?w=1000,초급,4인분,30분 이내,,,,
7075847,https://www.10000recipe.com/recipe/7075847,닭양념구이,매콤달콤한 양념이 쏙 배어. 누구나 좋아하는 닭양념 구이 만드는 법 소개해드릴께요,https://recipe1.ezmember.co.kr/cache/recipe/2026/05/08/8729a117b3dd7fc4b7f2275388ca07dc1.jpg?w=1000,아무나,4인분,60분 이내,,,,
2628435,https://www.10000recipe.com/recipe/2628435,베이컨간장말이밥,초간단하게 만드는 베이컨간장말이밥입니다.,https://recipe1.ezmember.co.kr/cache/recipe/2015/07/24/84d5d9b55180b9d9877df2386c381591.jpg,초급,2인분,30분 이내,,,,
6950383,https://www.10000recipe.com/recipe/6950383,청경채두부볶음 만드는법 다이어트식으로 좋네.,"오늘은 청경채, 두부, 만가닥버섯을 넣어 가볍게 볶음을 했어요. 슴슴하게 만들었더니 다이어트식으로 아주 좋겠어요.",https://recipe1.ezmember.co.kr/cache/recipe/2021/01/04/3ff2d081b51ae761093de0aff4b497561.jpg?w=1000,초급,4인분,15분 이내,,,,
6845451,https://www.10000recipe.com/recipe/6845451,두부닭가슴살너겟,두부닭가슴살너겟. 닭가슴살도 담백하고 두부도 담백하고 기름에 구웠지만 참 깔끔한 맛이랍니다.,https://recipe1.ezmember.co.kr/cache/recipe/2016/03/26/fbbf48ec994f6c958cad34e4a77b1ead1.jpg,아무나,4인분,15분 이내,,,,
6985504,https://www.10000recipe.com/recipe/6985504,10분요리) 양배추베이컨볶음!,"신랑이 양배추 샐러드를 좋아해서 집에 양배추가 엄청 많아요.. 매번 샐러드 해먹기도 지겹고, 베이컨만 넣어서 굴소스 볶음을 만들어봤어요! 이렇게 간단할 수가 없습니다. 아삭한 양배추와 짭쪼름한 베이컨의 만남! 아이들 반찬으로도 좋아요!",https://recipe1.ezmember.co.kr/cache/recipe/2022/08/12/85b63c9b44a656605b72a84524c202d31.jpg,초급,2인분,10분 이내,,,,
7068064,https://www.10000recipe.com/recipe/7068064,햄 계란 덮밥!,양파 햄 계란의 완벽한 조화! 아는 맛이라 더 맛있는 덮밥이에요~,https://recipe1.ezmember.co.kr/cache/recipe/2025/12/12/7bb3b56274ded0a1c0bee3f417b1f1851.jpg?w=1000,아무나,1인분,15분 이내,,,,
6885922,https://www.10000recipe.com/recipe/6885922,매콤함이 파바박 집밥백선생♥꽈리고추삼겹살볶음,맛있는 삼겹살에 꽈리고추와 청양고추가 파바박! 밥반찬은 물론 간단한 술안주로도 제격이에요 : ) 세상의 모든 레시피 만개의레시피,https://recipe1.ezmember.co.kr/cache/recipe/2018/03/22/8eba9dce3bae57e3c8dd3705ab56d6401.png,초급,2인분,30분 이내,,,,
6907712,https://www.10000recipe.com/recipe/6907712,나시고랭 :)숙주로 간단한 나시고랭 볶음밥,집에 숙주가있어 간단히 나시고랭볶음밥을 만들었습니다. 간단하고 쉬운 볶음밥요리입니다.,https://recipe1.ezmember.co.kr/cache/recipe/2019/03/04/ff1d70c8d640f4598f55d6ba9df987b91.jpg?w=1000,초급,2인분,30분 이내,,,,
6966950,https://www.10000recipe.com/recipe/6966950,HACCP 카레향 가득품은 두부 파프리카전 | 두부 | 달걀,카레가루 2큰술이 태국의 푸팟퐁커리가 생각나게 하는 맛이 나더라구요. 그 어떤 전보다 정말 맛이 최고였습니다. 반찬또는 안주로도 좋습니다. 꼭 이방법으로 해보시길 추천합니다.,https://recipe1.ezmember.co.kr/cache/recipe/2021/10/14/e1f03debfe42bc5529a0f8d9eb30ad501.jpg?w=1000,초급,2인분,30분 이내,,,,
6954909,https://www.10000recipe.com/recipe/6954909,호떡믹스 소세지빵 에어프라이어로 집에서 만드세요,호떡믹스와 에어프라이어로 집에서도 소세지빵을 쉽고 맛있게 만들수 있답니다. 이제 사 먹지 말고 만들어 드세요 .너무 맛있답니다 ^^,https://recipe1.ezmember.co.kr/cache/recipe/2021/03/10/16e8fbcb4ac56828ce1818f8df6ce9d81.jpg,중급,6인분 이상,60분 이내,,,,
6874259,https://www.10000recipe.com/recipe/6874259,주말 저녁을 빛내 준 백선생 치즈등갈비~,손가락 쪽쪽 빨며 먹게 되는맛~ 아이들이 잘 먹어서 더 즐거웠던 주말 저녁~ 백선생 치즈등갈비 감사~~^^,https://recipe1.ezmember.co.kr/cache/recipe/2017/08/07/2390c1037b9e7f857c2892ea56f9f0ee1.jpg?w=1000,초급,4인분,90분 이내,,,,
6896872,https://www.10000recipe.com/recipe/6896872,달콤 쫄깃 졸라토스트 만들기ㅣ모짜렐라 치즈로 고르곤졸라 토스트,구하기 쉬운 재료들로 맛있는 고르곤졸라 토스트를 만들어 봤어요. 쫄깃하고 달콤해서 맛이 아주... 옳습니다. 저는 단 거 별로 안 좋아하는데도 이건 엄청 좋아해요.,https://recipe1.ezmember.co.kr/cache/recipe/2018/10/01/338340b9ad1f91013f07d7ba6527332e1.jpg?w=1000,아무나,1인분,5분 이내,,,,
6685679,https://www.10000recipe.com/recipe/6685679,쫄깃한 매콤 어묵덮밥,든든한 한그릇요리 쫄깃한 매콤 어묵덮밥~,https://recipe1.ezmember.co.kr/cache/recipe/2015/04/16/de8df465f3001a3f7b27b9404bad529d1.jpg,아무나,1인분,30분 이내,,,,
6934142,https://www.10000recipe.com/recipe/6934142,♥[신혼밥상] 여름철 별미 숙주냉채,점점 더워지는 요즘 잃어버렸던 입맛도 살려주는 별미 중 별미 찡긋~톡 쏘는 새콤달콤 겨자소스 한방 계절메뉴 혹은 손님 초대 메뉴로 새우맛살 숙주냉채 어떠세요?,https://recipe1.ezmember.co.kr/cache/recipe/2020/06/10/4b36f43bc09623354eab45c22e6bd1961.jpg?w=1000,초급,2인분,20분 이내,,,,
6905452,https://www.10000recipe.com/recipe/6905452,호박참치볶음(담백하니 아기도 좋아해요~),매일 애호박만 볶았는데 참치를 넣어 볶으니 담백하고 맛이 좋습니다~아이반찬으로도 좋겠어요^^,https://recipe1.ezmember.co.kr/cache/recipe/2019/01/28/56cff2dd792d479eac39a1ab7ba9b9771.jpg?w=1000,초급,3인분,30분 이내,,,,
7072609,https://www.10000recipe.com/recipe/7072609,밥반찬 메뉴 계란 장조림,어릴땐 자주 먹었지만 요즘은 가끔 생각나면 만들어 먹는 밥반찬 메뉴 은근 밥도둑인 짜지않고 국물까지 맛있는 계란 장조림 만들어 볼게요,https://recipe1.ezmember.co.kr/cache/recipe/2026/03/05/7c1875052b946385cafa4e077ce184231.jpg,아무나,4인분,15분 이내,,,,
6880695,https://www.10000recipe.com/recipe/6880695,소고기 배춧국 만들기 든든한 한끼로 제격!,"지금...3일내내~ 매일끓이고 있는 소고기 배춧국! 아니..질리지가 않어~ 왜이러지?!ㅎㅎㅎ 무엇보다 딸램씨도 맛있다고 여기에 밥말아 김무셔서 주면 두공기씩 클리어 하고 있다 ㅋㅋㅋㅋㅋㅋㅋ 그럼, 만들기도 쉬운 소고기 배춧국 만들어 볼게요",https://recipe1.ezmember.co.kr/cache/recipe/2017/12/09/5afca45fec8ab0b245a561f1667ed2a51.jpg,아무나,3인분,30분 이내,,,,
7020842,https://www.10000recipe.com/recipe/7020842,"구운마늘 좋아하는 사람은 만들어보세요, 돼지고기마늘조림",구운마늘 듬뿍 넣어 만드는 돼지고기조림 쫄깃한 목살로 맛있게 만드는 밥반찬 목살을 한입 크기로 먹기 좋게 썰고 통마늘과 함께 맛있게 구워주세요. 간장 베이스 양념을 부어 볶으면서 조려주면 짭조름한 돼지고기조림 완성!,https://recipe1.ezmember.co.kr/cache/recipe/2024/02/26/510b4c4043631293e867b4eaa4cac9751.jpg?w=1000,아무나,2인분,30분 이내,,,,
6974604,https://www.10000recipe.com/recipe/6974604,오이미역냉채/ 새콤달콤 톡 쏘는 간편 다이어트 요리,다이어트 요리로 좋아요,https://recipe1.ezmember.co.kr/cache/recipe/2022/02/15/bc13526ccc72f348d3a944e38d2c2b991.jpg,아무나,2인분,30분 이내,,,,
6889370,https://www.10000recipe.com/recipe/6889370,간단하게 속편한 국 끓이기! 새우젓 연두부달걀국,바쁜 아침 간편하게 끓여 먹기 좋은 새우젓 연두부달걀국입니다:),https://recipe1.ezmember.co.kr/cache/recipe/2018/05/23/c121d516dcbd93fa9b752b30e77e671d1.jpg,아무나,3인분,30분 이내,,,,
6963453,https://www.10000recipe.com/recipe/6963453,[오리고기 묵은지 말이]/오리고기를 넣어 묵은지 말이를 해 보았어요! 이렇게 만들어 먹으면 얼~마나 맛있게요!!,오리고기는 불포화지방산을 함유하고 있어 혈관 문제를 안고 있는 사람들에게 다른 육류들 보다 안심하고 먹을 수 있는 단백질 공급원이죠. 다른 육류는 식으면 다 기름이 굳지만 이 오리 기름은 식어도 식물성 기름처럼 굳지 않고 그대로이잖아요~ ​그래서 저도 연세가 드신 친정어머니에게 가끔 사서 보내 드리는 고기가 바로 이 오리고기랍니다. 오리 생고기로 제육볶음이나 백숙을 해먹어도 맛있고 다양한 레시피로 다양하게 요리를 해 먹어도 맛있고 훈제 오리고기도 참 맛있잖아요!! 제대로 하는 오리고기 맛 집에 가면 안 빠지고 나오는 게 묵은지거든요. 제가 오리고기를 참 좋아해서 오리고기로 만든 여러 가지 요리를 거의 다 먹어 봤는데요. 오리고기구이를 먹을 때 이 묵은지를 씻어서 쌈 싸 먹는 조합이 언제 먹어도 제일 좋더라구요. 그래서 묵은지로 말이를 해 먹어도 좋겠다 싶어 묵은지 말이를 해 먹기 시작했는데 항상 가족들의 반응도 너무 좋고 제가 먹어도 너무 맛있어서 자주 해 먹게 된답니다. ​묵은지와 오리고기의 조합은 너무나 좋아 같이 먹으면 질리지 않아 너무 먹게 되는 게 함정일 정도라니까요. 저희 가족들만 맛보기는 아까운 레시피여서 이웃님들과도 함께 공유해 보려고 해요!! ​,https://recipe1.ezmember.co.kr/cache/recipe/2021/08/17/2811b5801630d92455a570f634ff25381.jpg,아무나,4인분,30분 이내,,,,
6938068,https://www.10000recipe.com/recipe/6938068,계란말이케이크,평범한 계란말이도 예쁘게 만들어 먹어요 :),https://recipe1.ezmember.co.kr/cache/recipe/2020/07/30/502d93d3dbdf55a58a1d0f078dc32c771.jpg?w=1000,중급,3인분,20분 이내,,,,
6925914,https://www.10000recipe.com/recipe/6925914,♥[신혼밥상] 시금치 파스타,힘이 불끈불끈 면역력을 키워요. 아이 어른 할 것 없이 누구나 좋아하는 맛! 영양소 듬뿍! 초간단 시금치알리올리오파스타 레시피~,https://recipe1.ezmember.co.kr/cache/recipe/2020/01/26/bc208dd7989852469f69aede5c5d21f91.jpg?w=1000,초급,2인분,30분 이내,,,,
6861965,https://www.10000recipe.com/recipe/6861965,"[간단한 간식만들기]마늘버터떡볶이,길릭떡볶이,간장떡볶이",조리시간 : 15시간 조리분량 : 2인분 난이도 : ★☆☆☆☆,https://recipe1.ezmember.co.kr/cache/recipe/2016/12/01/6bc4f94befd5bcad219c30336e2f3ac01.jpg,아무나,2인분,10분 이내,,,,
6933624,https://www.10000recipe.com/recipe/6933624,부타동 만큼이나 맛있는 초간단 베이컨덮밥,파지베이컨을 구입해봤어요!! 1kg을 저렴하게 8000원대에 구입할 수 있는데요. (택배비 포함 x) 여러가지 요리로 즐길 수 있어요!!,https://recipe1.ezmember.co.kr/cache/recipe/2020/05/30/86b6ff7d50b2818b7f2200a1dd896fdf1.jpg?w=1000,초급,1인분,15분 이내,,,,
6942026,https://www.10000recipe.com/recipe/6942026,"목살된장구이 만들기, 덮밥으로 먹어도 굿!","안녕하세요, 이웃사슴입니다 (๑°꒵°๑)·*♡ 오늘은 때깔 좋은 목살로 목살된장구이를 만들어 먹었답니다!",https://recipe1.ezmember.co.kr/cache/recipe/2020/09/16/5ca3acd9ceb6c4754ba66c05c9570a831.jpg,초급,2인분,30분 이내,,,,
7069384,https://www.10000recipe.com/recipe/7069384,전자레인지로 간단하게! 버터간장계란밥,전자레인지로 간단하게 5분이면 ok 버터간장계란밥 레시피입니다.,https://recipe1.ezmember.co.kr/cache/recipe/2026/01/06/81fab638ba468753de4c82fed284c9131.jpg?w=1000,아무나,1인분,5분 이내,,,,
6841405,https://www.10000recipe.com/recipe/6841405,간편하게 만드는 다이어트 음식 “오이롤스시”,"오늘은 집에서 누구나 간단하게 만들수있는 다이어트 음식인 오이롤스시를 만들어볼까해요~ *오이는 칼륨이 많이 포함되어 몸속 나트륨과 노폐물을 몸밖으로 배출하는 효과가 있어요. 또한, 수분함량이 많아 이뇨작용을 도와주며 붓기을 빼주는 효능이 있답니다.",https://recipe1.ezmember.co.kr/cache/recipe/2016/01/11/bef09a78ffd467fe694305e047e1dd1f1.jpg,초급,2인분,30분 이내,,,,
7000636,https://www.10000recipe.com/recipe/7000636,새콤달콤매콤한 만두강정 레시피,"냉동에 항상 있는 만두!! 만두야 그냥 먹어도 맛있지만 가끔은 색다르게 강정으로 만들어 먹으면 더 맛있게 먹을 수 있어요. 오늘은요리 새콤달콤매콤한 "" 만두강정"" 만들어 보아요.",https://recipe1.ezmember.co.kr/cache/recipe/2023/04/13/d23c28aa8942b0829e93908846d7a9eb1.jpg,아무나,2인분,20분 이내,,,,
4007541,https://www.10000recipe.com/recipe/4007541,미숫가루 컵케익,집에서 묵혀두었던 미숫가루를 이용하여 고소한 컵케익을 만들어보세요. 촉촉하고 부드러워서 맛있어요,https://recipe1.ezmember.co.kr/cache/recipe/2015/07/02/12961bd6b2ffb5edc38203d50e7ccdac.jpg,중급,6인분 이상,60분 이내,,,,
6903405,https://www.10000recipe.com/recipe/6903405,두부덮밥으로 한그릇 다이어트 어떠세요??,볶음밥은 먹고싶고 속재료들이 부담스러울때 담백하게 만들어 먹으면 좋은 두부덮밥입니다~,https://recipe1.ezmember.co.kr/cache/recipe/2019/01/03/47ad5a39da2f9fb6b3f2682660c489e91.jpg?w=1000,초급,2인분,20분 이내,,,,
6861235,https://www.10000recipe.com/recipe/6861235,[간단 자취요리] 손님 초대용! 저렴하지만 멋지게 한 상 차려보자! / 서가앤쿡 목살 스테이크 만들기,"안녕하세요 여러분들!! 오늘은 주말과 잘 어울리는 특별한 요리를 준비했어용 서가앤쿡 목살 스테이크를 만들어봤는데요~ 이거 진짜 엄청 맛있으니까 특별한날 가족과, 친구와 꼭 한번 맛있게 만들어서 드셔보세요!! 음식은 비주얼이 중요해요 아무리 맛있어도 맛 없어보이면..ㅠㅠ 가니쉬 여러가지 할 필요 없어요 알록달록 풀로 비주얼 업! 역시 얌무스럽죠.........?",https://recipe1.ezmember.co.kr/cache/recipe/2016/11/18/38daef34c714b37333c0f13af2d2eb781.jpg?w=1000,아무나,1인분,60분 이내,,,,
6973175,https://www.10000recipe.com/recipe/6973175,떡국을 칼칼하게 장떡만둣국 레시피,22년 1월이 벌써 반이 넘게 지나가 버리고 설날이 다가오네요. 어차피 먹는 나이 맛있는 떡국이랑 같이 먹으면 좋겠죠,https://recipe1.ezmember.co.kr/cache/recipe/2022/01/21/dbaf794940af452f1ebf43c9fe4b171c1.jpg?w=1000,아무나,1인분,15분 이내,,,,
3919318,https://www.10000recipe.com/recipe/3919318,달콤 씁쓸 고소한 모카호두머핀,향긋한 모카향과 호두의 씹히는 맛이 좋은 모카호두머핀입니다.,https://recipe1.ezmember.co.kr/cache/recipe/2015/06/26/51fb849b19bc5b2c2a8de024f258b6a0.jpg,초급,4인분,60분 이내,,,,
7070232,https://www.10000recipe.com/recipe/7070232,아이반찬 닭안심파프리카볶음,부드러운 닭안심 아이반찬으로 맵지않게 볶볶합니다,https://recipe1.ezmember.co.kr/cache/recipe/2026/01/20/67e618dc660f9a37faa19974ad5de47d1.jpg,아무나,2인분,10분 이내,,,,
6899874,https://www.10000recipe.com/recipe/6899874,업그레이드 삼겹살덮밥,지난번 삼겹살덮밥을 업그레이드. 계란노른자의 고소함과 고급짐을 더했어요~ 취향에 따라 깻잎채를 올리면 향이 굿~~,https://recipe1.ezmember.co.kr/cache/recipe/2018/11/10/4062272ccd376327e1c659cfccce43e31.jpg?w=1000,초급,2인분,15분 이내,,,,
6922045,https://www.10000recipe.com/recipe/6922045,#[면역력]아이밥 참치계란밥,갑자기 놀러온 조카들 집에 있는 재료라고는 참치캔과 계란 뿐! 아이들 입 맛 합격!! 후다닥 참치계란볶음밥 완성,https://recipe1.ezmember.co.kr/cache/recipe/2019/11/11/658dae7a4e38765322cb8d4cca3e68ae1.jpg?w=1000,초급,2인분,20분 이내,,,,
6932862,https://www.10000recipe.com/recipe/6932862,밍글 최애 반찬♥슈렉 색깔 시금치 커리 만들기♥,슈렉 색상의 건강한 시금치 커리를 만들어 보아요!! 익숙치 않은 진한 녹색에 먹기 말성여져도 한 숟가락 뜨고 나면 어느새 한그릇이 비어지는 마법이 일어나요:) 시금치를 편식하는 아이들에게도 안성맞춤이랍니다!,https://recipe1.ezmember.co.kr/cache/recipe/2020/05/18/11507d18b19cb3a4b1ec9dda2e662da61.jpg?w=1000,초급,4인분,20분 이내,,,,
7068636,https://www.10000recipe.com/recipe/7068636,209.가지밥•3(ft.비빔장) (2025.12.24),지인이 가을걷이한 여러 가지를 보내주셨네요. 끝물 가지도 있어요. 무농약 식재료라서 더욱 고맙네요. 오늘은 10개 넘는 가지를 몽땅 쓸 요리로 가지밥•3을 시작합니다.,https://recipe1.ezmember.co.kr/cache/recipe/2025/12/19/9a3ffe97bfe72d30a46c40ca9bb062931.jpg?w=1000,아무나,4인분,60분 이내,,,,
6887181,https://www.10000recipe.com/recipe/6887181,【돼지다짐육으로만든】새송이 떡갈비~,"보통 떡갈비는 소고기지만, 집에 돼지고기 다짐육 밖에 없어서 돼지고기로 만들어 봤어요~:-) 그치만~!!소고기 못지않게 완전 맛있어용~:-) 어른,아이할꺼 없이 누구나 좋아할 맛이에용^~^",https://recipe1.ezmember.co.kr/cache/recipe/2018/04/12/cb4c630fdb3c5055c1b8846cc451bf8d1.jpg?w=1000,아무나,2인분,30분 이내,,,,
6886390,https://www.10000recipe.com/recipe/6886390,김이 쫄깃쫄깃!? 얌무가 요즘 맨날 먹는 김 장아찌 만들기,안녕하세요 여러분! 오늘은 제가 요즘 맨날 먹는 김 장아찌를 소개해 드리려고 합니다. 김장아찌는 아시는 분들도 계시고 모르시는 분들도 계실 텐데요~ 저는 예전에 명절에 큰집에 가서 처음 먹어보고 신세계를 맛보았죠... ('아니 이건... 김이 쫄깃쫄깃 짭짤한 게 밥도둑이구만...?') 김장아찌의 레시피는 집집마다 다른데요~ 저의 레시피는 예전 양파 장아찌 레시피처럼 기존 레시피들보다 간장의 양을 많이 줄여서 짜지 않으면서 맛있게 즐기실 수 있어요 :D,https://recipe1.ezmember.co.kr/cache/recipe/2018/03/30/c4413503f9cedf8704f41fd4706a776c1.jpg?w=1000,아무나,6인분 이상,5분 이내,,,,
7019490,https://www.10000recipe.com/recipe/7019490,고기 먹을 때 곁들이면 찰떡궁합! 미나리사과무침,고기와 곁들이면 찰떡궁합인 반찬 새콤달콤매콤해서 입맛을 돋우는 미나리사과무침 미나리와 쪽파를 먹기 좋게 자르고 채썬 사과와 양념을 버무려주면 끝 고기 먹고 미나리사과무침 한입이면 기름이 싸악 사라지는 느낌!,https://recipe1.ezmember.co.kr/cache/recipe/2024/02/06/376e9b89ead012e2309477803b0f6efa1.jpg?w=1000,아무나,4인분,15분 이내,,,,
6859648,https://www.10000recipe.com/recipe/6859648,고구마치즈스틱 - 남은 만두피로 만들었어요 #아이간식,만두피로 만든 고구마치즈스틱!,https://recipe1.ezmember.co.kr/cache/recipe/2016/11/01/6f1ea899acdc656d3fcd31c28fe45bf41.jpg,아무나,2인분,30분 이내,,,,
7048648,https://www.10000recipe.com/recipe/7048648,새콤한 부추무침 레시피^^,고기에 곁들여먹으면 끝장나는 새콤한 부추무침 만들어볼게요,https://recipe1.ezmember.co.kr/cache/recipe/2025/03/27/4a6e4951a1b41652f2bb2cd46b8b59da1.jpg?w=1000,아무나,2인분,10분 이내,,,,
7010976,https://www.10000recipe.com/recipe/7010976,새송이버섯소고기볶음 끼니마다 가족들이 이것만 찾아요~ ‼️,새송이버섯과 소고기를 볶아보세요~! 정말 맛있습니다 ^^,https://recipe1.ezmember.co.kr/cache/recipe/2023/10/04/5461e570361e2a662f7ea5abb73e96c01.jpg?w=1000,아무나,3인분,15분 이내,,,,
6832421,https://www.10000recipe.com/recipe/6832421,무한도전 정준하또띠아 정또띠 만들기,"간단한 아침식사, 브런치, 간식으로 딱인 무한도전 정준하 또띠아 정또띠랍니다.",https://recipe1.ezmember.co.kr/cache/recipe/2015/08/21/549d51f39b560872b14134f90a1854d51.jpg,아무나,1인분,15분 이내,,,,
6835653,https://www.10000recipe.com/recipe/6835653,양송이 치즈구이,동글 동글 귀여운 애피타이져예요 간식이나 와인 안주 및 손님 초대요리로도 좋아요,https://recipe1.ezmember.co.kr/cache/recipe/2015/10/05/6bf3d7bef8b12fbfc7972cb4a8cebcfc1.jpg,초급,2인분,30분 이내,,,,
6873390,https://www.10000recipe.com/recipe/6873390,엥 이거 완전 꿀조합 아니냐.. 오레오 치즈케이크 만들기!,오레오+크림치즈 꿀조합..♡ 오레오 치즈케이크 만들기!,https://recipe1.ezmember.co.kr/cache/recipe/2017/07/25/c5f49dfaeef1cf94651d7eef222cb5b71.png,아무나,6인분 이상,5분 이내,,,,
7004853,https://www.10000recipe.com/recipe/7004853,순두부장 만들기,순두부가 많아서 간단하게 만들어 먹을수 있는 순두부장을 만들었는데 너무 맛있어서 떨어지지 않고 만들어 놓는 반찬이 되었다. 여름에 불 안쓰고 만드는 요리~누구나 간단하고 손쉽게 만들수 있다.,https://recipe1.ezmember.co.kr/cache/recipe/2023/06/27/043a870345271e7cf38a7e30608aa8391.jpg?w=1000,초급,6인분 이상,10분 이내,,,,
7070983,https://www.10000recipe.com/recipe/7070983,윤기 좔좔 흐르는 단짠단짠 볼어묵조림,아이들 밑반찬이나 도시락 반찬으로 가장 만만한 게 바로 어묵이죠. 오늘은 흔한 사각 어묵 대신 식감이 탱글탱글한 볼어묵을 활용했습니다. 박 실장의 노하우인 '데치기'와 '양념 타이밍'으로 겉돌지 않고 속까지 간이 쏙 배는 조림을 만들어보세요. 복잡한 과정 없이 후다닥 볶아내도 윤기가 좌르르 흘러 식탁이 풍성해집니다.,https://recipe1.ezmember.co.kr/cache/recipe/2026/02/03/7807bccfbf31f18b0c6d40c7c6b7e0111.jpg,아무나,2인분,15분 이내,,,,
6829888,https://www.10000recipe.com/recipe/6829888,허니맥나잇 만들기,꿀호떡으로 만든 허니버터맥나잇 입니다. 아주 간편하게 만든 간식이예요.,https://recipe1.ezmember.co.kr/cache/recipe/2015/07/10/985f8a912e1a830ee3c79989f77698121.jpg,,아무나,,,,,
6944355,https://www.10000recipe.com/recipe/6944355,간단한 메뉴 참치두부조림,두부조림,https://recipe1.ezmember.co.kr/cache/recipe/2020/10/16/09b4903407ac0216dfe99b364d97e67e1.jpg,아무나,2인분,60분 이내,,,,
6973706,https://www.10000recipe.com/recipe/6973706,들깨가루 무청시래기나물,구수하고 감칠맛 나는 무청시래기 요리 들깨가루 무청시래기나물을 만들었어요^^ 시중에 파는 삶은 무청으로 손쉽게 만들수 있답니다 ^^,https://recipe1.ezmember.co.kr/cache/recipe/2022/01/29/ada84a01593d70c385419632f7e553da1.jpg,아무나,3인분,60분 이내,,,,
6911447,https://www.10000recipe.com/recipe/6911447,삼색덮밥,덮밥,https://recipe1.ezmember.co.kr/cache/recipe/2019/05/01/50e027fee421e0d728294e9988e807561.jpg,아무나,2인분,60분 이내,,,,
6923736,https://www.10000recipe.com/recipe/6923736,맛보장~ 간장진미채~정~~말 간단한 재료와레시피~^^,재료도 만드는 과정도 너무나 간단하지만 맛은 최고~ 간장진미채에요~^^ 넘 들어가는 양념이 없다-맛없다? 그런 편견은 넣어둬~넣어둬~ 맛보장!,https://recipe1.ezmember.co.kr/cache/recipe/2019/12/18/84a981b985cc534783a44ec49f1dbb5e1.jpg?w=1000,초급,3인분,10분 이내,,,,
6887619,https://www.10000recipe.com/recipe/6887619,맥주 안주 끝판왕. 대존맛 스팸 맛탕 만들기,처음 만들어 본 새로운 요리 영상입니다. 부족한 점이 많지만 앞으로 더 배워가면서 멋지게 만들어 볼게요!,https://recipe1.ezmember.co.kr/cache/recipe/2018/04/20/2898be7836dd17d297dcea32f20c2c5a1.jpg?w=1000,아무나,1인분,5분 이내,,,,
6901889,https://www.10000recipe.com/recipe/6901889,카레주먹밥 ♥ 동글동글 귀여워,동글동글 귀여운 주먹밥! 하지만 그냥 그런 주먹밥이 아니라구욧! 카레향이 솔~솔~♡ 군침돌게하는 카레주먹밥! 세상의 모든 레시피 만개의레시피,https://recipe1.ezmember.co.kr/cache/recipe/2018/12/13/b7a8dc13463fcdfd3683834c02471ab51.png?w=1000,아무나,1인분,10분 이내,,,,
7067620,https://www.10000recipe.com/recipe/7067620,너무 맛있어서 몇번을 만들었는지 매콤한 라볶이,안녕하세요 김진옥입니다. 얼마전 우연히 만들어본 매콤한 라볶이~~ 집에 손님이 왔는데요 너무 맛있다고 하셔서 몇번을 만들었는지 모릅니다. 제가 요즘 항암치료때문에 맵고 자극적인것을 못먹어서요.. 저는 양배추와 떡만 조금 먹었는데요..정말 맛있더라고요!!! 라면스프만 기호에 따라 조절해서 넣으시면 맛있게 성공하실겁니다.,https://recipe1.ezmember.co.kr/cache/recipe/2025/12/04/eaa9e084419491112e64c8974fb4dc721.png,아무나,2인분,10분 이내,,,,
6831912,https://www.10000recipe.com/recipe/6831912,고소한 두부쌈장으로 양배추쌈 싸먹기,더운날 이것저것 차리고 요리하기도 힘든데 삶은 양배추에 고소한 두부쌈장 하나면 열반찬 부럽지 않아요,https://recipe1.ezmember.co.kr/cache/recipe/2015/08/13/cedc24e587f8c8ce164e68993d8913cc1.jpg,초급,4인분,30분 이내,,,,
6875326,https://www.10000recipe.com/recipe/6875326,영화속요리 2탄 줄리앤줄리아 토마토부르스케타,"안녕하세요 포레스트키친 이에요! 이번에 도전해본 영화속요리는 영화 줄리앤줄리아에 나온 ""토마토 부르스케타"" 에요. 일단 집에서 간단한 재료로도 만들기 쉽고 집들이 핑거푸드로 괜찮아요. 맛은 너무 맛있어서 영상에서 먹은양 이외에 더 만들어서 먹었어요. 식감은 바삭하면서도 촉촉하고 맛은 약간 피자빵 비슷한 맛이 나는데 훨씬 맛있었어요 다음 영화속 요리는 뭘까요~? 힌트는 영화 ""아메리칸 셰프"" 입니다 영상레시피도 많이 참고해주세요!",https://recipe1.ezmember.co.kr/cache/recipe/2017/08/24/b65e7d06f081bb9a5e313b84321ffa2f1.jpg?w=1000,아무나,2인분,30분 이내,,,,
6835493,https://www.10000recipe.com/recipe/6835493,닭가슴살계란덮밥 반찬없이도 맛있는 한그릇메뉴!,"돼지,소고기보다 닭고기를 더 좋아하는 신랑과 아이들 덕에 집 냉동실에 닭고기가 항상 준비되어 있는데요. 기름기가 적은 닭가슴살로 맛있는 덮밥을 만들었답니다. 반찬없이도 진짜 맛있게 한그릇 뚝딱할 수 있는 한그릇메뉴라서 더 좋아요!",https://recipe1.ezmember.co.kr/cache/recipe/2015/10/03/d4ba5a817816688e34e4e5a4d6e3e38c1.jpg?w=1000,초급,2인분,30분 이내,,,,
6948138,https://www.10000recipe.com/recipe/6948138,닭가슴살 고구마볶음 만들기,"작심삼일로 항상 끝나는 다이어트!! 자꾸만 춥다고 움추리면서 옷으로 가리고다니는 요즘,식탁에서부터 방법을 찾아보아요~~^^",https://recipe1.ezmember.co.kr/cache/recipe/2020/12/11/14ae0a311008a7bb7e6237011b48a4931.jpg?w=1000,아무나,3인분,30분 이내,,,,
7022766,https://www.10000recipe.com/recipe/7022766,명란으로 감칠맛 더한 다이어트 한 끼! 명란오이비빔밥,감칠맛 가득 명란에 두부와 오이를 가득 넣어서 만든 명란오이비빔밥! 오이와 두부가 들어가서 조금만 먹어도 포만감 가득! 만들기 간단하고 맛있어서 도시락 메뉴로 만들기도 좋아요.^^,https://recipe1.ezmember.co.kr/cache/recipe/2024/03/22/4b5b3f7bd5a11e0a35650c49596d0a8e1.jpg?w=1000,아무나,1인분,10분 이내,,,,
6922493,https://www.10000recipe.com/recipe/6922493,전자렌지 5분뚝딱 꿀맛간식 고구마에그슬럿 만들기,평소 찐고구마를 간식으로 즐겨 먹는데요.그냥 고구마도 맛있지만 계란과 치즈를 추가해주면 담백고소하니 더 맛있답니다^^,https://recipe1.ezmember.co.kr/cache/recipe/2019/11/21/c09206b86e7877c4a2a6f80894b039091.jpg,아무나,1인분,5분 이내,,,,
6884174,https://www.10000recipe.com/recipe/6884174,"톡톡 터지는 옥수수의 식감이 좋은 ""콘에그빵"" 만들기",추억의 계란빵! 콘옥수수가 들어가 더 맛있어요~!^^,https://recipe1.ezmember.co.kr/cache/recipe/2018/02/19/c7327c7b0771de51c93464d164dfea6e1.jpg,아무나,3인분,10분 이내,,,,
3874774,https://www.10000recipe.com/recipe/3874774,감자구이 오믈렛,이색적인 브런치 감자구이 오믈렛입니다.,https://recipe1.ezmember.co.kr/cache/recipe/2015/07/16/f3945edba6389b7ea52c388a9ed5d6a8.jpg,초급,2인분,15분 이내,,,,
6881447,https://www.10000recipe.com/recipe/6881447,"두부강정 ,두부반찬, 아이반찬",두부에서 마늘간장치킨맛이나요 ㅋㅋㅋㅋ 신블리mom야매요리답게 진정한 야매요리가 나왔어요 ㅋㅋㅋㅋㅋ,https://recipe1.ezmember.co.kr/cache/recipe/2017/12/27/18a87ab5ee7e4e1c6db949af8905e4451.jpg,아무나,2인분,10분 이내,,,,
6892107,https://www.10000recipe.com/recipe/6892107,동글동글 귀여운 문어모양 핫도그 만들기,동글동글 너무나 귀여운 문어모양 핫도그 래시피를 알려드릴까합니당♡♡♡ 만드는법도 간단한데 재료가 너무나 간단해서 더욱 좋은 레시피랍니당♡♡♡,https://recipe1.ezmember.co.kr/cache/recipe/2018/07/06/967c2c4ccd83e2a47fc46b0dc503091e1.jpg?w=1000,아무나,6인분 이상,30분 이내,,,,
6904806,https://www.10000recipe.com/recipe/6904806,10분이면 뚝딱! 밥보다 면이지~ 간장계란면:D,흔히들 간장계란밥으로 한끼 간편히 해결하시죠. 밥보다 면을 좋아하는 신랑을 위해 간장계란면으로 해봤어요:D,https://recipe1.ezmember.co.kr/cache/recipe/2019/01/19/68bd1946c8b68ed0829b040068e5ccf71.jpg,아무나,1인분,10분 이내,,,,
6907137,https://www.10000recipe.com/recipe/6907137,초간단 간식 꿀떡볶이!아이들 간식으로도 굿!,평소 매운 떡볶이를 정말 좋아하지만 가끔은 맵지 않은 떡볶이가 땡길때도 있더라구요. 오늘 소개할 꿀떡볶이는 맵지 않으면서도 넘 맛있어서 아이들 간식으로도 제격이에요,https://recipe1.ezmember.co.kr/cache/recipe/2019/02/22/ee9aac35a5b2ca6a9e6c6ae418efd0181.jpg,아무나,1인분,10분 이내,,,,
6918852,https://www.10000recipe.com/recipe/6918852,바사삭 바사락 먹는데 혼자 ASMR 인줄 ★ 식빵팝콘,에어프라이어로 튀겨 더욱 바사삭해 ★ 오늘 간식 너로 정햇어 ★ 세상의 모든 레시피 만개의레시피,https://recipe1.ezmember.co.kr/cache/recipe/2019/09/06/89cf9ba08969ce34f978ad9f1afe89bb1.jpg?w=1000,아무나,6인분 이상,15분 이내,,,,
7000243,https://www.10000recipe.com/recipe/7000243,참치쌈장 양배추쌈 이렇게드셔보세요~ 다이어트음식으로 좋아요,양배추와 두부 건강에도 좋고 다이어트에도 좋은 식재료이죠~ 양배추 두부 이렇게 먹으니 포만감도 좋고 탄수화물 섭취까지 줄일 수 있어서 다이어트 하시는 분들에게 도움이 되실것 같네요 ^^,https://recipe1.ezmember.co.kr/cache/recipe/2023/04/07/fc36852c30936e2cdb1a9a3d3e2c6e7c1.jpg?w=1000,아무나,3인분,20분 이내,,,,
6893882,https://www.10000recipe.com/recipe/6893882,간단 하지만 맛있는 베이컨 당면 덮밥,아침을 준비할 특별한 재료가 없네요.냉장고 안에 불린 당면이 한줌있길래 베이컨이랑 볶아봤습니다. 기대 이상입니다.ㅎ,https://recipe1.ezmember.co.kr/cache/recipe/2018/08/09/23330d18de787dff6f31dfe374ada8f61.jpg?w=1000,아무나,2인분,15분 이내,,,,
6911288,https://www.10000recipe.com/recipe/6911288,칵테일새우 무우 두부국,아가들 이유식에도 좋은 칵테일 새우 무우국입니다,https://recipe1.ezmember.co.kr/cache/recipe/2019/04/11/1cee67e2f7dc3c2eb418b874cae6fec21.jpg?w=1000,아무나,4인분,30분 이내,,,,
6865281,https://www.10000recipe.com/recipe/6865281,매콤달콤 깐풍만두 만들기- 식상한 만두요리는 가라!,집에서 혼밥만큼이나 혼술도 자주하는 편이에요 혼술도 외롭지 않게! 입이 즐거운 안주 소개해볼게요 맥주가 절로 들어갈거에요,https://recipe1.ezmember.co.kr/cache/recipe/2017/02/14/574379a2f67c1e420750953a13f5964c1.jpg,중급,1인분,30분 이내,,,,
6867023,https://www.10000recipe.com/recipe/6867023,외국 불로그에서도 대박난 특별한 맛의 중국요리 동파육.,"미국 최대 불로그인 ""미씨USA""에 올려 대박난 레시피입니다. 차근차근 따라하면서 완성하고 나면 이런맛 처음이야~~할겁니다.",https://recipe1.ezmember.co.kr/cache/recipe/2017/03/17/5555cd2751c3676f5507f60b2a3d10141.jpg,중급,4인분,90분 이내,,,,
6914420,https://www.10000recipe.com/recipe/6914420,묵은지 베이컨 밥 말이,오늘 아침은 묵은지 베이컨 말이를 해봤습니다. 베이컨의 살짝 느끼함을 묵은지가 잡아줘서 고소하고 아삭하고 맛있습니다. 한끼식사로도 충분합니다 아이들 간식으로도 좋고 도시락으로도 좋을것 같습니다.,https://recipe1.ezmember.co.kr/cache/recipe/2019/06/21/eca2f2ba6af1b39f9c997be2db5b5dee1.jpg?w=1000,아무나,1인분,15분 이내,,,,
6875013,https://www.10000recipe.com/recipe/6875013,옥수수참치전. 간단한 아이반찬,캔옥수수를 사면 애매하게 남을 때가 있어요. 그때 참치와 함께 맛있는 옥수수참치전을 만들 수 있답니다. 피망이나 고추를 넣어서 느끼함을 잡아주세요 : ),https://recipe1.ezmember.co.kr/cache/recipe/2017/08/20/d909a1586f1967596ec1593f047e99211.jpg?w=1000,아무나,4인분,15분 이내,,,,
6906436,https://www.10000recipe.com/recipe/6906436,브로콜리 새우 볶음,"냉동실에 보관중인 자숙새우에 브로콜리를 넣고 브로콜리 새우볶음을 만들어 봤습니다.브로콜리 식감이 아삭하고, 고소하고 맛있습니다. 반찬으로도 좋지만 술안주 또는 도시락,손님상 차림으로도 좋습니다.",https://recipe1.ezmember.co.kr/cache/recipe/2019/02/11/c4c9886abe437d24a065dc8bbabe6a1c1.jpg?w=1000,아무나,2인분,15분 이내,,,,
6932769,https://www.10000recipe.com/recipe/6932769,"일본식 우엉,당근 볶음 '킨피라'","재료도 조리과정도 간단 하지만 밥반찬으로 어른 아이 모두 좋아 하는 우엉,당근 볶음이에요. 일본에서는 킨피라라고 하더라구요~ 밥반찬으로 또는 김밥재료로도 아주 잘 어울립니다^^",https://recipe1.ezmember.co.kr/cache/recipe/2020/05/16/7b6b434d96aa6fd8136bd27096278c1c1.jpg?w=1000,초급,3인분,30분 이내,,,,
6857141,https://www.10000recipe.com/recipe/6857141,[간단 자취요리] 달달짭짤~ 부타동 만들기,안녕하세요 여러분들~!! 추석 명절연휴 다들 알차게 보내고 계신가요 :) 오늘은 부타동을 만들어봤습니다 ! 규동(소고기덮밥)은 많이들 들어보셨을텐데 부타동은 아무래도 생소하신 분들도 계시죠? 달달짭짤하고 계란노른자까지 어우러져서 고소하기까지해요! 그럼 지금부터 함께 레시피 알아봅시닷!,https://recipe1.ezmember.co.kr/cache/recipe/2016/09/19/ccd5b964020db1249156d557a87fdd7d1.jpg?w=1000,초급,1인분,30분 이내,,,,
6994253,https://www.10000recipe.com/recipe/6994253,KFC도 울고갈 코울슬로 연말파티 사이드 메뉴로 최고,햄버거나 치킨을 먹으면 큰 아빠 숟가락으로 아낌없이 팍팍 퍼먹고 싶은 코울슬로! 연말파티 사이드 메뉴로도 최고의 메뉴예요 KFC에서 먹는 것과 정말 똑 닮았어요,https://recipe1.ezmember.co.kr/cache/recipe/2022/12/27/88b8f8eaedbd0d3465d1e719d345c51f1.jpg?w=1000,아무나,6인분 이상,15분 이내,,,,
6965695,https://www.10000recipe.com/recipe/6965695,[무드앤쿡#.73] 연어 시리즈 4편 : 고소한 크림 소스에 빵을 푹 찍어 먹으면 GOOD! <연어크림스튜>,고소한 크림소스와 연어가 너무 잘 어울리는 스튜랍니다! 근사한 비주얼 덕분에 손님용 요리로도 좋아요 :) * 이 레시피는 2020년 10월 식품의약품안전처 sns 요리 컨텐츠로 제공한 레시피입니다 *,https://recipe1.ezmember.co.kr/cache/recipe/2021/09/17/eaa00ae083c1a66260b59278cdd051b21.jpg?w=1000,초급,1인분,60분 이내,,,,
6949720,https://www.10000recipe.com/recipe/6949720,분식집 그 맛! 떡꼬치 만들기,쉽고 간단하게 만드는 떡꼬치 진짜 맛있어요~,https://recipe1.ezmember.co.kr/cache/recipe/2020/12/31/b36edce8009816b75e41b96a625c7a311.jpg,아무나,1인분,10분 이내,,,,
6890181,https://www.10000recipe.com/recipe/6890181,<노오븐> 톡톡 깨먹는 재미 달달한 크림브륄레 만들기!!!,설탕을 톡톡 깨뜨려먹는 재미가있는 크림브륄레 라는 디저트를 노오븐으로 만들어보려고 왔습니당♡♡♡ 커스터드 푸딩같지만 먹는방식이 다르고 맛또한 다르답니당~~~!!!,https://recipe1.ezmember.co.kr/cache/recipe/2018/06/04/4d5b9a92d015e94714efcd31b3ea153e1.jpg?w=1000,중급,3인분,30분 이내,,,,
6902022,https://www.10000recipe.com/recipe/6902022,"냉장고에 흔히 사다놓는 건강 식재료로 뚝딱 한그릇 음식, 청경채 양송이 부추 덮밥",장보러 가면 그냥 목적없이 사게되는 식재료들이 있죠. 그저 자주 쓰이는 기본 재료들도 있지만 세일을 하거나 그냥 왠지 필요할 것 같아서 집어드는 것들이 있는데 그런 재료들로 한끼 간단히 먹을 수 있는 덮밥을 만들어봤어요.,https://recipe1.ezmember.co.kr/cache/recipe/2018/12/15/c1a9995d8e3bfcb39046d29d81d2ae9e1.jpg?w=1000,초급,2인분,15분 이내,,,,
6882634,https://www.10000recipe.com/recipe/6882634,【맛있는 다이어트】초간단으로 닭가슴살 냉채 만들기~♥,다이어트 음식도 맛이 있을수 있죠^~^! 완전 쉽고 과정에 비해 맛도 좋아용^~^ 초간단으로 후다닥 만들어 보아요~:-),https://recipe1.ezmember.co.kr/cache/recipe/2018/01/21/92332ad10977a71a63e4f5346c8e92bd1.jpg?w=1000,아무나,3인분,15분 이내,,,,
4088595,https://www.10000recipe.com/recipe/4088595,두부 강정,매콤달콤하고 바삭바삭한 두부 강정입니다.,https://recipe1.ezmember.co.kr/cache/recipe/2015/08/05/2541e1b93570a146ce872365b353cfcf1.jpg,초급,2인분,30분 이내,,,,
7071692,https://www.10000recipe.com/recipe/7071692,된장술밥 레시피 고기집 된장찌개 만드는 법,"오늘은 고깃집에서 나오는 메뉴~ 녹진한 된장찌개에 밥이 말아서 나오는 된장술밥 레시피 올려볼게요! 찬밥 해결하기도 좋고 10분이면 휘리릭 만들 수 있는 레시피라 바쁜 아침이나, 퇴근하고 와서 저녁에 간단하게 끓여 드시기 좋아요. ​",https://recipe1.ezmember.co.kr/cache/recipe/2026/02/16/580ac4d54c46ca0340b0e388fb53a5ae1.jpg,초급,2인분,30분 이내,,,,
6859800,https://www.10000recipe.com/recipe/6859800,"간단하게 해먹는 간식 휴게소감자, 버터구이감자",휴게소에만 가면 놓치지 않고 챙겨먹는 휴게소감자 버터구이감자입니다 ㅋㅋ,https://recipe1.ezmember.co.kr/cache/recipe/2016/11/03/8e424bf0c76ede2466c264d630c1c97f1.jpg,초급,2인분,15분 이내,,,,
6878619,https://www.10000recipe.com/recipe/6878619,예쁜 오징어요리 오징어 쪽파강회,"눈으로 보기에도 예쁘지만 맛도 정말 좋은 #오징어요리 하나 소개할게요. 오징어 한 마리를 데쳐 몸통은 숙회로, 다리는 쪽파를 돌돌 감아 오징어 쪽파강회로 만들어봤어요. 늘 볶음이나 국으로 만들어 먹었다면 색다른 오징어 요리 도전해보세요^^",https://recipe1.ezmember.co.kr/cache/recipe/2017/10/26/9bf4829c60f30e3fc0b8144d5c9b05d11.jpg,중급,2인분,30분 이내,,,,
6922919,https://www.10000recipe.com/recipe/6922919,아이가 좋아하는 초간단 반찬 간장두부조림 w.초록마을 국산콩으로 만든 부침이두부,딸아이들 좋아하는 반찬 #간장두부조림 을 만들었어요. 간장 #두부조림 은 소자매 최애 메뉴예요. 단짠의 양념장과 고소한 두부의 만남^^,https://recipe1.ezmember.co.kr/cache/recipe/2019/12/02/24d903905e61bb883a9047f8d86bae611.jpg,아무나,4인분,20분 이내,,,,
6868911,https://www.10000recipe.com/recipe/6868911,겨자 한 스푼으로 느끼함 잡아주는 오이맛살마요무침~,새콤달콤고소한맛~ 샐러드김밥 재료로도 그만인 오이맛살마요무침 만들어볼까요? 맛살대신 크래미로 하면 훨씬 맛있어요^^,https://recipe1.ezmember.co.kr/cache/recipe/2017/04/24/16e0cf6b33c5bf65dc14c95e7b2c63cf1.jpg?w=1000,아무나,2인분,15분 이내,,,,
7074801,https://www.10000recipe.com/recipe/7074801,동글동글 귀여운 메추리알 장조림 만드는법 초간단 레시피,동글동글 귀여운 무적의 밥반찬 메추리알장조림 초간단 레시피 알려드립니다,https://recipe1.ezmember.co.kr/cache/recipe/2026/04/13/f42064e98126cb7bd7bb9d5452d37c501.jpg,아무나,4인분,30분 이내,,,,
6973134,https://www.10000recipe.com/recipe/6973134,이번 주말 브런치는 치즈 듬-뿍 품은 고구마채전으로 뫼실게요~,오늘은 달달한 고구마와 입안 가득히 퍼지는 치즈의 풍미를 함께 살린 치즈 고구마채전을 만들어 보겠습니다. :),https://recipe1.ezmember.co.kr/cache/recipe/2022/01/18/e432692f6fd5f07ac26912296a81d8c71.jpg?w=1000,아무나,3인분,30분 이내,,,,
6862948,https://www.10000recipe.com/recipe/6862948,"[간단 자취요리] 정말 쉬운 비빔만두 만들기! 간식, 술안주로도 굿!","안녕하세요 여러분! 오늘의 간단 자취요리는 바로 비빔만두입니다 :) 비빔만두는 누구나 좋아하지만 만들기는 쉽고, 또 맛있죠! 물론 양념장은 만드는 사람에 따라 복잡해질수도 있지만, 양념종류를 최소화하면서 맛있게 드실 수 있도록 만들어봤어요 :) 드실때 모두 비벼드셔도 좋고 저처럼 얹어서 드셔도 좋은데요! 개인적으로 만두의 바삭함을 끝까지 느끼고싶다면 얹어서 드시길 추천드려요 ㅎㅎ",https://recipe1.ezmember.co.kr/cache/recipe/2016/12/21/1a97378ec8975b84420179b10c8876961.jpg?w=1000,아무나,2인분,15분 이내,,,,
6916403,https://www.10000recipe.com/recipe/6916403,밥에 쓱싹 비벼 먹는 참치 양념장,"제가 참치를 정말 좋아하거든요! 특히 참치 활용한 요리를 정말 좋아하는데, 고추참치나, 양념 참치는 많은데 일반 참치로 맛있게 집에서 해먹을 수 있는 요리를 생각하다가 만든 요리입니다!!",https://recipe1.ezmember.co.kr/cache/recipe/2019/07/24/2760629affe8d7fa9a8419e898f07c3a1.jpg?w=1000,아무나,1인분,15분 이내,,,,
6945267,https://www.10000recipe.com/recipe/6945267,여러가지 매력을 가진 치즈감자호떡,겉은 바삭 속은 쫀득 보들보들 감자전을 먹는 듯한 느낌의 겁나게 맛있는 맛!,https://recipe1.ezmember.co.kr/cache/recipe/2020/10/29/89b11b0ce7f7e177f3f449546dc4edc11.jpg,초급,2인분,30분 이내,,,,
7054093,https://www.10000recipe.com/recipe/7054093,땅콩버터 두부쉐이크,"아침을 챙겨 먹는 건 정말 힘든 일이에요! 바쁜 아침에 간단하게 뭘 먹을 수 있을까요? 오늘은 고~소한 땅콩버터가 들어간 땅콩버터 두부쉐이크를 알려드릴게요. 바나나, 두부, 땅콩버터가 들어가 영양은 물론 아침에 속까지 든든하게 만들어줘요.",https://recipe1.ezmember.co.kr/cache/recipe/2025/05/30/07e45e1c2df51a720a181c39e0df99d31.jpg?w=1000,아무나,2인분,15분 이내,,,,
6883479,https://www.10000recipe.com/recipe/6883479,일본 두부튀김 아게다시도후 홈파티음식,일본 두부튀김 아게다시도후 홈파티음식 딸아이 생일에 두부를 튀겨서 아게다도후를 간단하게 만들어 주니 가족들 모두 너무 좋아한다 생각해 보니 홈파티 요리로도 꽤 좋을 듯싶은 메뉴다 그래서 두부 한 모 더 사다가 또 만들어 주었다,https://recipe1.ezmember.co.kr/cache/recipe/2018/02/06/5f6c172bfcf59ae08e1cce6b8ed6068a1.jpg,중급,3인분,30분 이내,,,,
6951679,https://www.10000recipe.com/recipe/6951679,"양념하나로 구운가지, 구운호박무침","밥 한술떠서 올려먹으면 꿀맛~구운가지,구운호박무침 밥도둑반찬이에요!!",https://recipe1.ezmember.co.kr/cache/recipe/2021/01/21/9810cfe3007b35eddcf58747765db4121.jpg?w=1000,초급,2인분,60분 이내,,,,
6991429,https://www.10000recipe.com/recipe/6991429,밥 두그릇 순삭하는 맛 소시지볶음장 만들기,"소시지가 대용량으로도 많이 팔고 가성비도 좋아서 늘 냉장고에 사두는데요. 양이 많은건 좋은데 생각보다 쉽게 상하더라고요. 매번 구워먹는건 조금 질리고 했고요. 그래서 어떻게 하면 좋을까 생각하다가 볶아서 밥에 비벼 먹었는데 대박, 오랜만에 밥 두그릇 먹게 만든 소시지볶음장 만들기입니다. 꼭 밥이 아니어도 다양하게 활용할 수 있어요.",https://recipe1.ezmember.co.kr/cache/recipe/2022/11/09/5c0d690110fcd0b52e2a9bbec80537531.jpg?w=1000,아무나,5인분,30분 이내,,,,
7020998,https://www.10000recipe.com/recipe/7020998,골뱅이볶음덮밥,골뱅이로는 골뱅이 소면으로만 먹었는데 골뱅이무침을 해서 냉장고에 넣어 두었다가 입맛 없을때 밥과 함께 덮밥으로 먹으면 꿀맛인 골뱅이볶음덮밥을 소개합니다.,https://recipe1.ezmember.co.kr/cache/recipe/2024/02/28/1f64c7fa64e8047c6cfdee33250a27241.jpg?w=1000,초급,2인분,30분 이내,,,,
6882107,https://www.10000recipe.com/recipe/6882107,데리야키 닭고기 구이,"이이지마 나미의 내일의 도시락에서 첫번째 도시락 메뉴에요. 저는 좀 더 사용하기 편한 계량으로 만들어 봤어요. 인기만점 도시락 메뉴로 소개되는 만큼 국물이 흐르지 않고, 밥반찬으로도, 술안주로도 손색이 없어요!",https://recipe1.ezmember.co.kr/cache/recipe/2018/01/10/9ca4efb27a0f690a3f84413542aba07c1.jpg?w=1000,초급,3인분,30분 이내,,,,
6943361,https://www.10000recipe.com/recipe/6943361,(아가랑 함께 먹는) 고구마치즈호떡,"아가에게 먹일 조금 더 건강하고 영양가 있는 간식 뭐가 있을까 생각하다가 고구마, 아기치즈, 달걀노른자! 3가지로 '고구마치즈호떡'을 만들어 보았어요. *달걀은 노른자만 들어갔기 때문에 흰자 알러지가 있는 아가들도 걱정 없이 먹을 수 있어요.",https://recipe1.ezmember.co.kr/cache/recipe/2020/10/05/d1a79d510abecf7686591483a1c9ddf21.jpg,아무나,4인분,30분 이내,,,,
7073728,https://www.10000recipe.com/recipe/7073728,"다진 돼지고기 소보로 만들기 아이 아침 등교메뉴, 반찬없는 날","고기소보로는 달콤 짭조름한 간장 베이스의 고기반찬이라 안 좋아하는 아이들이 없죠?ㅎㅎㅎ 뚜아자매도 너무 좋아하는 반찬이라서 소고기 다짐육, 돼기고기 다짐육 번갈아 가면서 고기소보로 자주 만들어 주고 있어요. 아이들 취향 저격하는 맛인데다가, 만들기도 너무 간단해서 아침 등교 식단으로도 너무 좋답니다 하얀 밥에 돼지고기 간장볶음, 계란프라이, 참기름 또르르 올려서 후다닥 비벼 먹어도 좋고요, 깨소금, 참기름, 소금으로 밥에 밑간해서 주먹밥 스타일로 만들어주면 아침에 아이들이 너무 잘 먹어요. 반찬 없는 날, 아이 아침 메뉴로 꼭 만들어 보세요.",https://recipe1.ezmember.co.kr/cache/recipe/2026/03/27/2600f3ac0e9c539e5cbd20ff03a2f9f11.jpg,초급,4인분,20분 이내,,,,
6834667,https://www.10000recipe.com/recipe/6834667,매콤달콤 버섯떡강정 만들기 :),"겉이 바삭해진 떡과 매콤달콤 소스의 콜라보 , 표고버섯으로 맛과 영양을 더한 매콤달콤 버섯 떡강정 ♩",https://recipe1.ezmember.co.kr/cache/recipe/2015/09/18/3f49afb112fdc65f0661f82619fc8af11.jpg,초급,2인분,15분 이내,,,,
6955878,https://www.10000recipe.com/recipe/6955878,정성가득 파강회 만들기,쪽파로 예쁘게 파강회를 만들어봤어요. 어렵지 않은 음식인데 만들어 놓으니 모양이 예뻐서 손님초대 음식으로 좋을 것 같아요~,https://recipe1.ezmember.co.kr/cache/recipe/2021/03/27/7c5ab6564495510e0a0b95daafe8ce841.jpg?w=1000,아무나,4인분,60분 이내,,,,
7029684,https://www.10000recipe.com/recipe/7029684,바삭바삭하고 촉촉한 감자치즈전,감자가 맛있는 여름철 감자을 이용해 여러가지 요리을 하는데 비내리는날은 전 생각에 감자채전을 만들어 봤어요. 바삭하고 촉촉해서 계속 먹게되는매력이 있어요#,https://recipe1.ezmember.co.kr/cache/recipe/2024/06/27/112de705d5e45d53b1521071867cc9641.jpg?w=1000,아무나,2인분,30분 이내,,,,
6830560,https://www.10000recipe.com/recipe/6830560,다이어트 두부쌈장,다이어트에도 좋은 두부쌈장,https://recipe1.ezmember.co.kr/cache/recipe/2015/07/30/a042cf9695dd375fe86b3bd931fcb05b1.jpg,초급,1인분,15분 이내,,,,
6919791,https://www.10000recipe.com/recipe/6919791,"천기누설, 고혈압 완화에 좋은 숙주 들깨무침",주위에는 고혈압 환자가 많다. 얼마 전에 방송한 천기누설 고혈압 완화에 좋은 궁합인 들깨가루를 넣어 무쳐주면 좋다고 한다.,https://recipe1.ezmember.co.kr/cache/recipe/2019/09/28/751da1fff0c330f91275f062fc219d841.jpg,아무나,4인분,15분 이내,,,,
6879476,https://www.10000recipe.com/recipe/6879476,새우 아보카도 토스트(Shrimp Avocado Toast),요즘 토스트에 꽂혀 집에 있는 각종 재료를 넣고 다양한 시도를 해 보고 있다. 그중 우리가 극찬에 극찬을 하며 홀린 듯 먹어치운 토스트가 있었으니 바로 멕시칸 스타일의 #새우아보카도 #토스트 되시겠다!,https://recipe1.ezmember.co.kr/cache/recipe/2017/11/12/47ef3b66db612d520d21dfb6685a67211.jpg,초급,1인분,30분 이내,,,,
7074433,https://www.10000recipe.com/recipe/7074433,집에서 쉽게 만드는 부추야채전,냉장고에있는 야채들넣고 바삭하고 고소한 야채전만들기 밥반찬으로도 최고입니다,https://recipe1.ezmember.co.kr/cache/recipe/2026/04/08/ff01678fb24d5d399ab9fa49b23c1d181.jpg?w=1000,아무나,4인분,20분 이내,,,,
4042421,https://www.10000recipe.com/recipe/4042421,느타리버섯양념구이,느타리버섯과 갖은 양념으로 만든 매콤하고 쫄깃쫄깃한 반찬! 느타리버섯양념구이 소개합니다.,https://recipe1.ezmember.co.kr/cache/recipe/2015/05/26/26a4ef511cf888c2fc1b5177b7cb269f1.jpg,초급,3인분,30분 이내,,,,
6860267,https://www.10000recipe.com/recipe/6860267,[간단 자취요리] 미친 매운맛! 빨간오뎅 집에서 만들어 먹기! / Spicy fish cakes,"안녕하세요 여러분~ 오늘은 빨간오뎅을 만들어 봤어요! 빨간 어묵이 맞지만 상호명이기에 '빨간오뎅'이라고 표기할게요! 술안주로도 간식, 반찬으로도 너무 맛있는 음식입니다",https://recipe1.ezmember.co.kr/cache/recipe/2016/11/08/4b55327585e2e041530f515f8862352e1.jpg?w=1000,아무나,4인분,30분 이내,,,,
7072885,https://www.10000recipe.com/recipe/7072885,"애호박 새우젓국 맑은 깊은 맛, 두부 넣어 든든해요",맑은 국이라 맛이 깔끔하고 자극적이지 않아서 아침국으로도 좋은 애호박 두부 새우젓국,https://recipe1.ezmember.co.kr/cache/recipe/2026/03/11/2181faa56ed9fabb0a28f2cb74b8cdeb1.jpg,아무나,2인분,10분 이내,,,,
7074388,https://www.10000recipe.com/recipe/7074388,냉장고에 오이 있으면 꼭 이렇게 드세요! 파프리카랑 환상입니다,"오이가 맛있어지는 계절~! 파프리카와 함께 이렇게 드셔보세요! 상큼하고 아삭하니 식전반찬으로 가볍게 드시기도 좋고 다이어트, 식단관리 반찬으로도 딱입니다 ^^",https://recipe1.ezmember.co.kr/cache/recipe/2026/04/08/5fd52dea9ccb1475cc2a7e2689ffc76d1.jpg?w=1000,아무나,2인분,10분 이내,,,,
6929819,https://www.10000recipe.com/recipe/6929819,부산에서 유명하다는 달걀만두,달걀 만두는 부산에서 유명하다고 합니다.주위에 쉽게 구할수 있는 재료로 간단하고 맛있고 누구나 쉽게 요리 할수 있는 레시피입니다. 간식으로도 좋지만 밥 생각 없을때 식사대용으로도 좋습니다.,https://recipe1.ezmember.co.kr/cache/recipe/2020/04/02/f862795394714ba8253e88cb9d1b46a31.jpg?w=1000,아무나,2인분,15분 이내,,,,
6873941,https://www.10000recipe.com/recipe/6873941,【교촌치킨 따라잡기】,그냥 먹어도 굿~!! 맥주 안주로도 굿굿~!! 아이들 간식으로도 딱~!! 교촌치킨 만들기 어렵지 않아요 :-) 완전 핵꿀맛이에요ㅎㅎ,https://recipe1.ezmember.co.kr/cache/recipe/2017/08/02/89d07fe9c35b84d6b1dc319a0c703be11.jpg?w=1000,아무나,2인분,30분 이내,,,,
7000604,https://www.10000recipe.com/recipe/7000604,밑반찬으로 딱 <고추장메추리알장조림> : 어른이 입맛에 딱!!,메추리알장조림!하면 떠오르는건 간장에 졸인 밑반찬 일텐데요. 의외로 고추장소스로 만든 메추리알장조림도 무척이나 맛있답니다.,https://recipe1.ezmember.co.kr/cache/recipe/2023/04/13/a8f92a711f1dbdf95763d049a216b6cd1.jpg,초급,2인분,30분 이내,,,,
6912205,https://www.10000recipe.com/recipe/6912205,다이어트는 내일부터!!!! 내일 아침은 바로 이녀석 고구마에그슬럿 ★,영양과 맛까지 포기할수 읍서!!!!!,https://recipe1.ezmember.co.kr/cache/recipe/2019/05/13/ca4756c5528a6d82381e5a93a087dfdb1.jpg?w=1000,아무나,2인분,30분 이내,,,,
7075760,https://www.10000recipe.com/recipe/7075760,마늘종 새우볶음 레시피,봄 제철 반찬으로 딱 좋은 마늘종 새우볶음. 간단하지만 밥도둑 마트에 갔더니 벌써 햇마늘종이 나왔더라구요.,https://recipe1.ezmember.co.kr/cache/recipe/2026/05/06/92d28f3a69e084c9c70f5fcaf77f63021.jpg?w=1000,아무나,4인분,30분 이내,,,,
6947579,https://www.10000recipe.com/recipe/6947579,"볶음밥, 주먹밥 어디든 잘 어울리는 '만능 소고기볶음'","볶음밥에 넣어도 맛있고 김밥, 주먹밥에 넣으면 더 맛있는~ 만능 소고기볶음이랍니다^~^ 반찬을 만들때 넣어도 맛있더라구요! 정말 만능이에요~!!!",https://recipe1.ezmember.co.kr/cache/recipe/2020/11/25/9fe62ad66a18fc8e986e749bf42704f01.jpg,아무나,2인분,20분 이내,,,,
6968081,https://www.10000recipe.com/recipe/6968081,아빠 & 아이를 위한 고기완자,"아빠도 좋아하고, 아이들 먹이기에도 좋은 고기완자 레시피입니다^^ 소스가 달달해서 아이들에게 인기만점일거에요.",https://recipe1.ezmember.co.kr/cache/recipe/2021/11/03/aad6444adaa05c0a600b450b4bb122c41.jpg,초급,2인분,60분 이내,,,,
7031537,https://www.10000recipe.com/recipe/7031537,30년 대박집 건물세운 사장님::먹어본 국수 중 최고 물비빔국수 레시피,새콤달콤 무더운 여름에 입맛 당기는 레시피 입니다!,https://recipe1.ezmember.co.kr/cache/recipe/2024/07/31/952106b45907a0ae83d668768dbc35471.jpg?w=1000,초급,1인분,10분 이내,,,,
7066453,https://www.10000recipe.com/recipe/7066453,김장철 남은 묵은지로 만든 묵은지말이밥 반찬도 필요없는 간단한끼,안녕하세요 오늘은 김장철에 아직 처치곤란 묵은지가 있으시다면.. 묵은지로 개운하고 한끼 든든하게 채울 수 있는 묵은지말이밥을 만들어 보세요~ 마요참치대신 들깨를 넣어 고소하고 담백하게 맛있게 만들어 보세요~,https://recipe1.ezmember.co.kr/cache/recipe/2025/11/17/ec692db8b0aceb4b2a77fbeda79fc1d41.jpg?w=1000,아무나,2인분,15분 이내,,,,
6895797,https://www.10000recipe.com/recipe/6895797,"[영국주방] 달지 않고 촉촉한 맛, 크림치즈 컵케이크(Creamcheese Cupcakes)","아이들에게는 아몬드 밀크나 우유와 함께 곁들여 먹으면 좋고, 어른들은 아메리카노와 같은 커피와 먹어도 담백하고 부담스럽지 않게 즐길 수 있어요 :D",https://recipe1.ezmember.co.kr/cache/recipe/2018/09/13/bdcef7ba362b7fc3d9d7e78f3c1b8b721.jpg,아무나,6인분 이상,60분 이내,,,,
6909125,https://www.10000recipe.com/recipe/6909125,톡!쏘는맛이 중독적인 닭냉채 만드는법,닭가슴살과 갖은 채소들을 톡 쏘는 겨자소스에 버무렸어요~ 알싸함에 자꾸만 손이 가네요,https://recipe1.ezmember.co.kr/cache/recipe/2019/03/25/6d24acd991f314c6ebf7bb4865eabf231.jpg?w=1000,초급,3인분,15분 이내,,,,
7070377,https://www.10000recipe.com/recipe/7070377,"속 풀리는 얼큰 오징어무국 레시피, 해장으로 딱 좋은 국물","여러분~ 어제 분명 ""난 오늘 딱 기분 좋을 만큼만!""이라고 결심했죠? 근데 그 적당히라는 말이 세상에서 제일 지키기 힘든 거짓말이잖아요. 호호. 지금 머릿속 기억은 군데군데 퍼즐처럼 비어 있는데, 우리 몸은 어쩜 그렇게 정직한지! 속에서 살려줘~라고 아주 비명을 지르고 있네요. 이럴 땐 구구절절 설명도, 뒤늦은 후회도 다 사치예요. 그냥 나를 위한 확실한 처방전 하나면 끝나는 거죠. 냄비에 시원한 무 툭툭 썰어 넣고, 탱글탱글한 오징어 올려서 보글보글 끓여보세요. 이 빨간 국물이 딱 들어가는 순간, 정말 영혼까지 뜨끈하게 구원받는 기분이랄까?",https://recipe1.ezmember.co.kr/cache/recipe/2026/01/23/c78f01e3699c192bc7f9f0e20fddfa051.jpg,초급,4인분,30분 이내,,,,
6905993,https://www.10000recipe.com/recipe/6905993,스팸과 밥의 환상조화 스팸밥전 만들기(아이들이 좋아해요♡),스팸가운데를 잘라 속안에 밥을 넣어 전을 부쳐보았어요~!! 만드는법도 간단하고 너무 맛있어서 아이들 뿐만아니라 어른들도 좋아하는 인기메뉴랍니다♡♡♡ 스팸 속안에 밥을 넣어 부쳤더니 밥이 쫀득쫀득 찰기가 살아나더라구요♡♡♡ 아이들 도시락으로도 알록달록 너무 귀엽고 고소함이 너무 좋은 스팸밥전 다함께 만들어보세요~!!♡♡♡,https://recipe1.ezmember.co.kr/cache/recipe/2019/02/06/05c9c03d439c175f21ef6aa14a2124ff1.jpg?w=1000,초급,2인분,15분 이내,,,,
7060163,https://www.10000recipe.com/recipe/7060163,굴소스로 감칠맛 살린 초간단 어묵볶음밥~,굴소스 넣어서 감칠맛 살린 초간단 어묵볶음밥 을 소개합니다 ~,https://recipe1.ezmember.co.kr/cache/recipe/2025/08/11/a9ed69fd8d0955ada43b85ee111967661.jpg,아무나,1인분,10분 이내,,,,
6899048,https://www.10000recipe.com/recipe/6899048,"다이어트 요리, 기름기 쫙 뺀 대패삼겹살 채소 찜","다이어트 요리, 기름기 쫙 뺀 대패삼겹살 채소 찜 세월 갈수록 나잇살 때문에 늘 걱정입니다. 운동도 빠지지 않고 하고 있지만 먹는 것으로 조절하지 않으면 절대 다이어트가 되지 않는 것 같습니다. 대패삼겹살을 채소와 함께 찜을 만들어 먹었습니다.",https://recipe1.ezmember.co.kr/cache/recipe/2018/10/31/9e158178bf9f78a284e4120de7e7aaba1.jpg,초급,2인분,15분 이내,,,,
6990248,https://www.10000recipe.com/recipe/6990248,초간단 한그릇요리- 고소한 땅콩버터 볶음우동 만들기,5분이면 끝나는 초초간단한 요리! 유튜버 매일맛나 님을 참고해 땅콩버터를 넣고 휘리릭~~ 볶음우동을 만들어 보았어요.,https://recipe1.ezmember.co.kr/cache/recipe/2022/10/23/1e083939ee7442c3eb16684e02bef5c01.jpg,아무나,1인분,10분 이내,,,,
6962887,https://www.10000recipe.com/recipe/6962887,다이어트음식 닭가슴살 토마토 계란볶음 저탄고지식단,토마토 계란볶음에 닭가슴살을 잘게 다져 넣고 마늘 버터에 함께 볶아주었습니다. 촉촉한 토마토 계란볶음 속에 들어간 닭가슴살의 식감이 이렇게 좋을 수가 없네요. 퍽퍽함이 전혀 느껴지지 않습니다. 물론 잘게 다져 넣어 그렇겠지만 토마토 계란볶음과 닭가슴살이 잘 어울립니다. 든든한 다이어트 한 끼 식사로 충분하답니다.,https://recipe1.ezmember.co.kr/cache/recipe/2021/08/06/78224d6d4bed15d43a89a3129ab0c88b1.jpg,아무나,1인분,15분 이내,,,,
7016829,https://www.10000recipe.com/recipe/7016829,맥앤...고추장?,새해 아침에 일어났는데 뭔가 맥앤치즈가 떠오르더라구요? 근데 치즈를 하기가 싫어서 떡볶이를 해버렸습니다 괜찮은것 같아요 칼칼해서 맥치즈보다 맛있음,https://recipe1.ezmember.co.kr/cache/recipe/2024/01/01/8a7795ed70311f489dba26d135e41eef1.jpg?w=1000,아무나,1인분,15분 이내,,,,
1607382,https://www.10000recipe.com/recipe/1607382,사랑가득 하트 파이 쿠키,바삭하고 고소한 하트 파이 쿠키입니다.,https://recipe1.ezmember.co.kr/cache/recipe/2015/08/29/f87a4c2433b82f1f0ec46d9f14c900e6.jpg,중급,4인분,120분 이내,,,,
6887865,https://www.10000recipe.com/recipe/6887865,봄꽃 닮은 귀요미 애호박전/소시지 애호박전,"소시지와 애호박을 같이 한번에 먹을 수 있게 전으로 부쳐 보았어요~ 레시피도 간단한데 비주얼이 넘나 귀여워 보는 재미, 먹는 즐거움 모두 느낄 수 있는 귀요미 소시지 애호박전이랍니다^^ 검정깨 몇개 올린 소시지전은 벚꽃이나 진달래를 닮아 봄꽃 생각이 나더라구요ㅎㅎ",https://recipe1.ezmember.co.kr/cache/recipe/2018/04/26/8ab7481f41c79062c9b31997e855edf31.jpg,초급,3인분,30분 이내,,,,
7075200,https://www.10000recipe.com/recipe/7075200,등갈비 김치찜 실패없는 황금비율,얼큰하면서도 깊은 맛이 일품인 등갈비 김치찜 푹 익은 김치와 부드럽게 떨어지는 등갈비의 조합은 밥도둑 그 자체예요.,https://recipe1.ezmember.co.kr/cache/recipe/2026/04/23/ca9fcf7b3654b68d75f842231df03a1d1.jpg?w=1000,아무나,5인분,90분 이내,,,,
6924155,https://www.10000recipe.com/recipe/6924155,출출할때 필요한 꿀 떨어지는 허니윙 ★,허니콤보가 땡기는 날에 만들어 먹기 좋은 레시피 ★ 교촌치킨보다 더 달달하고 맛나다능 세상의 모든 레시피 만개의레시피,https://recipe1.ezmember.co.kr/cache/recipe/2019/12/26/558db2e1a2fee5350d9d64ed6d5b68fc1.jpg?w=1000,아무나,3인분,30분 이내,,,,
6902207,https://www.10000recipe.com/recipe/6902207,부타동 : 일본식 돼지고기 덮밥 간단한 점심 메뉴로 굿!,"부타동은 일본식 돼지고기 덮밥으로 부타는 일본어로 돼지를 뜻하고, 동은 밥을 뜻합니다. 일본식 소스로 돼지고기를 조려서 밥위에 올린 덮밥식 음식인데요.. 부타동은 주로 목살 부위를 사용하지만 저는 대패삼겹살을 이용해서 만들었습니다. 대패삼겹살은 양념 베이기가 더 쉽고, 조리시간을 줄일 수 있어서 사용했구요. 돼지고기는 다른 부위를 사용하셔도 상관없습니다.",https://recipe1.ezmember.co.kr/cache/recipe/2018/12/17/50be1cadb80ac917f3bb3ecd63c8ada31.jpg?w=1000,초급,1인분,30분 이내,,,,
6916782,https://www.10000recipe.com/recipe/6916782,매콤 소시지 달걀 치즈구이,소시지와 계란으로 아침반찬 만들어 봤습니다. 청양고추가 들어가 매콤하면서 고소하고 맛있습니다. 아침에 다른 반찬 없이 혼자 다 먹었답니다.,https://recipe1.ezmember.co.kr/cache/recipe/2019/07/31/4a7453c938b98d53c9737276853b7f341.jpg?w=1000,아무나,1인분,5분 이내,,,,
7072675,https://www.10000recipe.com/recipe/7072675,참치 계란말이 만들기 도톰하게 잘 말리는 방법,밥반찬으로 딱 좋은 참치 계란말이를 만들어봤어요. 고소한 참치와 채소를 함께 넣어 만들면 일반 계란말이보다 훨씬 든든한 맛이 납니다. 계란말이를 도톰하게 만드는 간단한 팁도 함께 정리했으니 집에서도 맛있게 한 번 만들어보세요.,https://recipe1.ezmember.co.kr/cache/recipe/2026/03/06/62e7aa6eced4944aa3e535975e43952d1.jpg,아무나,3인분,30분 이내,,,,
6909564,https://www.10000recipe.com/recipe/6909564,"봄 소풍,봄 나들이 플라워 계란프라이 도시락",플라워 계란 프라이 캐릭 도시락 눈도 입도 즐거운 도시락~이쥬~,https://recipe1.ezmember.co.kr/cache/recipe/2019/03/31/224003d4af2ea53901880436197b14681.jpg?w=1000,아무나,1인분,30분 이내,,,,
7073179,https://www.10000recipe.com/recipe/7073179,맑은 닭곰탕 만들기/국물요리/닭고기요리,어제 닭곰탕을 끓여보았어요오오옹*.* 환절기에 모두들 감기조심하세용 둘째딸이 국물러버라 잘 먹어주길 바라는 마음입니다^^,https://recipe1.ezmember.co.kr/cache/recipe/2026/03/17/ae68d90f3080f3fb96b0d874286b600b1.jpg,중급,5인분,90분 이내,,,,
6864119,https://www.10000recipe.com/recipe/6864119,배추어묵국 - 배추에서 나오는 시원한 국물 어묵국 끓이기,간단하게 끓일수 있는 배추어묵국 입니다.,https://recipe1.ezmember.co.kr/cache/recipe/2017/01/20/0aa5885a5eb796045cb6bb28d660a97c1.jpg,아무나,2인분,30분 이내,,,,
6910367,https://www.10000recipe.com/recipe/6910367,다른반찬이 필요없는 두부짜글이로 밥한공기 뚝딱!,제가 두부를 제일 좋아해서 두부요리는 다 맛있는것같아요ㅋㅋㅋ 오늘 선보일 두부짜글이도 역시나 맛있었네요!!,https://recipe1.ezmember.co.kr/cache/recipe/2019/04/12/db0fb535f6298cd76ded5a502874343a1.jpg?w=1000,아무나,3인분,30분 이내,,,,
6880674,https://www.10000recipe.com/recipe/6880674,10분 완성 꿀레시피] 마늘 불고기 간단하고 맛있게!,"정말 간단한데다 흔하지 않고 맛있고, 이 모든걸 갖춘 꿀레시피를 들고 찾아 왔어요 :) 갑작스런 손님상도 후다닥 차리고,가족 밥상까지도 책임질,10분 완성 불고기! 요 초간단 손님상의 포인트는 바로 '다진마늘' :)그레시피 가볼게요 고고씽!",https://recipe1.ezmember.co.kr/cache/recipe/2017/12/08/a5d9a4593c1e7934d07c0d0d61e3f4ad1.jpg,초급,3인분,15분 이내,,,,
4119284,https://www.10000recipe.com/recipe/4119284,꿀떡꿀떡 맛나는 - 간장꿀컵떡볶이,꿀떡꿀떡 맛나는 - 간장꿀컵떡볶이,https://recipe1.ezmember.co.kr/cache/recipe/2015/04/22/d735747865188cacfe6bdf7cf1e214c71.jpg,,초급,,,,,
6854147,https://www.10000recipe.com/recipe/6854147,버섯찌개 - 숙주버섯찌개,아삭한 숙주 쫄깃한 버섯이 가득 들어있는 숙주버섯찌개 얼큰하니 맛나요 ^^,https://recipe1.ezmember.co.kr/cache/recipe/2016/08/06/33f5c47032af8ce9168b592e2b67f0581.jpg,초급,4인분,60분 이내,,,,
6960089,https://www.10000recipe.com/recipe/6960089,떡꼬치소스에 무친 야식만들기! 맵달한 무침만두 ♥,완벽하게 만족하는 야식만들기! 맵달한 떡꼬치소스에 노릇노릇하게 구운 냉동만두 버무리면 완성! 땡기는 맛에 계속 만들어 먹게 돼요! 세상의모든레시피 만개의레시피,https://recipe1.ezmember.co.kr/cache/recipe/2021/06/11/0cf417c97ad1f2eff6fa8f10d9a83fbd1.jpg?w=1000,아무나,2인분,15분 이내,,,,
7029415,https://www.10000recipe.com/recipe/7029415,감자요리 여름엔 무국 대신 소고기 감자국 레시피로 만들기,여름에는 맛없는 무 대신 감자를 넣어 소고기 감자국을 끓여 먹으면 든든하니 맛있어요. 그 레시피 오늘 알려드리도록 하겠습니다.,https://recipe1.ezmember.co.kr/cache/recipe/2024/06/30/f6e0ecfe925171a58ad06fffbad1d2961.jpg,초급,4인분,30분 이내,,,,
6981951,https://www.10000recipe.com/recipe/6981951,[만개백과] EP. 18 가끔 생각나는 야채샐러드빵,특별한 무언가가 없는데도 생각나는 빵인데요. 햄이나 맛살 같은게 있어도 좋지만 야채만으로도 완벽하답니다! 오늘도 맛있게 드세요 ^^,https://recipe1.ezmember.co.kr/cache/recipe/2022/06/22/98d96db27aed939fcaa955ba76a5f0791.jpg?w=1000,아무나,2인분,30분 이내,,,,
6904538,https://www.10000recipe.com/recipe/6904538,동글동글 귀엽고 맛있는 고기말이 주먹밥 만들기,동글동글 짭쪼름한 고기말이 주먹밥을 만들어보았어요~!!♡♡♡ 찬밥을 활용해서 멋스러운 주먹밥이 탄생했답니다 모양도 이쁜데 맛까지 좋아서 한끼 식사로도 추천드리고 피크닉 도시락 메뉴로도 추천드릴게용~!!♡♡♡ 동글동글 귀엽고 멋스러운 고기말이주먹밥 다함께 만들어보세요~!!♡♡♡,https://recipe1.ezmember.co.kr/cache/recipe/2019/01/16/0fe245596ce04633e5a2af5de640e6b11.jpg?w=1000,초급,1인분,30분 이내,,,,
7012639,https://www.10000recipe.com/recipe/7012639,너무 맛있음 주의! 차돌박이 숙주볶음,한번쯤 꼭 만들어 드셔 보시길 바라는 메뉴 차돌박이 숙주볶음부터 마무리로 볶음밥까지 너무 완벽했던 식사 소개해 볼게요^^,https://recipe1.ezmember.co.kr/cache/recipe/2023/11/01/47db6bf14e8c98205f219237bbd45fb71.jpg,아무나,2인분,10분 이내,,,,
6896593,https://www.10000recipe.com/recipe/6896593,베이컨 양송이덮밥(호불호가 없는 한그릇!),맛도 보장되면서 간단한 베이컨 양송이덮밥이에요. 양송이버섯 아니더라도 집에 버섯이있다면 응용해서 만들어보세요.,https://recipe1.ezmember.co.kr/cache/recipe/2018/09/27/8f25a91f9ecc78b22fbad98b125d4c971.jpg,아무나,2인분,15분 이내,,,,
6954948,https://www.10000recipe.com/recipe/6954948,매콤 느타리버섯덮밥 만드는 법,고기는 넣지도 않았는 데 아이들이 고기 맛이 난대요~^^,https://recipe1.ezmember.co.kr/cache/recipe/2021/03/10/124391d4f75af1e76285a0630683a49e1.jpg,아무나,2인분,30분 이내,,,,
6541723,https://www.10000recipe.com/recipe/6541723,베이컨치즈토스트 만들기,브런치로 즐겨요~ 짭조름하고 고소한 베이컨치즈토스트~!,https://recipe1.ezmember.co.kr/cache/recipe/2015/03/20/c3f21ae578764a7e8b242199a47370171.jpg,,30분 이내,초급,,,,
6882531,https://www.10000recipe.com/recipe/6882531,"채쳐서 바로 무치는 초스피드 밑반찬, 상큼한 양배추 생채","여느 수퍼푸드 못지 않은 양배추, 소화만 잘 되는 게 아니라 성인병도 예방되고 여러모로 좋다네요. 저희집엔 양배추가 사시사철 끊이지 않고 냉장고에 있어요. 상큼한 반찬 땡길 때 먹어요~",https://recipe1.ezmember.co.kr/cache/recipe/2018/01/19/5ec82459559164485157cb0e098618551.jpg?w=1000,초급,6인분 이상,10분 이내,,,,
6945458,https://www.10000recipe.com/recipe/6945458,닭곰탕보다 더 맛있는 배추닭국 만들기+다대기 양념,참기름에 튀기듯 익힌 닭을 삶아서 찢어주고 배추를 어마어마하게 넣어 푹 끓여내면 정말 너무나도 맛있는 보양식이 탄생한답니다~ 닭곰탕보다 훨씬 개운하고 깔끔한 배추닭국 꼭 한번 끓여보세요~,https://recipe1.ezmember.co.kr/cache/recipe/2020/11/02/2f061c2b4fa128b6d16278aade0fa0091.jpg?w=1000,아무나,6인분 이상,60분 이내,,,,
6839039,https://www.10000recipe.com/recipe/6839039,닭가슴살 버섯간장떡볶이,저는 떡볶이를 무지무지 좋아한답니다 그래서 아침부터 떡볶이를 만들었어요! 건강한 재료로 만들었으니 시중에 파는 것보다 더 맛있네요(?!) 뭔 자신감 ㅋㅋㅋㅋ,https://recipe1.ezmember.co.kr/cache/recipe/2015/12/29/0cfe1379a6ae72f5d7f2d893818971a41.jpg,아무나,2인분,30분 이내,,,,
6908836,https://www.10000recipe.com/recipe/6908836,스팸 계란밥 전,아이들 반찬으로 간단한 술안주 만들기~,https://recipe1.ezmember.co.kr/cache/recipe/2019/03/20/e406ac8ddcbdc05af9ca7f20aaa9dddb1.jpg,초급,2인분,30분 이내,,,,
6974023,https://www.10000recipe.com/recipe/6974023,감자스프 생크림없이도 맛있게 만들기,싹난 감자 혹은 싹나기 직전의 감자 버리기 참 아깝죠! 감자스프를 만들면 감자를 한번에 많이 소진 할 수 있어요 생크림 없이 집에 있는 우유와 양파로 맛있게 만드는 방법 소개합니다 식빵까지 곁들이면 한끼 대용으로도 아주 든든해요,https://recipe1.ezmember.co.kr/cache/recipe/2022/02/05/b70f4366848e721bb27d4e140931c30e1.jpg,초급,1인분,60분 이내,,,,
6930116,https://www.10000recipe.com/recipe/6930116,원팬으로 만드는 시금치카레볶음밥 만드는 법,집에 시금치를 가득 사두었는데 뭘해먹을까 생각하다보니 한번도 볶아서 먹어본적은 없더라구요. 그래서 원팬으로 간단하고 건강하게 시금치카레볶음밥 만들어 봤습니다!,https://recipe1.ezmember.co.kr/cache/recipe/2020/04/07/6664c14a43577fae6e0637eac5ead7841.jpg?w=1000,아무나,2인분,15분 이내,,,,
7040595,https://www.10000recipe.com/recipe/7040595,간식으로 먹는 달큰달큰 당근채전,달큰달큰 당근채전 간식으로 굿!!,https://recipe1.ezmember.co.kr/cache/recipe/2024/12/15/7fe13beef4e83398d35ca6da6d5905f91.jpg?w=1000,아무나,2인분,10분 이내,,,,
6935659,https://www.10000recipe.com/recipe/6935659,명란두부찌개 ~ 간단하고 국물의 시원함이 끝내줍니다,"명란젓으로 국물요리 해보셨나요 ? 명란두부찌개 , 진짜 시원하고 깔끔한 국물 맛에 반하게 되실거에요 ^^",https://recipe1.ezmember.co.kr/cache/recipe/2020/07/03/a13eb720de006df8bc1097fbd99fe1a61.jpg,아무나,3인분,30분 이내,,,,
6868912,https://www.10000recipe.com/recipe/6868912,【10분만에 고급진 요리】파프리카소고기말이,초간단으로 보는 재미에 먹는 재미까지 있는 후다닥 파프리카 소고기 말이에요~♥,https://recipe1.ezmember.co.kr/cache/recipe/2017/04/24/9765639935fc28e17b598a9c4f93ca1a1.jpg?w=1000,아무나,2인분,10분 이내,,,,
6928509,https://www.10000recipe.com/recipe/6928509,진한 리얼 치즈 쿠키 ! 치즈좋아하면 강추,파마산 치즈가루 처분용으로 즐겨만드는 레시피에요 :) 하지만 처분이라기엔 너무맛있어서 선물하려다 야금야금 다 먹어버려요 ㅋ_ㅋ,https://recipe1.ezmember.co.kr/cache/recipe/2020/03/15/49985dad00b5dbbb6151d48ce4d26e181.jpg?w=1000,아무나,4인분,60분 이내,,,,
6889560,https://www.10000recipe.com/recipe/6889560,간단한 도시락반찬,도시락반찬,https://recipe1.ezmember.co.kr/cache/recipe/2018/05/25/7af3a10c0f77d79ca0f1abfa957d34ce1.jpg,아무나,1인분,30분 이내,,,,
6894518,https://www.10000recipe.com/recipe/6894518,밀가루 없는 건강한 다이어트 간식 '파프리카 피자'레시피,피자는 땡기는데 밀가루가 부담되신다면 파프리카 피자를 만들어 보세요! 파프리카의 아삭한 식감이 더해져 건강한 느낌이고 맛있어요:),https://recipe1.ezmember.co.kr/cache/recipe/2018/08/21/ce7c72489a9560446769bd5071f271be1.jpg,아무나,2인분,15분 이내,,,,
6862218,https://www.10000recipe.com/recipe/6862218,삼겹살김치말이찜 만들기 - 양싸,집들이때 메인 메뉴를 뭐로 할까 하다가. 피키캐스트를 보는데 삼겹살 김치말이 찜 만드는게 나옵니다. 간단해서 만들어 봅니다.,https://recipe1.ezmember.co.kr/cache/recipe/2016/12/06/80a884dce97a1dec5f66eaa60ded95ed1.jpg,아무나,4인분,30분 이내,,,,
6889513,https://www.10000recipe.com/recipe/6889513,우리육우로 만든 양배추불고기롤 도시락,우리육우를 활용하여 맛과 건강까지 모두 챙길 수 있는 매력만점 도시락을 만들어보았습니다. ^^,https://recipe1.ezmember.co.kr/cache/recipe/2018/05/24/3a3975a35782a96ebd8bed61e25b9e3d1.jpg,중급,2인분,60분 이내,,,,
6832551,https://www.10000recipe.com/recipe/6832551,너무 간단한 베이킹~블루베리 크럼블 타르트 에요~^^,"만들기는 간단하지만 근사하고 맛있는 쉬운 베이킹 소개해 드려요 쿠키같은 바삭한 식감,블루베리로 촉촉한 속 모양은 타르트 선물하시기도 너무 좋습니다",https://recipe1.ezmember.co.kr/cache/recipe/2015/08/22/c29c3ae67d795294af11785d14057e811.jpg,초급,4인분,60분 이내,,,,
7074287,https://www.10000recipe.com/recipe/7074287,"야들한 소갈비찜 레시피, \'이렇게\' 만드세요!",명절이나 특-별한 날에만 먹는 음식이라고 생각했던 소갈비찜! 막상 해보면 생각보다 어렵지 않다는 거 알고 계셨나요? ​ 저도 처음엔 괜히 겁부터 났는데 몇 번 해보니까 오히려 밖에서 사 먹는 것보다 훨씬 부드럽고 입맛에 맞게 만들 수 있어서 좋더라고요. ​ 특히 아이들도 잘 먹는 메뉴라 한 번 만들어두면 밥 한 공기 뚝딱이에요.,https://recipe1.ezmember.co.kr/cache/recipe/2026/04/06/1e45dbca97f84556bad68d8605a465ce1.jpg,아무나,2인분,60분 이내,,,,
6962360,https://www.10000recipe.com/recipe/6962360,닭가슴살냉채 겨자소스넣어 시원하게 먹어요,더운 날씨에 입맛이 뚝뚝 떨어져 겨자소스 넣은 닭가슴살 냉채를 만들었어요. 입맛 없을때는 자극적인것이 최고!거기에 시원하기까지 하니 정말 맛있네요. 야채와 닭가슴살을 푸짐하게 넣은 냉채요리라 칼로리도 낮아서 정말 좋아요.,https://recipe1.ezmember.co.kr/cache/recipe/2021/07/27/538a11175c957b9cbc100676e52a5d271.jpg?w=1000,아무나,2인분,20분 이내,,,,
6895448,https://www.10000recipe.com/recipe/6895448,1분완성 핵꿀맛 간식 토스트!완전 강추드려요!,1분만에 만들수 있으면서 맛은 엄지척 나오는 간식 소개해 드립니다! 커피와 함께 먹으면 진짜 핵꿀맛이에요!,https://recipe1.ezmember.co.kr/cache/recipe/2018/09/07/444c85b7e11e62d31d142e64fd2b6d581.jpg,아무나,1인분,5분 이내,,,,
6921432,https://www.10000recipe.com/recipe/6921432,시금치오믈렛 ♧ 치즈 들어간 초간단 야식 ♧,신선한 시금치 넣고 달걀로 오믈렛 만들어서 야식으로 먹었어요 ~# 너무 간단해서 만들기 참 참 참 쉬워요 ~#,https://recipe1.ezmember.co.kr/cache/recipe/2019/10/30/6a5f26cd168f69b3656cdbb4d4d16e821.jpg?w=1000,초급,1인분,5분 이내,,,,
6953931,https://www.10000recipe.com/recipe/6953931,떡국떡 요리 베이컨 떡볶음 만드는 법 간단한 술안주 제격입니다.,"냉동실에 떡국떡이 왜 이렇게 많은 것인지, 먹어도 먹어도 줄어들 생각을 하지 않습니다. 먹어도 먹어도 줄어들지 않은 이유는 어머니께서 시장에 가실 때 떡국떡 한 봉지씩 사다 냉동실에 얼려 놓습니다. 어머니께서 시장에 가실 때 떡국떡 한 봉지씩 사다 냉동실에 얼려 놓는 이유는, 바로 아버지. 아버지께서 예고 없이 ""떡국 끓여 먹자.""라는 말을 잘 하십니다. 저희 아버지께서는 떡국, 수제비 등 이와 비슷한 음식을 좋아하시거든요. 그래서 저희 집 냉동실에는 떡국떡이 상시 대기하고 있습니다. 냉동실에 떡국떡만 없어도 여유가 생길 수도 있을 듯한데, 그리고 아로니아까지. 냉동 아로니아는 왜 이렇게 많은 것인지. 아로니아도 아버지께서 우유에 갈아 마시는 것을 좋아하셔서. 떡국이든, 우유에 갈아 놓은 아로니아든 어머니께서 다 해주시지만. 오늘을 그래서 떡국떡을 하루라도 빨리 사용하고 싶어서 베이컨 떡볶음을 만들었습니다. 많은 양을 사용한 것은 아닌데 떡국떡이 집에 많아서 쉽게 찾아 사용할 수 있습니다. 그럼, 지금 바로 베이컨 떡볶음 만드는 법을 알려드립니다.",https://recipe1.ezmember.co.kr/cache/recipe/2021/02/22/2959583b6aaa5e5b813ae477cce852621.jpg,아무나,2인분,30분 이내,,,,
7067653,https://www.10000recipe.com/recipe/7067653,196.두부새싹채소샐러드(ft.저당샐러드)(2025.12.5)),"고소한 두부와 오리엔탈 드레싱과 새싹채소로 맛있는 메인 샐러드, 두부새싹채소샐러드 를 시작합니다^^",https://recipe1.ezmember.co.kr/cache/recipe/2025/11/28/aaef695c5cff1d3f31ce5ef40662d4de1.jpg?w=1000,아무나,2인분,30분 이내,,,,
7074992,https://www.10000recipe.com/recipe/7074992,알배추전,달근한 알배추로 부친 알배추전입니다. 채소전이라 가볍게 드시기 좋아 간식이나 안주로도 추천드려요.,https://recipe1.ezmember.co.kr/cache/recipe/2026/04/20/a28de000eb6e651b738c3e4a6dd2b0ed1.jpg,초급,1인분,30분 이내,,,,
6866586,https://www.10000recipe.com/recipe/6866586,아침국으로...두부김치계란탕,"입이 깔깔한 아침에 국이 없으면 밥먹기 힘들것 같아 국이나 탕, 찌개 하나 쯤은 있어야 하기에 있는 재료로 간단하게 건더기도 푸짐한 두부김치계란탕을 끓였습니다.",https://recipe1.ezmember.co.kr/cache/recipe/2017/03/09/6e4ab9be6fcf497a229317b38ad4a95d1.jpg,아무나,2인분,30분 이내,,,,
6834570,https://www.10000recipe.com/recipe/6834570,까르보나라 떡볶이,아이들 간식으로도 손색이 없는 까르보나라 떡볶이 만들어봐요.,https://recipe1.ezmember.co.kr/cache/recipe/2015/09/21/8120c5f993593892442603f5e246eb671.jpg,아무나,2인분,30분 이내,,,,
6877635,https://www.10000recipe.com/recipe/6877635,[간단 자취요리] 화끈하게 매운 불참치장 만들기,"안녕하세요 얌배추들!! 오늘은 불참치장을 만들어 볼게요 ㅎㅎ 예전에 올린 고추참치 영상과 차이는 고추참치 영상은 조금 더 어린친구들이 좋아할 맛이고, 이건 좀 더 어른들이 좋아할만한 구수하면서 매운맛입니다. 취향에 따라 골라 드세요ㅎㅎ!",https://recipe1.ezmember.co.kr/cache/recipe/2017/10/10/2cedd6fc68c67720910cdce0aff740db1.jpg?w=1000,아무나,3인분,10분 이내,,,,
7030846,https://www.10000recipe.com/recipe/7030846,칼라 방울 토마토 바질 매실청 마리네이드,집에서 시원하고 깔끔하게 한알씩 쏙쏙 먹기 편한 여름 간식 입니다. 칼로리 부담도 적고 상큼해서 여름 간식으로 안성 맞춤 입니다. 그럼 오늘의 레시피 시작해 보겠습니다.,https://recipe1.ezmember.co.kr/cache/recipe/2024/07/19/30df8c091223ab8d6eb82360b0c7ffc61.jpg,아무나,2인분,15분 이내,,,,
6878407,https://www.10000recipe.com/recipe/6878407,아삭한 풋고추 무침 만들기,요즘 풋고추 철이죠? ㅎㅎ 고추에는 비타민이 가득하기 때문에 철에 잘챙겨 먹으면 건강에도 피부미용에도 아주 훌륭하답니다 ㅎ 그래서 풋고추로 쉽게 할 수 있는 밑반찬!! 고추무침을 만들어 보았어요^^,https://recipe1.ezmember.co.kr/cache/recipe/2017/10/24/413c939f1bb17ceb1f97cc44c72a5e7b1.jpg?w=1000,아무나,2인분,10분 이내,,,,
6900822,https://www.10000recipe.com/recipe/6900822,푸실리메추리알샐러드(냉파스타만드는법),산뜻하게 즐길 수 있는 냉파스타 메추리알과 함께 즐기며 단백질까지 챙기세요~,https://recipe1.ezmember.co.kr/cache/recipe/2018/11/26/4283cabd67d923b9b66841dbfc1e89441.jpg?w=1000,초급,2인분,10분 이내,,,,
7027713,https://www.10000recipe.com/recipe/7027713,속편한 아침 순두부달걀국 끓이기,잠에서 깨어난 아침에는 뭔가를 챙겨 먹기 참 힘들죠. 그래서 저는 요즘 아침에 부드러운 식사를 많이 하는데요. 오늘은 바쁜 아침에도 빨리 끓일 수 있고 부드럽고 속은 편한데 든든한 순두부달걀국 끓이기입니다. 다이어트 하시는 분들도 한끼 식사로 드시기에 딱 좋아요.,https://recipe1.ezmember.co.kr/cache/recipe/2024/06/06/fdeab99cd13448b1d2177dec98ab79a11.jpg?w=1000,아무나,2인분,20분 이내,,,,
6902285,https://www.10000recipe.com/recipe/6902285,"포송 쫀득! 치즈 공구마 만들기ㅣ전자렌지 3분 컷, 고구마 요리","오늘은 체다치즈와 고구마를 이용한 전자렌지요리, 치즈 공구마를 만들어 봤어요. 제 요리 영상에서 영상만 즐기실 분들은 그냥 보시면 되지만, 따라 하실 분들은 꼭 더보기를 읽고 만드세요!",https://recipe1.ezmember.co.kr/cache/recipe/2018/12/18/28ee71babbe2a3285e3a0ae75e2f42ac1.jpg?w=1000,초급,1인분,10분 이내,,,,
6843977,https://www.10000recipe.com/recipe/6843977,"노오븐케잌, 딸기 크레이프 만들기♪","제철 딸기로 만드는 딸기 크레이프를 소개합니다 (벅칼 서포터즈 1기, 나은님의 레시피)",https://recipe1.ezmember.co.kr/cache/recipe/2016/03/03/004c9e05eb2a8113655eb4ffd418a5e71.jpg,초급,4인분,60분 이내,,,,
6994093,https://www.10000recipe.com/recipe/6994093,[유아식]새우미역죽 아기새우죽 끓이는 법,"감기로 목이 아픈 아기에게 뭐라도 먹이고 싶어서 죽을 끓였어요. 미역과 새우를 잘게 다져 푹 끓였더니 넘기기 편한지 다행히 반그릇 정도 먹었어요. 미역을 다진마늘, 참기름과 볶아 끓여 비린 맛 전혀 없이 고소하고 맛있답니다.",https://recipe1.ezmember.co.kr/cache/recipe/2022/12/20/ee099049dd59d44948f1794a75252ff91.jpg?w=1000,초급,2인분,60분 이내,,,,
6733300,https://www.10000recipe.com/recipe/6733300,참치 알리올리오 볶음밥,찬밥 처리에 최고! 마늘향이 은은한 고소한 참치 볶음밥이에요.,https://recipe1.ezmember.co.kr/cache/recipe/2015/05/07/08e763f260da46e353e842819b350ded1.jpg,초급,1인분,15분 이내,,,,
6833230,https://www.10000recipe.com/recipe/6833230,근사한 두부가지구이,제가 좋아하는 두부와 가지를 이용해서 구이를 해 봤는데요. 밥반찬으로도 좋고 영양도 좋아 올여름 내내 두부 호박 가지 같은 신선 재료를 즐겨 먹었던 것 같아요.,https://recipe1.ezmember.co.kr/cache/recipe/2015/09/01/f7db843f89c923d69221b26345dd46c71.jpg,아무나,2인분,30분 이내,,,,
6855073,https://www.10000recipe.com/recipe/6855073,[오징어채요리]맥주안주로 좋은 오징어채 버터구이,후다닥 맥주안주를 만들어보았어요,https://recipe1.ezmember.co.kr/cache/recipe/2016/08/22/06726be2dffba2a848cd1775a82e465b1.jpg,아무나,2인분,10분 이내,,,,
6924838,https://www.10000recipe.com/recipe/6924838,봄동들깨된장국 : 몸과 마음까지 데워주는 구수한 힐링푸드,"어릴 적부터 엄마가 끓여주시는 시래기국, 배춧국을 무척이나 좋아했던 제 입맛엔 제철을 맞은 봄동으로 끓인 봄동배추국이 오히려 더 맛있게 느껴지더라구요~ 구수한 된장 국물에 고소한 들깨가루, 입에 살살 녹는 봄동까지 한데 잘 어우러진 음식. 짜지 않아 술술 넘어가는 뜨끈한 국물, 배불리 먹어도 속이 늘 편해서 더 좋은 국. 추운 겨울 따뜻하고 건강하게 나세요^^",https://recipe1.ezmember.co.kr/cache/recipe/2020/01/08/7dbd7aa6a69a3a00f6b5c53d005f70481.jpg,아무나,4인분,20분 이내,,,,
6904044,https://www.10000recipe.com/recipe/6904044,베이컨 떡말이 꼬치구이,간단하게 아이들 간식 소풍도시락 으로도 가능해요^-^,https://recipe1.ezmember.co.kr/cache/recipe/2019/01/10/c81e96b2e018c43a76fc4e40d9142dff1.jpg?w=1000,아무나,2인분,30분 이내,,,,
6959353,https://www.10000recipe.com/recipe/6959353,"두부 청경채 볶음.(건강식, 다이어트식, 채소반찬)",가볍게 먹기 좋은 채소 메눈입니다. 그냥 먹어도 심심하니 좋고 밥 반찬으로 곁들이면 아이와 어른 모두가 좋아할 간단한 레시피의 메뉴를 소개합니다.,https://recipe1.ezmember.co.kr/cache/recipe/2021/05/15/4a139e6320535c5e4bf6e6e9ff23ed111.jpg?w=1000,아무나,2인분,10분 이내,,,,
7073921,https://www.10000recipe.com/recipe/7073921,크래미 어묵볶음 반찬 만들기 어묵 크래미 간장 볶음 레시피 간단 밑반찬 요리,집에서 밥을 먹다 보면 가장 고민되는 것이 바로 밑반찬인 것 같아요! 그래서 오늘은 누구나 쉽고 간단하게 만들 수 있으면서도 맛은 정말 좋은 크래미 넣은 어묵볶음 반찬을 만들었는데요 ​ ​ 어묵볶음은 한국 가정에서 흔히 만들어 먹는 대표적인 밑반찬 중 하나입니다. 짭짤하면서도 달콤한 양념이 어묵에 잘 배어 밥과 함께 먹으면 정말 맛있죠 여기에 크래미를 함께 넣어 볶으면 감칠맛이 한층 더 살아나고 식감도 부드러워져서 더욱 매력적인 반찬이 되더라고요! 간단하게 만들어서 밥도둑 반찬으로 먹기 좋은 어묵 크래미 간장 볶음 반찬을 만들어 보도록 할게요 :) ​,https://recipe1.ezmember.co.kr/cache/recipe/2026/03/28/5c0959e4c302e5b2778064bef65d0f061.jpg,아무나,6인분 이상,20분 이내,,,,
6873533,https://www.10000recipe.com/recipe/6873533,감자로 뚝딱 만들어내는 아이들간식~감자채피자,방학이면 아이들 먹거리가 제일 신경 쓰이는것 같아요~흔한 감자를 이용해 아이들간식 만들어봤답니다^^,https://recipe1.ezmember.co.kr/cache/recipe/2017/07/26/2100781b491825088fda6cb8d53210971.jpg?w=1000,아무나,3인분,30분 이내,,,,
6892531,https://www.10000recipe.com/recipe/6892531,누텔라 컵케익,달달한 걸 먹고 싶을 땐? 누텔라 컵케익,https://recipe1.ezmember.co.kr/cache/recipe/2018/07/13/b813b4f3917f4c315c8c84f5963940931.jpg?w=1000,아무나,1인분,10분 이내,,,,
7060594,https://www.10000recipe.com/recipe/7060594,팽이버섯유부말이 솔직히 15분 완성! 계란물 입혀 구운 팽이버섯유부말이 맛보장 밥반찬,"유부초밥 2팩 구매하고 남은 유부는 팽이버섯에 돌돌돌 말아봤어요~! 깻잎 추가해 은은한 깻잎향까지 어른, 아이 모두가 좋아했던 유부팽이버섯말이 맛있게 만들어 보세요~!",https://recipe1.ezmember.co.kr/cache/recipe/2025/08/18/a6a5b35649a32c5f02923e69d2d4d30a1.jpg?w=1000,아무나,2인분,15분 이내,,,,
7042351,https://www.10000recipe.com/recipe/7042351,아삭한 콩나물무침!,기본빨간콩나물무침 레시피입니다,https://recipe1.ezmember.co.kr/cache/recipe/2025/01/05/eec541bbf7995ef49e680af429a0d0a31.jpg,아무나,4인분,10분 이내,,,,
6897498,https://www.10000recipe.com/recipe/6897498,아침에 후딱 끓여 낸 두부들깨탕,아침에 국에 밥이라도 한술 말아 먹을 수 있게 후딱이 끓여낸 두부들깨탕입니다. 부드러운 두부와 들깨가 깔깔한 아침에 먹기 딱 좋아요~ 간을 씀씀하게 해서 밥 없이 한술 떠 먹어도 좋겠습니다.,https://recipe1.ezmember.co.kr/cache/recipe/2018/10/10/e96796a3c9198c695bf7de48fea1490d1.jpg,초급,5인분,30분 이내,,,,
7002443,https://www.10000recipe.com/recipe/7002443,쫄깃한 식감과 버터의 풍미가 느껴지는 닭고기스테이크,"닭다리살을 활용한 닭고기스테이크 큼직한 닭다리살과 가니쉬를 노릇하게 굽고 간장과 케찹을 활용한 소스를 뿌려주면 완성! 촉촉하고 쫄깃한 닭다리살과 버터의 풍미가 매력적인 한끼, 닭고기스테이크",https://recipe1.ezmember.co.kr/cache/recipe/2023/05/18/44c74d970c984f419d0e01a736542c421.jpg?w=1000,아무나,2인분,30분 이내,,,,
7067147,https://www.10000recipe.com/recipe/7067147,중독성 200%! 가래떡으로 만든 한 입 쏘~옥 소시지 떡강정 레시피,오늘도 냉장고털이를 하게 되었네요 냉동실에 꽁꽁 얼려둔 가래떡과 소시지로 만든 레시피입니다 준비된 재료가 있다면 만들어보세요,https://recipe1.ezmember.co.kr/cache/recipe/2025/11/28/e0e0474e5cc14b3c252df3259050c4921.jpg?w=1000,초급,3인분,15분 이내,,,,
6892515,https://www.10000recipe.com/recipe/6892515,간편하게 한끼 식사 슈림프박스,구입이 간편한 자숙새우(칵테일새우)를 이용한 간편하게 한끼 식사로 즐길수 있는 슈림프박스입니다^^,https://recipe1.ezmember.co.kr/cache/recipe/2018/07/13/2b1714d87fe57c2bb5dc19b391ff22491.jpg?w=1000,아무나,2인분,15분 이내,,,,
6864389,https://www.10000recipe.com/recipe/6864389,별다방 부럽지 않아효~달달한 오레오프라프치노♥,오레오 덕후들 모두 모여랏~ 달콤해서 아이들 1등 간식!오레오프라프치노★ 세상의 모든 레시피 만개의레시피,https://recipe1.ezmember.co.kr/cache/recipe/2017/01/26/2cf7b66bf8e99e7c003955b755f51d321.png,아무나,1인분,10분 이내,,,,
6913424,https://www.10000recipe.com/recipe/6913424,다이어트 할때 간단하게 닭가슴살 부추국,닭가슴살로 간단하지만 얼큰하고 맛있는 닭가슴살 부추국을 끓여 봤습니다.,https://recipe1.ezmember.co.kr/cache/recipe/2019/06/06/c3d3225988c9679bc801983fbf9892091.jpg?w=1000,초급,4인분,30분 이내,,,,
6998876,https://www.10000recipe.com/recipe/6998876,살짝 눌러붙게 조리는 간장치킨맛 간장두부조림,"소금, 후추만 톡톡 뿌려 두부구이를 해먹어도 맛있지만 오늘은 왠지 간장두부조림이 먹고 싶었습니다. 만들고 보니 간장치킨맛이 나는 거 같아 맛있어서 뿌듯했답니다.ㅋㅋ",https://recipe1.ezmember.co.kr/cache/recipe/2023/03/14/89c5e4ad3335ebd3fa68a21e6bb1533b1.jpg,아무나,2인분,20분 이내,,,,
6920148,https://www.10000recipe.com/recipe/6920148,간단요리 계란 양파덮밥 혼밥 자취레시피,양파랑 계란만으로 만들수 있는 양파덮밥 이예용,https://recipe1.ezmember.co.kr/cache/recipe/2019/10/05/22ab8bbcf9fd28b70c2046243759cd3f1.jpg,아무나,1인분,10분 이내,,,,
6909481,https://www.10000recipe.com/recipe/6909481,기름 없이 볶아 담백한 다이어트용 돼지 앞다리살 숙주볶음,"기름진 고기를 먹고 싶은데 삼겹살은 좀 부담스럽다면 돼지 앞다리살을 추천합니다. 삼겹살보다 칼로리나 지방 함유가 거의 절반인 돼지 앞다리살을 사용해서 숙주볶음을 만들었습니다. 지방이 충분히 들어 있기 때문에 조리 시 기름을 쓰지 않고 볶았습니다. 고기 손질 시 지방을 잘라 낸다면 더 담백해지고 칼로리는 낮아지는 다이어트용 숙주 볶음이 됩니다. 닭 가슴살 100g당 109kcal(100%) 탄수화물 0g(0%), 단백질 22.98g(89%), 지방 1.23g(11%) 돼지 앞다리살 100g당 182kcal(100%) 탄수화물 0g(0%), 단백질 16.27g(37%), 지방 12.38(63%) 삼겹살 100g당 331kcal(100%) 탄수화물 0g(0%), 단백질 17.2g(21%), 지방 28.4g(79%) ​ (만들기) 1. 숙주는 깨끗이 씻어 주세요. 2. 앞다리살은 먹기 좋게 썰어 주세요. 3. 양념장을 만들어 고기를 재워주세요. 4. 양파 썰기. 5. 숙주 양파를 깔고 위에 고기를 올려주세요. 6. 뚜껑을 닫고 중불에 고기가 익을 때까지 두세요. 7. 센 불에 빠르게 한번 볶아 주세요. ​ (후기) 숙주 더 넣을걸....... ​",https://recipe1.ezmember.co.kr/cache/recipe/2019/04/14/f134dc482791a335e21b88551b5388a91.jpg?w=1000,아무나,1인분,15분 이내,,,,
7072882,https://www.10000recipe.com/recipe/7072882,무생채 만드는법｜아삭한 10분 완성 초간단 무생채 레시피,조리시간 10분이면 완성되는 초간단 무생채 레시피라 집에서 누구나 쉽게 만들 수 있어요. 무를 결대로 써는 방법과 고춧가루를 먼저 버무리는 방법만 기억하시면 식당에서 먹는 것처럼 아삭하고 맛있는 무생채를 만들 수 있어요.,https://recipe1.ezmember.co.kr/cache/recipe/2026/03/11/53a3e82ca8646fffc9014f9da1b0fcb01.jpg,아무나,3인분,10분 이내,,,,
6910254,https://www.10000recipe.com/recipe/6910254,상추비빔밥 참치쌈장에 비벼 먹으면 꿀맛!,혼밥으로 즐기기 좋은 상추비빔밥! 참치쌈장까지 직접 만들어 더 맛있게 즐겨보세요 :),https://recipe1.ezmember.co.kr/cache/recipe/2019/04/06/f790edb9ffef5e49f4b3e573116a4ee61.jpg,아무나,1인분,10분 이내,,,,
6907366,https://www.10000recipe.com/recipe/6907366,방학간식 옥수수 콘치즈빵 - 에어프라이어 간식,에어프라이어 간식,https://recipe1.ezmember.co.kr/cache/recipe/2019/02/26/92c1c13fe2ea77d75a44b6302e4e087e1.jpg,아무나,3인분,60분 이내,,,,
6995719,https://www.10000recipe.com/recipe/6995719,백종원 맑은 오징어무국 끓이기,국물이 깊고 맛있는 맑은 오징어 뭇국 입니다.,https://recipe1.ezmember.co.kr/cache/recipe/2023/01/19/12aef22971b7255b8a286de2c1640bce1.jpg,아무나,2인분,30분 이내,,,,
6881308,https://www.10000recipe.com/recipe/6881308,쫄깃한 두부강정 만들기,"집에 두부가 1모가 돌아다니고 있어서, 무얼 해먹을까 하다가 만든 두부 강정이에요~",https://recipe1.ezmember.co.kr/cache/recipe/2017/12/23/cf090154602535ac2345d3b1f0f303321.jpg,아무나,2인분,30분 이내,,,,
6885704,https://www.10000recipe.com/recipe/6885704,닭가슴살 치킨(콜팝),우리 두 아들이 분식점에서 콜팝 콜팝 사달라고 노래를 불러 엄마표 간식 으로 만들어 보았어요 엄마표라 재료도 신선 하고 엄마의 정성이 듬~뿍 들어간 안전 먹거리예요,https://recipe1.ezmember.co.kr/cache/recipe/2018/03/19/3aa7396afd663770899aa6af6c02c7a81.jpg?w=1000,아무나,4인분,30분 이내,,,,
7076383,https://www.10000recipe.com/recipe/7076383,초간단 김치전,집에 신김치만 있으면 누구나 쉽고 맛있게 만들 수 있는 음식입니다. 다른 부재료넣고 부쳐도 맛있지만. 오늘은 신김치만 넣고 만들었어요.,https://recipe1.ezmember.co.kr/cache/recipe/2026/05/20/73b0ec11785889cbc0b97d6bef7a8c491.jpg?w=1000,아무나,4인분,20분 이내,,,,
6867166,https://www.10000recipe.com/recipe/6867166,이렇게 간단한 밑반찬도 없다! 파프리카된장무침,초간단 밑반찬 등장이요! 건강에도 맛도 좋은 파프리카된장무침♥ 세상의 모든 레시피 만개의레시피,https://recipe1.ezmember.co.kr/cache/recipe/2017/03/21/63729f059f926b02b41da077027cf4fb1.jpg,아무나,2인분,10분 이내,,,,
6869920,https://www.10000recipe.com/recipe/6869920,입맛돋궈주는 새콤아삭 콩나물냉채,새콤달콤 아삭아삭 입맛돋우는 반찬으로 정말 좋은 콩나물냉채! 콩나물 안좋아하는 아이들도 순식간에 먹어치운답니다^^,https://recipe1.ezmember.co.kr/cache/recipe/2017/05/17/9c3fc6294e806a881c5ca369f30a9c601.jpg,아무나,4인분,15분 이내,,,,
7062176,https://www.10000recipe.com/recipe/7062176,건강하고 맛있는 ‘브로콜리 에그마요 샐러드’,"브로콜리 싫어하는 아이도, 다이어트 식단이 질리고, 클린식 먹고싶은 어른도 쉽고 맛있게 즐길 수 있는 브로콜리 달걀 베이컨 샐러드 입니다 ო̤̫",https://recipe1.ezmember.co.kr/cache/recipe/2025/09/14/0b9e115e222961f46c413f076aee49801.jpg?w=1000,아무나,2인분,20분 이내,,,,
6917129,https://www.10000recipe.com/recipe/6917129,백종원표 :: 참치감자조림,백종원님이 백주부로 활동하실때 알려주신 참치감자조림을 만들어봤어요,https://recipe1.ezmember.co.kr/cache/recipe/2019/08/08/99716f84bfb62866190694c01dd775831.jpg,아무나,2인분,30분 이내,,,,
6829454,https://www.10000recipe.com/recipe/6829454,버섯 샐러드(파사파사 샐러드),데리야끼 소스에 조린 버섯에 발사믹 드레싱을 곁들이는 파사파사 샐러드 만들어봤어요.,https://recipe1.ezmember.co.kr/cache/recipe/2015/06/28/07db9f7d23410e2abdc32599f60f0b211.jpg,초급,2인분,15분 이내,,,,
6870648,https://www.10000recipe.com/recipe/6870648,한 입에 먹기 좋은 - 참치쌈장 / 깻잎쌈밥,든든하게 빨리 먹을 수 있는 음식이 뭐가 있을까 하다가 하나씩 쏙쏙 먹을 수 있는 깻잎 쌈밥 당첨!! ㅎㅎ 하나씩 간단하게 먹을 수 있어서 도시락 메뉴로도 추천합니다 :),https://recipe1.ezmember.co.kr/cache/recipe/2017/06/01/ee30a7e6152c1a2ef13528181bab4dec1.jpg,아무나,2인분,30분 이내,,,,
6979678,https://www.10000recipe.com/recipe/6979678,쫄깃한 닭다리살로 오야꼬동(일본식 닭고기 덮밥) 만들기!,쫄깃한 닭다리살로 오야꼬동 만드는 법 어렵지 않아요~! 레시피는 2인분 기준이니 1인분 만드시는 분은 재료들의 양을 조절해서 만들어주세요:),https://recipe1.ezmember.co.kr/cache/recipe/2022/05/19/8440c6769a72084d0da82386fd9cffcf1.jpg?w=1000,초급,2인분,15분 이내,,,,
6840267,https://www.10000recipe.com/recipe/6840267,베이컨채소말이,간단한 술안주로도 좋고 아이들반찬으로도 좋은 베이컨채소말이입니다. 재료만 준비하면 후다닥 만들수 있어요~,https://recipe1.ezmember.co.kr/cache/recipe/2015/12/18/f67deb1b7886fc19e7b699b798d839601.jpg?w=1000,초급,4인분,30분 이내,,,,
6887489,https://www.10000recipe.com/recipe/6887489,크림 새송이 / 오늘도 고생한 나에게#24 [ 심야레시피 ],"*영상을 꼭 참고해주세요 오늘은 백종원크림새우 소스로 크림새송이를 만들어보았어요 집에서 있는 마요네즈, 설탕, 식초로 간단히 소스를 만들 수 있어요 물론 맛도 보장입니다~! ㅎㅎ",https://recipe1.ezmember.co.kr/cache/recipe/2018/04/18/4d0ccf58e6c23abfaa5c4bcdce3792ea1.jpg?w=1000,아무나,2인분,15분 이내,,,,
6884578,https://www.10000recipe.com/recipe/6884578,"만두볶음밥 만들기, 간단한 한 끼 식사로 제격 ~",오늘은 간단한 한 끼 식사로 딱 좋은 만두 볶음밥을 만들어보았어요.,https://recipe1.ezmember.co.kr/cache/recipe/2018/02/26/a291ca97e43f3c607d18b9caa4154e7c1.jpg,아무나,1인분,10분 이내,,,,
6924603,https://www.10000recipe.com/recipe/6924603,두부 강정..,먹다 남은 두부가 남아서 아이들 입맛에 맞는 강정을 만들어 봤어요~,https://recipe1.ezmember.co.kr/cache/recipe/2020/01/06/a6982dc681504f77addaf7a7664f4bfa1.jpg,아무나,3인분,30분 이내,,,,
6895214,https://www.10000recipe.com/recipe/6895214,달콤 바삭 캬라멜 식빵팝콘 만들기,식빵으로 만드는 달달하고 바삭바삭한 캬라멜 팝콘을 만들어보려고합니다~~~!!!♡♡♡ 만드는법도 정말 간단하고 남녀노소 누구나 좋아할 주전부리인데요~ 달콤한 캬라멜소스와 바삭바삭한 식빵의 조화가 정말로 환상적인 팝콘이랍니당~~~!!!♡♡♡ 아이들 간식으로도 정말 강추드려용♡♡♡ 다함께 만들어보실까용~~~???,https://recipe1.ezmember.co.kr/cache/recipe/2018/09/03/a1484790f7ca9f7854d9ef470a14ef021.jpg?w=1000,아무나,2인분,30분 이내,,,,
6873881,https://www.10000recipe.com/recipe/6873881,이거 된장으로 만든거 맞음?존맛ㅠㅠ 된장삼겹살덮밥,와..고기 야들야들한거봐.. 오늘 누울 자리는 여기다ㅠㅠㅠㅠ 세상의 모든 레시피 만개의레시피,https://recipe1.ezmember.co.kr/cache/recipe/2017/08/01/5f738e264f2d0ca3ddffc749071460c91.png,초급,1인분,30분 이내,,,,
6973460,https://www.10000recipe.com/recipe/6973460,[버섯볶음두부면] 고소~하고 맛있는 다이어트,두부면으로 만들면 맛없다구요? NONONO 꼬소~하고 담백해서 맛있는 요리에요 초간단하고 든든해서 다이어트에 좋아요,https://recipe1.ezmember.co.kr/cache/recipe/2022/01/25/353be4e54dc92b95bae9057dba02347b1.jpg?w=1000,초급,1인분,10분 이내,,,,
6887398,https://www.10000recipe.com/recipe/6887398,아삭아삭 식감이 살아있는 소고기오이볶음(아이도 먹기 좋은 밑반찬),"아이 밑반찬이나 밥에 비벼먹어도 좋은 아삭한 식감이 살아있는 소고기오이볶음이에요. 도시락 반찬으로도 좋고요. 아삭하고 단짠의 맛이 좋은 밑반찬, 밥반찬이에요.",https://recipe1.ezmember.co.kr/cache/recipe/2018/04/16/02a9fed3d290a18c6ad4dcfd3a29a9431.jpg,초급,2인분,60분 이내,,,,
6872491,https://www.10000recipe.com/recipe/6872491,[간단 자취요리] 콘치즈가 고로케 속에! 콘치즈 고로케 만들기,"안녕하세요 여러분!!! 오늘은 콘치즈 고로케를 만들어 봤어요! 맛은 당연히 상상이 가시죠?... 그렇습니다. 너무 맛있어요 :D 원래 재료가 겹치는건 연속으로 안올리려고 하는데, 화요일에 올렸던 콘꼬노미야끼 만드셨던 분이 있다면 분명 콘이 남으셨을 것 같아서 연결해서 올려요!!",https://recipe1.ezmember.co.kr/cache/recipe/2017/07/10/63eab9e7501e5c36db6c26ea8a93aa7f1.jpg?w=1000,초급,2인분,30분 이내,,,,
6900682,https://www.10000recipe.com/recipe/6900682,베이컨치즈밥말이로 도시락 뚝딱뚝딱,맛있는 밥을 치즈와 베이컨으로 돌돌말아서 도시락안에 넣으면 식어도 맛있는 베이컨치즈밥말이 완성! 세상의 모든 레시피 만개의레시피,https://recipe1.ezmember.co.kr/cache/recipe/2018/11/23/7f7d4eb5fb2862601b6743d3ab62b27b1.png?w=1000,초급,1인분,10분 이내,,,,
6911508,https://www.10000recipe.com/recipe/6911508,에어프라이어로 계피향 솔솔 바삭한 식빵 츄러스 만들기,평소 길거리에서 파는 츄러스 참 좋아하는데요.오늘은 에어프라이어로 계피향 솔솔 나는 초간단 간식 식빵츄러스 만드는 방법 소개할께요,https://recipe1.ezmember.co.kr/cache/recipe/2019/05/02/07692128294ab6920ef8c207ec3a15ae1.jpg,아무나,2인분,10분 이내,,,,
6828931,https://www.10000recipe.com/recipe/6828931,일본풍 가지덮밥,가지를 구워서 간장소스에 졸인 가지덮밥 만들기,https://recipe1.ezmember.co.kr/cache/recipe/2015/06/15/58e91146070dace05c5a8cae64a352961.jpg,초급,1인분,15분 이내,,,,
6909296,https://www.10000recipe.com/recipe/6909296,애호박 덮밥 초간단 한그릇요리,진짜 간편하고 초스피드로 완성되는 애호박 요리중 내가 애정하는 덮밥메뉴~ 달근하고 칼칼한 맛에 한끼를 또 맛나게 ^^,https://recipe1.ezmember.co.kr/cache/recipe/2019/03/27/fde45351a299011b596c835198935b2b1.jpg,초급,2인분,15분 이내,,,,
6865288,https://www.10000recipe.com/recipe/6865288,구수한~ 두부된장미역국,딱히 국거리가 없어 씽크대 식재료 칸에서 마트에서 사다 넣어 둔 자른 건미역으로 미역국을 끓였습니다. 미역국도 함께 넣고 끓일 짝꿍이 필요 하기에 미역과 궁합이 그리도 좋다는 두부를 넣고 된장 미역국으로 끓였네요.,https://recipe1.ezmember.co.kr/cache/recipe/2017/02/14/55f89a518f12ddb4beb0dc8973fd2ad41.jpg,아무나,2인분,30분 이내,,,,
7073283,https://www.10000recipe.com/recipe/7073283,양배추로 식감 살린 훈제오리볶음,아삭아삭 양배추를 더해 식감도 영양도 UP,https://recipe1.ezmember.co.kr/cache/recipe/2026/03/19/38aae96fc5c55d9b2a9f764d3b6b3f521.jpg?w=1000,초급,3인분,20분 이내,,,,
4095068,https://www.10000recipe.com/recipe/4095068,점보점보점보 점보 슈,입맛에 맞춰 만들 수 있다는 홈베이킹의 장점을 살려 속은 커스터드 크림으로만 채우지 않고 생크림과 커스터드 크림을 섞은 디프로매트 크림을 넣었답니다.,https://recipe1.ezmember.co.kr/cache/recipe/2015/04/20/6b7f645a6fe1f31db6ab3614b6f9ccb01.jpg,,중급,,,,,
6894890,https://www.10000recipe.com/recipe/6894890,담백한 두부스테이크 만들기!고기없이도 맛있는 다이어트 요리,오늘은 고기 '1'도 안들어갔지만 스테이크 먹는 기분을 내주는 건강요리 두부스테이크를 만들어 봤어요.다이어트 중인데 고기 땡기신다면 두부 스테이크 추천 드립니다!,https://recipe1.ezmember.co.kr/cache/recipe/2018/08/28/93692ef1c4086671d14840c630d69ac81.jpg,초급,2인분,30분 이내,,,,
6891934,https://www.10000recipe.com/recipe/6891934,오이롤초밥 손님초대요리로 굿이네:),한입 크기로 먹기 편한 손님초대요리~,https://recipe1.ezmember.co.kr/cache/recipe/2018/07/02/2d0f2605b4f1d9964f4b59d356f6ee3f1.jpg?w=1000,초급,2인분,10분 이내,,,,
6894818,https://www.10000recipe.com/recipe/6894818,"연중제철재료/ 달콤한 가득한 ""단호박채전""♪","연중제철인 단호박!! 보통은 편하게 전자렌지에 쪄서 먹곤 하는데요~ 채썰어서 부침개로 만들어봤더니 특유의 달콤함이 제대로 살아서 완전 맛있더라구요, 간단하게 만들어 볼까요~",https://recipe1.ezmember.co.kr/cache/recipe/2018/08/27/e145df207cb1ccba313d9bb178d2fd121.jpg,아무나,4인분,30분 이내,,,,
6881286,https://www.10000recipe.com/recipe/6881286,애호박 덮밥 혼밥으로 딱 좋아~,오늘은 반찬 하기 참 귀찮던 날... 퇴근하고 돌아온 남편을 위한 혼밥 메뉴로 애호박 덥밥을 만들어 준다 간단하지만 매콤한게 참 맛있고 다른 반찬이 전혀 필요 없는 메뉴이다 애호박 덮밥 한 그릇을 어찌나 잘 먹던지 보는 나도 침이 꼴깍~^^,https://recipe1.ezmember.co.kr/cache/recipe/2017/12/22/56993edf12428d8e63e6139e341fc6ae1.jpg,아무나,2인분,15분 이내,,,,
6961281,https://www.10000recipe.com/recipe/6961281,모카크림을 빵빵하게 채운 카페모카쿠키슈,홈런볼반죽으로 만드는 쿠키슈! 초코쿠키 반죽을 덮어 빵빵하게 구워주세요! 어려울 것만 같은 슈반죽! 따라하면 꺼지지 않는 쿠키슈를 만들 수 있어요! 세상의모든레시피 만개의레시피,https://recipe1.ezmember.co.kr/cache/recipe/2021/07/06/69643d2c4ce995d5fb5ad7d0c4610e7e1.jpg?w=1000,초급,6인분 이상,90분 이내,,,,
6902125,https://www.10000recipe.com/recipe/6902125,우유달걀카레 - 아침식사 거르지마세요. 초간단 15분요리,"오늘은 조금 생소할 수 있는 조합인데요. 우유달걀카레를 만들어봤습니다. 우리가 흔히 집에서 먹는 카레는 감자,당근,양파,고기를 넣고 만들잖아요. 이번에 알려드릴 레시피는 이런거 다 필요 없이 우유, 달걀, 양파, 햄으로 15분만에 만드는 초간단 카레입니다. 카레가 재료들을 볶고, 익혀야되서 만드는데 은근 오래 걸리는데요. 이 레시피는 정말 간단하게 만들 수 있는 요리라서 아침을 드시는 분들이라면 아침 메뉴로 너무 좋을것 같습니다. 사실 아무때나 좋긴한데 우유와 달걀이 들어가서 카레가 정말 부드럽고, 또 빨리 만들 수 있어서 더 좋을거 같습니다.",https://recipe1.ezmember.co.kr/cache/recipe/2018/12/16/8d523c42974f8f5d5d7fd79bbab908e61.jpg?w=1000,아무나,1인분,15분 이내,,,,
6906406,https://www.10000recipe.com/recipe/6906406,가지 그라탱 / eggplant Gratain,가지를 싫어하는 아이도 맛있게 먹을 수 있는 요리입니다 가지를 색다르게 먹어보세요~ 본 게시물은 저작권 보호를 받고 있습니다. 저작자의 사전 동의 없이 이미지 및 문구의 무단 도용 및 복제를 금합니다. 무단으로 사용할 경우 법적 책임을 질 수도 있습니다. This post is copyright protected. Unauthorized theft and reproduction of images and phrases is prohibited without prior consent from the author. You may be liable for unauthorized use.,https://recipe1.ezmember.co.kr/cache/recipe/2019/02/12/83e8db5e07f138f58e1f9f47cbd51c8e1.jpg?w=1000,아무나,2인분,30분 이내,,,,
6987130,https://www.10000recipe.com/recipe/6987130,바삭바삭 당근 애호박채전 만드는 법,소금 간도 전체적으로 잘 배고 애호박과 당근의 달큼한 맛이 좋습니다. 집에 애호박과 당근이 있다면 한번 만들어보세요. 식어도 바삭바삭한 당근 애호박채전 만드는 법 알려드립니다.,https://recipe1.ezmember.co.kr/cache/recipe/2022/09/08/287091d9e5b191a9335d0411dac944be1.jpg,초급,1인분,30분 이내,,,,
6961293,https://www.10000recipe.com/recipe/6961293,오징어야채말이 만들기,오징어야채말이 만들기 / 쫄깃쫄깃한 오징어와 아삭아삭한 야채를 함께 즐겨보세요 | 올리브네 간단 레시피,https://recipe1.ezmember.co.kr/cache/recipe/2021/07/06/b7ee5b0a5c116337980ba990265a4fb11.jpg?w=1000,초급,3인분,30분 이내,,,,
6927930,https://www.10000recipe.com/recipe/6927930,대파막창 대신 대패삼겹살로 만든 대패대파구이 !!,"막창, 곱창대신 어렵지 않게 만들수 있는 대패대파구이! 대패삼겹살을 돌돌말아 대파의 향과 간장소스가 배인 오늘의 간단 레시피! 세상의 모든 레시피 만개의레시피",https://recipe1.ezmember.co.kr/cache/recipe/2020/03/05/9c8ad6595e61831e06df0507c50204351.jpg?w=1000,초급,2인분,15분 이내,,,,
6887130,https://www.10000recipe.com/recipe/6887130,마늘버터 새송이 / 오늘도 고생한 나에게#20 [ 심야레시피 ],*영상을 참고하고 만드시면 좋아요 오늘은 새송이버섯으로 간단히 만들 수 있는 요리에요 만들기도 쉽고 시간도 많이 안걸려서 밤에 간단히 먹기 딱이죠,https://recipe1.ezmember.co.kr/cache/recipe/2018/04/12/3cf049e1aa647c97fc139a16e2134f791.jpg?w=1000,아무나,1인분,10분 이내,,,,
7015045,https://www.10000recipe.com/recipe/7015045,국물까지 맛있는 계란두부조림레시피 저녁메뉴추천 뜨끈한 두부찌개 레시피,쌀쌀할때 뜨끈한 두부찌개 어떠세요?? 국물 자박하니 계란과 두부를 양념과 함께 듬뿍 떠서 밥에 슥슥 비벼 먹으면 밥 한공기 순삭입니다.,https://recipe1.ezmember.co.kr/cache/recipe/2023/12/04/cb14602d4d575c8633ab4145d3f12d651.jpg?w=1000,초급,4인분,15분 이내,,,,
7013169,https://www.10000recipe.com/recipe/7013169,순살 닭갈비 구이,닭 부위 중에 어떤 곳을 좋아하시나요? 저와 아이들은 닭다리살을! 신랑은 닭가슴살을 좋아해서 보통 저희를 중심으로ㅎㅎㅎㅎ닭다리살 요리를 많이 하는 편인데요~오늘도 그 일환으로 '닭다리살 고추장 구이' 를 만들어 보았답니다~!,https://recipe1.ezmember.co.kr/cache/recipe/2023/11/09/cbbc90d44559639249eb388871189e181.jpg,초급,4인분,60분 이내,,,,
7065350,https://www.10000recipe.com/recipe/7065350,169.동태전(2025.10.29),"한가위 앞두고 네 번째 전, 언제나 환영받는 명절전, 동태전 을 시작합니다^^",https://recipe1.ezmember.co.kr/cache/recipe/2025/10/24/63bbec977c519d1b0d4cbefa1ae76b8f1.jpg?w=1000,아무나,3인분,60분 이내,,,,
6888303,https://www.10000recipe.com/recipe/6888303,백종원 양파덮밥 간단하고 맛있는 한그릇요리,초간단 요리 양파덮밥 !,https://recipe1.ezmember.co.kr/cache/recipe/2018/05/04/ffa09dc859949865952eddb6da59390c1.jpg,아무나,2인분,15분 이내,,,,
6977514,https://www.10000recipe.com/recipe/6977514,"아기 반찬, 카레두부구이 레시피!","아기 반찬, 카레두부구이 레시피 입니다.",https://recipe1.ezmember.co.kr/cache/recipe/2022/04/08/687f302599e62f882cc8318febb584311.jpg?w=1000,아무나,2인분,15분 이내,,,,
4155883,https://www.10000recipe.com/recipe/4155883,참치깻잎밥전&참치깻잎치즈밥전,비오는날은 전이 생각나잖아요 오늘은 향긋한 깻잎과 참치와 밥을 섞어 다른반찬 필요없는 참치깻잎밥전을 소개합니다 밥전은 다른반찬이 필요없어 넘 좋더라구요~ 간단하게 한끼 먹기도 좋구요~,https://recipe1.ezmember.co.kr/cache/recipe/2015/07/02/48ed66513212528ed47b7c3352b100cc.jpg,초급,2인분,30분 이내,,,,
6907247,https://www.10000recipe.com/recipe/6907247,간단하지만 특별한 양파링전,"늘상 집에 있는 재료들로 간단하지만 특별하고 맛있는 달큰, 매콤, 고소한 양파링전을 만들어 봤습니다.도시락 반찬이나 갑자기 들어닦친 손님접대,술안주로도 좋습니다",https://recipe1.ezmember.co.kr/cache/recipe/2019/02/24/4637f591f940e54dcb117222b2988cc31.jpg?w=1000,아무나,2인분,10분 이내,,,,
6838790,https://www.10000recipe.com/recipe/6838790,스팸 두부김치,"엄마가 보내주신 소중한 김치 찬장에 쌓여있는 스팸 그리고 유통기한이 다 돼가는 두부 사연 있는 세 가지 재료의 만남! 만들기도 쉽고, 설거지도 접시 하나로 끝내는 한 그릇 음식, 스팸 두부김치 입니다.",https://recipe1.ezmember.co.kr/cache/recipe/2015/11/27/ae09aa66bcad93573f96279242ecfea91.jpg,초급,3인분,30분 이내,,,,
2342071,https://www.10000recipe.com/recipe/2342071,된장으로 무친 미나리 나물,미나리 향이 된장과 어우러져서 입맛 돋우는 담백하고 깔끔한 슬로우푸드 랍니다~,https://recipe1.ezmember.co.kr/cache/recipe/2015/08/04/a1ea017654d4b17fea252a122a79d714.jpg,아무나,2인분,15분 이내,,,,
6924404,https://www.10000recipe.com/recipe/6924404,치즈 아니라 요구르트로!!맛있는 치즈케익♡,치즈가 없어도 요구르트로 치즈케익 만들 수 있어요♡오븐 까지 10분~!! (하지만 식힌 후 몇시간 냉장고에 넣어둡이다^^;) 15cm사이즈♡,https://recipe1.ezmember.co.kr/cache/recipe/2019/12/29/0daf46c754fb530b9abb896a4523b9d61.jpg?w=1000,아무나,4인분,60분 이내,,,,
6856459,https://www.10000recipe.com/recipe/6856459,맛있는 반찬 단호박 견과류 조림~!,마트에서 단호박이 세일을 해서 하나에 2천 원에 득템했어요. 쪄서 먹거나 오리찜 해먹기는 했었는데 다르게 먹어볼 방법은 없나 인터넷을 뒤적뒤적~! 조림 반찬으로 이밥차 레시피를 발견~! 해놓으니 남편도 아이도 잘 먹어요~! 건강한 반찬으로 맛도 100점짜리예요~! 이밥차 레시피 따라 만들어 보았어요^^ 양념을 제가 맛보면서 가감했어요. 이밥차레시피는 호두를 넣었는데 저는 집에 있는 견과류를 넣었어요.,https://recipe1.ezmember.co.kr/cache/recipe/2016/09/05/fa6cf367b58cdfb43fc9efb55fc1b9c01.jpg,아무나,3인분,30분 이내,,,,
7044761,https://www.10000recipe.com/recipe/7044761,영양만점 참치 양파볶음 황금레시피,그냥 먹어도 맛있는 참치양파볶음 만들기 해 볼께요.,https://recipe1.ezmember.co.kr/cache/recipe/2025/02/13/be8f141413edd7b294403bbc3566b2a31.jpg,아무나,4인분,5분 이내,,,,
6930757,https://www.10000recipe.com/recipe/6930757,♥[신혼밥상] 구수한 배춧국,반찬이 없을 때 마땅한 국거리가 없을 땐 바로 이거지~ 구수한 된장국에 밥말아서 김치 올려~~ㅋ 초스피드하게 배불리 즐길 수 있는 밥상. 한그릇 뚝딱!! 밥도둑이 따로 없네요.,https://recipe1.ezmember.co.kr/cache/recipe/2020/04/15/33413c83716d69d9341039a2982792541.jpg?w=1000,초급,2인분,20분 이내,,,,
6985854,https://www.10000recipe.com/recipe/6985854,단짠의 조화! 아이들 반찬 !비엔나 소세지 감자조림!,여름반찬으로 감자요리 많이들 해먹잖아요! 감자로 만든 반찬은 자극이 없고 포슬포슬한 식감이 어른도 아이도 좋아합니다. 오늘은 아이들이 좋아하는 비엔나 소세지 넣은 감자조림입니다. 케첩으로 만든 쏘야도 맛있지만 달콤짭짤한 간장조림 어떠세요?,https://recipe1.ezmember.co.kr/cache/recipe/2022/08/17/f3319de47aa86c044a6fe42e8a2303541.jpg,초급,3인분,20분 이내,,,,
