external_recipe_id,step_order,description,image_url,heat_level,timer_seconds,tip
7073455,1,"감자 2개와 햄 150g을 준비합니다. 감자는 얇고 일정하게 채 썰어주고, 햄도 감자와 같은 두께로 썰어주세요.",https://recipe1.ezmember.co.kr/cache/recipe/2026/03/23/e8eb0f0618d1f2298af3ebb7ef8f36361.jpg,,,
7073455,2,채 썬 감자는 찬물에 10분 정도 담가 전분기를 제거해주세요. 전분기 뺀 감자는 물기를 충분히 빼주세요.,https://recipe1.ezmember.co.kr/cache/recipe/2026/03/23/2b2493854c85c0bf9174aeb29401dbc61.jpg,,600,
7073455,3,기름 없이 마른 팬에 감자를 먼저 넣고 살짝 볶아 수분을 날려준 후 오일을 넉넉히 두르고 감자를 중불에서 볶아주세요. 이때 감자가 타지 않게 계속 섞어주면서 볶는 게 포인트예요.,https://recipe1.ezmember.co.kr/cache/recipe/2026/03/23/a3c65ea6e69f85d06bba22e8c192493f1.jpg,중불,,
7073455,4,감자가 반 정도 익으면 소금으로 간을 해주세요. (약 1/2t) 그리고 햄을 넣고 함께 볶아주세요.,https://recipe1.ezmember.co.kr/cache/recipe/2026/03/23/7bb5c9dca8f85654e89b0d5216d953b71.jpg,,,
7073455,5,"감자가 모두 익으면 후추, 참기름, 깨소금으로 마무리해 주세요.",https://recipe1.ezmember.co.kr/cache/recipe/2026/03/23/ff4655c0f39192397d5eee7bb4e30bac1.jpg,,,
7073455,6,담백하면서 고소한 맛의 햄감자볶음 완성입니다.,https://recipe1.ezmember.co.kr/cache/recipe/2026/03/23/bbd44abc8ad7ad01dabe5a84f06415831.jpg,,,
7065887,1,재료 준비,https://recipe1.ezmember.co.kr/cache/recipe/2025/11/07/6824492aea00196adadc6e8add7d30751.jpg,,,
7065887,2,팽이버섯은 밑동을 잘라내고 흐르는 물에 가볍게 헹궈 한 입 크기로 썰어주세요. 대파는 송송 썰어 준비합니다.,https://recipe1.ezmember.co.kr/cache/recipe/2025/11/07/29d9a6de34b51c65c9cb42143d452e501.jpg,,,
7065887,3,팬에 식용유 1T를 넣고 버섯 넣어 가볍게 볶아 숨이 살짝 죽으면 파 기름을 내는 게 좋으시면 파 기름 먼저 내고 버섯 볶아주세요.,https://recipe1.ezmember.co.kr/cache/recipe/2025/11/07/a92ed9ab5da35fc85aee20e93a53423a1.jpg,,,
7065887,4,"재료를 한쪽으로 밀어주고 간장 1T, 굴소스 1T를 넣어 섞어준 후 버섯에 간이 배도록 볶아주세요.",https://recipe1.ezmember.co.kr/cache/recipe/2025/11/07/b52ed9699cdfae290d7557377da124401.jpg,,,
7065887,5,물 3T를 넣어 바글바글 끓여주시다가,https://recipe1.ezmember.co.kr/cache/recipe/2025/11/07/49a647ac4f24e48a063a1e9877266ba81.jpg,,,
7065887,6,가운데 계란 2개 넣어주고 불을 약약불로 줄인 다음에 뚜껑을 닫아 3~5분 익혀주세요.,https://recipe1.ezmember.co.kr/cache/recipe/2025/11/07/c9e953c6538b2eb125b724ce019d8c811.jpg,약불,300,
7065887,7,저는 반숙보다는 조금 익게 하여 5분 정도 익혀주었어요. 취향에 맞게 해주세요.,https://recipe1.ezmember.co.kr/cache/recipe/2025/11/07/a47dfb9989df4a30d225f6c4758a62701.jpg,,300,
7065887,8,그릇에 밥 한 공기를 펼쳐주시고 팽이버섯 계란 볶음을 살포시 덮어주세요. 대파를 올려주시고 고소하라고 참기름 1T 넣어주세요.,https://recipe1.ezmember.co.kr/cache/recipe/2025/11/07/84a207eda0cf7d23c4ff352548af59eb1.jpg,,,
7072605,1,두부는 흐르는 물에 쓱 헹군 다음에 5mm 정도 두께로 사각형 모양으로 썰어서 준비하면 되세요. (저는 큰 사이즈 두부를 사용하고 남은 두부로 만들었어요),https://recipe1.ezmember.co.kr/cache/recipe/2026/03/05/846627cc7fdb4af4a031c17bed074c211.jpg,,,
7072605,2,두부를 하나씩 펼쳐서 논 다음에 소금을 골고루 솔솔솔 뿌려주고 소금 간이 배이도록 10분 정도 그대로 둡니다.,https://recipe1.ezmember.co.kr/cache/recipe/2026/03/05/3254695dd4bc44ab83f69e08a39330601.jpg,,600,
7072605,3,"시간이 경과 후 키친타올로 두부의 윗부분을 살살 눌러서 물기를 닦아주고, 뒤집어서 두부의 반대편도 물기를 제거해주어야 들기름 두부구이를 만들때 기름이 튀지 않아요.",https://recipe1.ezmember.co.kr/cache/recipe/2026/03/05/8d75a21ed6f97f91df8979dfd5ed1c731.jpg,,,
7072605,4,후라이팬에 식용유 1큰술을 넣고 큰술: 밥 숟가락 기준,https://recipe1.ezmember.co.kr/cache/recipe/2026/03/05/b27ecb85c6aa4eb916d66c7fe41269b41.jpg,,,
7072605,5,두부를 넣은 다음에 두부 위에 들기름 2큰술 정도를 골고루 뿌려주고 가스불 중약불에 맞춰줍니다. 큰술: 밥 숟가락 기준,https://recipe1.ezmember.co.kr/cache/recipe/2026/03/05/666337cc2d0a93e68534a49584db4e1d1.jpg,약불,,
7072605,6,가스불 중약불에서 두부를 앞뒤로 노릇노릇하게 구운 다음에 가스불을 꺼 주세요.,https://recipe1.ezmember.co.kr/cache/recipe/2026/03/05/9484a48d668986168171842948af74c91.jpg,약불,,
7072605,7,"두부부침 양념장 레시피는 진간장 1.5큰술, 들기름 1큰술, 알룰로스 0.5큰술, 다진마늘 0.3큰술, 고춧가루 0.2큰술, 통깨를 넣고 골고루 섞어줍니다.",https://recipe1.ezmember.co.kr/cache/recipe/2026/03/05/0006e7a8c1dc99da54a8e4d73602c82a1.jpg,,,
7072605,8,접시에 두부를 빙~ 둘러서 담고 두부 가운데 부분에 두부부침 양념장을 올려주면 들기름 두부구이 완성이에요.,https://recipe1.ezmember.co.kr/cache/recipe/2026/03/05/691ace85f9d98554512facaadc542e221.jpg,,,
7073618,1,재료 손질 손질 오징어는 흐르는 물에 가볍게 헹궈 물기를 빼고 한입 크기로 썰어줍니다. 무는 나박하게 썰어 준비합니다. (박 실장개인취향 두께는 약 1cm입니다.) 대파는 송송 썰어 준비해 주세요.,https://recipe1.ezmember.co.kr/cache/recipe/2026/03/25/0d36e421953f1752da97397b27bce9341.jpg,,,
7073618,2,무 먼저 끓이기 냄비에 물 1.2L와 썰어둔 무를 먼저 넣고 센 불에서 끓입니다. 물이 끓어오르면 중불로 줄여 무가 투명하게 익을 때까지 5분 정도 충분히 끓여줍니다. 중불에서 은근하게 끓여야 무에서 시원한 맛이 충분히 우러나와 국물 맛이 깊어집니다.,https://recipe1.ezmember.co.kr/cache/recipe/2026/03/25/bfc54f82ff5d6b86fc8b6e29f860308d1.jpg,중불,300,
7073618,3,"양념 및 오징어 넣기 무가 투명하게 익으면 국간장 2큰술, 다진 마늘 1큰술, 코인 육수 1알을 넣습니다. 이어서 준비한 오징어를 넣어줍니다. 오징어는 오래 끓이면 질겨지므로 반드시 무가 다 익은 후반부에 넣는 것이 포인트입니다.",https://recipe1.ezmember.co.kr/cache/recipe/2026/03/25/f359c6d23c1632dc51c4d6d6694952021.jpg,,,
7073618,4,거품 제거 및 간하기 오징어를 넣으면 올라오는 불순물과 거품을 숟가락으로 깔끔하게 걷어내 줍니다. 오징어가 익어 불투명해지면 고춧가루 1큰술을 넣어 칼칼한 색을 냅니다. 부족한 간은 소금으로 맞추고 후추를 톡톡 뿌려 5분 정도 더 끓입니다.,https://recipe1.ezmember.co.kr/cache/recipe/2026/03/25/a33b0f941613d20048fcd0949dbcdd201.jpg,,300,
7073618,5,마무리 및 완성 송송 썰어둔 대파를 넣고 한소끔 더 끓여 마무리합니다.,https://recipe1.ezmember.co.kr/cache/recipe/2026/03/25/4e20a18440ba7bb8596322d2f47376b21.jpg,,,
7035406,1,"양배추는 채썰어 깨끗히 씻어 물기를 제거합니다. 도마 , 조리용나이프 , 볼 , 채반",https://recipe1.ezmember.co.kr/cache/recipe/2024/09/28/f1512e3322f3e483d9715cf2be92dce81.jpg?w=1000,,,
7035406,2,"볼에 채썬 양배추2줌, 계란2개,소금2꼬집,후추 톡톡 넣고 밑간합니다. 볼 , 요리젓가락",https://recipe1.ezmember.co.kr/cache/recipe/2024/09/28/c540cb7de1291a2c0a723074cf13afe11.jpg?w=1000,,,
7035406,3,잘 섞어 양배추 반죽을 만들어줍니다.,https://recipe1.ezmember.co.kr/cache/recipe/2024/09/28/9761fb17de23a2efd8f511878c809a401.jpg?w=1000,,,
7035406,4,예열된 팬에 오일 두르고 중약불에서 양배추 반죽을 올립니다. 프라이팬,https://recipe1.ezmember.co.kr/cache/recipe/2024/09/28/c4529534581ddd3b4ddc435fd6f685df1.jpg?w=1000,약불,,
7035406,5,아랫면이 익으면 뒤집어줍니다. 뒤집개,https://recipe1.ezmember.co.kr/cache/recipe/2024/09/28/b5b3757507e813b14e4ca35d495dd9831.jpg?w=1000,,,
7035406,6,모짜렐라치즈를 올립니다.,https://recipe1.ezmember.co.kr/cache/recipe/2024/09/28/74ee230b3852657c661c834302d496161.jpg?w=1000,,,
7035406,7,"반으로 접어 앞,뒤로 노릇 노릇 구워주면 양배추 오믈 렛 완성입니다.",https://recipe1.ezmember.co.kr/cache/recipe/2024/09/28/c7ca66160a97dcb26b2651796cfdc2a01.jpg?w=1000,,,
7035406,8,접시에 두툼한 양배추 오믈 렛 담고 스리라차 소스 뿌려 마무리합니다.소스는 취향에 따라 준비합니다. 접시,https://recipe1.ezmember.co.kr/cache/recipe/2024/09/28/ed491ab1098167c0b8237b95b3c168371.jpg?w=1000,,,
7035406,9,쭉~늘어나는 치즈로 먹는 재미도 있어요.,https://recipe1.ezmember.co.kr/cache/recipe/2024/09/28/a79bc8e3857f32fee53833580109a6671.jpg?w=1000,,,
7035406,10,"계란,치즈의 고소함과 아삭한 양배추가 듬뿍 들어 푸짐하고 든든해요.",https://recipe1.ezmember.co.kr/cache/recipe/2024/09/28/0ac4e55fbce22d91962f97e1b88dc8cc1.jpg?w=1000,,,
7073764,1,숙주나물 한 봉지를 준비해서 흐르는 물로 가볍게 씻어준 뒤 체반에 받쳐 물기를 제거합니다.,https://recipe1.ezmember.co.kr/cache/recipe/2026/03/28/eb62305f2c008559442fa3b57fd88f371.jpg,,,
7073764,2,숙주나물 무침에 같이 들어갈 대파는 작게 쫑쫑 썰어주세요,https://recipe1.ezmember.co.kr/cache/recipe/2026/03/28/a2bc98666aa9b14d26502b2645cf3aa61.jpg,,,
7073764,3,냄비에 물을 800ml 정도 넣고 소금을 한 꼬집 넣은 다음 팔팔 끓으면 손질해둔 숙주나물을 모두 넣어줍니다.,https://recipe1.ezmember.co.kr/cache/recipe/2026/03/28/d07d385d81b2594aa789996e0b7859831.jpg,,,
7073764,4,너무 오래 데치면 아삭한 식감이 덜해지니 30초 정도만 빠르게 데쳐내 주세요,https://recipe1.ezmember.co.kr/cache/recipe/2026/03/28/96e67494d588315e90847ac01ed05ad61.jpg,,30,
7073764,5,데쳐낸 숙주나물을 차가운 물에 빠르게 헹궈준 뒤 체반에 받쳐 물기를 제거합니다.,https://recipe1.ezmember.co.kr/cache/recipe/2026/03/28/799b5745085c250a1f18cbb6da2a57e71.jpg,,,
7073764,6,"볼에 데친 숙주나물을 담고 썰어둔 대파와 함께 다진 마늘 1t, 국간장 2t, 참기름 1t, 통깨 1t를 양념장으로 넣어주세요",https://recipe1.ezmember.co.kr/cache/recipe/2026/03/28/5ce573f1b8b0ed279c2d0b0bc83529ba1.jpg,,,
7073764,7,양념장과 숙주나물이 잘 어우러지도록 손으로 조물조물 무쳐주면서 사이사이에 양념이 잘 배어들면 아삭한 숙주나물 무침이 완성입니다^^,https://recipe1.ezmember.co.kr/cache/recipe/2026/03/28/b94d6b19783f925e056df0116a4cd75d1.jpg,,,
7018465,1,"새송이 버섯 밑둥을 잘라주시고 흐르는 물에 씻어주세요. 버섯은 너무 두껍지 않게 대략 2cm 정도 세로로 잘라주세요! 도마 , 조리용나이프",https://recipe1.ezmember.co.kr/cache/recipe/2024/01/23/0742184998276564a12d2d6d02236a4c1.jpg?w=1000,,,
7018465,2,"다음으로는 양념장을 만들어 줄건데요 다진마늘 1T,올리고당2T, 간장 5T,참기름 1T,쪽파2T, 물 2T을 넣고 잘 섞어주세요 소스볼 , 숟가락",https://recipe1.ezmember.co.kr/cache/recipe/2024/01/24/53aa2f4f03ad8cf5af6084fd4532607b1.jpg,,,
7018465,3,"중약불로 팬을 달궈주신 후 팬에 열이 오르면 버터 1조각을 녹여주세요 프라이팬 , 요리집게",https://recipe1.ezmember.co.kr/cache/recipe/2024/01/24/5f4bfe62cc84b00b5e4c6def50c4f7d31.jpg?w=1000,약불,,
7018465,4,버터가 다 녹으면 팬에 새송이 버섯을 올려 중약불에서 천천히 앞뒤 노릇하게 구워주셔야 고기처럼 쫄깃해져요!,https://recipe1.ezmember.co.kr/cache/recipe/2024/01/24/e35efd33b31e5abb2ae9dbd040ef37c61.jpg?w=1000,약불,,
7018465,5,노릇해진 새송이 버섯에 아까 만들어둔 양념장을 전부 부어 졸여주세요 불의 세기는 계속 중약불로 유지해주셔야해요 요리스푼,https://recipe1.ezmember.co.kr/cache/recipe/2024/01/24/30afeae88f1eca337d396d3fbf324c381.jpg?w=1000,약불,,
7018465,6,이렇게 양념이 졸여지면 불을 꺼주세요,https://recipe1.ezmember.co.kr/cache/recipe/2024/01/24/553510878a8b785cd5c6e705908705601.jpg?w=1000,,,
7018465,7,이렇게 하면 맛있는 간장버터 새송이버섯 구이 완성입니다! 플레이팅접시,https://recipe1.ezmember.co.kr/cache/recipe/2024/01/24/7be10fd6bdea73f77a5a639bdc7e68da1.jpg?w=1000,,,
7070463,1,파프리카는 채썰어서 준비해주세요,https://recipe1.ezmember.co.kr/cache/recipe/2026/01/26/eee92be52ff465675177c350230f4cad1.jpg,,,
7070463,2,쪽파는 잘게 썰어주세요,https://recipe1.ezmember.co.kr/cache/recipe/2026/01/26/5ccdb7c40f9286301bc9cb84474d9b6a1.jpg,,,
7070463,3,"양념재료 넣고 섞어주세요 (고춧가루, 설탕, 액젓, 올리브유, 다진마늘)",https://recipe1.ezmember.co.kr/cache/recipe/2026/01/26/fdef24b457bcd6e130ee1177c0728f211.jpg,,,
7070463,4,쪽파와 파프리카 넣고 무쳐주세요,https://recipe1.ezmember.co.kr/cache/recipe/2026/01/26/93f6811617458e619526e601befe76871.jpg,,,
7070463,5,파프리카즙이 나오면서 양념이잘 어울어져서 정말 맛있는데 올리브유 살짝 넣어준게 킥이라 느끼할꺼 같지미나 조금 매운맛이 중화되는거 같은면서 훨씬더 맛이 좋아요,https://recipe1.ezmember.co.kr/cache/recipe/2026/01/26/bd75eeb8c2af47b60361c3c565a5614b1.jpg,,,
7022775,1,"시금치는 뿌리를 잘라 낸 후 한잎한잎 떼어서 찬물에 흔들어 가면서 씻어 흙과 불순물을 제거 해 준다 믹싱볼 , 채반 , 조리용나이프 시금치 손질법 레시피",https://recipe1.ezmember.co.kr/cache/recipe/2024/03/22/02f2106d921de38d198f0652a9dcef6c1.jpg,,,
7022775,2,냄비에 물을 넉넉히 붓고 소금 1스푼을 넣은 후 끓여준다 냄비 센불,https://recipe1.ezmember.co.kr/cache/recipe/2024/03/22/246ed2797b828692da2391fec91cd8af1.jpg,강불,,
7022775,3,물이 끓으면 씻은 시금치를 넣고 약 40초 가량 데쳐준다 센불,https://recipe1.ezmember.co.kr/cache/recipe/2024/03/22/469be28aa8f3c78a63155146b270631e1.jpg,강불,40,
7022775,4,데친 시금치는 찬물에 헹구어 준다,https://recipe1.ezmember.co.kr/cache/recipe/2024/03/22/c255cac38ba3aec22003f45f5670d72e1.jpg,,,
7022775,5,"대파는 길이로 반으로 자른 후 잘게 썰어준다 도마 , 조리용나이프",https://recipe1.ezmember.co.kr/cache/recipe/2024/03/22/14bcb0367798a73f508d49a66eb789d31.jpg,,,
7022775,6,볼에 시금치를 꼭 짜서 담아준다,https://recipe1.ezmember.co.kr/cache/recipe/2024/03/22/e1a0e1f9c047227d1027f7f078e906801.jpg,,,
7022775,7,"무침 양념을 모두 넣어준다 믹싱볼 , 조리용스푼",https://recipe1.ezmember.co.kr/cache/recipe/2024/03/22/8652d20735e27d7ba66542ea1c5854541.jpg,,,
7022775,8,조물조물 양념과 시금치가 고루 섞이 도록 무쳐준다,https://recipe1.ezmember.co.kr/cache/recipe/2024/03/22/86f1c55a7874470396689277b0f7bbd11.jpg,,,
6984517,1,감자는 깍뚝 썰어 2분 데쳐주세요 강불,,강불,120,
6984517,2,스팸은 깍둑 썰어 팬에 노릇하게 구워줍니다,,,,
6984517,3,"삶은 감자,다진마늘1스푼을 넣어 살짝 볶아주세요 중약불",,약불,,
6984517,4,"물120ml,진간장4스푼,설탕 4스푼,후추 조금을 넣고 뚜껑을 닫아 2분 끓여줍니다",,,120,
6984517,5,국물이 줄때까지 졸이다가 올리고당 1스푼을 넣고 잘 섞어 마저 졸여주시면 끝!^^,,,,
7073279,1,새송이 버섯을 준비해요.,https://recipe1.ezmember.co.kr/cache/recipe/2026/03/19/c5d003ef2e5b5d6f72e57798641dd4641.jpg,,,
7073279,2,새송이버섯은 밑동을 살짝 정리 해요.,https://recipe1.ezmember.co.kr/cache/recipe/2026/03/19/c7bbbdd3476cff21713d5e9950b66d3f1.jpg,,,
7073279,3,0.5cm 정도 두께로 옆으로 썰어 모양을 살려 준비합니다. 이렇게 썰면 구웠을 때 버섯 결이 살아 식감이 좋아요.,https://recipe1.ezmember.co.kr/cache/recipe/2026/03/19/1d2bbed104bcf5de32a09168855c9e831.jpg,,,
7073279,4,"진간장 1큰술, 참기름 3큰술 을 넣어 가볍게 버무려 밑간용 유장을 만들어요.",https://recipe1.ezmember.co.kr/cache/recipe/2026/03/19/7d482278ba525902480f0dbc2004a29d1.jpg,,,
7073279,5,새송이버섯을 밑간을 합니다.,https://recipe1.ezmember.co.kr/cache/recipe/2026/03/19/09b5a8afa275765afb1fa482b99b9b6b1.jpg,,,
7073279,6,"볼에 고춧가루 1큰술, 진간장 1큰술, 고추장 1큰술, 참기름 1큰술, 물엿 1큰술을 넣고 잘 섞어 매콤 달콤한 양념장 을 만들어 주세요.",https://recipe1.ezmember.co.kr/cache/recipe/2026/03/19/76846ce10db25f83d608d746da2f46b81.jpg,,,
7073279,7,마른 팬을 중불로 달군 뒤 밑간한 새송이버섯을 올려 천천히 익혀줍니다.,https://recipe1.ezmember.co.kr/cache/recipe/2026/03/19/6c9955f7ee93d73da3674fe85d09cf8b1.jpg,중불,,
7073279,8,버섯이 노릇해지기 시작하면 준비한 양념장을 앞면에 발라 구워주세요.,https://recipe1.ezmember.co.kr/cache/recipe/2026/03/19/fbf7e94bb9214685937fe179cc47f7ab1.jpg,,,
7073279,9,실리콘솔로 양념을 발라주면 편리해요.,https://recipe1.ezmember.co.kr/cache/recipe/2026/03/19/7d1a0f60353951a191caa36ce8be9adc1.jpg,,,
7073279,10,버섯을 뒤집은 뒤 반대쪽에도 양념장 을 발라 살짝 더 구워줍니다.,https://recipe1.ezmember.co.kr/cache/recipe/2026/03/19/df31c113dec40043798dac1dafa2fa1c1.jpg,,,
7073279,11,먹음직스럽죠?,https://recipe1.ezmember.co.kr/cache/recipe/2026/03/19/311878b4ddef73eaf89718d0957ac8461.jpg,,,
7073279,12,재료가 간단해서 좋은 레시피 입니다.,https://recipe1.ezmember.co.kr/cache/recipe/2026/03/19/bf67c431d2f6128f205577c72713bcca1.jpg,,,
7073279,13,마지막으로 통깨와 검은깨를 뿌려 마무리하면 완성입니다. 새송이버섯 매콤 구이 완성!,https://recipe1.ezmember.co.kr/cache/recipe/2026/03/19/7f667b09441ffa53050ddf2f9a462c031.jpg,,,
7073279,14,맛 표현 한입 먹으면 새송이버섯 특유의 쫄깃한 식감이 살아 있고 참기름의 고소함에 매콤달콤한 양념이 입맛을 확 살려 줍니다. 버섯이지만 마치 매콤한 버섯 스테이크 처럼 느껴지는 맛이라 밥 위에 올려 먹어도 정말 맛있는 반찬이에요.,https://recipe1.ezmember.co.kr/cache/recipe/2026/03/19/bb82dc79591e1f19e8044586073854831.jpg,,,
7009944,1,"볼에 된장 양념을 모두 넣고 골고루 섞어준다 믹싱볼 , 숟가락",https://recipe1.ezmember.co.kr/cache/recipe/2023/09/15/34ac994714af1b9a10e33acefcc671441.jpg,,,
7009944,2,"오이고추는 깨끗하게 씻어 꼭지를 떼어 낸 후 한 입 크기로 썰어준다 도마 , 조리용나이프",https://recipe1.ezmember.co.kr/cache/recipe/2023/09/15/a5c02521f0de228ef02e56a5f6c5f6f41.jpg,,,
7009944,3,잘 섞어 놓은 된장 양념에 오이고추를 모두 넣어준다,https://recipe1.ezmember.co.kr/cache/recipe/2023/09/15/bfbe3233f2f49619072094c2081b97221.jpg,,,
7009944,4,수저로 저어가면서 고루 무쳐준다,https://recipe1.ezmember.co.kr/cache/recipe/2023/09/15/c569686692749d8879a3570b76f48fa31.jpg,,,
6989690,1,비엔나소세지는 먹기좋게 반잘라주거나 칼집내서 준비해주세요.,https://recipe1.ezmember.co.kr/cache/recipe/2022/10/15/b50f5a49e14b828919c81393991f34381.jpg?w=1000,,,
6989690,2,양파 반개도 한입크기로잘라줍니다.,https://recipe1.ezmember.co.kr/cache/recipe/2022/10/15/a76a4171179906679e377649bd6bbf4a1.jpg?w=1000,,,
6989690,3,팬에 기름을 조금 두르고 소세지와 양파를 볶아줍니다.,https://recipe1.ezmember.co.kr/cache/recipe/2022/10/15/9f11cd905135b0f13e3c625feb4585e91.jpg?w=1000,,,
6989690,4,양파가 투명해지면 굴소스 0.5T를 넣어줍니다.,https://recipe1.ezmember.co.kr/cache/recipe/2022/10/15/a42558a07457c65dbee3761fa558a9141.jpg?w=1000,,,
6989690,5,그리고 올리고당도 1T넣어줍니다.,https://recipe1.ezmember.co.kr/cache/recipe/2022/10/15/008bdf4c4ea66680fec2535fdafbc45b1.jpg?w=1000,,,
6989690,6,참기름도 1T넣어주고,https://recipe1.ezmember.co.kr/cache/recipe/2022/10/15/52c943d4cf34817930f7f239104add831.jpg?w=1000,,,
6989690,7,통깨 넉넉하게 뿌려서 잘섞어주면 완성입니다.,https://recipe1.ezmember.co.kr/cache/recipe/2022/10/15/09f7a153eaced6b65cb200c52cbad79e1.jpg?w=1000,,,
6989690,8,접시에 담아서 맛있게드세요.,https://recipe1.ezmember.co.kr/cache/recipe/2022/10/15/e6c21f069966e3ff75a8e26cf58e0a2f1.jpg?w=1000,,,
6993517,1,새송이버섯은 길게 편 썰어 주세요,https://recipe1.ezmember.co.kr/cache/recipe/2022/12/09/ad33ab7f4682a1c0138213181d945d0b1.jpg?w=1000,,,
6993517,2,팬을 달군 후 버터 20그램을 녹여줍니다,https://recipe1.ezmember.co.kr/cache/recipe/2022/12/09/3b88c96acd31b255b9946cf360fba84e1.jpg?w=1000,,,
6993517,3,버터가 녹으면 새송이 버섯을 넣어서 볶아 주세요,https://recipe1.ezmember.co.kr/cache/recipe/2022/12/09/c94deee7010bbe8dd5b8e59b694598c31.jpg?w=1000,,,
6993517,4,버섯이 반쯤 익었을 때 간을 해 줍니다. 굴소스 1스푼 넣어줍니다,https://recipe1.ezmember.co.kr/cache/recipe/2022/12/09/71a2502d0517c9e24c2ee30ef183ccb71.jpg?w=1000,,,
6993517,5,진간장도 0.5T 넣어 줍니다,https://recipe1.ezmember.co.kr/cache/recipe/2022/12/09/8daa5b7748c55c1d832e144a9af0cb1c1.jpg?w=1000,,,
6993517,6,통깨도 넣어서 섞어 줍니다,https://recipe1.ezmember.co.kr/cache/recipe/2022/12/09/d7d056ce324fce426dbfdf03798432791.jpg?w=1000,,,
6993517,7,미니 새송이버섯 버터굴소스볶음 완성입니다.,https://recipe1.ezmember.co.kr/cache/recipe/2022/12/09/79f018cbf19bb69a95bec4d38a2c8c7a1.jpg?w=1000,,,
7070554,1,청포묵을 먹기 좋은 크기로 도톰하게 썰어주세요. 너무 얇게 썰면 무칠 때 쉽게 부서지니 어느 정도 두께를 유지하는 게 좋아요.,https://recipe1.ezmember.co.kr/cache/recipe/2026/01/27/1ed1380a91e050f37d0eb1ce674c68691.jpg,,,
7070554,2,끓는 물에 묵을 넣고 묵의 테두리 부분이 투명해질 때까지 2~3분 익혀주세요.,https://recipe1.ezmember.co.kr/cache/recipe/2026/01/27/62881fcdd30e368938d8123717cd60a61.jpg,,180,
7070554,3,데친 청포묵은 찬물에 한 번 헹궈 열기를 빼고 체에 받쳐 물기를 충분히 빼주세요.,https://recipe1.ezmember.co.kr/cache/recipe/2026/01/27/671684274d8c7569ac1416b39ab35ad21.jpg,,,
7070554,4,"볼에 청포묵을 담고 김가루 두 줌, 소금 1/2t, 통깨 1T, 참기름 1T 넣어 살살 버무려주세요. 묵은 쉽게 부서지니 숟가락보다 손으로 부드럽게 섞는 게 좋아요.",https://recipe1.ezmember.co.kr/cache/recipe/2026/01/27/cc24f835ca9563fa6aa81bdc42b3bc811.jpg,,,
7070554,5,부드러운 청포묵무침 완성입니다.,https://recipe1.ezmember.co.kr/cache/recipe/2026/01/27/fd0832039e59285da505dafe046446041.jpg,,,
7054279,1,"두부 1모는 먹기 좋은 크기로 잘라주신 후 도마 , 조리용나이프",https://recipe1.ezmember.co.kr/cache/recipe/2025/06/02/be6e330c6dc7d01ab315029f7c1cd7b21.jpg,,,
7054279,2,키친타올로 물기를 제거해주세요~ 키친타올,https://recipe1.ezmember.co.kr/cache/recipe/2025/06/02/0b73f19220acace513a0bd909756d12f1.jpg,,,
7054279,3,웍에 기름을 두른 후 웍,https://recipe1.ezmember.co.kr/cache/recipe/2025/06/02/0fc65d717c2af5150500a0b1c5817ff11.jpg,,,
7054279,4,두부를 구워주시는 동안 양념을 준비해볼게요~,https://recipe1.ezmember.co.kr/cache/recipe/2025/06/02/4cac2352a1e6099e92a0fc01fe95d6ad1.jpg,,,
7054279,5,"스테비아 1/2T 넣어주세요~ 소스볼 , 숟가락",https://recipe1.ezmember.co.kr/cache/recipe/2025/06/02/4770f6d4a3d18febf7fd66fb77d7bca61.jpg,,,
7054279,6,굴소스 2 T,https://recipe1.ezmember.co.kr/cache/recipe/2025/06/02/f82d2b29e52addb348f1961eb772f2db1.jpg,,,
7054279,7,간장 2T,https://recipe1.ezmember.co.kr/cache/recipe/2025/06/02/e0744c8a16cdcd66ddb5074a10053c8c1.jpg,,,
7054279,8,물 2T,https://recipe1.ezmember.co.kr/cache/recipe/2025/06/02/8482ce44995aa041b96bfd0e2dcca95e1.jpg,,,
7054279,9,청양고추 조금을 넣고 섞어주세요~,https://recipe1.ezmember.co.kr/cache/recipe/2025/06/02/11b3038b651307ae5433e2867cbe50221.jpg,,,
7054279,10,계란 2개는 미리 풀어놔주세요~,https://recipe1.ezmember.co.kr/cache/recipe/2025/06/02/3bc885c204b6adc90091ee5fd7170c451.jpg,,,
7054279,11,두부가 어느정도 익었다 싶으면 풀어놓은 계란을 부어주시고,https://recipe1.ezmember.co.kr/cache/recipe/2025/06/02/96f577de848a51e39a7cc942d13ba1931.jpg,,,
7054279,12,만들어놓은 양념을 부어주시고,https://recipe1.ezmember.co.kr/cache/recipe/2025/06/02/235650e112095f478bc4076542eebf7e1.jpg,,,
7054279,13,볶아주세요~!! 요리스푼,https://recipe1.ezmember.co.kr/cache/recipe/2025/06/02/669752341fff8e8c8a85d81adeac7f8e1.jpg,,,
7054279,14,다 볶았으면 밥 위에 두부계란을 올려주시고 접시,https://recipe1.ezmember.co.kr/cache/recipe/2025/06/02/86f57fbf8385ccf7410a7d9d7473e7a41.jpg,,,
7054279,15,들기름 조금에 깨까지 넣어주면,https://recipe1.ezmember.co.kr/cache/recipe/2025/06/02/0ec40101a8122f8026f518c3009c6fa31.jpg,,,
7054279,16,진짜 맛있는 '두부계란덮밥'이 완성~! 감칠맛에 단백질도 가득들어가 있고 중독적인 맛이여서 자주 먹고 있어요~~!,https://recipe1.ezmember.co.kr/cache/recipe/2025/06/02/b57e864874473feddc7ac284cb48599b1.jpg,,,
7025833,1,"콩나물 300G을 잘 세척해 끓는 물에 넣고 3~4분정도 삶아줍니다. 볼 , 채반 , 냄비 콩나물",https://recipe1.ezmember.co.kr/cache/recipe/2024/05/05/0b760db18849451a31348692d46cf7401.jpg?w=1000,,240,
7025833,2,"콩나물을 삶는 동안 대파 반대를 잘게 다지듯이 썰어주세요. 도마 , 조리용나이프 대파 손질법",https://recipe1.ezmember.co.kr/cache/recipe/2024/05/05/71fbaef838955266ff0a4398631976071.jpg?w=1000,,,
7025833,3,콩나물이 익으면 찬물에 헹궈 열기를 빼준 후 볼아담아줍니다.,https://recipe1.ezmember.co.kr/cache/recipe/2024/05/05/f53d23ce2c1b887672194319f8578d211.jpg?w=1000,,,
7025833,4,고추가루 1.5T 흩뿌려주고,https://recipe1.ezmember.co.kr/cache/recipe/2024/05/05/91a9eb750fad16ec2c5398a827469d191.jpg?w=1000,,,
7025833,5,"멸치액젓1T, 국간장1T, 맛소금 0.3T넣어주세요.",https://recipe1.ezmember.co.kr/cache/recipe/2024/05/05/1f6864d2072522c12bece397da1f9e2b1.jpg?w=1000,,,
7025833,6,그리고 참기름도 적당히 넣어주고,https://recipe1.ezmember.co.kr/cache/recipe/2024/05/05/c6a103381ab0382cb7fce026754d049f1.jpg?w=1000,,,
7025833,7,으깬 통깨를 적당히 넣어준 후 조물조물 무쳐주시면 완성입니다. 위생장갑,https://recipe1.ezmember.co.kr/cache/recipe/2024/05/05/259934859c86a1f7e708c92122ef9d321.jpg?w=1000,,,
7025833,8,매콤 고소한 빨간콩나물무침 완성입니다. 콩나물 잘게 잘라 밥이랑 슥슥 비벼먹어도 맛있어요. 접시,https://recipe1.ezmember.co.kr/cache/recipe/2024/05/05/aca87b223cf8b696e461cd2a6b31e06b1.jpg?w=1000,,,
7067844,1,단무지 팩에 들어있는 물을 버리고 단무지 한 팩을 준비합니다.,https://recipe1.ezmember.co.kr/cache/recipe/2025/12/09/72573357569e7b9a6a2734d06d1525231.jpg,,,
7067844,2,"단무지를 채반에 쏟은 다음에 흐르는 물에 세척하고,물기가 빠지도록 탁탁 털어서 준비하면 되세요.",https://recipe1.ezmember.co.kr/cache/recipe/2025/12/09/a097489927fe2daad2c8464226dc7c271.jpg,,,
7067844,3,단무지 물기를 빼고 곰곰히 생각해보니 단무지 크기가 약간 큰 거 같아서 한 입에 쏘옥 먹기 좋도록 반 씩 자르면서 볼에 담은 다음에,https://recipe1.ezmember.co.kr/cache/recipe/2025/12/09/70d5bb9c20009e14256ec7c300d091cf1.jpg,,,
7067844,4,"설탕 0.4큰술, 큰술: 밥 숟가락 기준",https://recipe1.ezmember.co.kr/cache/recipe/2025/12/09/ce9bbfc3fd51294d715cc8e50a6867c91.jpg,,,
7067844,5,"고춧가루 1큰술, 큰술: 밥 숟가락 기준",https://recipe1.ezmember.co.kr/cache/recipe/2025/12/09/9576c1d2ec71302f33765ebdeea34de01.jpg,,,
7067844,6,"참기름 0.5큰술, 큰술: 밥 숟가락 기준",https://recipe1.ezmember.co.kr/cache/recipe/2025/12/09/b526ad209c99d1c62d9a092c6232692d1.jpg,,,
7067844,7,송송 썬 대파와 통깨를 넣고,https://recipe1.ezmember.co.kr/cache/recipe/2025/12/09/c603b5828a48dc5b4357ab2e20c1c76d1.jpg,,,
7067844,8,일회용 장갑을 끼고 단무지에 양념이 골고루 입혀지도록 조물조물 버무려주면 단무지무침 레시피 완성입니다.,https://recipe1.ezmember.co.kr/cache/recipe/2025/12/09/c9cf4128f585b77a9be0778297567ac51.jpg,,,
7067844,9,"단무지는 기본적인 간이 되어 있기 때문에 간을 추가하지 않아도 되지만, 새콤한 단무지무침을 좋아하는 분은 식초를 살짝 추가하고 다시 버무려주면 되세요.",https://recipe1.ezmember.co.kr/cache/recipe/2025/12/09/57cd8bad79183911490fc3e3f2a982c91.jpg,,,
7003487,1,청경채는 한 잎 한 잎 떼어서 씻어주세요,https://recipe1.ezmember.co.kr/cache/recipe/2023/06/03/0fa107c68d549db3ef7db048bf5e8e6b1.jpg,,,
7003487,2,끓는 물에 소금을 넣고 30초 ~1분 미만으로 데쳐주세요,https://recipe1.ezmember.co.kr/cache/recipe/2023/06/03/3a0a7ca57832e74cd0b5623f0f534d981.jpg,,90,
7003487,3,데친 청경채를 찬물에 헹궈서 물기를 빼주세요,https://recipe1.ezmember.co.kr/cache/recipe/2023/06/03/5d7246d89ec531b87758b98893d35c871.jpg,,,
7003487,4,데친 청경채를 먹기 좋게 잘라서 볼에 담아요 그리고 된장 고춧가루 매실액 설탕과 들기름까지 넣고 조물조물 무쳐주세요,https://recipe1.ezmember.co.kr/cache/recipe/2023/06/03/d5b5374d945bf0f2db53ae8df91db3e51.png,,,
7003487,5,마지막 통깨와 송송 썬 쪽파까지 넣고 무쳐서 완성해 주세요,https://recipe1.ezmember.co.kr/cache/recipe/2023/06/03/228a63c27ad661d8c295272d85b60cf41.jpg,,,
7003487,6,역시 나물은 들기름에 무쳐야 맛있어요 된장과 들기름 그리고 아삭한 청경채가 조화로워요,https://recipe1.ezmember.co.kr/cache/recipe/2023/06/03/30909b579375b1ea74f467178e73ebcd1.jpg,,,
7029097,1,아삭하고 구수한 오이고추 된장무침 만들기 해 볼께요.,https://recipe1.ezmember.co.kr/cache/recipe/2024/06/25/aeb6b58ab71a80d5f8ca8efd01e53f651.jpg,,,
7029097,2,"두선 오이고추를 세척해 물기를 빼고 적당한 크기로 잘라서 볼에 담아 주세요. 그리고 된장1t를 넣고 도마 , 조리용나이프 , 볼 , 스푼",https://recipe1.ezmember.co.kr/cache/recipe/2024/06/25/02715ee48eec8ab318fa3e0b4e256fed1.jpg,,,
7029097,3,고춧가루1/2t를 넣어 주세요.,https://recipe1.ezmember.co.kr/cache/recipe/2024/06/25/47b45b041b767f16a0d583c9ae44fa451.jpg,,,
7029097,4,그리고 올리고당1t을 넣고,https://recipe1.ezmember.co.kr/cache/recipe/2024/06/25/3f826145d005ce0fc5bc3a5ae8aac2211.jpg,,,
7029097,5,통깨약간.참기름1t을 넣어 주세요.,https://recipe1.ezmember.co.kr/cache/recipe/2024/06/25/a77c35611e4a3443e6752889814f745c1.jpg,,,
7029097,6,그리고 조물 조물 무쳐주면 맛있는 오이고추 된장 무침이 완성이 된답니다. 접시,https://recipe1.ezmember.co.kr/cache/recipe/2024/06/25/3e9128a3e2f3af7acbe02b169bfb870e1.jpg,,,
7029407,1,"오이는 어슷썰고 양파는 얇게 채 썰고 부추는 5cm 길이로 썰어 주세요. 도마 , 조리용나이프 , 볼 오이 손질법",https://recipe1.ezmember.co.kr/cache/recipe/2024/06/30/ede85b71988470e065c3bbc1b0cb6a4d1.jpg,,,
7029407,2,양념을 넣어주고 잘 버무려줍니다. 위생장갑 단맛이 싫으시면 올리고당을 반으로 줄여주세요.,https://recipe1.ezmember.co.kr/cache/recipe/2024/06/30/674dd2dd0045273f188a9412483e14eb1.jpg,,,
7029407,3,통깨 톡톡 부려주면 오이 무침 완성입니다.,https://recipe1.ezmember.co.kr/cache/recipe/2024/06/30/1c4bea6b5c76147f9e8dddca66c64c9a1.jpg,,,
6933414,1,소세지 슥슥 칼집을 넣어주세요.,https://recipe1.ezmember.co.kr/cache/recipe/2020/05/18/2ce1f216f9b862994d8c590512b67c031.jpg?w=1000,,,
6933414,2,끓는 물에 살짝 데쳐 주세요. 데쳐주면 기름기도 빠지고 칼집도 선명해진답니다.,https://recipe1.ezmember.co.kr/cache/recipe/2020/05/18/6531030d3f191c293fc441ca699890151.jpg?w=1000,,,
6933414,3,"캐첩 5스푼, 간장 1스푼, 굴소스 1스푼, 설탕 1스푼, 식초 1스푼을 넣고 양념장을 만들어 주세요. 다진마늘을 약간 넣어주면 양념치킨 맛이 나요.",https://recipe1.ezmember.co.kr/cache/recipe/2020/05/18/7701bfd3bd6428f5081aabd5eb99a93c1.jpg?w=1000,,,
6933414,4,달군팬에 양파 등을 볶아주세요.,https://recipe1.ezmember.co.kr/cache/recipe/2020/05/18/d69d261acdf255804de371b59ccb8f8a1.jpg?w=1000,,,
6933414,5,데친 소세지를 넣어주세요.,https://recipe1.ezmember.co.kr/cache/recipe/2020/05/18/cb4ed7ddf6b33e52ac6bd3663a49eb411.jpg?w=1000,,,
6933414,6,양념장을 넣고 달달 볶아주세요.,https://recipe1.ezmember.co.kr/cache/recipe/2020/05/18/2b37f9e5d7990742faa631394b7271511.jpg?w=1000,,,
6933414,7,윤기 및 달달한 맛을 추가하기 위해 올리고당 한바퀴만 둘러주면 밥도둑 최애반찬 완성입니다.,https://recipe1.ezmember.co.kr/cache/recipe/2020/05/18/090db4d15ba93270b26b8b0834a837781.jpg?w=1000,,,
7005830,1,도토리묵 반개만 사용해줍니다. 마트에서 판매하는 묵이라면 따뜻한 물에 데쳐서 사용해야 부들부들 탱글한 묵을 맛볼 수있어요. 묵은 아이들이 먹기 좋은 크기로 깍뚝썰어줍니다.,https://recipe1.ezmember.co.kr/cache/recipe/2023/07/10/cf396717cf3eaaa48750a53d0d3cc33d1.jpg?w=1000,,,
7005830,2,그리고 다진 대파 가득 1T정도 준비해주세요.,https://recipe1.ezmember.co.kr/cache/recipe/2023/07/10/69ac21e0219c9d54727433d2660dc3801.jpg?w=1000,,,
7005830,3,조미김 한봉을 잘게 부셔줍니다.,https://recipe1.ezmember.co.kr/cache/recipe/2023/07/10/c3941aff74decc4e40e6dea1428aaa311.jpg?w=1000,,,
7005830,4,볼에 도토리묵과 다진 대파를 넣고 간을 해줄께요.,https://recipe1.ezmember.co.kr/cache/recipe/2023/07/10/b7990cc2654b86da91e0e488ce3a33531.jpg?w=1000,,,
7005830,5,진간장 1T 넣어줍니다.,https://recipe1.ezmember.co.kr/cache/recipe/2023/07/10/bb2f70efeb10caf1904b2407edb1bc851.jpg?w=1000,,,
7005830,6,설탕도 0.5T 넣어줍니다.,https://recipe1.ezmember.co.kr/cache/recipe/2023/07/10/84e7b16953ab8b1158da4f74e9ea6c011.jpg?w=1000,,,
7005830,7,참기름 1T 넣어주고,https://recipe1.ezmember.co.kr/cache/recipe/2023/07/10/27a8fed2a50ef916a8361fcd9c290bac1.jpg?w=1000,,,
7005830,8,깨도 듬뿍 넣어주세요.,https://recipe1.ezmember.co.kr/cache/recipe/2023/07/10/6ccb98f5d6e6a53294e4d97172aff8581.jpg?w=1000,,,
7005830,9,그리고 부셔둔 김가루를 넣어준 후 잘 비벼주시면 아이반찬 탱글탱글 고소한 도토리묵김무침이 완성됩니다. 맛있게 드세요.,https://recipe1.ezmember.co.kr/cache/recipe/2023/07/10/c775d9e3b7071aef9e39c2aa97a457ca1.jpg?w=1000,,,
6991123,1,느타리버섯 2팩을 뜯어서 끄트머리의 더러운 부분을 칼로 잘라 정리해 주세요.,https://recipe1.ezmember.co.kr/cache/recipe/2022/10/31/f6f2741ace5e6138a79a51ad78b1251d1.jpg,,,
6991123,2,그리고 물에 살짝 씻은 후에 결대로 찢어주세요.,https://recipe1.ezmember.co.kr/cache/recipe/2022/10/31/21b37ec35552ce605d3b68306372fd401.jpg,,,
6991123,3,애호박 양쪽의 꼭지를 잘라낸 후에 반으로 갈라서 반달모양으로 썰어주세요.,https://recipe1.ezmember.co.kr/cache/recipe/2022/10/31/e609453cf9bd684ab4fc7fe08ecc32611.jpg,,,
6991123,4,냄비에 손질한 애호박과 느타리버섯을 넣고 다진마늘 1T를 넣어 주세요.,https://recipe1.ezmember.co.kr/cache/recipe/2022/10/31/0e1f2d82f6c3a99f26e309fda6ab18391.jpg,,,
6991123,5,식용유 3T와 소금 0.5T를 넣어 주세요.,https://recipe1.ezmember.co.kr/cache/recipe/2022/10/31/b1702d4eab64dececc8b1e65dffc8ac21.jpg,,,
6991123,6,이제 센불로 볶아주면 되는데요. 버섯은 물이 많이 나와요. 이 때 물이 다 졸아들때까지 졸이며 익혀주면 됩니다. 센불 아삭한 애호박을 먹고 싶다면 버섯을 먼저 볶다가 애호박을 나중에 넣어 주세요.,https://recipe1.ezmember.co.kr/cache/recipe/2022/10/31/629fee01785054e6effcc4c56e1de56f1.jpg,강불,,
6991123,7,"국물이 다 졸면 불을 꺼주세요. 그리고 참기름 0.5T와 후춧가루 조금, 마지막으로 깨소금 0.5T를 넣고 섞어주세요.",https://recipe1.ezmember.co.kr/cache/recipe/2022/10/31/8b373ca30471e2d90c6b86ac3d80b1771.jpg,,,
6991123,8,애호박버섯볶음 완성이에요.,https://recipe1.ezmember.co.kr/cache/recipe/2022/10/31/1269788513e6c9db8f72ca480c6afae41.jpg,,,
6979508,1,위에 좋은 양배추랑 자취생 필수 참치캔 준비!,https://recipe1.ezmember.co.kr/cache/recipe/2022/05/16/3e5f3f8ede694ba73489ecf525eeb5a11.jpg?w=1000,,,
6979508,2,대파 송송,https://recipe1.ezmember.co.kr/cache/recipe/2022/05/16/3cb044a83b64fa83f477273cde50d6151.jpg?w=1000,,,
6979508,3,양배추 채썰기,https://recipe1.ezmember.co.kr/cache/recipe/2022/05/16/7de86a0687944f2d00877c8467d7e4de1.jpg?w=1000,,,
6979508,4,"(밥숟가락 계량) 고추장 1, 고춧가루 1, 설탕 0.5, 간장 1, 다진마늘 0.5, 굴소스 1, 맛술 1 양념장 만들기",https://recipe1.ezmember.co.kr/cache/recipe/2022/05/16/a244f9533e77b197a9898e1b8e38c0091.jpg,,,
6979508,5,채썬 양배추를 넣고 식용유 빙빙~ 숨이 살짝 죽을만큼 달달 볶기,https://recipe1.ezmember.co.kr/cache/recipe/2022/05/16/d1c1b256d2e53b7d671891808192add11.jpg?w=1000,,,
6979508,6,양배추가 투명해질 때 양념장 넣고 달달 볶기,https://recipe1.ezmember.co.kr/cache/recipe/2022/05/16/5a02033d0920298bc14b84c6618df0da1.jpg?w=1000,,,
6979508,7,참치캔 탈탈,https://recipe1.ezmember.co.kr/cache/recipe/2022/05/16/8836791831d159a88b1061ea248287a21.jpg?w=1000,,,
6979508,8,대파 팍팍 후춧가루 적당히 중불에서 맛있게 볶아주기,https://recipe1.ezmember.co.kr/cache/recipe/2022/05/16/4bde1c5bcd545e87df573dcc2f742c3f1.jpg?w=1000,중불,,
6979508,9,가스불 끄기 직전 참기름 톡!,https://recipe1.ezmember.co.kr/cache/recipe/2022/05/16/e3a36e8c3802f7a45a8e1822a02edf271.jpg?w=1000,,,
6979508,10,통깨 넣고 밥 위에 올려주면 양배추참치덮밥 완성 달걀프라이+김 솔솔= 슥슥 환상의 궁합! 달걀프라이 노른자 톡 터트려 함께 비벼드시면 핵꿀맛!,https://recipe1.ezmember.co.kr/cache/recipe/2022/05/16/9687e92574f120b4344a6b7800cd42ef1.jpg?w=1000,,,
7075757,1,오이는 어슷썰어서 굵은소금1T넣고 살짝20분 저려주세요 달래는 깨끗이 씻어주세요 그리고 먹기좋은 크기로 썰어주세요,https://recipe1.ezmember.co.kr/cache/recipe/2026/05/06/93c8f944e871b5c6a3fbd85f72b359b91.jpg?w=1000,,1200,
7075757,2,그사이 양념준비할께요 볼에 고추장1T.고추가루2T.식초3T 올리고당2T.까나리액젓1T.마늘2/1T. 넣고 섞어주세요,https://recipe1.ezmember.co.kr/cache/recipe/2026/05/06/dae5671f3a97459723dc83b394ad91731.jpg?w=1000,,,
7075757,3,절인오이는 한번 헹궈서 체반에 받처놓아주세요 양념에 오이.달래넣고 조물조물무처주세요,https://recipe1.ezmember.co.kr/cache/recipe/2026/05/06/23281c5baa98fbb881aefe5817999da31.jpg?w=1000,,,
7075757,4,깨소금을 넣고한번더 무쳐주세요,https://recipe1.ezmember.co.kr/cache/recipe/2026/05/06/17b1a09644d5525abf742a81fd2c52971.jpg?w=1000,,,
7053273,1,"감자를 깍둑썰기해서 소금 0.5T/올리고당 5T와 함께 30분간 절여주세요. 감자,소금,올리고당 도마 , 조리용나이프 , 믹싱볼 감자 손질법",https://recipe1.ezmember.co.kr/cache/recipe/2025/05/05/c06986d94e52580d5d498fcee1dc57051.png,,1800,
7053273,2,"팬에 기름을 두르고 절인 감자만 넣어서 볶아주세요. 기름 볶음팬 , 요리스푼",https://recipe1.ezmember.co.kr/cache/recipe/2025/05/05/048bb46227eeedce25e483dc9ab250c81.png,,,
7053273,3,절인 물은 버리지 말고 나둬주세요.,https://recipe1.ezmember.co.kr/cache/recipe/2025/05/05/ed16b67fdc79e65a99e09ff887f0e1ae1.png,,,
7053273,4,감자의 겉면이 반들반들할때까지 충분히 볶아주세요.,https://recipe1.ezmember.co.kr/cache/recipe/2025/05/05/a3be29dc82e8d495f4d6ba4003c5f6f01.png,,,
7053273,5,"절인물(전분이 포함되지 않게 조심)/ 진간장 4T / 굴소스 3T/ 물 300ml /양파 /페퍼론치노(살짝)을 넣고 약불에 조려주세요. 양파,페퍼론치노,진간장,굴소스,물,절인물",https://recipe1.ezmember.co.kr/cache/recipe/2025/05/05/997bdfbdbde0cfcc9c8dfc7607d13ccb1.png,약불,,
7053273,6,양념이 감자에 충분히 스며들도록 적당히 섞어주세요.,https://recipe1.ezmember.co.kr/cache/recipe/2025/05/05/1f965b5c09abfc05fd796e008b6e4eb51.png,,,
7053273,7,국물이 꾸덕해주시면 통께 뿌리고 완성입니다. 통깨,https://recipe1.ezmember.co.kr/cache/recipe/2025/05/05/8cb7eeb57acd72bac5b3a556af2d90931.png,,,
7007585,1,베이컨감자채볶음를 소개합니다.,https://recipe1.ezmember.co.kr/cache/recipe/2023/08/07/be39fa4a6529d5bfff9a372ec3a161f11.jpg?w=1000,,,
7007585,2,채썬감자는 물로 1분정도 담궈둔후 전분을 모두 제거해줍니다.,https://recipe1.ezmember.co.kr/cache/recipe/2023/08/08/29c20b9edd31b43653ac89ab6aa2bb181.jpg,,60,
7007585,3,베이컨을 채썰어서 준비합니다.,https://recipe1.ezmember.co.kr/cache/recipe/2023/08/08/a68218761c9bdd29e8aa38dc1fa5c7f41.jpg,,,
7007585,4,후라이팬에 기름을 넉넉하게 두른후 감자가 투명해 질때까지 볶아주세요.어느정도 감자가 투명하게 볶아지면 대파와 양파를 송송 썰어서 넣어주세요.,https://recipe1.ezmember.co.kr/cache/recipe/2023/08/08/735d22babcc0e392ca35e5ccb1c915831.jpg,,,
7007585,5,감자채베이컨볶음이 완성이 되었습니다.,https://recipe1.ezmember.co.kr/cache/recipe/2023/08/08/c33c56ab2be9ccff63d4729b27fd2ba31.jpg,,,
7075755,1,두릅손질방법 두릅밑동의질긴부분을잘라주세요 흐르는물에 깨끝이씻어주세요,https://recipe1.ezmember.co.kr/cache/recipe/2026/05/06/2f49fae5e41db4b95fe5435c9bc640721.jpg?w=1000,,,
7075755,2,끓는물에 소금약간넣고 30초정도데처주세요. 찬물에 헹군뒤 물기를 꼭짜주세요 두릅에소금으로 믿간을해주세요,https://recipe1.ezmember.co.kr/cache/recipe/2026/05/06/b83a1e342bc6110ca38a5188435c73161.jpg?w=1000,,30,
7075755,3,믿간한 두릅을 부침가루에 무치고 풀어놓은계란을 입혀주세요,https://recipe1.ezmember.co.kr/cache/recipe/2026/05/06/eaca8b7f1d38943985e9585b50ccd7f81.jpg?w=1000,,,
7075755,4,달궈진 팬에 식용유를 넉넉히두르고 앞두를 노릇하게 부처주세요,https://recipe1.ezmember.co.kr/cache/recipe/2026/05/06/d2467e3c6a19ee3dade8dc248dcf53801.jpg?w=1000,,,
7075755,5,맛있는 두릅전완성입니다 간장.식초.고추장넣은 간장소스에 찍어먹으면 최고의맛입니다,https://recipe1.ezmember.co.kr/cache/recipe/2026/05/06/24424926ef4d43aa9f1848f94c2821411.jpg?w=1000,,,
7074106,1,매추리알은 깨끗이 씻어주세요 물250ml에. 간장5큰술 알육수하나넣고 강불로 끊다가 중약불로 해주세요,https://recipe1.ezmember.co.kr/cache/recipe/2026/04/03/dd47174219b47743b9ad7e9716b3e7191.jpg?w=1000,약불,,
7074106,2,메추리알이 색이스며들고 물이약간졸으면 표고버섯8등분한거 4개를 다넣고졸여 주세요 불은 중약불입니다,https://recipe1.ezmember.co.kr/cache/recipe/2026/04/03/06a650cc6d19db3808df4dfd2d1cc1561.jpg?w=1000,약불,,
7074106,3,국물이 어느정도 졸여지면. 설탕4숟가락 넣어주면서 깨소금 참기름넣고 섞어주면 맛있는 표고버섯 장조림완성입니디,https://recipe1.ezmember.co.kr/cache/recipe/2026/04/03/d9a4eb91b56f5b0223f9bde871e1719c1.jpg?w=1000,,,
7075568,1,버터를 녹여서 계란과 섞어주세요,https://recipe1.ezmember.co.kr/cache/recipe/2026/05/01/3d77c22f4a63cb4eccf3cf15ce6d43ef1.jpg?w=1000,,,
7075568,2,섞어놓은 곳에 통밀쿠키믹스500g 넣어서 섞어주세요,https://recipe1.ezmember.co.kr/cache/recipe/2026/05/01/80bbf5e055fd2b140eb3f2b4dd5d21391.jpg?w=1000,,,
7075568,3,섞어놓은 반죽을 4등분해서 초코칩.아몬드.크린베리.통밀쿠키,https://recipe1.ezmember.co.kr/cache/recipe/2026/05/01/d0e491afbeae18f4ad18fe7bdf682a531.jpg?w=1000,,,
7075568,4,180도예열된 오분(에어프라이어 도가능)20~25분 구워주세요 제품마다 온도차이 있으니확인해주세요,https://recipe1.ezmember.co.kr/cache/recipe/2026/05/01/bf026b6e9e874ad04d0de869676280721.jpg?w=1000,,1500,
7072884,1,재료 준비,https://recipe1.ezmember.co.kr/cache/recipe/2026/03/11/7b3ff8bb91f7a25441c252bdd1b7f7451.jpg,,,
7072884,2,양배추는 가볍게 씻고 1cm 정도 두께로 썰어주세요.,https://recipe1.ezmember.co.kr/cache/recipe/2026/03/11/ff95286b2545884fb1f5e9dd218a09b91.jpg,,,
7072884,3,베이컨은 2cm 정도로 썰어주세요. 첨가물이 걱정되신다면 가볍게 헹궈 물기를 제거하고 사용해요. ​,https://recipe1.ezmember.co.kr/cache/recipe/2026/03/11/6ee13f15501905072e3ee46424d688a21.jpg,,,
7072884,4,팬을 달군 후 올리브유 1T를 둘러 다진 마늘 1T를 넣고 향이 올라올 때까지 볶아요. 올리브유 없으시면 식용유로 대체,https://recipe1.ezmember.co.kr/cache/recipe/2026/03/11/fa1f356789a9ce30e6d26f6a1fb298c51.jpg,,,
7072884,5,베이컨을 넣어 가볍게 볶아주세요. 베이컨은 볶으면서 자연스레 풀어지니 떼어내지 않아도 괜찮아요.,https://recipe1.ezmember.co.kr/cache/recipe/2026/03/11/2845320df44ba6d5d922565bb3586a691.jpg,,,
7072884,6,"베이컨은 한쪽으로 밀고 양배추 넣은 후 올리브유 1T, 소금 0.5t를 넣어 양배추 숨이 죽을 때까지 볶아요.",https://recipe1.ezmember.co.kr/cache/recipe/2026/03/11/5ad2e2bb1f851cd82a88462d8026bdce1.jpg,,,
7072884,7,굴소스 1T를 넣고 양념이 어우러질 정도만 가볍게 볶아주세요.,https://recipe1.ezmember.co.kr/cache/recipe/2026/03/11/cc42c3352ca2301e0efb91de75a1fe711.jpg,,,
7072884,8,"불 끄고 후추, 통깨 넣어 가볍게 섞으면 베이컨 양배추 볶음 완성.",https://recipe1.ezmember.co.kr/cache/recipe/2026/03/11/e7b57de09313e933961c47199bb13db21.jpg,,,
7045377,1,"양배추는 잘게 채 썰어요. 나무도마 , 조리용나이프",https://recipe1.ezmember.co.kr/cache/recipe/2025/02/19/767c138d3cf400b58adc1366e9de5d5c1.jpg?w=1000,,,
7045377,2,"참치는 기름을 빼서 준비해요. 찬기 , 숟가락",https://recipe1.ezmember.co.kr/cache/recipe/2025/02/19/ac353399387a0dd69d2343c0cd4a73641.jpg?w=1000,,,
7045377,3,팬에 기름을 두르고 양배추를 볶아요.,https://recipe1.ezmember.co.kr/cache/recipe/2025/02/19/7103d26eddf3fc4195432afb34eaa9fd1.jpg?w=1000,,,
7045377,4,"양배추 숨이 죽으면 옆쪽으로 밀어두고 달걀을 볶아요. 프라이팬 , 조리주걱",https://recipe1.ezmember.co.kr/cache/recipe/2025/02/19/a67372d13132ab8f716b7e837ca2f0441.jpg?w=1000,,,
7045377,5,달걀이 익으면 양배추와 함께 섞어 볶아요.,https://recipe1.ezmember.co.kr/cache/recipe/2025/02/19/415d234c895244e2918eff2d9a94f54d1.jpg?w=1000,,,
7045377,6,"참치와 굴소스, 간장을 넣어 볶아요. 간장은 가장자리에 넣어 살짝 볶아 섞어요.",https://recipe1.ezmember.co.kr/cache/recipe/2025/02/19/1783b97c42f9e65a0875c6cae93dba651.jpg?w=1000,,,
7045377,7,미지근한 물에 적신 라이스페이퍼 위에 볶아둔 양배추를 한스푼씩 넣어 말아요. 2번 말아주면 더 쫄깃하고 맛있어요.,https://recipe1.ezmember.co.kr/cache/recipe/2025/02/19/57c329e795a9b69cadadd1de4fc3d1231.jpg?w=1000,,,
7045377,8,기름을 두른 팬에 노릇하게 구워요.,https://recipe1.ezmember.co.kr/cache/recipe/2025/02/19/1344340b3960f0a0d19f19fb49ddaf021.jpg?w=1000,,,
7045377,9,초간장과 곁들여 완성해요. 접시,https://recipe1.ezmember.co.kr/cache/recipe/2025/02/19/c8aed9b9d1f239458484215186b16ff11.jpg?w=1000,,,
6992063,1,잔파 12대와 양파 1개를 최대한 가늘게 채썰어 줍니다. ▶식초 4큰술,https://recipe1.ezmember.co.kr/cache/recipe/2022/11/15/2aba0839137e084da7cd31a5592808641.jpg,,,
6992063,2,▶간장 2큰술,https://recipe1.ezmember.co.kr/cache/recipe/2022/11/15/0596ccacd71a8a44d5f922fb069a0f8e1.jpg,,,
6992063,3,▶설탕 2큰술,https://recipe1.ezmember.co.kr/cache/recipe/2022/11/15/f16381b3bc6a24b4cd2aeff41a8755c21.jpg,,,
6992063,4,▶고춧가루 6큰술,https://recipe1.ezmember.co.kr/cache/recipe/2022/11/15/b551273da147a318c8f84248c22e4cad1.jpg,,,
6992063,5,▶참기름 4큰술,https://recipe1.ezmember.co.kr/cache/recipe/2022/11/15/47b006963a4233a36d1b232dcb60f4071.jpg,,,
6992063,6,▶통깨 2큰술 재료들을 양념에 조물조물~ 친정 엄마표 파채무침 완성입니다.,https://recipe1.ezmember.co.kr/cache/recipe/2022/11/15/7602492ce2c543ad642e74cadf66e4191.jpg,,,
6992063,7,삼겹살과 함께 먹으면 너무너무 맛있는 친정 엄마표 파채무침,https://recipe1.ezmember.co.kr/cache/recipe/2022/11/15/ab9ad3492d6fb69a774ab3fda57635a81.jpg,,,
6992063,8,가족을 위해 요리를 만들며 진심을 다 하는 제 손에서도 어느덧 맛진 조미료가 조금씩 나오고 있는것 같습니다.,https://recipe1.ezmember.co.kr/cache/recipe/2022/11/15/d0314365541aa0a74554d080716e91151.jpg,,,
7017809,1,먼저 시금치는 흐르는 물에 깨끗이 씻어줍니다. 채반,https://recipe1.ezmember.co.kr/cache/recipe/2024/01/15/5ff73449499faa6a0eaf7ed52259dec51.jpg,,,
7017809,2,볼에 계란 4개를 풀어준 후 소금 한 꼬집 넣어 간을 해줍니다. 볼,https://recipe1.ezmember.co.kr/cache/recipe/2024/01/15/22c8458ca607e2538b721306ea0938fc1.jpg,,,
7017809,3,"달군 팬에 올리브유를 두르고 계란물을 부어 스크램블 해주세요. 계란이 익기 전에 젓가락으로 마구마구 저어가면서 몽글몽글하게 스크램블 에그를 만들어줍니다. 스크램블 에그는 80% 정도만 익혀주세요. 프라이팬 , 조리용젓가락",https://recipe1.ezmember.co.kr/cache/recipe/2024/01/15/d8380c02a30f03521ebf323904a6418f1.jpg,,,
7017809,4,계란이 80% 로만 익으면 따로 접시에 담아줍니다. 접시,https://recipe1.ezmember.co.kr/cache/recipe/2024/01/15/8727fccd723c79437810e79830ac38761.jpg,,,
7017809,5,이제 다시 팬에 버터와 다진 마늘을 넣고 버터에 마늘을 익혀주세요. 조리용스푼,https://recipe1.ezmember.co.kr/cache/recipe/2024/01/15/0eadd6c93756f91844c17d03e8dfce1c1.jpg,,,
7017809,6,깨끗이 씻어둔 시금치를 모두 넣고 볶아줍니다. 소금 약간 넣고 달달 볶다가 시금치의 숨이 죽으면,https://recipe1.ezmember.co.kr/cache/recipe/2024/01/15/1174b12d01a9be79ffe2a2920f5ef60d1.jpg,,,
7017809,7,미리 만들어둔 스크램블 에그를 넣고 살짝만 볶아주면 백종원 시금치볶음 완성입니다.,https://recipe1.ezmember.co.kr/cache/recipe/2024/01/15/9597d95c1e417e9fbc27f3c98728fbce1.jpg,,,
6977503,1,시금치 시든 잎 다듬고 밑동 부분 + 칼 집을 넣어 갈라준다,https://recipe1.ezmember.co.kr/cache/recipe/2022/04/06/f4579ff579dcce0f46e6be81260c60651.jpg?w=1000,,,
6977503,2,끓는 물에 소금 1 숟가락 넣고 시금치를 넣은 후 30초 정도 데쳐준다,https://recipe1.ezmember.co.kr/cache/recipe/2022/04/06/8acf9a350771a7c376289e0178ff48ab1.jpg?w=1000,,30,
6977503,3,흙이 나오지않게 충분히 헹궈 물기를 적당히 꾹~ 짜서 볼에 담아준다,https://recipe1.ezmember.co.kr/cache/recipe/2022/04/06/c86e4bf12d96f6935e0477a23394ddb11.jpg?w=1000,,,
6977503,4,"간장,참치액,다진마늘,통깨 넣고 소금은 입맛에 맞게 넣어준다",https://recipe1.ezmember.co.kr/cache/recipe/2022/04/06/8ecefec6497cd2d73ec43b589e6c28f71.jpg?w=1000,,,
6977503,5,간이 골고루 베이게 무쳐준다,https://recipe1.ezmember.co.kr/cache/recipe/2022/04/06/9d8c86f87091171977b218d14eb220571.jpg?w=1000,,,
6977503,6,그릇에 담아낸다,https://recipe1.ezmember.co.kr/cache/recipe/2022/04/06/aa08cc2ab63bb4413528282490b9d55d1.jpg?w=1000,,,
7075926,1,건 곤두래는 미지근한 물에 한 시간 정도 충분히 불려 주세요. 끓는 물에 10분 정도 삶아 주면 질기지 않고 부드러운 식감에 곤드레 나물완성입니다 저는 냉동실에 있는 곤드레 나물를 사용했습니다. 양념장은 위재료 넣고 섞어준비해주세요.(간장.달래.고추가루 .참기름.깨소금),https://recipe1.ezmember.co.kr/cache/recipe/2026/05/10/b6532ca453c4a0a78b6652413f311c4b1.jpg?w=1000,,600,
7075926,2,한번 헹군 곤드레 나물은 꼭 짜서 먹기 좋은 크기로 잘라 들기름과 소금을 넣고 조물주물 무쳐주세요,https://recipe1.ezmember.co.kr/cache/recipe/2026/05/10/bf93c81cb3882f81aeb76069dbada0051.jpg?w=1000,,,
7075926,3,30 분 불린 쌀은 밥솥에 넣고 4인분 기준 물 맞추고 숟가락으로 네 번 물을 버려주세요. 곤드레 나물에 수분이 있어 약간 덜 넣는 게 밥이 맛있습니다 양념 해놓은 곤드래 나물을 밥 위에 올려주시고 취사 버튼 누르면 완성입니다.,https://recipe1.ezmember.co.kr/cache/recipe/2026/05/10/5d8bab33eab3f5849b5a1cfa9577584d1.jpg?w=1000,,1800,
7075926,4,완성된 밥은 주걱으로 골고루 섞어서 퍼주세요 만들어 놓은 달래장을 밥위에 올려 비벼 드시면 밥 한 그릇 뚝딱입니다,https://recipe1.ezmember.co.kr/cache/recipe/2026/05/10/4b802d30359a37cd1ed9f281ff4f46641.jpg?w=1000,,,
7075869,1,감자는 껍질을 벗기고 먹기 좋은 크기로 썰어 주세요. 끓는 물에 소금 넣고 감자를 3~5분정데쳐주세요,https://recipe1.ezmember.co.kr/cache/recipe/2026/05/09/ce1dbeb822ae804a394ec23cd8c971691.jpg?w=1000,,300,
7075869,2,데친 감자는 찬물에 한번 헹구어 웍에 넣고 간장 .물 .식용유. 마늘 파 올리고당 넣고 강불에 볶다가 끓기 시작하면 약볼로 해주세요,https://recipe1.ezmember.co.kr/cache/recipe/2026/05/09/addd9e696fd179bddf35f393a040d52e1.jpg?w=1000,강불,,
7075869,3,약불로 국물을 졸여주세요. 감자 한번 드셔보시고 간이 베였으면 멸치를 넣어 주세요.,https://recipe1.ezmember.co.kr/cache/recipe/2026/05/09/8b322b409dfa5a970c64a285b71b69cd1.jpg?w=1000,약불,,
7075869,4,멸치를 섞어 주고 불을 꺼 주세요. 그 위에 올리고당 1 큰술과 참기름 깨소금 넣어 섞어 주면 짭짤하고 고소한 감자 멸치볶음 완성입니다.,https://recipe1.ezmember.co.kr/cache/recipe/2026/05/09/a23fa349734d8e9c3db1f4ecd08eb8bf1.jpg?w=1000,,,
7045900,1,"느타리버섯 손질은 밑동을 자르고 드시기 좋도록 하나씩 떼어서 준비합니다. 도마 , 조리용나이프",https://recipe1.ezmember.co.kr/cache/recipe/2025/02/25/29391ba8f05ce24803be3e33ea710d8a1.jpg,,,
7045900,2,"당근과 양파는 3mm 두께로 채 썰고, 대파는 송송 썰고, 다진 마늘 0.4큰술을 준비합니다. 큰술: 어른 밥 숟가락 기준",https://recipe1.ezmember.co.kr/cache/recipe/2025/02/25/e56c45d7bcb4f7241446bd785c7516421.jpg,,,
7045900,3,"볶음팬에 느타리버섯, 양파, 당근을 넣고 볶음팬",https://recipe1.ezmember.co.kr/cache/recipe/2025/02/25/145b8a2dbfc9d62131431d6f058e118c1.jpg,,,
7045900,4,"기름 3큰술, 숟가락 큰술: 어른 밥 숟가락 기준",https://recipe1.ezmember.co.kr/cache/recipe/2025/02/25/5b0cd90a5407bcbfbc847ef61efd1dad1.jpg,,,
7045900,5,"물 1큰술을 넣어줍니다.(버섯볶음을 만들때에는 버섯이 한 번에 수분을 흡수 했다가 뱉어내기 때문에 기름을 넉넉하게 넣어주면 되지만, 기름과 함께 소량의 물과 함께 넣어주면 부드럽게 버섯을 볶을 수 있어요) 큰술: 어른 밥 숟가락 기준",https://recipe1.ezmember.co.kr/cache/recipe/2025/02/25/5027ddf3150467e137206a2f086cf5bc1.jpg,,,
7045900,6,소금 0.2작은술 정도를 넣고 가스불 중약불 상태에서 버섯의 숨이 죽을 때까지 볶아주세요. 티스푼 작은술: 티스푼 기준,https://recipe1.ezmember.co.kr/cache/recipe/2025/02/25/50a79a49d2b8f86137984ff5ad4d85221.jpg,약불,,
7045900,7,버섯의 숨이 죽었으면 굴소스 0.7~0.8큰술 정도를 넣고 볶아줍니다.(처음부터 굴소스를 많이 넣지 마세요),https://recipe1.ezmember.co.kr/cache/recipe/2025/02/25/610b9a0834fef6ed0a14b9f4d0b33e541.jpg,,,
7045900,8,맛을 보고 싱겁게 느껴지면 입맛에 맞게 소금을 살짝 추가하고 볶아주세요.,https://recipe1.ezmember.co.kr/cache/recipe/2025/02/25/4bbf8fcff8ed570478abf05c85bd9d5b1.jpg,,,
7045900,9,대파와 다진 마늘을 넣고 볶아주다가 가스불을 꺼 줍니다.,https://recipe1.ezmember.co.kr/cache/recipe/2025/02/25/19282f59d91e2c863468942bfe7196e31.jpg,,,
7045900,10,후추를 갈갈갈 넣은 다음에,https://recipe1.ezmember.co.kr/cache/recipe/2025/02/25/afe7640443d952a720977162cc05d83e1.jpg,,,
7045900,11,통깨를 뿌려주면 버섯볶음 레시피 느타리버섯볶음 만드는 법 완성입니다.,https://recipe1.ezmember.co.kr/cache/recipe/2025/02/25/1b3436f4ce53560f67a51f778ea73f581.jpg,,,
7075845,1,미역은 물에불리면 양이 많이늘어나니 처음부터 너무많이 넣지않는게 좋아요 미역을 찬물에 20~30분 정도불러주세요 충분히불린뒤 깨끗이씻어 먹기좋은크기로잘라 채받에받처물 기를빼주세요,https://recipe1.ezmember.co.kr/cache/recipe/2026/05/08/5005c1506ebff24bfc31b78aafc144eb1.jpg?w=1000,,1800,
7075845,2,냄비에 미역. 소고기 참기름3T 넣고 강불로 3분 볶아주세요 간장3T도 넣어주세요 그리고 물을넣어주세요,https://recipe1.ezmember.co.kr/cache/recipe/2026/05/08/5561cd8dd4a4de1a7a04b6d2d43f6a9f1.jpg?w=1000,강불,180,
7075845,3,물은 미역이 잠기도록 넣고 끓여주세요. 알육수2개정도 넣어주시고요 이때부터불은 약불로40분정도 응근히 끓여주세요 끓이면서 물이적어지면 다시 더넣고 끓여주세요 저는 두번정도 더 넣었어요,https://recipe1.ezmember.co.kr/cache/recipe/2026/05/08/7202d12d66ce0d4b1eb38414a9f453011.jpg?w=1000,약불,2400,
6994258,1,"긴 오징어채는 가위로 잘라주고 소주 2잔을 부어 버무려준 뒤 기다린다. 준비된 양념(고추장 1큰술, 고추가루 1/2큰술, 간장 1큰술, 올리고당 1큰술, 설탕 1큰술)을 따로 준비해주세요",https://recipe1.ezmember.co.kr/cache/recipe/2022/12/24/32a294cd2963fb92960580a1516474f21.jpg?w=1000,,,
6994258,2,소주에 버무려진 오징어채에 마요네즈 1큰술을 넣고 무쳐주세요,https://recipe1.ezmember.co.kr/cache/recipe/2022/12/24/fedad0242c31b4cbbfb519eb66b5cdb11.jpg?w=1000,,,
6994258,3,팬에 다진마늘 1/2큰술을 넣고 마늘 기름을 내주세요 마늘이 타지 않도록 중불로 기름을 내주세요,https://recipe1.ezmember.co.kr/cache/recipe/2022/12/24/703cb1f3a3bcd2962bb01f287f407cd41.jpg?w=1000,중불,,
6994258,4,마늘이 노릇해지면 준비된 양념을 부어주세요,https://recipe1.ezmember.co.kr/cache/recipe/2022/12/24/f96c9eac3641cb5902bc8f06b79f72661.jpg?w=1000,,,
6994258,5,마요네즈 1큰술을 추가해서 섞어주세요,https://recipe1.ezmember.co.kr/cache/recipe/2022/12/24/23f8bb613ca6f0bd20215856b5e92b481.jpg?w=1000,,,
6994258,6,바글바글 끓어오르면 준비된 오징어채를 넣어주세요,https://recipe1.ezmember.co.kr/cache/recipe/2022/12/24/7f7e8a52ee2c3d4bb41f6503908d54421.jpg?w=1000,,,
6994258,7,빠르게 버무리고 불을 꺼주세요 이후 참기름과 깨를 넣고 한번 더 버무려 주세요,https://recipe1.ezmember.co.kr/cache/recipe/2022/12/24/9cd8f6e726584d3d3f598040174dc5321.jpg?w=1000,,,
6994258,8,완성입니다. 냉장고 속에서도 딱딱해지지 않고 비린맛도 없는 오징어채 완성입니다.,https://recipe1.ezmember.co.kr/cache/recipe/2022/12/24/fe8b43aef62ed3765173315166e9a6331.jpg?w=1000,,,
6912734,1,"버섯의 밑동과 갓을 잘라낸 뒤, 3~4등분 한다",https://recipe1.ezmember.co.kr/cache/recipe/2019/05/25/795623fb17579da693e682704ad30b441.jpg,,,
6912734,2,자른버섯의 양면에 칼집을 낸다,https://recipe1.ezmember.co.kr/cache/recipe/2019/05/25/19e5f0140872668cc49254099445ceae1.jpg,,,
6912734,3,팬에 버터를 녹인다,https://recipe1.ezmember.co.kr/cache/recipe/2019/05/25/7b3328b32a80155737c6742d26d171f91.jpg,,,
6912734,4,버섯을 굽는다,https://recipe1.ezmember.co.kr/cache/recipe/2019/05/25/d395ea8eddf517c470f56319e857ad051.jpg,,,
6912734,5,불을 약불로 줄이고 소스를 넣고 졸인다,https://recipe1.ezmember.co.kr/cache/recipe/2019/05/25/932ffaf7fec36a6216183e43e8f361c51.jpg,약불,,
7073955,1,어묵은 4등분 한 뒤 먹기 좋은 크기로 길쭉하게 썰어 준비합니다.,https://recipe1.ezmember.co.kr/cache/recipe/2026/04/01/c41f862c9428812a6b1ac2960d0fc5df1.jpg,,,
7073955,2,"양파와 당근은 살짝 도톰하게 채 썰어 아삭한 식감을 살리고, 대파는 어슷 썰어 준비해 주세요. 채소는 넉넉하게 준비한 편이에요.",https://recipe1.ezmember.co.kr/cache/recipe/2026/04/01/445110a91b85f817bb9477e9ff21c3921.jpg,,,
7073955,3,팬에 식용유을 두르고 중불에서 어묵을 가볍게 볶아줍니다. 기름으로 겉면을 한 번 코팅해 주면 나중에 양념을 넣어도 쉽게 불지 않아요.,https://recipe1.ezmember.co.kr/cache/recipe/2026/04/01/598c023750544c72ee3e61be894524e51.jpg,중불,,
7073955,4,여기에 물엿과 설탕을 넣어 한 번 더 볶아주세요. 간장을 넣기 전 당분을 먼저 입혀주면 어묵 속까지 쫀득한 식감이 돼요.,https://recipe1.ezmember.co.kr/cache/recipe/2026/04/01/8ad41af078683f2bd6500154165a85931.jpg?w=1000,,,
7073955,5,"불을 센 불로 올린 뒤, 팬 한쪽으로 공간을 만들어 간장을 넣어주세요. 간장이 지글지글 끓으면 어묵과 빠르게 섞어준 뒤, 이어서 맛술을 넣어 윤기를 더합니다.",https://recipe1.ezmember.co.kr/cache/recipe/2026/04/01/c8c87525490a9bf0fe81b2f60863e3be1.jpg?w=1000,,,
7073955,6,"준비한 채소와 다진 마늘을 넣고 센 불에서 가볍게 볶아 숨을 죽인 뒤, 물 2큰술을 넣어 촉촉함을 살짝 더해 주세요.",https://recipe1.ezmember.co.kr/cache/recipe/2026/04/01/0237248327a257b304b28336503b912d1.jpg,,,
7073955,7,"마지막으로 불을 끄고 후추, 참기름, 통깨를 넣어 가볍게 섞어 마무리합니다.",https://recipe1.ezmember.co.kr/cache/recipe/2026/04/01/2b970b7a9a8adf4d1aefda835cc196371.jpg,,,
6957003,1,양파 반개는 채썰어주고 베이컨은 먹기 좋게 잘라주세요,,,,
6957003,2,팬에 식용유를 두르고 베이컨을 조금 볶다가 양파를 추가해 더 볶아 주세요 중불,,중불,,
6957003,3,양파가 조금 익었을때 분량의 소스를 붓고 졸여 줍니다,,,,
6957003,4,밥위에 졸인 베이컨을 얹어준후 계란노른자를 올려 주면 더 맛있어요^^,,,,
7004229,1,"양파,고추 잘게썰기",https://recipe1.ezmember.co.kr/cache/recipe/2023/06/16/a59748dfe3823923f97257ac46379aa61.jpg?w=1000,,,
7004229,2,"양념 :다진마늘1T, 고춧가루1/2T,올리고당1T,된장3T,고추장2T,매실엑기스2/3T 된장이 짠거라 맛보고 매실액기스 조금 더 넣었어요",https://recipe1.ezmember.co.kr/cache/recipe/2023/06/16/1dbd1291b96a1d317a70466840319d081.jpg?w=1000,,,
7004229,3,양념에 고추 넣고,https://recipe1.ezmember.co.kr/cache/recipe/2023/06/16/1ffff982dfb9da38406696a7298f1c4a1.jpg?w=1000,,,
7004229,4,기름뺀 참치 넣어 섞기,https://recipe1.ezmember.co.kr/cache/recipe/2023/06/16/6c28c5df78bf269c6bb8897dcb12166b1.jpg?w=1000,,,
7004229,5,달군 팬이나 냄비에 기름1T두르기,https://recipe1.ezmember.co.kr/cache/recipe/2023/06/16/c5d6dd7b021f7ccc5604dc37243eefcf1.jpg?w=1000,,,
7004229,6,양파2분정도 볶기,https://recipe1.ezmember.co.kr/cache/recipe/2023/06/16/3d059fe4f0fbc689d682a596cd84d4d01.jpg?w=1000,,120,
7004229,7,참치양념과 물 1/2컵 넣고 끓이기,https://recipe1.ezmember.co.kr/cache/recipe/2023/06/16/5609a9492f64c91305388aa65a319c7b1.jpg?w=1000,,,
7004229,8,중약불에 졸이기,https://recipe1.ezmember.co.kr/cache/recipe/2023/06/16/f5076c18fefd6074670b1c0e1033db561.jpg?w=1000,약불,,
7004229,9,중간에 한번씩 저어주기,https://recipe1.ezmember.co.kr/cache/recipe/2023/06/16/582e6f08de1b8a4bd7c27abb3ab88f721.jpg?w=1000,,,
7004229,10,원하는 묽기에서 불끄기,https://recipe1.ezmember.co.kr/cache/recipe/2023/06/16/a939a999aedbd5f61c090bcaf21c46801.jpg?w=1000,,,
7004229,11,참기름1/2T,https://recipe1.ezmember.co.kr/cache/recipe/2023/06/16/ba889bf3de793168329bded8e3533d5f1.jpg?w=1000,,,
7004229,12,깨뿌리면 끝,https://recipe1.ezmember.co.kr/cache/recipe/2023/06/16/7b1dc4f48bb7a49203165affa4f440ab1.jpg?w=1000,,,
7004229,13,상추나 찐 양배추에 쌈싸먹으면 꿀~@@,https://recipe1.ezmember.co.kr/cache/recipe/2023/06/16/5f8e9a826acce8d3956962690fb54aec1.jpg?w=1000,,,
7023640,1,취나물은 억센 줄기는 제거하고 연한 줄기와 잎 부분만 남겨 손질해요. 취나물 손질법,https://recipe1.ezmember.co.kr/cache/recipe/2024/04/04/edd2f4ca37279b79a7ed4bd488e615d91.jpg?w=1000,,,
7023640,2,"대파는 잘게 다져요. 도마 , 조리용나이프 대파 손질법 레시피",https://recipe1.ezmember.co.kr/cache/recipe/2024/04/04/2c90e5d83370201d33379a631d8a39a71.jpg?w=1000,,,
7023640,3,"끓는 물에 소금을 넣고 데쳐요. 냄비 , 조리용집게",https://recipe1.ezmember.co.kr/cache/recipe/2024/04/04/2024da9ef6dc952fda93b1a6c6146de21.jpg?w=1000,,,
7023640,4,"데친 취나물은 찬물에 가볍게 씻어 물기를 짜요. 볼 , 니트릴장갑",https://recipe1.ezmember.co.kr/cache/recipe/2024/04/04/733804d8b320a9bc723dc7fda87c92b41.jpg?w=1000,,,
7023640,5,"분량의 양념을 섞어 무침양념을 만들어요. 소스볼 , 조리용스푼 쌈장 30g, 다진마늘 5g, 다진대파 8g, 설탕 5g, 참치액젓 7g, 들기름 5g",https://recipe1.ezmember.co.kr/cache/recipe/2024/04/04/c0d35bb83463b72922b5888f816b76321.jpg?w=1000,,,
7023640,6,무침 양념과 취나물을 함께 버무려 완성해요. 찬기,https://recipe1.ezmember.co.kr/cache/recipe/2024/04/04/fede2cf3fed69b9531f44f88ea427ab21.jpg?w=1000,,,
7075897,1,표고버섯은 흐르는 물에 살짝 씻어서 밑동을 제거한 뒤 먹기 좋은 크기로 썰어 주세요. 너무 얇게 썰면 볶을 때 식감이 줄수 있으니 살짝 도톰하게 써는 게 좋아요.,https://recipe1.ezmember.co.kr/cache/recipe/2026/05/09/074914d7e6e8b93d0f1dbcbf1d28c1371.jpg?w=1000,,,
7075897,2,팬에 들기름을 두르고 다진 마늘을 볶아 향을 내 주세요.,https://recipe1.ezmember.co.kr/cache/recipe/2026/05/09/cca513ba0d24d4261e3b0cf5ed6e64f31.jpg?w=1000,,,
7075897,3,썰어놓은 버섯을 볶아주다가 대게 굴소스 2 큰술 넣고 약불에서 볶아 주세요,https://recipe1.ezmember.co.kr/cache/recipe/2026/05/09/a3d98fcc05968ce55f615ed54d11ca041.jpg?w=1000,약불,,
7075897,4,약불에 소스를 넣고 볶다 보면 버섯에서 수분이 나오면서 촉촉하게 볶아지면 참기름과 후추를 넣고 마무리합니다. 마지막으로 통깨를 뿌려주세요,https://recipe1.ezmember.co.kr/cache/recipe/2026/05/09/3775aa9bd372c1e92e6de3922a291a1c1.jpg?w=1000,약불,,
7001752,1,냄비에 깨끗이 씻은 콩나물과 물을 적당히 넣고 뚜껑을 덮고 삶아요. 냄비에 거품이 일어나면 2분 후 불을 끄고 1분쯤 뜸을 들입니다. 뚜껑을 열어 콩나물을 건져 찬물에 헹구고 물기를 꼬옥 짜주세요. 콩나물을 끊일 때 중간에 뚜껑을 열면 콩 성분 중 립옥시제나제가 불포화지방산의 산화과정을 돕게 되어 비린내가 납니다. 그래서 익기 전에 뚜껑을 열면 안 됩니다,https://recipe1.ezmember.co.kr/cache/recipe/2023/05/06/0ca926fcdf9edd328e733ec93edd8e561.jpg,,120,
7001752,2,크래미는 손으로 잘라주고 대파는 송송 썰어주세요.,https://recipe1.ezmember.co.kr/cache/recipe/2023/05/06/5a37f7d5bf0d01ef02fd0853a04d5a6e1.jpg,,,
7001752,3,"볼에 분량의 소스(소금, 들기름, 깨소금)와 콩나물을 조물조물 무칩니다.",https://recipe1.ezmember.co.kr/cache/recipe/2023/05/06/591c1cd55ec2f9b7919a289568f4e0261.jpg,,,
7052761,1,"토마토는 깨끗이 씻어 반으로 잘라 먹기 좋게 일정한 크기로 썰어주세요 도마 , 조리용나이프 토마토 손질법",https://recipe1.ezmember.co.kr/cache/recipe/2025/05/15/9168acb8a5cbeda8e5a9537455bab0f31.jpg?w=1000,,,
7052761,2,상추 1/2장 잘게 잘게 썰어주세요 상추 손질법,https://recipe1.ezmember.co.kr/cache/recipe/2025/05/15/8d3f0aa68caf6ccbcc6d185de7e6af021.png?w=1000,,,
7052761,3,"분량의 양념재료 넣어 모두 잘 섞어주세요 진간장 1/2큰술, 매실액 1/2큰술 참기름 1/2큰술, 식초 1/2큰술 다진마늘 1/2작은술, 송송 썬 대파 1/2큰술 소스볼 , 계량스푼",https://recipe1.ezmember.co.kr/cache/recipe/2025/05/15/c70360ad0e7ac25a4f05e54eb0582c371.png?w=1000,,,
7052761,4,"가지런히 토마토를 접시에 담아준 뒤 소금 2~3꼬집 솔솔 뿌려 준 뒤 간장소스 주르륵~ 부어 상추, 으깬 통깨 올려주면 완성입니다 접시",https://recipe1.ezmember.co.kr/cache/recipe/2025/05/15/7fa3a7ca95c76609308d0783f2ca3ccc1.jpg?w=1000,,,
6983882,1,분량의 강정양념을 만들어주세요.,https://recipe1.ezmember.co.kr/cache/recipe/2022/07/19/48f0fa97d4dc000b0b6c532e5370dd3e1.jpg?w=1000,,,
6983882,2,떡은 물에 한번 헹궈서 준비해주시고 냉동떡은 해동후 사용해주세요.,https://recipe1.ezmember.co.kr/cache/recipe/2022/07/19/8e1c827178a0c5a9a074b1ce84fd00ae1.jpg?w=1000,,,
6983882,3,팬에 기름을 넉넉하게 두르고 떡과 소세지를 넣어주세요.,https://recipe1.ezmember.co.kr/cache/recipe/2022/07/19/b91c944e1839a5474fc297d142b61fc91.jpg?w=1000,,,
6983882,4,후 떡이 몰랑몰랑 잘 익을때까지 기름에 노릇하게 튀기듯이 볶아주세요.,https://recipe1.ezmember.co.kr/cache/recipe/2022/07/19/db18059a723671cb51aa81e78d83f6761.jpg?w=1000,,,
6983882,5,떡과 소세지가 잘 익으면 만들어뒀던 강정양념을 넣어주세요.,https://recipe1.ezmember.co.kr/cache/recipe/2022/07/19/bcaef3e86f53eaa0b4959d07fdf00b1c1.jpg?w=1000,,,
6983882,6,골고루 잘 양념이 베이도록 약불에서 휘리릭 볶아주세요.,https://recipe1.ezmember.co.kr/cache/recipe/2022/07/19/e46227257f60a954b58ea8ea3668451f1.jpg?w=1000,약불,,
6983882,7,양념이 잘 베이게 볶았다면 마무리로 통깨 넉넉하게 뿌려주세요.,https://recipe1.ezmember.co.kr/cache/recipe/2022/07/19/78278e38d8cc3fe5718fc04f158ed27b1.jpg?w=1000,,,
6983882,8,소떡소떡꼬치보다 만들기 쉬운 소떡 강정이었어요. 젓가락으로 콕콕 찍어드세요.,https://recipe1.ezmember.co.kr/cache/recipe/2022/07/19/de88cf6bf404bac080708c317ab9f8441.jpg?w=1000,,,
7075861,1,육회용 소고기는 반드시 신선한 고기를 사용해야 합니다. 키친타올로 핏물을 제거해 주세요,https://recipe1.ezmember.co.kr/cache/recipe/2026/05/08/fe55564f217505fd80e143bb0be784f01.jpg?w=1000,,,
7075861,2,양념만들기 위에양념을 섞어주세요 진간장.설탕.마늘.참기름.후추.소금.통깨를넣고 섞어주세요,https://recipe1.ezmember.co.kr/cache/recipe/2026/05/08/bfcd8d5d5787fb147d2b9f129ae904ec1.jpg?w=1000,,,
7075861,3,핏물뺀 소고기와양념을 넣고 가볍게 버무려 주세요,https://recipe1.ezmember.co.kr/cache/recipe/2026/05/08/4b558539edc48d266728d46ad850f6401.jpg?w=1000,,,
7075861,4,접시에 채썬배를 깔고 육회를 올려주고 가운데 달걀노른자를 올리고 통깨와 참기름살짝뿌려주면 고급한우육회완성입니다,https://recipe1.ezmember.co.kr/cache/recipe/2026/05/08/5f709e31b627023f4eec5fa2e010b5301.jpg?w=1000,,,
7014484,1,감자는 크기에 따라 갯수를 조절해주세요^^,https://recipe1.ezmember.co.kr/cache/recipe/2023/11/27/2e1bacf447066ee5139132d0d4cd3bf01.jpg?w=1000,,,
7014484,2,"감자는 껍질을 벗기고 잘 익도록 큐브모양으로 잘라요. 도마 , 조리용나이프",https://recipe1.ezmember.co.kr/cache/recipe/2023/11/27/5ec795e47088c019f4120ad1912f507b1.jpg?w=1000,,,
7014484,3,끓는물에 소금을 약간 넣고 감자를 넣엇 8-10분 익혀요. 냄비,https://recipe1.ezmember.co.kr/cache/recipe/2023/11/27/9f7fd568c78ee8a223d3f5702df33a951.jpg?w=1000,,600,
7014484,4,"감자에 전분가루, 설탕, 소금, 마요네즈를 넣고 잘 섞어요. 볼",https://recipe1.ezmember.co.kr/cache/recipe/2023/11/27/09a8a8f5825ad096f6d139de0a9ef6f61.jpg?w=1000,,,
7014484,5,감자를 부드러워지도록 으깨요. 매셔 포크로 으깨거나 비닐봉지를 이용해도 좋아요.,https://recipe1.ezmember.co.kr/cache/recipe/2023/11/27/31219d3d0665c53b656c406e2e6d4cef1.jpg?w=1000,,,
7014484,6,둥글 납작하게 모양을 만들고 모짜렐라치즈를 1숟가락 넣어 동그랗게 뭉쳐줘요.,https://recipe1.ezmember.co.kr/cache/recipe/2023/11/27/137cd2833f779ba40ffeaf27dd9ee1d01.jpg?w=1000,,,
7014484,7,감자 4개를 사용하면 호떡 5개정도 나와요.,https://recipe1.ezmember.co.kr/cache/recipe/2023/11/27/50b19ca6b2702b15734eb67e7e59ddeb1.jpg?w=1000,,,
7014484,8,"팬에 버터를 녹여 앞뒤로 노릇하게 구워요. 프라이팬 , 뒤집개",https://recipe1.ezmember.co.kr/cache/recipe/2023/11/27/030347abd6ae373becd47de6cc9759a11.png?w=1000,,,
7014484,9,케찹이나 그릭요거트와 곁들여도 좋아요. 완성접시,https://recipe1.ezmember.co.kr/cache/recipe/2023/11/27/6eb6f1c3d2ba74a00a3c38e1476fafae1.jpg?w=1000,,,
6984423,1,대파는 잘게 썰어주세요.,https://recipe1.ezmember.co.kr/cache/recipe/2022/07/29/f399697cf34715124c01655c7bc1b1c81.jpg?w=1000,,,
6984423,2,소시지도 잘게 썰어줍니다.,https://recipe1.ezmember.co.kr/cache/recipe/2022/07/29/54c63f6f0fac61ca8f30d765d0f45b0b1.jpg?w=1000,,,
6984423,3,식용유를 두른 팬에 대파를 넣고 볶아줍니다. 강불,https://recipe1.ezmember.co.kr/cache/recipe/2022/07/29/b3c2ef6c52ca1ab3e06240a0b754d3e51.jpg?w=1000,강불,,
6984423,4,파향이 올라오면 소시지를 넣고 노릇해질때까지 볶아주세요. 강불,https://recipe1.ezmember.co.kr/cache/recipe/2022/07/29/5ca855006ffb1f815c5bc4a6e4dfdab91.jpg,강불,,
6984423,5,소시지가 노릇해지면 볶아둔 재료는 한쪽으로 밀고 달걀을 넣고 스크램블을 만들어줍니다. 중불,https://recipe1.ezmember.co.kr/cache/recipe/2022/07/29/43246fe886b7118fdfe6fb8439c852bb1.jpg?w=1000,중불,,
6984423,6,스크램블이 완성되면 볶아둔 재료를 섞고 밥을 넣고 볶아줍니다. 중불,https://recipe1.ezmember.co.kr/cache/recipe/2022/07/29/c3c3349ccdd6da81ecba2c791dc6ed561.jpg,중불,,
6984423,7,밥이 골고루 볶아지면 한쪽으로 밀고 빈공간에 간장을 부어서 졸이듯이 끓여주세요. 중불 한번 끓여줘야 감칠맛이 올라가요.,https://recipe1.ezmember.co.kr/cache/recipe/2022/07/29/0e525d041c4477d1fb2063cfdb956cb91.jpg?w=1000,중불,,
6984423,8,간장이 끓으면 밥과 함께 섞어줍니다. 중불,https://recipe1.ezmember.co.kr/cache/recipe/2022/07/29/d46169c860ac473a14d5db42abd175b61.jpg,중불,,
6984423,9,그리고 굴소스도 넣고 살짝 볶습니다. 중불,https://recipe1.ezmember.co.kr/cache/recipe/2022/07/29/23638d8e833ce9f3851ed43394d47f391.jpg,중불,,
6984423,10,간을 한번 보고 후추와 소금으로 밑간을 맞춰주세요. 불끔,https://recipe1.ezmember.co.kr/cache/recipe/2022/07/29/c4b468dce6155fac9ff0d2fe1a46d44d1.jpg,,,
6984423,11,참기름도 넣고 잔열에서 살짝 볶습니다. 잔열,https://recipe1.ezmember.co.kr/cache/recipe/2022/07/29/0f76684ca9a1496f9252abc654b3a24c1.jpg,,,
6984423,12,완성~!,https://recipe1.ezmember.co.kr/cache/recipe/2022/07/29/3e08363ab5cf2ec80f06b6b64db65ed71.jpg?w=1000,,,
6946282,1,두부를 먹기 좋은 한 입 크기로 잘라 모든면을 노릇하게 구워주세요! 한 입크기로 잘라야 양념이 골고루 잘 밴답니다! 취향껏 이지만 너무 크게 자르시면 양념이 고루 배지 않을거에요!,https://recipe1.ezmember.co.kr/cache/recipe/2020/11/13/334d6bddb4af29228df045d5387d040a1.jpg,,,
6946282,2,"두부가 구워지는 동안 물, 굴소스, 식초, 진간장, 설탕, 고춧가루, 다진마늘을 섞어 양념장을 만들어 줍니다.",https://recipe1.ezmember.co.kr/cache/recipe/2020/11/13/1541369214168e1b3adc1c19c8fcdd871.jpg,,,
6946282,3,두부가 노릇 바삭하게 구워지면 양념장과 썰어둔 대파 청양고추를 넣고 2분정도 잘 볶아 주세요. 약불 양념장이 따로노는 것 같은 느낌이 들면 물을 2T더 넣어 볶아주세요.,https://recipe1.ezmember.co.kr/cache/recipe/2020/11/13/a6cf773056348767810c8b75b8eb6fb51.jpg,약불,120,
6946282,4,끝~ㅎㅎ 그릇에 담아 맛있게 먹어주세요!,https://recipe1.ezmember.co.kr/cache/recipe/2020/11/13/1c75c7b79c9eda87772860127082a8e81.jpg,,,
7070354,1,일정한 크기로 무 1/3개 잘라주세요. 채칼보다 칼로 써는 게 무르지 않아서 좋아요!,https://recipe1.ezmember.co.kr/cache/recipe/2026/01/23/41111fcddfa44d89d2a04ad4e3eeac121.jpg,,,
7070354,2,"소금 조금, 설탕 2 숟갈 넣고 3분 정도 버무려 주세요. 3분 정도 버무리면 무 숨이 죽고, 물이 나와요!",https://recipe1.ezmember.co.kr/cache/recipe/2026/01/23/5f116e699c9c0ff5aefbfedffef99be51.jpg,,180,
7070354,3,"고춧가루 3숟갈 넣고, 버무려 주세요.",https://recipe1.ezmember.co.kr/cache/recipe/2026/01/23/4cfceed69343d4fa77fa595dfc3abe0a1.jpg,,,
7070354,4,"대파 조금, 진간장 1숟갈, 식초 2숟갈 넣고 버무려 주세요. 냉장고 숙성 없이 바로 먹어도 맛있어요!",https://recipe1.ezmember.co.kr/cache/recipe/2026/01/23/6639370c6be994e31edca4b61dd6a43e1.jpg,,,
7025912,1,"방울토마토는 먹기 좋은 크기로 4~5등분 으로 잘라줍니다. 도마 , 조리용나이프 방울토마토 손질법",https://recipe1.ezmember.co.kr/cache/recipe/2024/05/08/accb713b03fcdb65323ff9b85ab860681.jpg,,,
7025912,2,"계란 2개에 소금 반 꼬집,후추 톡톡 넣고 잘 풀어줍니다. 대접 , 요리젓가락",https://recipe1.ezmember.co.kr/cache/recipe/2024/05/08/12224ed0d136ee1b024219ab061646ca1.jpg,,,
7025912,3,예열된 팬에 기름 두르고 풀어둔 계란을 넣어줍니다. 프라이팬,https://recipe1.ezmember.co.kr/cache/recipe/2024/05/08/b41130cb4ebf13957b003ace3fed86c31.jpg,,,
7025912,4,계란의 가장자리가 익을 때 쯤 조리용 젓가 락으로 휘휘저어서 스크 램블을 만들어요.,https://recipe1.ezmember.co.kr/cache/recipe/2024/05/08/c4449c9ad1df024350493a631be340fd1.jpg,,,
7025912,5,중약불로 적당히 몽글 몽글 익혀줍니다.70~80% 정도 익혀줍니다.나중에 토마토와 한번 더 볶을 거 니까 너무 익히면 안되요. 스크램블은 따로 그릇에 옮겨둡니다. 접시,https://recipe1.ezmember.co.kr/cache/recipe/2024/05/08/1b75b593832a5e919915550415fb823b1.jpg,약불,,
7025912,6,후라이팬에 기름 두르고 방울토마토를 볶아줍니다.,https://recipe1.ezmember.co.kr/cache/recipe/2024/05/08/7243cf1a907bbc509bed9d9a022415f31.jpg,,,
7025912,7,"여기에 다진마늘1/3T, 다진파1/2T,를 넣고 아 까 만든 스크램블과 같이 볶아줍니다.마무리 간은 간장1/3T만 넣고 재빠르 게 한 번 더 볶아주면 완성됩니다.",https://recipe1.ezmember.co.kr/cache/recipe/2024/05/08/cd675bd9dac2fb7d05203a154d2ce6811.jpg,,,
7025912,8,토마토 달걀볶음 완성 됐어요.토마토의 식감은 취향에 맞게 익혀줍니다.,https://recipe1.ezmember.co.kr/cache/recipe/2024/05/08/fc90bd5320b96c1ce0354cd90036ed881.jpg,,,
7025912,9,그냥 먹어도 충분하지만 조금 아쉽다면 토스트에 올려 먹어도 맛있어요.,https://recipe1.ezmember.co.kr/cache/recipe/2024/05/08/5565aeb3bbdb383709309f26619da85f1.jpg,,,
6933760,1,팽이버섯은 3등분으로 자르고 양파와 대파는 채썰어주세요.,https://recipe1.ezmember.co.kr/cache/recipe/2020/06/03/7c34d4568deb4301f77feba335d6c2411.jpg?w=1000,,,
6933760,2,"간장 2, 맛술 2, 물 3, 굴소스 0.5, 설탕 0.5숟가락을 넣고 소스를 만들어주세요. 다진마늘 약간(커피스푼1) 넣어주면 더 맛있어요. 물론 생략가능!",https://recipe1.ezmember.co.kr/cache/recipe/2020/06/03/60c2a15a1a40a352b8b4d570bcdfb4d31.jpg?w=1000,,,
6933760,3,"달군팬에 기름을 두르고 대파, 양파, 팽이버섯을 넣고 숨이 죽을 만큼 살짝 볶아주세요.",https://recipe1.ezmember.co.kr/cache/recipe/2020/06/03/9aa154fdc3492d888077f6ce776948091.jpg?w=1000,,,
6933760,4,소스를 부어주세요.,https://recipe1.ezmember.co.kr/cache/recipe/2020/06/03/bb4e8805e406494f57dc5c3ba34875871.jpg?w=1000,,,
6933760,5,국물이 자작자작해질때까지 조려주면 완성!,https://recipe1.ezmember.co.kr/cache/recipe/2020/06/03/64e623e43b799db04b630c12732137e61.jpg?w=1000,,,
6933760,6,국물이 자작해질 동안 달걀프라이 하나 ^^ 노른자 터트려 함께 비벼드시면 꿀맛!,https://recipe1.ezmember.co.kr/cache/recipe/2020/06/03/d3f4deea9db4f7a8e4327d82c793d68e1.jpg?w=1000,,,
6933760,7,밥을 담고 달걀프라이를 올린 다음 흰자 위로 팽이버섯 비~잉 참기름 톡~통깨 뿌려주면 초간단 초저렴 든든한끼 완성!,https://recipe1.ezmember.co.kr/cache/recipe/2020/06/03/726e7f7bc1df5bfe1637fef7835f10ec1.jpg?w=1000,,,
6915088,1,"먼저 물에 소금1T,식초1T를 섞어 달걀을 7-8분 반숙으로 삶아 줍니다.",https://recipe1.ezmember.co.kr/cache/recipe/2019/07/01/782ee45be0c4ad4c14de82fc002024251.jpg?w=1000,,480,
6915088,2,달걀이 삶아지는 동안 양파는 굵게 채 썰고 청양고추도 큼직큼직 썰어주셔요,https://recipe1.ezmember.co.kr/cache/recipe/2019/07/01/676e4597997cc306185462e98f78905b1.jpg?w=1000,,,
6915088,3,달걀이 삶아지면 얼음물에 바로 행궈 껍질을 깔끔히 잘 벗겨 줍니다.,https://recipe1.ezmember.co.kr/cache/recipe/2019/07/01/3fd71f1b706ce4fe9898da81b9f604021.jpg,,,
6915088,4,"참기름과 깨를 제외한 모든 양념을 한곳에 미리 섞어주셔요. 평소 단 것 싫으시면 설탕, 물엿은 조금 줄이셔도 됩니다",https://recipe1.ezmember.co.kr/cache/recipe/2019/07/01/f375f5e44f44f1a456fbcd36543901c11.jpg?w=1000,,,
6915088,5,냄비에 멸치육수를 넣고 양념을 잘 풀어 주신뒤 끓여줍니다.,https://recipe1.ezmember.co.kr/cache/recipe/2019/07/01/7aa7c7c1807979966eb69480b972e3561.jpg?w=1000,,,
6915088,6,양념이 끓기 시작하면 양파와 청양고추를 넣고 끓여줍니다.,https://recipe1.ezmember.co.kr/cache/recipe/2019/07/01/c416c4e87fa4e253455d4f0d143e145b1.jpg?w=1000,,,
6915088,7,양념이 반정도 졸아들었다 싶을때 반숙달걀을 투하 해줍니다.이대로 약 2분정도 더 끓여주시면서 달걀에 색이 입혀지게 국물을 끼얹어 주세요,https://recipe1.ezmember.co.kr/cache/recipe/2019/07/01/8ba68d0ba5320663fbd0905d5e9ba7851.jpg,,120,
6915088,8,마지막으로 참기름 2T와 깨1T를 넣고 잘섞어주시고 쪽파를 고명으로 올려주시면 끝!,https://recipe1.ezmember.co.kr/cache/recipe/2019/07/01/422d5c5cfc8c0272a65233566f3e0fe71.jpg,,,
6915088,9,밥도둑 반찬 알토란 임성근님의 고추장 달걀조림 완성입니다^^,https://recipe1.ezmember.co.kr/cache/recipe/2019/07/01/68b6452ac9a4689bd53e283d50c7a9eb1.jpg?w=1000,,,
6915088,10,한번 먹어보니 촉촉한 반숙달걀에 매콤달콤 양념이 어우려져 넘 맛있네요.꼭 떡볶이 양념같은게 은근 중독성 있고 정말 짱짱짱!뜨끈한 밥에 비벼 먹으면 밥 한공기 뚝딱 하게 됩니다^^,https://recipe1.ezmember.co.kr/cache/recipe/2019/07/01/715bdd12b178c48d7ff5628ed58254061.jpg?w=1000,,,
7013562,1,"새송이 버섯의 밑동을 자르고 살짝 털어 준비해주세요, 버섯은 물에 세척하지 않아도 됩니다",https://recipe1.ezmember.co.kr/cache/recipe/2023/11/14/37463600a240b8631c58d2a5130ebe711.jpg,,,
7013562,2,"버섯은 2cm의 넓이로 잘라 벌집무늬로 칼집을 넣어주세요 도마 , 조리용나이프",https://recipe1.ezmember.co.kr/cache/recipe/2023/11/14/09e5c7c44a9b6db0557d592c1c9da7461.jpg,,,
7013562,3,기름을 3큰술 두른 팬에 버섯을 볶아주는데 이때 불은 강불입니다 볶음팬,https://recipe1.ezmember.co.kr/cache/recipe/2023/11/14/6fc0e5aa60a53b8ebf5f6e459d02db901.jpg,강불,,
7013562,4,처음엔 버섯이 기름을 다 먹어 뻣뻣한 느낌이 들지만 계속 볶다보면 버섯에서 수분이 나오기 시작해요. 그 수분까지 날려가며 강불로 버섯이 노릇해지도록 볶아주세요 요리스푼,https://recipe1.ezmember.co.kr/cache/recipe/2023/11/14/5f96ff1243b4726b4d3e9e7f02dce1601.jpg,강불,,
7013562,5,버섯의 면이 노릇해졌을 때 불을 중약불로 줄이고 간장 3.5큰술 넣어 간장이 잘 배이게 천천히 조려주세요,https://recipe1.ezmember.co.kr/cache/recipe/2023/11/14/52128eb944e5d59d360670870c557c771.jpg,약불,,
7013562,6,"버섯이 간장을 머금어 잘 조려졌을 때쯤 올리고당 2큰술, 다진마늘 1/2큰술 넣어 짧게 볶아주세요",https://recipe1.ezmember.co.kr/cache/recipe/2023/11/14/01fee3025e905fd74e3fc19f2988dce81.jpg,,,
7013562,7,대파는 1/4대 큼직하게 썰어 넣어 볶아주세요,https://recipe1.ezmember.co.kr/cache/recipe/2023/11/14/b76d051c7dfa8e71bf41e049e21dc6ea1.jpg,,,
7013562,8,"깨소금 1/2큰술, 참기름 1큰술 둘러 마무리 해주세요",https://recipe1.ezmember.co.kr/cache/recipe/2023/11/14/f8f796a23ea742e6db67515086fb6aff1.jpg,,,
4030952,1,"풋고추는 깨끗이 씻은후 한입크기로 적당히 썰고, 파는 송송썰어서 1스푼가량 준비합니다.",https://recipe1.ezmember.co.kr/cache/recipe/2015/04/22/b3bdbc3d7b02b21b35c7b02fece712821.jpg,,,
4030952,2,"분량의 양념을 넣고, 잘 섞어준후...",https://recipe1.ezmember.co.kr/cache/recipe/2015/04/22/f2859367fd891a64394e922408aa4e7a1.jpg,,,
4030952,3,썰어논 고추/파와 함께.. 잘 버무려 주면 완성이랍니다. ^^,https://recipe1.ezmember.co.kr/cache/recipe/2015/04/22/4c46f2f97e687f0c8702ce532f89271d1.jpg,,,
6907091,1,먼저 오이고추를 깨끗이 씻어 물기를 제거합니다. 매콤한것 좋아하시면 청양고추도 몇개 섞어주셔도 되요,https://recipe1.ezmember.co.kr/cache/recipe/2019/02/21/5101cab7d7a3bf8925da3cc3de2d8ab71.jpg,,,
6907091,2,깨끗이 씻은 고추는 먹기 좋은 사이즈로 썰어줍니다.,https://recipe1.ezmember.co.kr/cache/recipe/2019/02/21/11bdc70ce9047a8ee98e920a3c77e9fd1.jpg,,,
6907091,3,"쌈장 1스푼에 고춧가루1/2,깨1,올리고당1,참기름1,다진마늘1/2를 넣고 잘 섞어줘요. T:성인숟가락 기준 모든 양념은 깍아서",https://recipe1.ezmember.co.kr/cache/recipe/2019/02/21/2181abc5e0032d1d27ea6f03642a3dc11.jpg,,,
6907091,4,썰어놓은 고추에 양념을 넣고 조물조물 잘 섞어주시면 끝입니다^0^ 양념은 한번에 다 넣지 마시고 조금씩 넣어가며 기호에 맞게 간을 맞쳐 주세요,https://recipe1.ezmember.co.kr/cache/recipe/2019/02/21/55b121b01f990b2d5fbaa6f98c9361951.jpg,,,
6907091,5,초간단 5분반찬!아삭아삭 '고추쌈장무침'완성입니다.,https://recipe1.ezmember.co.kr/cache/recipe/2019/02/21/87a33f1a0fa5b719afb6244c7d90392e1.jpg,,300,
6907091,6,한개 먹어보니 아삭아삭 씹히는 고추의 식감에 양념이 어우려져 참 맛있어요. 만들기 쉽고 입맛 돋구는 반찬으로 추천해요^^,https://recipe1.ezmember.co.kr/cache/recipe/2019/02/21/800d70fd47a7ef251c34089386bedc2e1.jpg,,,
7065112,1,베이컨볶음밥을 소개합니다.,https://recipe1.ezmember.co.kr/cache/recipe/2025/10/25/ae2698fdd52ac53e4fa0a6d32b32589d1.jpg?w=1000,,,
7065112,2,베이컨 1팩을 먹기좋은 크기로 썰어서 준비합니다,https://recipe1.ezmember.co.kr/cache/recipe/2025/10/25/bbfc30791977662e9da7610c33826fc71.jpg?w=1000,,,
7065112,3,기름을 넉넉하게 두른후 대파를 넣어서 볶아준후 베이컨을 넣어서 볶아주세요.,https://recipe1.ezmember.co.kr/cache/recipe/2025/10/25/f89d31208be24b56a83fa2b436fd12211.jpg?w=1000,,,
7065112,4,계란2개를 한쪽으로 넣어서 스크램블을 만들어준후 베이컨과 함께 잘 섞아가면서 볶아주세요.,https://recipe1.ezmember.co.kr/cache/recipe/2025/10/25/a58822446e9756b1eddfd53cf183f3171.jpg?w=1000,,,
7065112,5,간장2스푼을 후라이팬 한쪽에 넣어서 거품을 낸후 베이컨과 함께 간이 잘 베이도록 볶아주세요.,https://recipe1.ezmember.co.kr/cache/recipe/2025/10/25/315ad0c37c900fc4572edd267a662d2c1.jpg?w=1000,,,
7065112,6,공기밥을 넣어서 재료들이 잘 섞이도록 하면서 볶아주세요.,https://recipe1.ezmember.co.kr/cache/recipe/2025/10/25/46bd8dbb6a4ace549bef0ed17c00c33b1.jpg?w=1000,,,
7065112,7,간을 굴소스를 넣어서 맞춰가면서 간 조절을 해주세요.,https://recipe1.ezmember.co.kr/cache/recipe/2025/10/25/6ee750c983cefe77f7a6175a7ee951b61.jpg?w=1000,,,
7065112,8,예쁜접시에 야무지게 담아주세요.,https://recipe1.ezmember.co.kr/cache/recipe/2025/10/25/bfa34690fdbcb6f27f4c860514c3945a1.jpg?w=1000,,,
7065112,9,베이컨볶음밥이 완성이 되었습니다.,https://recipe1.ezmember.co.kr/cache/recipe/2025/10/25/25cbe9792a3c32cee17b445726f8cade1.jpg?w=1000,,,
7006608,1,애호박은 깨끗이 세척한 후 반달썰기나 길게 사등분해준 후 두툼한 크기로 썰어주세요.너무 얇게 썰면 호박이 부서집니다.,https://recipe1.ezmember.co.kr/cache/recipe/2023/07/21/0e323d060aafcd7ef5e06f942b39278d1.jpg?w=1000,,,
7006608,2,새우살은 꼬리를 떼어낸후 깨끗하게 씻어주세요.,https://recipe1.ezmember.co.kr/cache/recipe/2023/07/21/8ad1ed1c6e9ff60534c79480d49c8c401.jpg?w=1000,,,
7006608,3,팬에 참기름을 두르고,https://recipe1.ezmember.co.kr/cache/recipe/2023/07/21/959e159830b302a42c6a1c6b003c30861.jpg?w=1000,,,
7006608,4,다진마늘 1T를 넣어줍니다.,https://recipe1.ezmember.co.kr/cache/recipe/2023/07/21/c9d450850fbefb0221c5ef6abf27b1211.jpg?w=1000,,,
7006608,5,약불에서 마늘이 타지않게 잘볶아 마늘기름을 만들어준 후~~,https://recipe1.ezmember.co.kr/cache/recipe/2023/07/21/752c3c65fc83d2f127b413766095cbda1.jpg?w=1000,약불,,
7006608,6,새우살을 먼저 넣고 볶아줍니다.,https://recipe1.ezmember.co.kr/cache/recipe/2023/07/21/089f920863e04eb4f8493b923d12832a1.jpg?w=1000,,,
7006608,7,새우살이 익어서 겉이 빨갛게 변하면 호박을 넣어줍니다.,https://recipe1.ezmember.co.kr/cache/recipe/2023/07/21/9e1dd98945c660d4f3a730945550866f1.jpg?w=1000,,,
7006608,8,새우와 호박을 잘섞어주면 호박이 설익을때까지 볶아주대가,https://recipe1.ezmember.co.kr/cache/recipe/2023/07/21/0893b1f501dc47861684ee1ec81666171.jpg?w=1000,,,
7006608,9,국간장 1T넣고 간을 해준후,https://recipe1.ezmember.co.kr/cache/recipe/2023/07/21/1156a34a31bb84f58720b112452c96b81.jpg?w=1000,,,
7006608,10,뚜껑을덮고 약불에서 1분정도 뜸들여주면 호박이 알맞게 익어요. 그리고 호박에서 수분이 촉촉하게 나와서 타지않아요.,https://recipe1.ezmember.co.kr/cache/recipe/2023/07/21/c24bed737a2ea0b11f93a038c3b2d6cb1.jpg?w=1000,약불,60,
7006608,11,뜸들여준후 뚜껑을 열고 통깨 뿌려줍니다,https://recipe1.ezmember.co.kr/cache/recipe/2023/07/21/832251a00bb2b80dad8c127e15112e411.jpg?w=1000,,,
7006608,12,먹을만큼 접시에 담아 맛있게 드세요,https://recipe1.ezmember.co.kr/cache/recipe/2023/07/21/641fcedab8c84884d998e618214c27e51.jpg?w=1000,,,
6843136,1,"대파에 떡국떡 (가래떡, 떡볶이떡) 베이컨",https://recipe1.ezmember.co.kr/cache/recipe/2016/02/16/13446ed70aed37c26af763adb84141781.jpg?w=1000,,,
6843136,2,기름두르고 볶듯구워요.(튀기듯하면 더 맛있습니다),https://recipe1.ezmember.co.kr/cache/recipe/2016/02/16/1145c79eff5d066e71205df0f95da1f21.jpg?w=1000,,,
6843136,3,"간장.물엿.참기름을 넣어 볶아요. 간장 한스푼, 물엿 넉넉히, 참기름한스푼(이런 느낌 비율로. )",https://recipe1.ezmember.co.kr/cache/recipe/2016/02/16/7f5cba0264793d2a3d65dbe571d0698a1.jpg?w=1000,,,
6843136,4,볶아주며 졸입니다.,https://recipe1.ezmember.co.kr/cache/recipe/2016/02/16/a21f5dfdd2a8410e1b21f08bdd0c7d2e1.jpg?w=1000,,,
6843136,5,국물없게끔 졸여야 맛있어용: ),https://recipe1.ezmember.co.kr/cache/recipe/2016/02/16/ed8b687915ef34432c3bc4e585ec029f1.jpg?w=1000,,,
6843136,6,깨도 뿌리고 한번 볶아준 후 끝.,https://recipe1.ezmember.co.kr/cache/recipe/2016/02/16/543393455e182e908839c74e3f00dc191.jpg?w=1000,,,
6843136,7,완성^^,https://recipe1.ezmember.co.kr/cache/recipe/2016/02/16/80355fb42bb8780fc97fbdc191deec9f1.jpg?w=1000,,,
7006705,1,알배추를 삶아줘요. 끓는 물에 약 3분 정도 담가두고 투명해지면 건져 식혀두었어요. 저는 찜기가 없이 간단하게 대치고 싶은 분들은 이렇게 해보세요.,https://recipe1.ezmember.co.kr/cache/recipe/2023/07/24/bad8d3d229b61256792d00519771c4e41.jpg,,180,
7006705,2,두부 반모를 기름기가 없는 팬에 으깨어 수분을 날려줘요.,https://recipe1.ezmember.co.kr/cache/recipe/2023/07/24/c9d0ef90b2d4828be1776f1690c5bfd51.jpg,,,
7006705,3,"믹싱볼에 참치 반 캔, 수분이 날아간 두부, 그리고 살짝 매콤한 맛을 추가하기 위해 청양고추를 넣어주세요.",https://recipe1.ezmember.co.kr/cache/recipe/2023/07/24/a54774c6d8f091300a15e33b2d003b811.jpg,,,
7006705,4,소금과 후추를 톡톡 넣어 간을 맞춰주세요.,https://recipe1.ezmember.co.kr/cache/recipe/2023/07/24/4352abb9eb9c105cb19eda704ed6009e1.jpg,,,
7006705,5,알배추 위에 섞어놓은 두부와 참치를 한스푼 넣고 돌돌돌 말아줘요.,https://recipe1.ezmember.co.kr/cache/recipe/2023/07/24/20c748fe2ba6c7df973683dc95ecd3fa1.jpg,,,
7006705,6,달걀 두개를 풀어 계란물을 만들어줘요.,https://recipe1.ezmember.co.kr/cache/recipe/2023/07/24/68d5ebeca33bc429bebb7c92ac50f3fa1.jpg,,,
7006705,7,팬에 기름을 두르고 달구어지면 계란물에 적셔 팬 위에 올려요. 앞뒤로 굽굽하면서 노릇하게 구워지면 그릇 위에 담아줘요. 계란물에 적셔 구워주면 생각보다 배추가 풀어지거나 하지 않아서 쉽게 요리할 수 있어요.,https://recipe1.ezmember.co.kr/cache/recipe/2023/07/24/590d6e23b6720122c192a009988f84c21.jpg,,,
7006705,8,완성이에요.,https://recipe1.ezmember.co.kr/cache/recipe/2023/07/24/ac141dd811b1da87487cfc3e2c743b4e1.jpg,,,
7040785,1,"스팸 1캔(200g), 계란 4개를 준비해주세요~ (스팸 아니고 리챔도 괜찮아요!)",https://recipe1.ezmember.co.kr/cache/recipe/2024/12/17/c14a8e4a8056b4c125dc88a07871185d1.jpg,,,
7040785,2,"스팸은 먹기좋은 크기로 잘라서 준비해주세요~ 도마 , 조리용나이프",https://recipe1.ezmember.co.kr/cache/recipe/2024/12/17/f71d9141797394609c2ea5fcd61a3ddd1.jpg,,,
7040785,3,"이제 양념을 만들어줄게요~ 일단 맛술 1+1/2T 소스볼 , 숟가락",https://recipe1.ezmember.co.kr/cache/recipe/2024/12/17/ceb92a7d0ad89e201eaef5519932ed761.jpg,,,
7040785,4,물엿 1+1/2T,https://recipe1.ezmember.co.kr/cache/recipe/2024/12/17/8f824b13aedd12923de7ad6b5d9f383d1.jpg,,,
7040785,5,케첩 1+1/2T,https://recipe1.ezmember.co.kr/cache/recipe/2024/12/17/0dc0d0968cacbe47962e201bd4e098841.jpg,,,
7040785,6,굴소스 1/3T,https://recipe1.ezmember.co.kr/cache/recipe/2024/12/17/0b5584793d8e65256df144bbf007f2861.jpg,,,
7040785,7,진간장 1/3T을 넣고 섞어주시면 양념 끝~!,https://recipe1.ezmember.co.kr/cache/recipe/2024/12/17/4f1b13085116c8e92c30423bf0c8fbc31.jpg,,,
7040785,8,"프라이팬에 기름을 둘러주시고 잘라놓은스팸을 넣어주신 후 잘 익도록 구워주세요. 프라이팬 , 조리용스푼",https://recipe1.ezmember.co.kr/cache/recipe/2024/12/17/c556ba04a8bc0ad77d2a86f285a310ca1.jpg,,,
7040785,9,구워주셨으면 만들어놓은 양념을 넣고,https://recipe1.ezmember.co.kr/cache/recipe/2024/12/17/66ebe7a0b8c3cbf7ad98eaa95df5c56b1.jpg,,,
7040785,10,물 1+1/2T을 넣고,https://recipe1.ezmember.co.kr/cache/recipe/2024/12/17/0920f3764b4fdb5dcc1a17a3d41b003b1.jpg,,,
7040785,11,졸이듯이 볶아주신 후 한쪽으로 몰아주고,https://recipe1.ezmember.co.kr/cache/recipe/2024/12/17/d98d8783ba09ec1da8c297d2034efca71.jpg,,,
7040785,12,계란 4개를 넣고,https://recipe1.ezmember.co.kr/cache/recipe/2024/12/17/8bbf0df245a5fc321f0f141c598e07e01.jpg,,,
7040785,13,스크램블을 해주세요~,https://recipe1.ezmember.co.kr/cache/recipe/2024/12/17/60c61429b073091dce1a2848a0152ae51.jpg,,,
7040785,14,"밥 위에 스팸, 계란 김가루를 예쁘게 올리고 완성그릇",https://recipe1.ezmember.co.kr/cache/recipe/2024/12/17/54acb433cb58d0df797b85d8fcfc858f1.jpg,,,
7040785,15,마요네즈까지 뿌리고 쓱쓱 비벼주면~!!,https://recipe1.ezmember.co.kr/cache/recipe/2024/12/17/33577a27f499ea4847032f73706a70071.jpg,,,
7040785,16,원래 맛있지만 더 더 맛있는 '스팸마요덮밥' 완성~!!,https://recipe1.ezmember.co.kr/cache/recipe/2024/12/17/8feb28e41ec2d6d8ca5b29f1253a63271.jpg,,,
7055913,1,"오이1개를 얇게 썰어요. 도마 , 조리용나이프 오이손질법",https://recipe1.ezmember.co.kr/cache/recipe/2025/06/21/e91bda973ab5001fcc7576bace6f27851.jpg?w=1000,,,
7055913,2,"볼에 오이를 담고 소금두꼬집, 꿀1T넣어 10분 절여요. 볼",https://recipe1.ezmember.co.kr/cache/recipe/2025/06/21/dab85e8396b5caba906f69c8a60094d61.jpg?w=1000,,600,
7055913,3,"냄비에 물이 끓으면 국수를 삶아 찬물에 헹궈 물기빼요. 냄비 , 채반",https://recipe1.ezmember.co.kr/cache/recipe/2025/06/21/2af8f1bde9d52e3f9e5e5194a83efd7f1.jpg?w=1000,,,
7055913,4,"다진마늘1/3T, 참치액1T, 식초1T, 레몬즙1T, 매실청1T, 들기름3T, 간장1T, 깨소금1T 넣어 양념소스 만들어요. 볼 , 스푼",https://recipe1.ezmember.co.kr/cache/recipe/2025/06/21/e42dd9da2f3d70b5e08ccf59ab75c6601.jpg?w=1000,,,
7055913,5,절인 오이는 야채짤순이를 이용해 물기꼭짜요. 야채짤순이,https://recipe1.ezmember.co.kr/cache/recipe/2025/06/21/a0feb551eea52044658df310a083cb9c1.jpg?w=1000,,,
7055913,6,볼에 국수 담고 물기꼭짠 오이올려요. 면기,https://recipe1.ezmember.co.kr/cache/recipe/2025/06/21/a1161722a767cfca00c304cfade1f39f1.jpg?w=1000,,,
7055913,7,들깨가루1T 올려요.,https://recipe1.ezmember.co.kr/cache/recipe/2025/06/21/54dc0780efc7401de19cfc33d418561e1.jpg?w=1000,,,
7055913,8,양념소스 뿌려요.,https://recipe1.ezmember.co.kr/cache/recipe/2025/06/21/f3c23377a6b33c4d1033e9cfeda531941.jpg?w=1000,,,
7045536,1,"양배추는 심지 제거 후 채 썰어서 물에 담갔다가 흐르는 물에 씻은 후 체에 받쳐서 물기 빼 주세요. 도마 , 조리용나이프 , 믹싱볼 , 채반 양배추 손질법",https://recipe1.ezmember.co.kr/cache/recipe/2025/02/20/a5a96304332205b1f2c92941375c8a6d1.png,,,
7045536,2,닭가슴살은 고기 결대로 어슷썰기.,https://recipe1.ezmember.co.kr/cache/recipe/2025/02/20/160f84d4dfa51bb55379a51065c2c4b21.png,,,
7045536,3,".올리브유 1큰술 두르고, 다진 마늘 1큰술 넣어 중간 불에서 볶아준다. 볶음팬 , 요리스푼",https://recipe1.ezmember.co.kr/cache/recipe/2025/02/20/fa12dde04d8fefd17bbc795dced0e9141.png,,,
7045536,4,양파 반개 채썰어서 같이 넣고 빠르게 볶아준다.,https://recipe1.ezmember.co.kr/cache/recipe/2025/02/20/9068750927581d9d30db9ffd6c128bb41.png,,,
7045536,5,양배추는 물기 제거 후에 넣고 같이 볶아준다. (이떄 강불에서 빠르게 ) 양배추 손질법,https://recipe1.ezmember.co.kr/cache/recipe/2025/02/20/6fec1bc791957794ae4c44a18c3c816a1.jpg?w=1000,강불,,
7045536,6,양배추가 어느 정도 숨이 죽으면 썰어 둔 닭가슴살도 넣고 같이 볶는다.,https://recipe1.ezmember.co.kr/cache/recipe/2025/02/20/c48201710196281ef96e53d38fab3bc21.png,,,
7045536,7,"굴소스 반스푼, 진간장 한스푼, 참치액 반스푼, 올리고당 반스푼(생략 가능)을 넣고 강불에서 재료들을 골고루 섞어가며 볶아준다.",https://recipe1.ezmember.co.kr/cache/recipe/2025/02/20/0d8ac735b5a9380ff35fb0f0259728ee1.png,강불,,
7045536,8,양념들이 재료에 골고루 섞였으면 가운데 공간을 만든 후에 달걀 프라이를 만들어 준다.,https://recipe1.ezmember.co.kr/cache/recipe/2025/02/20/e11e04c37732777361d428bda581e19d1.jpg?w=1000,,,
7045536,9,밥 위에 예쁘게 담아 파슬리 가루 솔솔 뿌려서 맛있게 드세요~~~^^ (기호에 따라 참깨나 고춧가루도 상관 없어요) 완성그릇,https://recipe1.ezmember.co.kr/cache/recipe/2025/02/20/88db57517597b3e1ff3938682b094d451.jpg?w=1000,,,
7011685,1,떡볶이떡은 물에 한번 씻어 끓는 물에 말랑해지도록 살짝 데쳐주세요 (2~3분) 냄비,https://recipe1.ezmember.co.kr/cache/recipe/2023/10/16/d7b5bbfa3d8df584d481497b57b2a2731.jpg,,180,
7011685,2,데쳐준 떡은 채반에 밭쳐 물기를 빼주고 잠시 식혀주세요 채반,https://recipe1.ezmember.co.kr/cache/recipe/2023/10/16/45c225d2708f7fed39ded30ef6b2b3411.jpg,,,
7011685,3,"베이컨 10장은 반으로 잘라주세요 도마 , 조리용나이프",https://recipe1.ezmember.co.kr/cache/recipe/2023/10/16/fb12db9be866ab7a04dac52133df281a1.jpg,,,
7011685,4,베이컨 위에 떡을 올리고 짱짱하게 말아주세요,https://recipe1.ezmember.co.kr/cache/recipe/2023/10/16/d67fef4578b262c320b8e3e60e551cf91.jpg,,,
7011685,5,"베이컨 말이의 마감부분이 바닥으로 가게 놓고 중약불로 서서히 구워주세요 프라이팬 , 요리젓가락 베이컨에서 기름이 나오기 때문에 따로 기름은 둘러주지 않으셔도 됩니다",https://recipe1.ezmember.co.kr/cache/recipe/2023/10/16/85e6b4688dbc97923c7a75874ecb48271.jpg,약불,,
7011685,6,낱개로 구운 베이컨은 먹기 좋게 꼬지에 꽂아 주세요 대나무꼬지,https://recipe1.ezmember.co.kr/cache/recipe/2023/10/16/41c6ed686e1cc7435360062c17c586371.jpg,,,
7011685,7,파슬리 솔솔 뿌려 마무리 해주세요,https://recipe1.ezmember.co.kr/cache/recipe/2023/10/16/480b991a1e13d9314a95e4afaafbd1571.jpg,,,
7007197,1,"210g 짜리 햇반 하나를 볼에 옮겨 간장 한 숟갈 반, 참기름 1숟갈 햇반 210g, 간장, 참기름 볼 , 숟가락",https://recipe1.ezmember.co.kr/cache/recipe/2023/08/02/9f3916aa370c2cf58dc5ce48b884aebd1.jpg?w=1000,,,
7007197,2,"적당량의 후추, 깨를 넣고 비벼줍니다. 후추, 깨",https://recipe1.ezmember.co.kr/cache/recipe/2023/08/02/196f5e3d828f96a6a04c3ac9926105791.jpg?w=1000,,,
7007197,3,골고루 비벼진 밥을 한 주먹 잡아 동그랗게 만들어준 후,https://recipe1.ezmember.co.kr/cache/recipe/2023/08/02/aad244d40ecdab882b48cea29ecce70b1.jpg?w=1000,,,
7007197,4,꾹 눌러 납작하게 해주세요.,https://recipe1.ezmember.co.kr/cache/recipe/2023/08/02/009c50de906a06df3c8a1bd93e1d35b31.jpg?w=1000,,,
7007197,5,참치캔을 뜯어 참치캔,https://recipe1.ezmember.co.kr/cache/recipe/2023/08/02/216d62aa4a4cfc904fd29de97838f4ef1.jpg?w=1000,,,
7007197,6,납작하게 만든 밥 가운데에 위치하게 참치를 올려줍니다.,https://recipe1.ezmember.co.kr/cache/recipe/2023/08/02/6ccbddc7a1c58392d2d8d7233c92eec51.jpg?w=1000,,,
7007197,7,"참치를 올리고 난 후 만두를 빚듯이 밥을 감싸, 동그랗게 만들어 줍니다. 남은 밥도 똑같이 만들어 주세요.",https://recipe1.ezmember.co.kr/cache/recipe/2023/08/02/5cd6a072cc0781a358549114d4e41fc81.jpg?w=1000,,,
7007197,8,동그란 주먹밥 2개가 완성되었다면,https://recipe1.ezmember.co.kr/cache/recipe/2023/08/02/8a277c13ae7136f9da167a55859725f51.jpg?w=1000,,,
7007197,9,"불은 중~강불로 해주고 잘 달궈진 팬에 주먹밥을 올려줍니다. 프라이팬 , 뒤집개 중~강불 밥 양념할 때 참기름을 넣어서 팬에 기름 따로 안 둘렀어요.",https://recipe1.ezmember.co.kr/cache/recipe/2023/08/02/5d83d7309a688e6b4c9a4689ac7715e31.jpg?w=1000,강불,,
7007197,10,"앞, 뒤, 옆 모두 노릇노릇해질 때까지 구워주세요.",https://recipe1.ezmember.co.kr/cache/recipe/2023/08/02/fb40c14a956833d58332ec941d49080a1.jpg?w=1000,,,
7007197,11,모두 구워주고 나면 구운 참치 간장 주먹밥 완성! 전 날 미리 만들어 냉동실이나 냉장 보관했다가 불에 구워 먹어도 되니 이제 아침 식사 거르지 마세요!​​,https://recipe1.ezmember.co.kr/cache/recipe/2023/08/02/847260343f91811bcfcc605d20466c7a1.jpg?w=1000,,,
7028655,1,"김치는 쫑쫑 썰어 준비합니다. 도마 , 조리용나이프",https://recipe1.ezmember.co.kr/cache/recipe/2024/06/19/2f0075f3fb11fb9984a95c65a10937141.jpg?w=1000,,,
7028655,2,달군 프라이팬에 식용유 둘러주세요. 프라이팬,https://recipe1.ezmember.co.kr/cache/recipe/2024/06/19/5d15f7f757b29371b4f03f17cf90706f1.jpg?w=1000,,,
7028655,3,스팸은 으깨거나 깍뚝썰기해서 넣어 주세요. 조리주걱,https://recipe1.ezmember.co.kr/cache/recipe/2024/06/19/38ad40eef518c56e954c0595df6ddfa61.jpg?w=1000,,,
7028655,4,스팸이 살짝 노릇해지면 김치를 모두 넣습니다.,https://recipe1.ezmember.co.kr/cache/recipe/2024/06/19/284da2792870e44b10dcba51e0b15dc91.jpg?w=1000,,,
7028655,5,"가스레인지 불을 중불로 해주시고, 설탕 1T 넣어주세요.",https://recipe1.ezmember.co.kr/cache/recipe/2024/06/19/21aeffc273df95aa16f0bb1400715d671.jpg?w=1000,중불,,
7028655,6,고춧가루 1T 들어갑니다.,https://recipe1.ezmember.co.kr/cache/recipe/2024/06/19/9e73f23c8239c2118b365c7729a9d5501.jpg?w=1000,,,
7028655,7,간장 1T 넣어주세요.,https://recipe1.ezmember.co.kr/cache/recipe/2024/06/19/2b7cb2b0a301e870bdbb7a01a9bf9f731.jpg?w=1000,,,
7028655,8,"올리고당 1T 넣어주시면 됩니다. 그리고 나서, 김치가 다 익을 때까지 충분히 볶아 주세요.",https://recipe1.ezmember.co.kr/cache/recipe/2024/06/19/a0e0d5a8b6c535e6988e198a6ad428a61.jpg?w=1000,,,
7028655,9,"김치가 다 익었으면 가스레인지 불을 끄고, 참기름 2T 넉넉하게 둘러 주세요.",https://recipe1.ezmember.co.kr/cache/recipe/2024/06/19/e9fcfb58ea8df13febb0de13b2f8dd961.jpg?w=1000,,,
7028655,10,통깨 뿌려주시면 완성입니다.,https://recipe1.ezmember.co.kr/cache/recipe/2024/06/19/51708ad36d6c5028b1d0e6bc87d2782f1.jpg?w=1000,,,
6957535,1,마늘종 300g을 4cm길이로 썰어주세요,https://recipe1.ezmember.co.kr/cache/recipe/2021/04/28/cc9ae82902ca57b7b640ea676b968ec01.png,,,
6957535,2,달궈진 마른팬에 건새우 50g을 넣고 중간불에서 1분간 볶아주세요. 마른팬에서 건새우를 볶으면 잡내는 사라지고 단맛은 올라갑니다.,https://recipe1.ezmember.co.kr/cache/recipe/2021/04/28/f41b4aee3e70cf93a103532fa745513c1.png,,60,
6957535,3,볶은 새우를 체에 올려 잔 가루를 털어 내주세요.,https://recipe1.ezmember.co.kr/cache/recipe/2021/04/28/fc2f4ead554e4ac135ad4fc6efbd9b961.png,,,
6957535,4,팬에 불을 (센불)켜고 물 1/4컵을 넣고 끓여 줍니다.,https://recipe1.ezmember.co.kr/cache/recipe/2021/04/28/04227c798c7e0fecfdad6f81714a9d4c1.png,강불,,
6957535,5,물이 끓어 오르면 마늘종 300g과 소금 1/3큰술을 넣고 수분이 없어질때까지 볶아줍니다. 마늘종을 물에 볶으면 데치는 효과를 내서 아린맛은 날아가고 색감은 살아 납니다.,https://recipe1.ezmember.co.kr/cache/recipe/2021/04/28/a83b13ff339a4494461b3b7d02b5f4ad1.png,,,
6957535,6,수분이 없어 졌을 때 볶아 놓은 건새우를 넣어주세요.,https://recipe1.ezmember.co.kr/cache/recipe/2021/04/28/946e71aba719e3f2f850031ac0d2b5241.png,,,
6957535,7,설탕 2큰술을 넣고 살짝 볶아주고 설탕 입자가 있을때 간장4큰술을 넣어 줍니다.,https://recipe1.ezmember.co.kr/cache/recipe/2021/04/28/fb04b0d30bec5f126246aec84b73c1a91.png,,,
6957535,8,식용유 4큰술을 건새우쪽으로 넣고 볶아줍니다.,https://recipe1.ezmember.co.kr/cache/recipe/2021/04/28/1d6175d4f07063b28dfb9b11de69c39a1.png,,,
6957535,9,"불을 끄고 참기름 2큰술, 물엿 1큰술반, 통깨 1큰술을 넣고 잘 어우러지게 섞어서 맛있게 드시면 되세요~",https://recipe1.ezmember.co.kr/cache/recipe/2021/04/28/88870d91d0349948d47139d56e2806a31.png,,,
7033948,1,"감자는 5~6mm 정도 두께로 일정하게 썰어준 뒤 먹기 좋게 채를 썰어줍니다. 도마 , 조리용나이프 감자 손질법",https://recipe1.ezmember.co.kr/cache/recipe/2024/09/06/6ee189f8406c5f4e7e8de8fa6c9b1f801.png?w=1000,,,
7033948,2,겉의 전분을 제거하기 위해 물에 담가 살짝 흔들어 씻어줍니다. 볼,https://recipe1.ezmember.co.kr/cache/recipe/2024/09/06/a8184e8f949e24f4fbac71ae52cc43701.png?w=1000,,,
7033948,3,"냄비에 재료가 잠길 정도로 물을 붓고 끓어오르면 소금 1 작은 술을 넣어 1분~1분 30초 정도 데쳐줍니다. 냄비 , 채반",https://recipe1.ezmember.co.kr/cache/recipe/2024/09/06/67f96f906cb4303ee1955d2ecc1f56261.png?w=1000,,90,
7033948,4,"다른 재료도 감자와 크기를 맞추어 채 썰어줍니다. 스팸은 두께를 맞추어 5~6mm로 채 썰고 양파도 비슷하게 잘라줍니다. 도마 , 조리용나이프 당근 손질법",https://recipe1.ezmember.co.kr/cache/recipe/2024/09/06/42cfaadc5b7af245fda77d74d06da33b1.png?w=1000,,,
7033948,5,달군 팬에 식용유 3 큰 술을 두르고 간 마늘 1 작은 술을 볶아 향을 내어줍니다. 프라이팬,https://recipe1.ezmember.co.kr/cache/recipe/2024/09/06/8e0e85090e542cc800da33df263a52921.png?w=1000,,,
7033948,6,"마늘 기름 향이 올라오면 데친 감자와 양파, 당근을 넣고 중불로 볶아요. 조리주걱",https://recipe1.ezmember.co.kr/cache/recipe/2024/09/06/0a359c54a778164a68cccf77b3d51bdc1.png?w=1000,중불,,
7033948,7,감자는 한번 데친 것이라 오래 볶지 않아도 잘 익으며 양파가 투명해지고 먹기 좋은 식감으로 재료가 익으면 스팸을 넣고 함께 볶아줍니다. 계량스푼,https://recipe1.ezmember.co.kr/cache/recipe/2024/09/06/557ec9340ecacf44839d033890fce46f1.png?w=1000,,,
7033948,8,"스팸의 감칠맛이 섞이면 소금 2/3 작은 술, 후추 약간을 넣고 간을 해주고 맛있게 익으면 참기름 1 큰 술, 통깨 약간 뿌려 마무리합니다.",https://recipe1.ezmember.co.kr/cache/recipe/2024/09/06/b4b8d3cbe7a35c577d7da3b9e1488fb21.png?w=1000,,,
7033948,9,고소하고 담백한 감칠맛이 먹음직스럽게 완성되었습니다. 접시,https://recipe1.ezmember.co.kr/cache/recipe/2024/09/06/0628527ac1dc587f5c6b92bd290fa0131.png?w=1000,,,
7052506,1,"두부 반 모 노릇하게 구워서 접시에 올려주세요 도마 , 조리용나이프 , 프라이팬 , 접시",https://recipe1.ezmember.co.kr/cache/recipe/2025/05/12/93df0052769e43385185bc36fca82e6d1.jpg?w=1000,,,
7052506,2,"팽이버섯 반 봉지 구워주다가 프라이팬 , 조리용스푼 팽이버섯손질법",https://recipe1.ezmember.co.kr/cache/recipe/2025/05/12/07b25ca28528b147ab95bc3af79682d11.jpg?w=1000,,,
7052506,3,"진간장1T, 알룰로스1T, 굴소스0.5T, 다진마늘1T, 물2T 섞어서 소스만들어 부워 졸여주세요",https://recipe1.ezmember.co.kr/cache/recipe/2025/05/12/5644d2a9347ff7040047534c8d98cf5d1.jpg?w=1000,,,
7052506,4,두부 위에 올려주면 끝!,https://recipe1.ezmember.co.kr/cache/recipe/2025/05/12/964eeb58f7051d95011c8305af14f55b1.jpg?w=1000,,,
6995956,1,"하트맛살전을 위해 맛살을 하트모양으로 만들고 산적꼬치를 이용해 고정시켜주세요. 맛살, 산적꼬치 이쑤시개를 사용할경우 너무 짧아요. 13cm 정도길이의 산적꼬치가 최적의 길이입니다.",https://recipe1.ezmember.co.kr/cache/recipe/2023/01/25/280f9ed24d7fbfcb6b9f2fbbb2f26b6b1.jpg,,,
6995956,2,준비된 맛살을 모두 하트모양으로 만들어주세요. 너무 강하게 구부리면 부러지니 살살 아기다루듯이 해 주세요,https://recipe1.ezmember.co.kr/cache/recipe/2023/01/25/20f2fbef324579026870a2e30e6466011.jpg,,,
6995956,3,"하트맛살전 속에 들어갈 재료를 만들어줍니다. 계란 2개, 참치 작은캔 1개, 청양고추 2개, 양파 1/4개 기호에 맞게 전 속에 들어갈 재료는 변경 해 주셔도 됩니다.",https://recipe1.ezmember.co.kr/cache/recipe/2023/01/25/55657d94f07cece2544adadc3f11decf1.jpg,,,
6995956,4,후라이팬에 기름을 두르고 맛살을 먼저 익혀줍니다. 후라이팬 중약불,https://recipe1.ezmember.co.kr/cache/recipe/2023/01/25/6b14c979b3d54dbeee0d81864eba56e51.jpg,약불,,
6995956,5,"맛살이 어느정도 익으면, 미리 만들어둔 속재료를 활용해 맛살의 안을 가득 채워줍니다. 약불 조금 답답하더라도 전을 부칠때는 약불에 은근히 오래 익혀줘야해요.",https://recipe1.ezmember.co.kr/cache/recipe/2023/01/25/7dfb4ccdd47cedbab6cfec62c1d48ae21.jpg,약불,,
6995956,6,뒤집어서 반대편도 익혀줍니다.,https://recipe1.ezmember.co.kr/cache/recipe/2023/01/25/9d8cb246f1d1bf2e414856822a2a37971.jpg,,,
6995956,7,"키친타월을 이용해 기름기를 빼 주고, 하트모양 바깥으로 벗어난 계란은 살살 떼어내주세요.",https://recipe1.ezmember.co.kr/cache/recipe/2023/01/25/4fde5fd4af15bdf9d8df41efb98c9a931.jpg,,,
6995956,8,사랑하는 마음 가득담아 플레이팅 해 주면 완성입니다.,https://recipe1.ezmember.co.kr/cache/recipe/2023/01/25/b9c05dfa61ae819315ca11009b5d4e9c1.jpg,,,
6840157,1,"재료를 준비합니다. 단무지 1팩, 대파를 짧게 어슷 썰어줍니다.",https://recipe1.ezmember.co.kr/cache/recipe/2015/12/14/ebe9d9e5c6873e08a48cc1f76bc6aad31.jpg,,,
6840157,2,그릇에 통깨를 1숟가락 넣어줍니다.,https://recipe1.ezmember.co.kr/cache/recipe/2015/12/14/d76b9717dd641f7b2fe044883ed346301.jpg,,,
6840157,3,꿀 뜨는 도구로 깨를 빻아줍니다. (통깨는 몸에 흡수가 많이 되지 않아 빻아서 드시는게 몸에 더 흡수가 되어서 으깨 먹습니다.,https://recipe1.ezmember.co.kr/cache/recipe/2015/12/14/a7972bd344dc17f2358dec9341aa85e01.jpg,,,
6840157,4,볼에 깨를 으깨서 넣고 고추가루1숟가락을 넣습니다.,https://recipe1.ezmember.co.kr/cache/recipe/2015/12/14/d11967cea3dace5e1123d1526a76956b1.jpg,,,
6840157,5,참기름 또는 들기름 1숟가락을 넣어줍니다. 저는 고소한 참기름을 좋아해요~ 들기름이 몸에는 더 좋다고 합니다.,https://recipe1.ezmember.co.kr/cache/recipe/2015/12/14/557ce787403207a2fff2c0343223b05d1.jpg,,,
6840157,6,올리고당을 1숟가락 조금 안되게 넣어 줍니다.,https://recipe1.ezmember.co.kr/cache/recipe/2015/12/14/ff5cc7694b638f8a4c0987ccf7a29c071.jpg,,,
6840157,7,잘라 놓은 대파를 넣어 줍니다.,https://recipe1.ezmember.co.kr/cache/recipe/2015/12/14/fe19c5cafb0ffdf2200f9f98a491d9391.jpg,,,
6840157,8,단무지는 입맛에 맞게 잘라줍니다. 저는 반달 모양을 반으로 잘라줬어요. 동그란거의 1/4 모양이라고 생각 하심 됩니다.,https://recipe1.ezmember.co.kr/cache/recipe/2015/12/14/a075b1d6ed719939c7974855e3c847691.jpg,,,
6840157,9,양념장에 물기를 짜서 넣어줍니다.,https://recipe1.ezmember.co.kr/cache/recipe/2015/12/14/05ece30834830f2a19b0cb428c62f9161.jpg,,,
6840157,10,양념과 대파가 어우러지게 무쳐줍니다.,https://recipe1.ezmember.co.kr/cache/recipe/2015/12/14/c978364783761bab5978aed46b22b4071.jpg,,,
7075993,1,열무를 끓는 물에 넣어 데쳐줍니다,https://recipe1.ezmember.co.kr/cache/recipe/2026/05/11/df32039ebe21e92f9d06f4340e97de2b1.jpg,,,
7075993,2,이렇게 숨이 죽으면 바로 건져줍니다 색이 쨍하게 바뀌어요 !,https://recipe1.ezmember.co.kr/cache/recipe/2026/05/11/a37daed15eda135a701324c6e5c077611.jpg,,,
7075993,3,찬물에 바로 헹궈줍니다,https://recipe1.ezmember.co.kr/cache/recipe/2026/05/11/9fc276c721ac08d66b9e9bbc0650fae61.jpg,,,
7075993,4,열무가 길어 먹기 좋게 2-3센치로 썰어서 준비해줍니다,https://recipe1.ezmember.co.kr/cache/recipe/2026/05/11/ece6914de38b8574bdbc312a56742a5f1.jpg,,,
7075993,5,썰어둔 열무를 볼에 넣고 집된장 반스푼을 넣어주고 조물조물 해줍니다,https://recipe1.ezmember.co.kr/cache/recipe/2026/05/11/c6e470822799482f6adbb1b9b47bb9381.jpg,,,
7075993,6,조선간장(국간장) 1/3스푼 넣어서 간 맞춰주고,https://recipe1.ezmember.co.kr/cache/recipe/2026/05/11/7bb50555b7d8fe74109cb757b02924301.jpg,,,
7075993,7,깨소금과 참기름 넣고 조물조물 하면 완성입니다 ~,https://recipe1.ezmember.co.kr/cache/recipe/2026/05/11/48dcda993dcedb3562169a429954c8121.jpg,,,
6918934,1,"새우는 밥공기 기준으로 1공기 준비해주었고 다진마늘, 마요네즈, 설탕, 버터는 밥 수저 기준으로 계량해주었어요",https://recipe1.ezmember.co.kr/cache/recipe/2019/09/09/d43ba49896f4c89d7e9e749174d749821.jpg,,,
6918934,2,"냉동실에 있던 새우는 실온에 두고 해동을 해주었고 흐르는 물에 깨끗이 씻어서 채반에 받쳐 물기를 어느 정도 제거해주었어요 물기를 제거해준 다음 소금과 후추를 넣어 5분 정도 밑간을 해주세요 저는 소금 2꼬집, 후추 2번 정도 톡톡 뿌려 주었어요",https://recipe1.ezmember.co.kr/cache/recipe/2019/09/09/3a7796ccbfa90b4b7709cdd3ff4dfc3d1.jpg,,300,
6918934,3,"마요네즈, 설탕, 다진마늘은 분량대로 넣고 미리 섞어주세요~ 저는 마늘을 좋아해서 많이 넣어주었는데 입맛에 맞게 가감해주세요 :)",https://recipe1.ezmember.co.kr/cache/recipe/2019/09/09/4190678a519cf8325919b12ef39a34d71.jpg,,,
6918934,4,밑간을 해준 새우는 한번 구워줄 건데요 프라이팬에 버터를 1/2큰술 넣어 녹여주신 다음 새우를 노릇노릇하게 먼저 구워주세요~ 버터가 없으시면 식용유로 넣어주세요,https://recipe1.ezmember.co.kr/cache/recipe/2019/09/09/0807130e6874a452e43914ff1fcd03c31.jpg,,,
6918934,5,새우 겉면이 노릇해지기 시작할 때쯤 준비해두었던 양념을 같이 넣고 새우에 간이 잘 베이도록 휘리릭 볶아주세요~,https://recipe1.ezmember.co.kr/cache/recipe/2019/09/09/6ce9c5cabd724fec5b2bc7e1166d03a71.jpg,,,
6918934,6,그리고 마무리되면 파슬리가루를 톡톡 뿌려 마무리~~ 아주 빠르고 맛있게 해먹을 수 있는 술안주 갈릭마요새우가 완성되었답니다,https://recipe1.ezmember.co.kr/cache/recipe/2019/09/09/83ec4b7a3d9d3bb96dec5372c725db1d1.jpg,,,
6918934,7,새우가 얼마 안 남아있어서 조금만 만들었더니 좀 아쉽더라고요~ 갈릭마요새우는 아이들도 참 좋아하는 메뉴 중 하나인데 다음번에는 좀 많이 만들어서 푸짐하게 먹어봐야겠어요~^^,https://recipe1.ezmember.co.kr/cache/recipe/2019/09/09/ea3385b8b34f4de632517fd3ffd6046c1.jpg,,,
6830616,1,배추는 한잎한잎 떼어서 깨끗히 씻어서 준비하고 반을 잘라서 준비해주세요.,https://recipe1.ezmember.co.kr/cache/recipe/2015/07/28/044c680e1fd89c01b51106168668ae8b1.jpg,,,
6830616,2,끓는물에 배추 줄기부분부터 넣어서 데쳐준후 아랫잎쪽도 넣어서 데쳐주세요.,https://recipe1.ezmember.co.kr/cache/recipe/2015/07/28/fc3e8a49fd95fe0f9dcd85cccf17bd491.jpg,,,
6830616,3,찬물에 재빨리 넣어 헹궈준후 슬쩍~짜서 물기 제거해주세요.,https://recipe1.ezmember.co.kr/cache/recipe/2015/07/28/5a7f69e9e86ef3229dc9337ea90909c11.jpg,,,
6830616,4,배추는 겹쳐서 준비한후 한입크기로 썰어서 준비,https://recipe1.ezmember.co.kr/cache/recipe/2015/07/28/55cd80ae2b7be52f3c9fefd9654c44551.jpg,,,
6830616,5,볼에 된장 1ts+참기름 1ts+들깨 1Ts를 넣고 잘섞어준후~ 어른들이 먹을꺼면 여기에 다진마늘 1/2ts을 넣으면 더 맛나지요.,https://recipe1.ezmember.co.kr/cache/recipe/2015/07/28/66096fe26eccadb8942152bca7caa4b41.jpg,,,
6830616,6,"된장에 배추를 넣고~ 조물조물 버무려주면 완성, 아이들이 먹을꺼라 간을 쎄게 하지 않았는데~ 어른들이 먹을꺼면 양념을 2배로 한후 무쳐주면 되지용~",https://recipe1.ezmember.co.kr/cache/recipe/2015/07/28/031b193752e3a7233655a4ed38b640511.jpg,,,
7048782,1,"봄동은 잎을 하나씩 분리한 후 흐르는 물에 헹궈 주고 물기를 제거해 주세요. 볼 , 채반",https://recipe1.ezmember.co.kr/cache/recipe/2025/03/29/8bf8e77d72e27e4ef127f696eee211781.jpg?w=1000,,,
7048782,2,"통깨를 제외한 분량의 양념장을 모두 넣고 잘 섞어 주세요. 볼 , 스푼",https://recipe1.ezmember.co.kr/cache/recipe/2025/03/29/a6ca84a3c6f5980899d538a602694d691.jpg?w=1000,,,
7048782,3,봄동을 넣어주세요.,https://recipe1.ezmember.co.kr/cache/recipe/2025/03/29/a7a06f21f3915a4656563bde23fb89651.jpg?w=1000,,,
7048782,4,양념이 골고루 묻히도록 조물조물 무쳐 주세요. 위생장갑,https://recipe1.ezmember.co.kr/cache/recipe/2025/03/29/6d5cdd7d061b69a049c2ae82680e33c01.jpg?w=1000,,,
7048782,5,통깨를 뿌리고 봄동 숨이 죽도록 손바닥으로 지긋이 다져서 잠시 둡니다.,https://recipe1.ezmember.co.kr/cache/recipe/2025/03/29/c332410f90e1c4e5f78d60d2bd932d2b1.jpg?w=1000,,,
7048782,6,접시에 담아 완성합니다. 접시,https://recipe1.ezmember.co.kr/cache/recipe/2025/03/29/f1bb9be6e28a926cd0dffcf51e97a2471.jpg,,,
7003451,1,두부는 약 1.5cm두깨로 썰어요.,https://recipe1.ezmember.co.kr/cache/recipe/2023/06/05/040873ddf03261aa1b14ee111ec9d7581.jpg?w=1000,,,
7003451,2,팽이버섯은 먹기 좋게 가닥가닥 가르고 반으로 잘라요.,https://recipe1.ezmember.co.kr/cache/recipe/2023/06/05/d43bcf435a049981f610ef0621d7b2d81.jpg?w=1000,,,
7003451,3,대파는 송송 썰어 준비해요.,https://recipe1.ezmember.co.kr/cache/recipe/2023/06/05/60587c43a3f5a85a0909aa6bbe65af341.jpg?w=1000,,,
7003451,4,분량의 양념 재료를 섞어 양념장을 만들어요.,https://recipe1.ezmember.co.kr/cache/recipe/2023/06/05/cce66ea37bfc46c174e49482715616ea1.jpg?w=1000,,,
7003451,5,예열된 팬에 들기름을 2숟가락 두르고 두부를 넣어 한쪽면을 노릇하게 구워요.,https://recipe1.ezmember.co.kr/cache/recipe/2023/06/05/e540bbdbac313845960400b98c2c30ae1.jpg?w=1000,,,
7003451,6,두부를 뒤집어 준 후 팽이버섯을 올려요.,https://recipe1.ezmember.co.kr/cache/recipe/2023/06/05/40e630757324beeb445622e3976236c01.jpg?w=1000,,,
7003451,7,팽이버섯 위에 양념장을 올리고 물을 80ml정도 부어 뚜껑을 닫아 약 3~5분간 익혀요. 약불 약불로 타지 않에 조려주세요.,https://recipe1.ezmember.co.kr/cache/recipe/2023/06/05/072e0a58e2522b23ec1521a413588f101.jpg?w=1000,약불,300,
7003451,8,뚜껑을 열어 대파를 넣고 양념을 숟가락을 이용해 고루 펴 준 후 뚜껑을 닫아 1분간 익혀 완성해요.,https://recipe1.ezmember.co.kr/cache/recipe/2023/06/05/49f5f6953db7edc24459a8de7093a00b1.jpg?w=1000,,60,
6992944,1,팬에 올리브오일 1 큰 술 넣는다. 채 썬 양파 반 개와 슬라이스 마늘 10개 볶는다. 중불,https://recipe1.ezmember.co.kr/cache/recipe/2022/11/30/2fddbe705dcb4aa91058b19313b713a51.jpg,중불,,
6992944,2,갈색빛이 돌 때까지 볶는다. 캐러멜라이징 한다. 센 불에 하면 탈 수 있으니 중약불에서 볶아 준다.,https://recipe1.ezmember.co.kr/cache/recipe/2022/11/30/31cbef639e6212ae19ec8eab5524b7db1.jpg,약불,,
6992944,3,간장 1 큰 술을 넣어준다. 간장을 넣으면 불 맛이 나고 간이 맞는다.,https://recipe1.ezmember.co.kr/cache/recipe/2022/11/30/207629252402659051f38bf171276a461.jpg,,,
6992944,4,밥 1.5공기 넣어주고 굴 소스 1 작은 술 넣는다. 굴 소스는 감칠맛을 내기 위함이다. 굴 소스가 없다면 간장을 1 작은 술 추가로 넣는다.,https://recipe1.ezmember.co.kr/cache/recipe/2022/11/30/783d1250734a4028396bf0ccd3f17e3c1.jpg,,,
6992944,5,"양파, 마늘, 양념과 밥이 잘 섞이도록 볶는다. 팬에 넓게 펴주고 마무리한다.",https://recipe1.ezmember.co.kr/cache/recipe/2022/11/30/c558c0052edd02323a7627af141ad32b1.jpg,,,
6992944,6,계란프라이 1개와 구운 닭 가슴살을 그릇에 올린다. 부침 두부가 있어 1조각 올려 주었다.,https://recipe1.ezmember.co.kr/cache/recipe/2022/11/30/0f667ccdc6a2073799641a96fc7c437a1.jpg,,,
6992944,7,밥에 깨 약간 후추 약간 뿌려 마무리한다.,https://recipe1.ezmember.co.kr/cache/recipe/2022/11/30/8a98697e232cb074645c03550f4a96f61.jpg,,,
6875304,1,깻잎 을 씻어줍니다. 저는 자잘한 깻잎순으로 했지만. 그냥 큰 잎을 잘라서 해도 무방합니다.,https://recipe1.ezmember.co.kr/cache/recipe/2017/08/28/87907c9fdf8ddfab34dff4f27362a2231.jpg,,,
6875304,2,끓는물에 #깻잎 을 넣고 숨이 죽으면 바로 건져 찬물에 헹궈주세요.,https://recipe1.ezmember.co.kr/cache/recipe/2017/08/28/bb77768857f472a03303a3db65073e0b1.jpg,,,
6875304,3,물기를 꼭 짜줍니다. 그 많던 #깻잎 이 한주먹밖에안되네요..^^,https://recipe1.ezmember.co.kr/cache/recipe/2017/08/28/dc05dcb800174ce4e16485e89c8a39321.jpg,,,
6875304,4,"#깻잎 이 뭉쳐지지 않게 잘 풀어주고 양념을 넣어 줍니다. 다진마늘 1T, 국간장 1T, 참기름 1T를 넣고 조물조물 무쳐 주세요. 이렇게 무쳐서 먹어도 맛있습니다...",https://recipe1.ezmember.co.kr/cache/recipe/2017/08/28/d3f4463172ddfba8115d0e6a97ee899d1.jpg,,,
6875304,5,"파를 흰색 대부분을 썰어주고, 식용유를 1T정도 넣고 살짝만 먼저 볶아줍니다.",https://recipe1.ezmember.co.kr/cache/recipe/2017/08/28/e86aeb7714983866f88534cdf423ed7a1.jpg,,,
6875304,6,양념해 두었던 #깻잎 을 넣고 참기름 1T를 넣어주고 볶아줍니다. 너무 세지 않은 불에서 볶아주세요.,https://recipe1.ezmember.co.kr/cache/recipe/2017/08/28/cccf8faff0854d2ad137ab842fa8bb581.jpg,,,
6875304,7,"어느정도 볶아지면 참깨를 뿌려주고, 들깨까루를 2T정도 골고루 뿌려 한번 더 볶아줍니다.",https://recipe1.ezmember.co.kr/cache/recipe/2017/08/28/00ab2694488a529794bf05b11b0169891.jpg,,,
6875304,8,그럼 고소하면서 향긋한 #깻잎볶음 이 완성되요..,https://recipe1.ezmember.co.kr/cache/recipe/2017/08/28/35e4a16f6a78e43776fe0028873e04441.jpg,,,
7011840,1,"대파 흰부분은 잘게 다져 주세요~ 도마 , 조리용나이프 파란부분은 미끌한 진액 성분이 있어 흰부분을 넣는게 좋더라구요~",https://recipe1.ezmember.co.kr/cache/recipe/2023/10/19/ce9a202db05e142c9e27371bc652091d1.jpg,,,
7011840,2,"콩나물 손질 콩나물 대가리 부분에 콩껍질은 벗겨 내고 꼬리는 아스파라긴산이 많다고 하니 그대로 두고 흐르는 물에 두어번 정도 깨끗이 씻어 주면 손질 끝! 믹싱볼 , 채반 취향에 따라 콩나물 대가리와 꼬리 떼고 만드셔도 됩니다 콩나물 손질법 레시피",https://recipe1.ezmember.co.kr/cache/recipe/2023/10/19/d85fd95bc30dc7fff589487089fb06501.jpg,,,
7011840,3,냄비에 물 한컵 정도 붓고 소금 1스푼과 식용유 1스푼 넣고 손질한 콩나물 넣고 냄비 뚜껑 닫고 3분 정도 삶아 주세요~ 냄비 보통 소금만 넣고 삶는데 저는 식용유도 한스푼 넣고 삶는데 콩나물 비린내 없이 아삭 아삭하게 삶을 수 있답니다,https://recipe1.ezmember.co.kr/cache/recipe/2023/10/19/65f1c6a6426ec2c964fa1c491d61ed831.jpg,,180,
7011840,4,콩나물 3분 삶은 후 바로 냄비뚜껑 열지 말고 30초 ~ 1분 정도 뜸을 들였다 뚜껑을 열어 주세요~ 콩나물 양에 따라 콩나물 삶는 시간은 달리해 주고 콩나물 비린내는 온도차 때문에 발생하게 되는데 냄비 뚜껑을 처음부터 닫고 삶던지 아님 처음부터 열고 삶던지 둘중 한가지 선택해 삶으면 비린내 없이 콩나물을 맛있게 삶을 수 있답니다,https://recipe1.ezmember.co.kr/cache/recipe/2023/10/19/342af2a3e0ec3a8b6830f76e5704e58a1.jpg,,210,
7011840,5,"삶은 콩나물은 건져 찬물에 한번만 헹궈 준 후 체에 받쳐 물기를 완전히 빼 주세요~ 요리젓가락 , 채반 콩나물을 찬물에 한번 헹궈 주면 다음날 먹어도 아삭 아삭한 식감이 살아 있어 좋은데 물에 안 헹구고 바로 무치면 아삭하긴 한데 다음날 먹으면 아삭한 맛이 사라지니 취향껏!",https://recipe1.ezmember.co.kr/cache/recipe/2023/10/19/23aa4ae3e4f0db10652067bbbab7f60d1.jpg,,,
7011840,6,볼에 콩나물과 다진 파를 담아 주세요~ 믹싱볼,https://recipe1.ezmember.co.kr/cache/recipe/2023/10/19/ae360ca1bac1db47b81d2991f8e4b70a1.jpg,,,
7011840,7,"적힌 분량의 고춧가루, 국간장, 참기름, 깨소금, 소금을 넣어 주세요~ 취향에 따라 양념은 가감해 주시고 다진마늘은 약간 넣어도 되고 국간장 대신 액젓도 좋아요!",https://recipe1.ezmember.co.kr/cache/recipe/2023/10/19/fcae7ab079681efe400df9fa96919bd01.jpg,,,
7011840,8,버물 버물 무쳐 주면 빨간 콩나물무침 완성입니다,https://recipe1.ezmember.co.kr/cache/recipe/2023/10/19/508fee27367510edbe1e2256c208fbd01.jpg,,,
6981985,1,브로콜리가 딱 맞게 들어갈 움푹한 그릇을 준비해서 밀가루 1큰술과 굵은소금 1큰술을 넣어 물에 잘 풀어줍니다. 그리고 찬물과 브로콜리를 뒤집어 넣어 20분간 둡니다. 브로콜리는 그냥 씻으면 물이 전부 튕겨져버리고 세척이 안되기 때문에 사이사이 이물질이 그냥 남아 있을 수 있습니다. 번거롭더라도 이 과정을 해야 잔류농약이며 이물질 제거가 됩니다.,https://recipe1.ezmember.co.kr/cache/recipe/2022/06/22/5034a30781fc789d07119870da838ad21.jpg,,1200,
6981985,2,그리고 브로콜리를 가볍게 헹궈 먹고 좋게 잘라 식초 1큰술 넣어 10분간 담가둡니다. 2중 세척을 하면 정말 깨끗한 브로콜리 섭취가 가능해집니다.,https://recipe1.ezmember.co.kr/cache/recipe/2022/06/22/50e6623aeae840d12f44a4f06f6ed3b01.jpg,,600,
6981985,3,끓은 물에 굵은소금 1작은술을 넣고 40초간 데칩니다.,https://recipe1.ezmember.co.kr/cache/recipe/2022/06/22/48f5e1b0b5ffaf73720a9b240b6399c31.jpg,,40,
6981985,4,데친 브로콜리를 찬물로 여러 번 헹궈 식힙니다. 그리고 브로콜리가 망가지지 않게 조심히 물기를 짜줍니다.,https://recipe1.ezmember.co.kr/cache/recipe/2022/06/22/83bcabce5dde91e3a467642005a18d161.jpg,,,
6981985,5,두부를 끓은 물에 넣어 1분 데칩니다,https://recipe1.ezmember.co.kr/cache/recipe/2022/06/22/52bbf9a0ce892f62ccf9db04c1a6ec321.jpg,,60,
6981985,6,그리고 깨끗한 면포에 넣어 물기를 제거해 줍니다.,https://recipe1.ezmember.co.kr/cache/recipe/2022/06/22/a22475d503f96b129a306fde762822421.jpg,,,
6981985,7,물기를 제거한 두부를 예열된 프라이팬에 기름 살짝 두르고 2분 정도 볶아 한 김 식혀줍니다. 이 과정은 생략하고 데친 후 바로 브로콜리랑 무쳐도 충분히 맛있습니다. 볶아주면 남아있던 수분도 더 날려주고 양념이 된 두부가 금방 상하는 걸 방지해줘서 했습니다.,https://recipe1.ezmember.co.kr/cache/recipe/2022/06/22/40dc3e20dadf88a1b9b6694a0fe7279e1.jpg,,120,
6981985,8,"볼에 브로콜리랑 두부를 넣고 다진마늘 1작은술, 간장 1큰술, 멸치액젓 1큰술을 넣고 조물조물 무쳐줍니다.",https://recipe1.ezmember.co.kr/cache/recipe/2022/06/22/f7b95360dd2b366c4c8414045fc2f2841.jpg,,,
6981985,9,그리고 참기름 1스푼과 깨소금을 뿌려 마무리해줍니다.,https://recipe1.ezmember.co.kr/cache/recipe/2022/06/22/19a8fa40c6d9f61b0e07f56b3a3721041.jpg,,,
6897383,1,먼저 스팸은 스틱모양으로 썰어 뜨거운 물에 살짝 데쳐 줍니다,https://recipe1.ezmember.co.kr/cache/recipe/2018/10/08/4d3d884f33a4fa3e0cb04babfe2828051.jpg,,,
6897383,2,데친 스팸은 아무것도 두르지 않은채 달궈진 팬에 구워 줍니다.,https://recipe1.ezmember.co.kr/cache/recipe/2018/10/08/832246c0319077ed141d3f3c9dd06bde1.jpg,,,
6897383,3,대파는 쫑쫑 썰어주시고 양파는 얇게 채 썰어 주세요 양파가 너무 크면 1/2개만 사용하세요,https://recipe1.ezmember.co.kr/cache/recipe/2018/10/08/938bc1057e613e0879ef93a3c7a8c95b1.jpg,,,
6897383,4,"간장4스푼,설탕2스푼,물 2/3컵(종이컵)을 잘 섞어주세요. 설탕이 충분히 녹게 잘 섞어주셔요 혹시 평소 달달한것 싫어하심 설탕양은 줄여 주세요",https://recipe1.ezmember.co.kr/cache/recipe/2018/10/08/186923d71a48e676b404f85daa0dec031.jpg,,,
6897383,5,계란2개를 깨서 계란물을 만들어 줍니다.,https://recipe1.ezmember.co.kr/cache/recipe/2018/10/08/2feb0ed55bc9d6b5ad3023fdc52433f11.jpg,,,
6897383,6,냄비에 양파와 간장소스를 넣고 끓여 주다가 양파가 투명해지면 스팸을 위에 올려 줍니다.,https://recipe1.ezmember.co.kr/cache/recipe/2018/10/08/fe5860235caf4afcd2d489736438e0661.jpg,,,
6897383,7,국물이 조금 자작해졌다 싶을때 계란물을 빙 둘러 주세요. 이때 마구 젓지 마시고 자연스럽게 두시면 되요. 마지막으로 대파를 솔솔 뿌려주신 뒤 완성되면 밥위에 올려주시면 끝!,https://recipe1.ezmember.co.kr/cache/recipe/2018/10/08/cb378e391e5ac7e11ef2fd3a5ad617a41.jpg,,,
6897383,8,반찬 필요없는 초간단 한그릇 요리 스팸돈부리덮밥 완성입니다.슥슥 비벼 한숟가락 먹어보니 부드러운 계란과 양파에 짭쪼름한 스팸이 만나 참 맛있네요,https://recipe1.ezmember.co.kr/cache/recipe/2018/10/08/3928e7388a07bed6e43a9e1e9f4a11411.jpg,,,
7004960,1,두부는(500g) 넓게 잘라 2~3등분 하고 물기를 제거해요.,https://recipe1.ezmember.co.kr/cache/recipe/2023/06/29/98a483f0cb8b497585f8729ad0ee8c881.jpg?w=1000,,,
7004960,2,양파는 얇게 채 썰고 방울토마토는 4등분하고 닭가슴살은 결대로 찢어 준비해요.,https://recipe1.ezmember.co.kr/cache/recipe/2023/06/29/bedf1653d80e2b36ca2d2f4b7816f2ed1.jpg?w=1000,,,
7004960,3,약불로 예열된 팬에 올리브유를 조금 두르고 한 면을 구운 후 뒤집어요.,https://recipe1.ezmember.co.kr/cache/recipe/2023/06/29/85f25bd0c58bb734da7ce1428c0ff38d1.jpg?w=1000,약불,,
7004960,4,두부 위에 토마토 소스를 2숟가락 올려 펴 발라요.,https://recipe1.ezmember.co.kr/cache/recipe/2023/06/29/b86a8cf1095585ee6a3106f78cd142501.jpg?w=1000,,,
7004960,5,"소스 위에 양파, 닭가슴살, 토마토, 모짜렐라 치즈, 파슬리가루 순서로 올려요. 파슬리 가루는 생략 가능하고 바질 가루를 올려줘도 좋아요.",https://recipe1.ezmember.co.kr/cache/recipe/2023/06/29/f05a0e3b57ca1d84bd77a23ff77cd2d41.jpg?w=1000,,,
7004960,6,뚜껑을 닫고 약불에서 약 5분간 구워 완성해요.,https://recipe1.ezmember.co.kr/cache/recipe/2023/06/29/eaf25d9c380c337071cbecab8bd728b21.jpg?w=1000,약불,300,
6978378,1,팽이버섯 밑동 자르고 물로 가볍게 흔들어 씻은 후 큼직큼직 하게 찢기,https://recipe1.ezmember.co.kr/cache/recipe/2022/04/25/c0cb8304db2392b2dca5f8cbb0df93a21.jpg?w=1000,,,
6978378,2,청양고추 1~2개 다지기,https://recipe1.ezmember.co.kr/cache/recipe/2022/04/25/4eda8d2a3da9ba769b62f5b62c31ba221.jpg?w=1000,,,
6978378,3,쪽파 송송,https://recipe1.ezmember.co.kr/cache/recipe/2022/04/25/790861c7640fb2422001e858e08c35771.jpg?w=1000,,,
6978378,4,"매콤장 만들기 (고추장1, 고춧가루0.5, 설탕1, 미림2, 간장1, 올리고당1, 물 2)",https://recipe1.ezmember.co.kr/cache/recipe/2022/04/25/2a7fdc292eccfcb65afa8c18a21827371.jpg,,,
6978378,5,다진 청양고추 넣고 믹스믹스,https://recipe1.ezmember.co.kr/cache/recipe/2022/04/25/0a12d50ad678dbdfadd0e6ace718ec251.jpg?w=1000,,,
6978378,6,식용유 두르고 다진마늘 넣고 살짝 볶기 최대 약불로 약 20초정도 볶기,https://recipe1.ezmember.co.kr/cache/recipe/2022/04/25/f48568a8daceb5982ed972eb1700f0e41.jpg?w=1000,약불,20,
6978378,7,볶은 다진마늘 위에 팽이버섯 올리기,https://recipe1.ezmember.co.kr/cache/recipe/2022/04/25/87a40787ec97bceda05c990243c2309e1.jpg?w=1000,,,
6978378,8,(약불 유지) 수분이 충분이 나올때까지 팽이버섯 굽기,https://recipe1.ezmember.co.kr/cache/recipe/2022/04/25/cfe9de06215eea73877293e77e77c66c1.jpg?w=1000,약불,,
6978378,9,양념장 몽땅 붓고 국물이 자작자작 할 때까지 조림,https://recipe1.ezmember.co.kr/cache/recipe/2022/04/25/b113a3fda487a1e878cfc657410cda5b1.jpg?w=1000,,,
6978378,10,다진 쪽파랑 통깨 솔솔 마무리 참기름 한방울 톡~ 풍미 최강!,https://recipe1.ezmember.co.kr/cache/recipe/2022/04/25/56518f885b8bd4c94bea4fd8c219e1c61.jpg?w=1000,,,
6951564,1,버섯과 양파를 잘라줍니다.,https://recipe1.ezmember.co.kr/cache/recipe/2021/01/20/bcad5aa857fdb9064c8aed4288b28db81.jpg?w=1000,,,
6951564,2,올리브유를 두르고 양파와 다진마늘을 볶아줍니다. 일반 식용유로 해도 상관없습니다~,https://recipe1.ezmember.co.kr/cache/recipe/2021/01/20/b4b93c7553207ed1399e845e3556f0f51.jpg?w=1000,,,
6951564,3,마늘향이 올라오면 베이컨을 넣어 볶아줍니다.,https://recipe1.ezmember.co.kr/cache/recipe/2021/01/20/95003f8425b128398812eadc7ec8d0e41.jpg?w=1000,,,
6951564,4,베이컨들이 다 떨어지면 버섯을 넣고 내가 좋아하는 식감까지 볶아줍니다.,https://recipe1.ezmember.co.kr/cache/recipe/2021/01/20/2b5efa43fadfad7684cbc731e31d929f1.jpg?w=1000,,,
6951564,5,굴소스를 넣어 줍니다! (채소의 양이 적다면 1/2스푼만 넣어주세요.) 굴소스를 넣지 않아도 베이컨에 간이 되어 있어서 맛있답니다~,https://recipe1.ezmember.co.kr/cache/recipe/2021/01/20/284ff356241dbdc193a4100be88a5f961.jpg?w=1000,,,
6951564,6,그릇에 담아 맛있게 먹어줍니다ㅎㅎ,https://recipe1.ezmember.co.kr/cache/recipe/2021/01/20/278823665cec9d37efc91d80d53f1b451.jpg?w=1000,,,
7071744,1,재료를 준비하세요. 마늘 껍질을 벗기세요. 팬에 기름을 두르고 달구세요. 마늘을 올리세요. 마늘이 노릇노릇해질 때까지 볶으세요 (5-7 min),https://recipe1.ezmember.co.kr/cache/recipe/2026/02/18/21882f7a17dde86c4448e0034278dd991.jpg?w=1000,,,
7071744,2,마늘이 다 볶아지면 아몬드를 팬에 넣으세요. 마늘과 아몬드를 3-5분 더 볶으세요.,https://recipe1.ezmember.co.kr/cache/recipe/2026/02/18/f3d8dfb15f9aae95cdab932bab00183b1.jpg?w=1000,,300,
7071744,3,"팬에 간장, 물, 물엿을 넣으세요. 소스가 걸쭉해지고 마늘, 아몬드와 섞일 때까지 2-3분 더 볶으세요. 불에서 내리신 후, 깨를 뿌려서 드세요",https://recipe1.ezmember.co.kr/cache/recipe/2026/02/18/cbd1e12a742ba3022b7789ec3c2622541.png,,180,
6991245,1,참치캔은 체에 받쳐 기름을 빼준다,https://recipe1.ezmember.co.kr/cache/recipe/2022/11/07/a7aae4658eb40c6bac4fbd4455fe68791.jpg?w=1000,,,
6991245,2,양파 1/2개는 6등분을 해주고 대파는 송송 썰어 팬에 식용유 1T를 넣은 후 양파와 대파를 넣고 볶아준다 중불,https://recipe1.ezmember.co.kr/cache/recipe/2022/11/07/03b9b238043e646757329829b8af61e61.jpg?w=1000,중불,,
6991245,3,양파와 대파가 익으면 기름을 뺀 참치와 볶음 양념을 모두 넣어준다 중불,https://recipe1.ezmember.co.kr/cache/recipe/2022/11/07/abb4e2bed17fd631c3e0787959e54e651.jpg?w=1000,중불,,
6991245,4,참치와 고루 섞어가면서 볶다가 청양고추 1개를 송송 썰어넣고 볶아준다 중불,https://recipe1.ezmember.co.kr/cache/recipe/2022/11/07/3e66a0810471a8e34185281cf961d61e1.jpg?w=1000,중불,,
6991245,5,그릇에 담은 후 통깨를 솔솔 뿌려준다,https://recipe1.ezmember.co.kr/cache/recipe/2022/11/07/d45fd829589239f79704be4b888643fb1.jpg?w=1000,,,
7030095,1,"어묵 손질하기 전에 소스를 먼저 만들어요. 위에 양념을 넣고 고춧가루를 불려 주세요. 소스볼 , 계량스푼",https://recipe1.ezmember.co.kr/cache/recipe/2024/07/09/b5d3d88166d1175cf2f01e2f6e565da41.jpg,,,
7030095,2,"어묵 200g을 젓가락질 하기 좋게 큼직하게 잘라주세요. 준비된 대파도 큼직하게 잘라주시면 됩니다. 도마 , 칼 어묵 손질법",https://recipe1.ezmember.co.kr/cache/recipe/2024/07/09/f0ec37d6f94e30938cada037c2efcd9e1.jpg,,,
7030095,3,작은 팬에 식용유 1T를 넣어주고 볶음팬 중불,https://recipe1.ezmember.co.kr/cache/recipe/2024/07/09/be6a1f1725db37d4cf4bd1a50ebd1c7a1.jpg,중불,,
7030095,4,달궈진 팬에 대파와 마늘을 넣고 향이 올라오게 1분 정도 중불에 볶아줍니다. 중불,https://recipe1.ezmember.co.kr/cache/recipe/2024/07/09/211575a9e121a94f6958cb488cec0d041.jpg,중불,60,
7030095,5,대파와 마늘이 볶아지면 어묵을 넣고 약불에서 1분 정도 볶아 향신료의 향이 어묵에 스며들게 볶아줍니다. 조리주걱 약불,https://recipe1.ezmember.co.kr/cache/recipe/2024/07/09/73dfbe39c0142012fda00d8ef0842c6c1.jpg,약불,60,
7030095,6,만들어 둔 양념을 2/3만 먼저 넣고 1차 볶아 줍니다. 약불,https://recipe1.ezmember.co.kr/cache/recipe/2024/07/09/568dd5e34657f89e9c0fa81c6331e0211.jpg,약불,,
7030095,7,볶다 간이 부족하면 나머지 양념을 넣어 줍니다. 위에 양념이 어묵 200g에 딱 맞는 양념 비율입니다. 약불,https://recipe1.ezmember.co.kr/cache/recipe/2024/07/09/7d3f47203b94f512b4f87d40dd6dd9d81.jpg,약불,,
7030095,8,약불에서 2분 정도 양념이 타지 않게 볶아주고 수분이 부족하면 물을 조금씩 넣어 양념이 어우어지게 볶아줍니다.,https://recipe1.ezmember.co.kr/cache/recipe/2024/07/09/73e3cecb448baf07f5226f82f500fd9f1.jpg,약불,120,
7030095,9,촉촉한 어묵 볶음 완성입니다. 접시,https://recipe1.ezmember.co.kr/cache/recipe/2024/07/09/72bfa2cb04379d6cdeff1aa608c22a691.jpg,,,
6913952,1,프라임 꼬치구이 프랑크를 먹기좋은 크기로 썰어주세요.,https://recipe1.ezmember.co.kr/cache/recipe/2019/06/14/0800e4f414f4817d2c26bc05f1bc1def1.jpg?w=1000,,,
6913952,2,마늘쫑을 3~4cm 길이로 썰어주세요.,https://recipe1.ezmember.co.kr/cache/recipe/2019/06/14/3cfdefa9eab43329c6e5b2d0f37aefab1.jpg?w=1000,,,
6913952,3,펄펄 끓는물에 마늘쫑을 30초 데쳐주세요.,https://recipe1.ezmember.co.kr/cache/recipe/2019/06/14/d9c7b44cf44f808414b0a1f35086fe7b1.jpg?w=1000,,30,
6913952,4,소시지도 1분간 데쳐줍니다.,https://recipe1.ezmember.co.kr/cache/recipe/2019/06/14/0d46cbadb86f311eaeeefcb7a3f2e0271.jpg?w=1000,,60,
6913952,5,후라이팬에 기름을 두르고 마늘쫑과 소시지를 넣고 볶아줍니다.,https://recipe1.ezmember.co.kr/cache/recipe/2019/06/14/b1a8cd607e3689b44085a1a5a2fd411f1.jpg?w=1000,,,
6913952,6,"간장2, 올리고당 1넣고 볶아줍니다",https://recipe1.ezmember.co.kr/cache/recipe/2019/06/14/134a584ae87a6fc3231be9c9d11923c51.jpg?w=1000,,,
6913952,7,"마늘쫑이 어느정도 숨이 죽으면 참기름1, 통깨를 뿌리고 조금 더 볶아주세요.",https://recipe1.ezmember.co.kr/cache/recipe/2019/06/14/1a49e4a33c84a88b496d5d04918e57241.jpg?w=1000,,,
6913952,8,어른아이 모두 좋아하는 반찬~ 마늘쫑 소시지 볶음완성!,https://recipe1.ezmember.co.kr/cache/recipe/2019/06/14/791df20bc7c3b79fc85898cc23864aba1.jpg?w=1000,,,
7071098,1,방울토마토는 꼭지를 제거한 뒤 깨끗하게 씻어서 윗부분에 열십자 칼집을 냅니다,https://recipe1.ezmember.co.kr/cache/recipe/2026/02/03/40043894834c78ff50942df1d3bb89561.jpg?w=1000,,,
7071098,2,끓는 물에 넣어 30초 정도 데쳐 찬물에 담가 껍질을 벗깁니다,https://recipe1.ezmember.co.kr/cache/recipe/2026/02/03/ae1008c9b088c3a18ab95822636ce5c81.jpg?w=1000,,30,
7071098,3,양파는 최대한 얇게 채 썬 뒤 찬물에 5분 정도 담갔다가 잘게 썹니다,https://recipe1.ezmember.co.kr/cache/recipe/2026/02/03/e0f5f78285faa4da93b95c4708db02131.jpg?w=1000,,300,
7071098,4,"볼에 올리브오일, 발사믹 식초, 레몬즙, 꿀, 죽염, 후추를 넣고 골고루 섞어줍니다",https://recipe1.ezmember.co.kr/cache/recipe/2026/02/03/b41cd8adf0107bcb984ccb122eaa0e421.jpg?w=1000,,,
7071098,5,껍질 벗긴 토마토와 양파를 넣고 소스에 살살 버무린 뒤 파슬리 가루를 뿌려 마무리합니다,https://recipe1.ezmember.co.kr/cache/recipe/2026/02/03/7e0a65dc7db6cff8742f9d65e28a5ad71.jpg?w=1000,,,
6997077,1,계란 3개에 소금 두꼬집을 넣어 풀어요.,https://recipe1.ezmember.co.kr/cache/recipe/2023/02/15/53b6c6b386cb2b4096dd6dba7904c6771.jpg?w=1000,,,
6997077,2,양배추는 가늘게 채 썰어 계란물에 넣어 섞어요.,https://recipe1.ezmember.co.kr/cache/recipe/2023/02/15/923a7a9a009706fca5173fccef06decf1.jpg?w=1000,,,
6997077,3,달궈진팬에 카놀라유 두르고 영배추반죽물을 넣고 모짜렐라치즈를 솔솔 뿌려요.,https://recipe1.ezmember.co.kr/cache/recipe/2023/02/15/e5095237a58cb09b732f2ce43d9dbf951.jpg?w=1000,,,
6997077,4,아랫면이 익으면 반으로 접어 약불에서 치즈가 녹을때까지 기다려요.,https://recipe1.ezmember.co.kr/cache/recipe/2023/02/15/e4733705ddeb3f78688c90071c0ad3f71.jpg?w=1000,약불,,
6997077,5,치즈가 녹으면 접시에 담고,https://recipe1.ezmember.co.kr/cache/recipe/2023/02/15/0c774e2f53c1a714d4f4b110d2caa4381.jpg?w=1000,,,
6997077,6,케첩을 뿌려주면,https://recipe1.ezmember.co.kr/cache/recipe/2023/02/15/cecd6e3a46efb8d2d26ff0e8e8ded4af1.jpg?w=1000,,,
6997077,7,완성 ~!,https://recipe1.ezmember.co.kr/cache/recipe/2023/02/15/da892e8c14bdd239a129cf4d32822f6a1.jpg?w=1000,,,
6962486,1,"참깨 1작은술, 매실액 1작은술, 꿀 1작은술, 참기름 1작은술, 고추장 1큰술, 다진 마늘 1작은술을 섞어 고추장양념장을 만듭니다. 참깨1작은술, 매실액1작은술, 꿀1작은술, 참기름1작은술, 고추장1큰술, 다진마늘1작은술",https://recipe1.ezmember.co.kr/cache/recipe/2021/07/29/b5744fea861494f60dfdbbac0cbe0c461.jpg,,,
6962486,2,두부는 살짝 데친 후 칼로 으깨줍니다. 두부100g,https://recipe1.ezmember.co.kr/cache/recipe/2021/07/29/9734d4d0864baad47e12ebfbef49028b1.jpg,,,
6962486,3,새싹채소를 깨끗이 씻은 후 물기를 빼줍니다. 새싹채소50g,https://recipe1.ezmember.co.kr/cache/recipe/2021/07/29/6f022fa12af74989875d5373c44740101.jpg,,,
6962486,4,현미밥 위에 물기 뺀 새싹채소를 올려줍니다. 현미밥2/3공기,https://recipe1.ezmember.co.kr/cache/recipe/2021/07/29/b62c7737cc6b4c77652b1744c64742781.jpg,,,
6962486,5,새싹채소 위에 으깬 두부를 얹어줍니다.,https://recipe1.ezmember.co.kr/cache/recipe/2021/07/29/d98a9d850f3fb5f00456ce86a12fc8341.jpg,,,
6962486,6,고추장 양념장을 곁들입니다.,https://recipe1.ezmember.co.kr/cache/recipe/2021/07/29/6e45d858e486186b3e8dff7ad3c209ed1.jpg,,,
7018922,1,"깨끗하게 씻은 깻잎은 꼭지와 뾰족한 부분을 자르고 절반으로 잘라서 준비해요. 도마 , 조리용나이프",https://recipe1.ezmember.co.kr/cache/recipe/2024/01/30/02e56bf04aef63ea317b8107f4a71c0e1.jpg?w=1000,,,
7018922,2,깻잎으로 크래미를 감싸 말아요.,https://recipe1.ezmember.co.kr/cache/recipe/2024/01/30/9dc21c5b1cb8c86b38d5703a0644d8621.jpg?w=1000,,,
7018922,3,말아둔 깻잎을 부침가루에 가볍게 굴려요. 위생장갑,https://recipe1.ezmember.co.kr/cache/recipe/2024/01/30/eeca7a8f5ad1544a9c08b8021999b44c1.jpg?w=1000,,,
7018922,4,"달걀을 소금과 함께 풀어서 준비해요. 유리볼 , 요리젓가락",https://recipe1.ezmember.co.kr/cache/recipe/2024/01/30/b7bbf6c8663d84d79ff017a04414b6371.jpg?w=1000,,,
7018922,5,달궈진 팬에 기름을 두르고 말아둔 크래미를 달걀물에 묻혀서 올려요. 프라이팬,https://recipe1.ezmember.co.kr/cache/recipe/2024/01/30/0c68bfd09c981f3f2c920e15775db1771.jpg?w=1000,,,
7018922,6,앞뒤로 골고루 구워서 완성해요.,https://recipe1.ezmember.co.kr/cache/recipe/2024/01/30/8f956d513dd4308074aa912fa7d193011.jpg?w=1000,,,
7046232,1,순두부 포장 부분 물로 깨끗이 씻어 주세요.,https://recipe1.ezmember.co.kr/cache/recipe/2025/02/28/4d074e8fad402ecb2845fe18e299f7461.jpg?w=1000,,,
7046232,2,"파는 초록색 부분을 깨끗이 물에 세척 후, 가위로 잘게 잘라 주세요.(대파나 쪽파 다 상관없음) 접시 , 조리용가위",https://recipe1.ezmember.co.kr/cache/recipe/2025/02/28/6336c9698e5bb263167f3ec31ad40ee71.jpg?w=1000,,,
7046232,3,"실리콘 냄비(계란찜용 사이즈)에 계란 2알을 넣고,섞어 주세요.(실리콘 냄비가 없으실 경우 전자레인지 사용 가능한 용기을 사용해 주세요.) 전자레인지용기",https://recipe1.ezmember.co.kr/cache/recipe/2025/02/28/729c9d34e939c3f741547038e05240941.png,,,
7046232,4,순두부 1팩을 잘라서 계란 섞은 물에 담아 주세요. (순두부 팩 로고 기준으로 아래쪽 양쪽 모서리 끝을 가위로 자른 후 공기가 빠지면 가로로 길게 가위로 잘라 주세요. 이렇게 하면 한 번에 쉽게 순두부를 꺼낼 수 있어요. 순두부 모양이 망가져도 상관 없어요!),https://recipe1.ezmember.co.kr/cache/recipe/2025/02/28/da4b6c1075cbad243be2480dd90bec101.jpg?w=1000,,,
7046232,5,"참기름과 참치액을 각각 1큰술씩 넣고, 잘 섞어 주세요. 스푼",https://recipe1.ezmember.co.kr/cache/recipe/2025/02/28/12a5d806fb07d0fabb59d1eff29028e01.png,,,
7046232,6,"그리고 잘게 썰어 놓은 파를 넣은 후, 뚜껑 닫고 전자레인지에 7~8분 조리. 전자레인지",https://recipe1.ezmember.co.kr/cache/recipe/2025/02/28/5ec4beee69c79a9360485206b0429db81.jpg?w=1000,,480,
7046232,7,쨘~! 맛과 영양 가득한 순두부 계란찜이 완성!!! 다이어트시 한 끼 식사로 든든해요~강추!!!,https://recipe1.ezmember.co.kr/cache/recipe/2025/02/28/211a080ee37d3ba1e5b7e2527d96cc4f1.jpg?w=1000,,,
7017649,1,"쌈용 알배추를 데쳐주세요 냄비 , 조리주걱",https://recipe1.ezmember.co.kr/cache/recipe/2024/01/12/f7d6b1e7e1c845e5dfd8d9f4f5d4c1eb1.jpg?w=1000,,,
7017649,2,"부드러워진 배추를 펼치고 두부한줄을 잘라넣고 돌돌 말아주세요 도마 , 조리용나이프",https://recipe1.ezmember.co.kr/cache/recipe/2024/01/12/09f42f4cf60d10c80e62f798403dad591.jpg?w=1000,,,
7017649,3,말아놓은 배추는 기름을 살짝 두른 후라이팬에 올려서 구워주세요 프라이팬,https://recipe1.ezmember.co.kr/cache/recipe/2024/01/12/65bbab5be5fb6d4a3d5c6127a611f1c01.jpg?w=1000,,,
7017649,4,앞뒤를 굽고나면 양념은 발라주세요,https://recipe1.ezmember.co.kr/cache/recipe/2024/01/12/316277c7fa643f7f5d976d5da2ef39631.jpg?w=1000,,,
7017649,5,그릇에 옮겨담으면 끝 완성접시,https://recipe1.ezmember.co.kr/cache/recipe/2024/01/12/f4ec6f7fe0102551b978cce403e281f11.jpg?w=1000,,,
7002422,1,"냄비에 식용유 2-3스푼 두르고 대파 약간, 고춧가루 2스푼넣고 볶아주기",https://recipe1.ezmember.co.kr/cache/recipe/2023/05/18/f2c3a2c4ffeb1c2f12e3771652064a811.jpg,,,
7002422,2,약불에서 타지않게 볶아줍니당~~,https://recipe1.ezmember.co.kr/cache/recipe/2023/05/18/d120058d9d623b382e7a466e2aea7d241.jpg,약불,,
7002422,3,우삼겹 250g (한 세주먹..?) 넣고 맛술도 1스푼 넣어주고 고기익을때까지 볶아주기,https://recipe1.ezmember.co.kr/cache/recipe/2023/05/18/7b04fd3bf64018e2878de7379ddf313a1.jpg,,,
7002422,4,볶아볶아~~,https://recipe1.ezmember.co.kr/cache/recipe/2023/05/18/ec233a4c4cf8e08e55c8f0be56a8394e1.jpg,,,
7002422,5,고기 다 익었다!!! 우삼겹이 다 익었으면,https://recipe1.ezmember.co.kr/cache/recipe/2023/05/18/1e398035bf71b878e41cae2097cf65251.jpg,,,
7002422,6,육수 또는 물 800ml 넣어줍니당,https://recipe1.ezmember.co.kr/cache/recipe/2023/05/18/f903f962a5aa8273951ce027b12637ce1.jpg,,,
7002422,7,육수 없는 저는 육수코인을 또 투척ㅎㅎㅎ 계속 끓여주세요~~~!!,https://recipe1.ezmember.co.kr/cache/recipe/2023/05/18/a1457a19b15f25b9edef59624a3a7ba11.jpg,,,
7002422,8,보글보글 끓으면 국간장 2스푼 넣어주고,https://recipe1.ezmember.co.kr/cache/recipe/2023/05/18/fad1c7dd8a89f01ee317cd393d50a24d1.jpg,,,
7002422,9,다진마늘도 1스푼 투척,https://recipe1.ezmember.co.kr/cache/recipe/2023/05/18/1a81f22cf69b32812446dd4bc8c850a91.jpg,,,
7002422,10,액젓도 1.5스푼 넣어줍니당 ✔️부족한 간은 소금이나 액젓으로 더해주세욤,https://recipe1.ezmember.co.kr/cache/recipe/2023/05/18/3aa07fe3bdf39c6a63531f249ba3caa51.jpg,,,
7002422,11,콩나물은 두 주먹정도 넣어주기 (더 넣으려다 냄비 넘칠까봐 참음ㅎㅎㅎ) 콩나물 익을때까지 끓여주다가,https://recipe1.ezmember.co.kr/cache/recipe/2023/05/18/23c2e7fe5c5384edbe2d05a1e138887c1.jpg,,,
7002422,12,후추 톡톡 뿌려서 마무리해주면 완성,https://recipe1.ezmember.co.kr/cache/recipe/2023/05/18/c8384838c94b79e575f51e95861b71551.jpg,,,
7002422,13,크으~얼큰~~한게 술도 안 마셨는데도 해장하기 너무 좋아버리는 맛!! 속이 자동으로 풀리는 맛이에요 버섯이나 당면 추가로 넣어줘도 너무 맛있을 거 같아요!,https://recipe1.ezmember.co.kr/cache/recipe/2023/05/18/cbb90ff24c14e669a9eaef8d6529039b1.jpg,,,
7030132,1,대패삼겹살 700g을 준비해 주세요,https://recipe1.ezmember.co.kr/cache/recipe/2024/07/10/f7b1e99e17587323d91c4b83accb9e191.jpg,,,
7030132,2,"대파는 얇게 채썰고 양파는 큼직하게 잘라주세요 도마 , 조리용나이프",https://recipe1.ezmember.co.kr/cache/recipe/2024/07/10/00e1472eaa7866037d1068525079f5e41.jpg,,,
7030132,3,"고춧가루 3큰술, 고추장 2큰술, 진간장 5큰술, 다진마늘 1큰술, 매실액 1큰술, 맛술 2큰술을 넣어 양념장을 만들어 주세요 소스볼 , 숟가락",https://recipe1.ezmember.co.kr/cache/recipe/2024/07/10/938d34cd288184de7167b39278bb4edb1.jpg,,,
7030132,4,"강불로 달군 팬에 대패삼겹살을 넣고 구워주세요 프라이팬 , 요리집게",https://recipe1.ezmember.co.kr/cache/recipe/2024/07/10/39e379dcee3913c942d0a35546ab58c71.jpg,강불,,
7030132,5,이 때 양념이 고기에 잘 밸 수 있게 설탕을 1큰술 넣어주세요,https://recipe1.ezmember.co.kr/cache/recipe/2024/07/10/ab67525b90b063bd2d54df79e107bf231.jpg,,,
7030132,6,고기를 구우면서 나오는 물과 기름은 따라내주세요,https://recipe1.ezmember.co.kr/cache/recipe/2024/07/10/ec150420eff9ac087154131784d79bc61.jpg,,,
7030132,7,고기가 모두 익으면 야채와 양념장을 함께 넣고 볶아주세요 요리스푼,https://recipe1.ezmember.co.kr/cache/recipe/2024/07/10/0a3fe1e556efbadb331e95d516476f181.jpg,,,
7030132,8,물이 생기지 않게 강불로 볶아주세요,https://recipe1.ezmember.co.kr/cache/recipe/2024/07/10/b5804c4eb5908f31b91af77ea23454771.jpg,강불,,
7030132,9,"양념소스가 고기와 잘 어우러지면 올리고당 2큰술, 통깨 1큰술을 넣고 휘리릭 볶아주세요",https://recipe1.ezmember.co.kr/cache/recipe/2024/07/10/293f689d1be30b9600e3501b63fcaac51.jpg,,,
7030132,10,"불을 끄고 후추 넉넉히, 참기름 2큰술 둘러 마무리해 주세요",https://recipe1.ezmember.co.kr/cache/recipe/2024/07/10/45098ece88e3bb3a05da70203300c5841.jpg,,,
7030132,11,매콤달달한 대패 두루치기 완성입니다 접시,https://recipe1.ezmember.co.kr/cache/recipe/2024/07/10/cc1fbdf11205a579ae44cafccc2776091.jpg,,,
7014608,1,"아보카도를 반으로 갈라 이쁘게 잘라줍니다. 도마 , 조리용나이프",https://recipe1.ezmember.co.kr/cache/recipe/2023/11/29/7d51d1b23fed9f3cf362f2c52dfdf6a61.jpg?w=1000,,,
7014608,2,"계란 후라이를 만들어 줍니다. 프라이팬 , 뒤집개",https://recipe1.ezmember.co.kr/cache/recipe/2023/11/29/f1242a1496c4a03127f3e9f8f9c966c71.jpg?w=1000,,,
7014608,3,"계란이 맛있게 익는 동안, 간장 2스푼과 와사비 반스푼을 넣고 섞어줍니다. 볼",https://recipe1.ezmember.co.kr/cache/recipe/2023/11/29/bf7494553350d0c4b4f75304f053a43d1.jpg?w=1000,,,
7014608,4,"밥 위에 예쁘게 자른 아보카도와 계란후라이를 올리고, 만들어 둔 간장와사비 소스를 부어 줍니다. 완성접시",https://recipe1.ezmember.co.kr/cache/recipe/2023/11/29/b5ab45c60b7bdba6fbdd78cd957c6c4d1.jpg?w=1000,,,
6966445,1,파프리카와 양파는 한입 크기로 썬다.,https://recipe1.ezmember.co.kr/cache/recipe/2021/10/06/84613ad86c0e650adcfec7455ddd8ad21.jpg,,,
6966445,2,달걀은 풀어준다. 달걀에 물/육수/우유 등을 넣어주어도 돼요. ​,https://recipe1.ezmember.co.kr/cache/recipe/2021/10/06/9ad92984cfc291a4be3909f01b3200561.jpg,,,
6966445,3,"팬에 현미유 두르고 달걀물 붓고 소금, 후추 조금씩만 넣는다. 약불 현미유 대신 올리브오일 괜찮아요.",https://recipe1.ezmember.co.kr/cache/recipe/2021/10/06/b7944749f8744de9fb292ba5b7124e651.jpg,약불,,
6966445,4,스크램블에그를 만들고 파프리카와 양파를 볶는다. 스크램블에그는 80%정도만 익혀 따로 덜어두세요. 파프리카와 양파를 먼저 볶은 후 스크램블을 해도 돼요. ​,https://recipe1.ezmember.co.kr/cache/recipe/2021/10/06/20e0897d6169780a0271d01f1b88c2ba1.jpg,,,
6966445,5,다시 스크램블에그를 담고 파프리카볶음과 합체시켜 볶는다.,https://recipe1.ezmember.co.kr/cache/recipe/2021/10/06/fef35bc4078b6e0e6110fc42e435730c1.jpg,,,
6966445,6,파슬리가루를 뿌린다.,https://recipe1.ezmember.co.kr/cache/recipe/2021/10/06/364e1856bab32998075e463c59d86bae1.jpg,,,
7043912,1,브로콜리는 물에 식초를 넣고 10분간 담가 주세요. 식초 물에 담가둔 브로콜리는 여러 번 씻어서 체에 받쳐 주세요 볼 브로콜리 손질법,https://recipe1.ezmember.co.kr/cache/recipe/2025/02/03/c0b333e9ff2b34c61e4e67f5c8c188951.jpg,,600,
7043912,2,"냄비에 물이 끓으면 소금 0.5t를 넣고 냄비 , 숟가락 ,",https://recipe1.ezmember.co.kr/cache/recipe/2025/02/03/bba6e250256015489e5fab3ffd5ae5221.jpg,,,
7043912,3,씻어 놓은 브로콜리를 넣고 데쳐 주세요,https://recipe1.ezmember.co.kr/cache/recipe/2025/02/03/137b24c5aabc7961f0218566072e671f1.jpg,,,
7043912,4,데친 브로콜리는 찬물에 세 번 정도 헹궈 주세요. 브로콜리는 잘게 찢어서 체에 받쳐 물기를 빼 주세요! 채망,https://recipe1.ezmember.co.kr/cache/recipe/2025/02/03/af37ae7bb298106b0cbd0968c58d47361.jpg,,,
7043912,5,두부 반모는 흐르는 물에 씻어서 끓는 물에 데쳐 주세요,https://recipe1.ezmember.co.kr/cache/recipe/2025/02/03/64c2334b8781360804dc452aa9c7ed231.jpg,,,
7043912,6,"데친 두부는 건져서 물기를 최대한 싹 다 빼 주세요. 면보가 있으면 면보에 넣고 빼 주세요. 전 면보가 없어서 그릇에서 쫙 뺐어요 ㅎㅎ 면보 , 접시",https://recipe1.ezmember.co.kr/cache/recipe/2025/02/03/91490bf93b960e49c1f71a7b46f03e0d1.jpg,,,
7043912,7,볼에 다가 물기 뺀 두부를 잘게 으깨어 주세요,https://recipe1.ezmember.co.kr/cache/recipe/2025/02/03/12eecf19863e6596a3d124662db707e21.jpg,,,
7043912,8,잘게 으깬 두부 위에 다가 데친 브로콜리를 넣어 주세요,https://recipe1.ezmember.co.kr/cache/recipe/2025/02/03/320f98fb17f2d4e7fd1cc86dee6d32c91.jpg,,,
7043912,9,다진 마늘 0.5t를 넣어 주세요,https://recipe1.ezmember.co.kr/cache/recipe/2025/02/03/8814dd42ada13b6a495728f39eba71191.jpg,,,
7043912,10,국간장 1T를 넣어 주세요,https://recipe1.ezmember.co.kr/cache/recipe/2025/02/03/401ccd400f8ab4fcb966787a9d8d9c681.jpg,,,
7043912,11,참치액 1T를 넣어 주세요,https://recipe1.ezmember.co.kr/cache/recipe/2025/02/03/7f2fef6f31f393f4990fb4f9833ed5671.jpg,,,
7043912,12,참기름 1T를 넣어 주세요,https://recipe1.ezmember.co.kr/cache/recipe/2025/02/03/bc9ab48cc171e94b74b78d6e442345871.jpg,,,
7043912,13,깨 2T를 넣어 주세요. 깨는 취향에 따라 가감 해주세요!,https://recipe1.ezmember.co.kr/cache/recipe/2025/02/03/cc5d28e50b7c92452e0c02ae19aa50a21.jpg,,,
7043912,14,재료에 양념을 다 넣고 살살 버무려 주세요,https://recipe1.ezmember.co.kr/cache/recipe/2025/02/03/1bd466d80ae7157584a03e98a9f3f5e71.jpg,,,
7043912,15,그릇에 담아 내면 맛있는 브로콜리 두부 무침이에요! 그릇,https://recipe1.ezmember.co.kr/cache/recipe/2025/02/03/16dfae23e204cebc411e773bbb739f1a1.jpg,,,
6895591,1,먼저 두부는 얇은 두께로 썰어주시구요. 키친타올로 물기를 꾹꾹 눌러 제거해 줍니다. 두부는 찌개용이 아닌 단단한 부침용을 사용하세요,https://recipe1.ezmember.co.kr/cache/recipe/2018/09/10/ea551edacf09d1450c37574fb59f6b3c1.jpg,,,
6895591,2,달궈진 팬에 기름을 두르신 후 중불에서 노릇노릇 구워 줍니다.조금 바짝 구워주셔야 고기같은 쫄깃한 식감이 됩니다.,https://recipe1.ezmember.co.kr/cache/recipe/2018/09/10/d649b7af246ee8d4648761b0449532a61.jpg,중불,,
6895591,3,두부가 다 구워지면 팬에 기름 약간 두르고 다진마늘 1T를 약불에서 살짝 볶아 줍니다. 약불 T:성인 숟가락 기준,https://recipe1.ezmember.co.kr/cache/recipe/2018/09/10/0a3f92e98793cd38a1c86083541cef791.jpg,약불,,
6895591,4,마늘이 약간 갈색빛이 나면 바로 물 3스푼을 부어 주세요,https://recipe1.ezmember.co.kr/cache/recipe/2018/09/10/dbdcf01ce43f13d6e8b5316d239eff4e1.jpg,,,
6895591,5,참기름과 깨를 제외한 모든 양념을 넣고 약불에서 한소금 끓여 줍니다.,https://recipe1.ezmember.co.kr/cache/recipe/2018/09/10/5c938098ed93a20378dceabcf9da15621.jpg,약불,,
6895591,6,끓여진 양념에 구운 두부를 넣고 볶아주다가 참기름과 깨를 넣고 마무리 합니다! 이때 매콤한 것 좋아하심 청양고추를넣어 주셔요!,https://recipe1.ezmember.co.kr/cache/recipe/2018/09/10/868a28b0fcf1ad59f4a736fe84ad3e331.jpg,,,
6895591,7,고기처럼 쫄깃쫄깃 맛있는 두부볶음 완성이에요,https://recipe1.ezmember.co.kr/cache/recipe/2018/09/10/af2b5a134834e1be92abbc8152e61d721.jpg,,,
6895591,8,뜨끈한 밥에 올려 먹어보니 쫄깃한 식감에 매콤달콤 양념이 어우려져 참 맛있어요! 다이어트 중에도 맛있게 즐길수 있는 반찬인듯 합니다!,https://recipe1.ezmember.co.kr/cache/recipe/2018/09/10/f93871aafc89dfe7e17fe7ccc9e4c7401.jpg,,,
6952025,1,재료 준비해볼까요? 무는 하얀색부분으로 반쪽을 준비해주세요 대파는 약간 채썰어주세요 대파경우 없어도 상관없어요,https://recipe1.ezmember.co.kr/cache/recipe/2021/01/26/e4fdcb65eed0e68d108d5a590c911f2c1.jpg?w=1000,,,
6952025,2,무를 얇게 채 썰어주세요,https://recipe1.ezmember.co.kr/cache/recipe/2021/01/26/6c28f043313b2e2853280aa8b10462311.jpg?w=1000,,,
6952025,3,후라이팬에 들기름3스푼 넣어주세요,https://recipe1.ezmember.co.kr/cache/recipe/2021/01/26/04dd927317e8887dde434b1e6969c0c11.jpg?w=1000,,,
6952025,4,대파약간 마늘1스푼 넣고 볶아주세요 파향이 나도록 볶아주세요,https://recipe1.ezmember.co.kr/cache/recipe/2021/01/26/e5a557aa44f29feeade2554733b612011.jpg?w=1000,,,
6952025,5,중불로 시작하세요 무를 가득 넣어주세요 볶아주세요,https://recipe1.ezmember.co.kr/cache/recipe/2021/01/26/c888a2d1c81794accddb21979c0e64931.jpg?w=1000,중불,,
6952025,6,맛소금 1t 넣어주세요 작게 맛소금을 넣어주시고 간은 나중에 하시면 좋아요~^^ 볶아주세요,https://recipe1.ezmember.co.kr/cache/recipe/2021/01/26/d846b574d600eea4683c6f8902b4e9041.jpg?w=1000,,,
6952025,7,충분히 볶아주세요,https://recipe1.ezmember.co.kr/cache/recipe/2021/01/26/45c09309860b623f884099a80c99845d1.jpg?w=1000,,,
6952025,8,충분히 볶으면 옆그림처럼 무의 물이 나와요~ 이때 약불로 바꿔주세요,https://recipe1.ezmember.co.kr/cache/recipe/2021/01/26/c8115c7adec6038dc3c9901e28ed73911.jpg?w=1000,약불,,
6952025,9,약불로 하셨으면 뚜껑을 닫아주세요~^^ 1분정도 지나면 가스를꺼주세요,https://recipe1.ezmember.co.kr/cache/recipe/2021/01/26/f0e53552db9a27b3e876a0be5da5ac0d1.jpg?w=1000,약불,60,
6952025,10,뚜껑을 열면 무가 맛있게 익었어요 마지막 깨1스푼 넣고 예쁘게 담아주세요,https://recipe1.ezmember.co.kr/cache/recipe/2021/01/26/eb18ba91932deea482ee97f9872b4fed1.jpg?w=1000,,,
6952025,11,맛있게 드심 완성~^^,https://recipe1.ezmember.co.kr/cache/recipe/2021/01/26/f68ef407eaf3274e607baa800aa04b7a1.jpg?w=1000,,,
7009241,1,가시오이 한개는 소금으로 박박 문질러 씻은 후 주방필러로 오이가시부분을 제거해준 후 어슷썰어주세요.,https://recipe1.ezmember.co.kr/cache/recipe/2023/09/02/00934f5753493c6dd9bc8fe45a9121161.jpg?w=1000,,,
7009241,2,어슷썬 오이를 다시 채썰어줍니다.,https://recipe1.ezmember.co.kr/cache/recipe/2023/09/02/d42a5922b85306b6689d6c173b04a9c71.jpg?w=1000,,,
7009241,3,그리고 오이를 절이지 않고 바로 양념을 해줄께요. 고추가루 1T 넣어주고,https://recipe1.ezmember.co.kr/cache/recipe/2023/09/02/444cd1e9707937a17e6066fa0cfcf6fe1.jpg?w=1000,,,
7009241,4,국간장 1T 넣어줍니다. 국간장을 넣으면 깊고 개운한 맛이 있어요.,https://recipe1.ezmember.co.kr/cache/recipe/2023/09/02/d53cef60be49fdb0a5b1c39c10a7021d1.jpg?w=1000,,,
7009241,5,그리고 참기름도 1T 넣어줍니다.,https://recipe1.ezmember.co.kr/cache/recipe/2023/09/02/dc1b9fafe96869c140253c9c5415b93c1.jpg?w=1000,,,
7009241,6,마지막으로 통깨 넉넉하게 넣어준 후 잘 버무려주면 매콤오이채무침 완성입니다.,https://recipe1.ezmember.co.kr/cache/recipe/2023/09/02/5afff1f020f9afcf8954138fd3b7dce61.jpg?w=1000,,,
7009241,7,밥에 슥슥 비벼먹어도 아주 맛있어요^^,https://recipe1.ezmember.co.kr/cache/recipe/2023/09/02/43a583c0ea696699d4fc65dc0a4e81ac1.jpg?w=1000,,,
6877253,1,만두는 기름을 두룬 팬에 노릇하게 구워줍니다.,https://recipe1.ezmember.co.kr/cache/recipe/2017/09/28/8fc533297f2fc246cbbf5f2fd1c8dfc21.jpg?w=1000,,,
6877253,2,비엔나 소세지에 원하는 모양대로 칼집을 내고 팬에 볶아줍니다. 양파가 있다면 같이 볶아줘도 좋아요:),https://recipe1.ezmember.co.kr/cache/recipe/2017/09/28/199b0d79568471660afcb5a4ac07b3171.jpg?w=1000,,,
6877253,3,비엔나가 어느정도 구워지면 만두를 같이 넣어줍니다.,https://recipe1.ezmember.co.kr/cache/recipe/2017/09/28/04feae556dcd5899ef67ffb89e051fb51.jpg?w=1000,,,
6877253,4,양념장을 넣고 양념이 고루 베이도록 잘 섞어줍니다.,https://recipe1.ezmember.co.kr/cache/recipe/2017/09/28/05e4e16467b13cc29ffa7c1d07e8cc911.jpg?w=1000,,,
6877253,5,양념이 어느정도 베이면 위에 통깨를 뿌려 마무리합니다.,https://recipe1.ezmember.co.kr/cache/recipe/2017/09/28/61da0ef87e2a754dc739eb177c3395341.jpg?w=1000,,,
6877253,6,"간식이나 술안주, 밑반찬으로 먹기 좋은 비엔나만두강정 완성!",https://recipe1.ezmember.co.kr/cache/recipe/2017/09/28/83c2df92a39da5d4ab9e238b8722b72a1.jpg?w=1000,,,
7019202,1,"고구마는 채썰어 전자레인지 사용 가능한 용기에 담아주세요. 도마 , 조리용나이프 , 내열용기",https://recipe1.ezmember.co.kr/cache/recipe/2024/02/03/c11ce65471fab5309b7c598bee56b5c51.jpg?w=1000,,,
7019202,2,"고구마가 잠길 정도로 물을 부어준 다음, 소금으로 살짝 간을 해줍니다.",https://recipe1.ezmember.co.kr/cache/recipe/2024/02/03/b7dbbcb29563b541ce179805fcf907761.jpg?w=1000,,,
7019202,3,전자레인지 약 3분 정도 돌려 주세요. 전자레인지,https://recipe1.ezmember.co.kr/cache/recipe/2024/02/03/b7a70019ee4d737659da71be946dff211.jpg?w=1000,,180,
7019202,4,올리브유 1T 정도 프라이팬에 둘러 줍니다. 프라이팬,https://recipe1.ezmember.co.kr/cache/recipe/2024/02/03/494e6ba8a8e73fc20aa3297ba74dc1571.jpg?w=1000,,,
7019202,5,베이컨은 한입 크기로 썰어서 넣어주세요.,https://recipe1.ezmember.co.kr/cache/recipe/2024/02/03/4557d0faee25b8fddb45574b67b5c3781.jpg?w=1000,,,
7019202,6,다 익은 고구마를 넣어 함께 볶아 줍니다. 요리스푼,https://recipe1.ezmember.co.kr/cache/recipe/2024/02/03/05ceccef1e0518cd21b35e5389ef266e1.jpg?w=1000,,,
7019202,7,간장 1T 넣어 볶아준 다음 가스레인지 불을 꺼주세요.,https://recipe1.ezmember.co.kr/cache/recipe/2024/02/03/0eb863fba63f07152faa509c86d2bab41.jpg?w=1000,,,
7019202,8,올리고당 1T 뿌려 줍니다.,https://recipe1.ezmember.co.kr/cache/recipe/2024/02/03/f58e60d7220062d48d5ca2397166d9911.jpg?w=1000,,,
7019202,9,잔열에 한번 뒤적뒤적~ 해주시면 완성입니다.,https://recipe1.ezmember.co.kr/cache/recipe/2024/02/03/9af71a77233285b059b44cc30a01a1a01.jpg?w=1000,,,
6924130,1,시금치한줌을 작은크기로 잘라주세요,https://recipe1.ezmember.co.kr/cache/recipe/2019/12/27/4c80c354826328f18126bd95a6dda3ab1.jpg?w=1000,,,
6924130,2,양파 반개를 작게 썰어주세요,https://recipe1.ezmember.co.kr/cache/recipe/2019/12/27/4b8cdee1d58cefd0de89fad36d2669311.jpg?w=1000,,,
6924130,3,계란 3개를 깨서 잘섞어두세요,https://recipe1.ezmember.co.kr/cache/recipe/2019/12/27/c32e9cc7da9d008904e7d70ded324bad1.jpg?w=1000,,,
6924130,4,팬에 올리브유2큰술을 넣어주세요,https://recipe1.ezmember.co.kr/cache/recipe/2019/12/27/b500956e2ebd2a34d3b86170d83932541.jpg?w=1000,,,
6924130,5,시금치자른것과 양파자른것을 볶아주세요 *가스불은 중불입니다,https://recipe1.ezmember.co.kr/cache/recipe/2019/12/27/baca87f76382b797609e104c1e218e991.jpg?w=1000,중불,,
6924130,6,양파가 투명해지면 풀어둔 계란물을 가운데쪽으로 부어주시고 소금 1작은술을 고루 뿌려주시고 살살 섞어가면서 볶아주세요,https://recipe1.ezmember.co.kr/cache/recipe/2019/12/27/cac2c9862b2ce9798ae10a1759b597531.jpg?w=1000,,,
6924130,7,계란물이 익을정도로만 휘리릭 볶아주시고 통깨를 뿌려주시면 완성이네요,https://recipe1.ezmember.co.kr/cache/recipe/2019/12/27/820464d0c75d897cb59ad022409d162d1.jpg?w=1000,,,
6924130,8,쉽고간단하게 만들수있지만 영양만점인 시금치양파계란볶음이 완성이 되었어요 바쁜아침식사대용이나 다이어트식에도 좋고 아이들반찬으로도 좋아요,https://recipe1.ezmember.co.kr/cache/recipe/2019/12/27/55dd68f2635ab67c42667f8ef8eb3f561.jpg?w=1000,,,
2399193,1,당면은 미지근한 물에 20~30분 정도 불려준비하세요.,https://recipe1.ezmember.co.kr/cache/recipe/2015/07/09/57c8283932ca8a39456acf2dcdcec5611.jpg,,1800,
2399193,2,양념재료는 미리 섞어서 준비하세요.,https://recipe1.ezmember.co.kr/cache/recipe/2015/07/09/31774aafa5e10af4260cf58fb8a76e641.jpg,,,
2399193,3,팬이 달궈지기 전에 고추기름과 다진마늘을 넣고 향을 내며 볶아주세요.,https://recipe1.ezmember.co.kr/cache/recipe/2015/07/09/eebd5984d97542429ca5e5849ec485e11.jpg,,,
2399193,4,팬이 달궈지면 새우와 양파를 넣고 볶아주세요.,https://recipe1.ezmember.co.kr/cache/recipe/2015/07/09/ffb54fcd2d5d338a977f07c7427217641.jpg,,,
2399193,5,새우가 익으면 당면과 파를 넣고 당면이 투명하게 익을 때까지 볶아주세요. 당면이 너무 길면 먹기가 불편하니깐 정당히 잘라 넣으면 좋아요.,https://recipe1.ezmember.co.kr/cache/recipe/2015/07/09/ea6c7787c69dcaa32df36b35b00d84c81.jpg,,,
2399193,6,양념을 붓고 잘섞은 다음 바글바글 끓여 잘어우러지면 참기름을 둘러 섞은 다음 불을 끄고 밥에 얹어내세요.,https://recipe1.ezmember.co.kr/cache/recipe/2015/07/09/b8e7402294758239bb693dbb58242ab01.jpg,,,
7042590,1,"냉동새우는 잘 씻어서 키친타올로 물기를 제거하고 소금, 후추로 간해서 재워주세요. 키친타올 새우 손질법",https://recipe1.ezmember.co.kr/cache/recipe/2025/01/14/534df317ad7533a133b5abc6b7b3e6671.jpg?w=1000,,,
7042590,2,"통마늘은 편 썰어주세요. (마늘 좋아해서 많이 넣었어요:)) 도마 , 조리용나이프 통마늘 손질법",https://recipe1.ezmember.co.kr/cache/recipe/2025/01/14/0595f2df32db7240a28840891b0ffbe61.jpg?w=1000,,,
7042590,3,방울토마토도 반으로 잘라서 준비해주세요. 방울토마토 손질법,https://recipe1.ezmember.co.kr/cache/recipe/2025/01/14/db2f59c6d6d1e3b43f9cff1f50ad6d881.jpg?w=1000,,,
7042590,4,"냄비에 물을 넣고 소금과 오일 두 방울 넣고 끓으면 파스타 면을 넣고 7분간 익혀주세요. 냄비 , 요리집게",https://recipe1.ezmember.co.kr/cache/recipe/2025/01/14/f1491fec5c1fb2258694af46942de5301.jpg?w=1000,,420,
7042590,5,"팬에 올리브유를 넉넉히 두르고 편 썬 마늘을 넣고 노릇노릇 익혀 주세요. 프라이팬 , 요리스푼",https://recipe1.ezmember.co.kr/cache/recipe/2025/01/14/f575873737e0a9d31a23a39a25e91d7b1.jpg?w=1000,,,
7042590,6,재워준 새우를 넣고 익혀주세요.,https://recipe1.ezmember.co.kr/cache/recipe/2025/01/14/412f9988bf7969a2533ba6042cd09c8a1.jpg?w=1000,,,
7042590,7,파스타 면과 면수 한 국자 넣어서 볶아 주세요. 국자,https://recipe1.ezmember.co.kr/cache/recipe/2025/01/14/edced6d79cb5601b06ab780ce2ee9a231.jpg?w=1000,,,
7042590,8,참치액 1.5T를 넣고 간을 맞춰 주세요.,https://recipe1.ezmember.co.kr/cache/recipe/2025/01/14/8a72141db6173dae58d6ec2607f209771.jpg?w=1000,,,
7042590,9,반으로 썰어둔 토마토를 넣어주세요.,https://recipe1.ezmember.co.kr/cache/recipe/2025/01/14/c192f19be8ad8680c32618b7bc5396711.jpg?w=1000,,,
7042590,10,불을 끄고 다듬어둔 시금치를 넣고 살짝만 익혀주세요.,https://recipe1.ezmember.co.kr/cache/recipe/2025/01/14/7414d68e73f973b675dce0b31a89334e1.jpg?w=1000,,,
7070355,1,든든한 밑반찬 감자채전 만들기 해 볼게요.,https://recipe1.ezmember.co.kr/cache/recipe/2026/01/23/fdc7711676215f6c74a03050cc4553741.jpg,,,
7070355,2,우선 감자 4개와 당근 1/2개를 채를 썰어 준비 해 주세요. 그리고 감자는 물에 헹구어 전분을 빼서 물기를 빼서 준비 해 주세요. 그리고 기름을 두르고 감자 채 썬 것을 넣고 볶다가 당근 채 썬것을 넣고 함께 볶아 주세요.,https://recipe1.ezmember.co.kr/cache/recipe/2026/01/23/fbba6be63b1129a4e77ec1351201d0e71.jpg,,,
7070355,3,그리고 소금1t.후추약간.간마늘1t.올리고당1t을 넣고 간을 맞추어 주세요. 그리고 감자가 다 익을 정도로 섞어가면서 볶아 주세요.,https://recipe1.ezmember.co.kr/cache/recipe/2026/01/23/e8ef06403f6237000850e9867e722ae61.jpg,,,
7070355,4,그럼 너무 맛있는 감자채전 완성이랍니다.,https://recipe1.ezmember.co.kr/cache/recipe/2026/01/23/8eb47e520c868818a034d3e035eb642f1.jpg,,,
7018178,1,납작어묵과 프랑크소세지를 준비해주세요,https://recipe1.ezmember.co.kr/cache/recipe/2024/01/20/582f3a250d3431222d6c307c5aa0781a1.jpg?w=1000,,,
7018178,2,"한입크기로 작게 잘라주세요 *저는 펄펄 끓인물에 담구었다가 빼주네요 도마 , 조리용나이프 , 냄비 , 채반",https://recipe1.ezmember.co.kr/cache/recipe/2024/01/20/b7ba0fdb58fa61db4f31dcee97f375c01.jpg?w=1000,,,
7018178,3,"팬에 올리브유를 넣고 대파를 다져서 넣고 다진마늘을 넣어주세요 볶음팬 , 요리스푼",https://recipe1.ezmember.co.kr/cache/recipe/2024/01/20/ca7398fbfec43455c5ae93ddbac067cc1.jpg?w=1000,,,
7018178,4,1~2분을 센불에서 볶아주세요,https://recipe1.ezmember.co.kr/cache/recipe/2024/01/20/146f04aad65d3f8df3126590965a52521.jpg?w=1000,강불,120,
7018178,5,자른어묵과 소세지를 넣어 잘 섞어주시고 굴소스및 양념을 넣어주세요 *싱거우신경우 진간장을 추가하세요 단맛은 개인취향껏 조절하세요,https://recipe1.ezmember.co.kr/cache/recipe/2024/01/20/d87ba92be913d3d3f1003174564fcf881.jpg?w=1000,,,
7018178,6,양념후 4~5분을 볶듯이 조려주시면 되세요 가스불을 꺼주시고 참기름과 통깨를 뿌려주시면 완성이네요,https://recipe1.ezmember.co.kr/cache/recipe/2024/01/20/f6186a1c0b7942effb06e319f250984e1.jpg?w=1000,,300,
7018178,7,"입맛까다로운 초딩입맛들이 좋아하고 유아,어린이들이 좋아하는 밑반찬이 완성이 되었네요",https://recipe1.ezmember.co.kr/cache/recipe/2024/01/20/33ddc816647f71890c5e38095f05fec31.jpg?w=1000,,,
6910706,1,제일 먼저 물에 감자를 넣고 삶아줄게요 감자 따로 먹으려고 같이 삶아서 4개랍니당ㅎㅎ,https://recipe1.ezmember.co.kr/cache/recipe/2019/04/18/33c1adfe749146e51d31d9065a7bf69f1.jpg?w=1000,,,
6910706,2,감자가 삶아지는동안 베이컨을 잘라주세요,https://recipe1.ezmember.co.kr/cache/recipe/2019/04/18/b5e32a1de6dac64839b905da896447491.jpg?w=1000,,,
6910706,3,잘라놓은 베이컨을 노릇노릇하게 익혀주세요,https://recipe1.ezmember.co.kr/cache/recipe/2019/04/18/1a4e971ae775903f2749e3a7ebe0e9de1.jpg?w=1000,,,
6910706,4,감자가 다 익으면 접시에 으깨주세요,https://recipe1.ezmember.co.kr/cache/recipe/2019/04/18/ac67cef23d13b5db36542d6534cdc6e71.jpg?w=1000,,,
6910706,5,으깨진 감자 위로 베이컨을 솔솔 뿌려줄게요,https://recipe1.ezmember.co.kr/cache/recipe/2019/04/18/ef053add8e385fe8fbc81be7518746051.jpg?w=1000,,,
6910706,6,치즈를 뿌려주세요,https://recipe1.ezmember.co.kr/cache/recipe/2019/04/18/7001b8290b13c886ed728ec1191120251.jpg?w=1000,,,
6910706,7,우유 2스푼을 살짝코롬 넣어줄게요,https://recipe1.ezmember.co.kr/cache/recipe/2019/04/18/d1a11a53f13762ccd96e4241a0e0f1551.jpg?w=1000,,,
6910706,8,후추도 톡톡 뿌려주세요,https://recipe1.ezmember.co.kr/cache/recipe/2019/04/18/a66dc112b5626f6724d3906cc4334f901.jpg?w=1000,,,
6910706,9,그다음 믹스해줄게요,https://recipe1.ezmember.co.kr/cache/recipe/2019/04/18/981018efafeba470e0025a60e78e0d0a1.jpg?w=1000,,,
6910706,10,믹스하고 난 후 치즈를 취향껏 드음뿍 넣어주세요,https://recipe1.ezmember.co.kr/cache/recipe/2019/04/18/38a1ed3635164b23c536f68a52c2914e1.jpg?w=1000,,,
6910706,11,"전자렌지 혹은 오븐에 3분정도만 구워줄게요 파슬리 톡톡 뿌리면 완성입니당! 오븐 , 전자레인지",https://recipe1.ezmember.co.kr/cache/recipe/2019/04/18/7a681f80d20d162a6050d9be831b6b341.jpg?w=1000,,180,
6955413,1,계량스푼은 집에서 사용하는 8cc 정도의 밥숟가락입니다. 곤약을 가로세로 2cm 정도 두께로 썰어 주세요~ 곤약 처음 접하시는 분들~ 곤약 뜯으믄 쿰쿰한~ 냄새가 좀 나는데 상한거 아니니~ 걱정 마시고 쓰세용~ **사진과 설명으로 부족하신 분은 링크된 동영상 참고 해주세요. 두율이네 유툽 놀러 오시면 더많은 레시피와 최신 레시피를 더 빠르게 보실수 있습니다~ 구독해 주시면 땡큐~~,https://recipe1.ezmember.co.kr/cache/recipe/2021/03/18/e3f0f7da61d3fc10e30081d965b5beaa1.jpg,,,
6955413,2,물 1리터에 굵은소금 1스푼을 퐁당~ 빠뜨려 줍니다~ 소금 1스푼은 대략 15~17g 정도 될꺼에요~,https://recipe1.ezmember.co.kr/cache/recipe/2021/03/18/5c1edff9c53088e96af4d1098f3af8071.jpg,,,
6955413,3,물이 끓으면 곤약을 넣고 1~2분 삶아요~ 삶는 시간이 애매하면 곤약들이 물위로 동동~~ 떠오를때까지 삶아 주시면 됩니다~,https://recipe1.ezmember.co.kr/cache/recipe/2021/03/18/9254b5e5b4c0c6ad39dc6b1620e27bdc1.jpg,,120,
6955413,4,삶은 곤약은 찬물에 한번 씻어 줍니다~,https://recipe1.ezmember.co.kr/cache/recipe/2021/03/18/80d1c2a41b79806932569e8b7c07eecf1.jpg,,,
6955413,5,메추리알은 삶아서 파는것도 이렇게 이물질들이 있으니~ 꼭~꼭! 물에 한번 씻어서 사용하세용~ 메추리알은 삶아서 파는거 작은거 한봉을 썼어요~ 업체마다 통일이 안되서 무게는 300~350g 으로 다양한데 그냥 다 들이 부으면 됩니다~ 우리의~ 소원은 통일~~ 꿈에도~~ 30년 전에는 학교에서 이노래 많이 불렀는데...요즘에도 가리키나 모르겠네요 ㅎㅎㅎ,https://recipe1.ezmember.co.kr/cache/recipe/2021/03/18/79ef0b3ff969f802d8bc95a806b0440e1.jpg,,,
6955413,6,당근은 없으면 안넣어도 되지만~ 같이 졸여 놓으면 당근도 은근 밑반찬으로 한몫 한답니다~ 1~2cm 정도 두께로 깍뚝 썰어 주세요~ 깍둑~깍둑~ 아~ 그거 아세요?? 토끼는 당근 보다는 상추나 배추를 좋아 한다네요~~,https://recipe1.ezmember.co.kr/cache/recipe/2021/03/18/af7a819bc31ad14aa0b41ae778daa78f1.jpg,,,
6955413,7,냄비에 메추리알 곤약 당근 넣고 건표고를 한주먹~ 대략 5g 정도를 넣어 주세요~ 건표고 넣으면 소스에 풍미도 올리고~ 간장에 같이 졸여서 먹으면 굿굿굿~ 무지막지 큰놈들은 1~2 cm 정도로 다리몽댕이를 뿐질러가 넣어 주세요~ 뿌리 대 부분은 질기니 따로 빼서 육수용으로 쓰시고 부드러운 머리 부분을 사용하세요~,https://recipe1.ezmember.co.kr/cache/recipe/2021/03/18/42829335f07065fdc3f662ca4e108f9d1.jpg,,,
6955413,8,양념장과 물을 모두 부어주세요~ 설탕 7스푼은 70g 이니까~ 참꼬! 하십시요!,https://recipe1.ezmember.co.kr/cache/recipe/2021/03/18/5da7d9c26dc9c32a3f50b8b924ccb1361.jpg,,,
6955413,9,누구나 손에서 대파 한대 정도는 자라시죠? 흰 대부분으로 손가락 한마디 정도로 자란 놈을 골라서 똑~ 따서 넣어 주세요~,https://recipe1.ezmember.co.kr/cache/recipe/2021/03/18/1024527cbf7d5a7f1b866389c84faf1f1.jpg,,,
6955413,10,강불에 바글바글 끓으면 불을 중불로 줄이고 천천히 졸이세요~ 그래야 하는 이유는!!!! 천천히 졸여 주셔야 간장 양념이 재료 안쪽까지 쇽쇽쇽~ 잘 베어 들어요! 간장이 잘 베어 들어야~ 보관기간도 길어져요~강불에 그냥 휘리릭 졸여 버리면 닭강정 처럼 겉에만 양념이 뭍어 나게 될수가 있어요~ 저는 대략 20분 정도 중약불에 뭉그~~은히 졸였어요~,https://recipe1.ezmember.co.kr/cache/recipe/2021/03/18/9ca8db71dd358808bdd92c0c8614d7bb1.jpg,약불,1200,
6955413,11,천천히 졸여서 양념이 이정도 남을 떄까지 졸였습니다~ 남은 양념은 대략 70~100cc 사이니 참고 하세요~ 간이 짭짜~~을한 밑반찬이에용^^~ 좀 심심한거 좋아하시면 간장과 미림음 20cc 씩 줄이세요~,https://recipe1.ezmember.co.kr/cache/recipe/2021/03/18/2a6a5128e257d1619e0b31d5d270492e1.jpg,,,
6955413,12,어떤가요~ 탱글탱글~ 짭짤~하이 양념 잘 베어 든거 같죵^^~ 이제 맛있게 드시기만 하면 됩니다!!,https://recipe1.ezmember.co.kr/cache/recipe/2021/03/18/9f2c693f5cac12bb90c36a4593d0f2461.jpg?w=1000,,,
6897374,1,닭봉에 소금 1작은술 넣어 조물조물한 후에 20분정도 둬요,https://recipe1.ezmember.co.kr/cache/recipe/2018/10/07/b1365099f2e974904af6f61c199efb151.jpg?w=1000,,1200,
6897374,2,끓는물에 데쳐요,https://recipe1.ezmember.co.kr/cache/recipe/2018/10/07/80963f14492687e61c9301207815c2951.jpg?w=1000,,,
6897374,3,"팬에 간장,설탕,마늘넣고 내용물 반정도 잠기게 물을 넣어요",https://recipe1.ezmember.co.kr/cache/recipe/2018/10/07/fed3735b2476de426d43c6cdf917a75b1.jpg?w=1000,,,
6897374,4,뚜껑닫고 국물 반정도 될때까지 중불정도에서 끓여요,https://recipe1.ezmember.co.kr/cache/recipe/2018/10/07/18455f1f344fb2cc4da2ae58a71365741.jpg?w=1000,중불,,
6897374,5,뚜껑연채로 꿀3숟가락.후추가루넣어요,https://recipe1.ezmember.co.kr/cache/recipe/2018/10/07/eff1ae0680ea5987f8ddafa49f5c5e821.jpg?w=1000,,,
6897374,6,국물이 없어지고 갈색될때까지 졸여요,https://recipe1.ezmember.co.kr/cache/recipe/2018/10/07/c6998b7efd1364a18f0f2f4317c63a391.jpg?w=1000,,,
6897374,7,파프리카넣어서 버물버물 마무리해요~ 저는 기본적으로 통깨 팍팍을 더 좋아해요~,https://recipe1.ezmember.co.kr/cache/recipe/2018/10/07/e539689a951b02a7185591e75b4c5db01.jpg?w=1000,,,
6885909,1,꽈리고추(20개)는 먹기좋게 3등분해서 썰어 주시구요~,https://recipe1.ezmember.co.kr/cache/recipe/2018/03/22/3bc7391b7f8088d8240c365152aeef1d1.jpg?w=1000,,,
6885909,2,햄(140g)도 썰어 주세요~,https://recipe1.ezmember.co.kr/cache/recipe/2018/03/22/8d74c254b0da9a8010da5c0a8dbde6931.jpg?w=1000,,,
6885909,3,양파1/2개 마늘3쪽도(다진마늘1T)도 준비해 주시구요~,https://recipe1.ezmember.co.kr/cache/recipe/2018/03/22/c51df499cd04da52709c827fff3608901.jpg?w=1000,,,
6885909,4,식용유1T+참기름1T두른후 양파먼저 슥슥 볶아 주시다가~,https://recipe1.ezmember.co.kr/cache/recipe/2018/03/22/c368fcb4c9f36fe3ece1438a16d143fb1.jpg?w=1000,,,
6885909,5,햄넣고 볶아 주세요~ (약불에서 볶아 주세요^^),https://recipe1.ezmember.co.kr/cache/recipe/2018/03/22/e6ec9b7d3f68d420d3ea8279c5634ddc1.jpg?w=1000,약불,,
6885909,6,양파가 살짝 투명해지면 다진마늘 넣어서 볶아 주시다가~,https://recipe1.ezmember.co.kr/cache/recipe/2018/03/22/af90182ea546f7a8a589c5a6c45dd4cf1.jpg?w=1000,,,
6885909,7,꽈리고추 넣고 볶다가~,https://recipe1.ezmember.co.kr/cache/recipe/2018/03/22/22c3f66052ac886c1bac9d6e080140111.jpg?w=1000,,,
6885909,8,"진간장2T,굴소스1/2T,물엿이나 올리고당2T넣고 볶아 주심 끝이에용^^ (굴소스 없으시면 간장 더넣어 주심 되셔요~)",https://recipe1.ezmember.co.kr/cache/recipe/2018/03/22/f98572969e762bc6dc90d42b59caec131.jpg?w=1000,,,
6885909,9,꽈리고추는 너무 익히시면 냉장고 들어갔다 나왔을때 숨이 죽어 맛없는 비주얼이 되요~살짝 덜익었다 싶으실때까지 볶아 주시면 아삭하면서 맛있어용^~^ 간단방법 이지만 완전 맛있고 밥반찬으로 딱 좋아용^^,https://recipe1.ezmember.co.kr/cache/recipe/2018/03/22/6adf5d9fda5f01736613f57f785afae61.jpg?w=1000,,,
6846168,1,"참치캔, 햄, 양파, 치즈(취향대로), 토마토소스, 또띠아를 준비하고, 추가로 느끼함을 잡아주고 매콤함을 더해주기위해 청양고추도 준비합니다.",https://recipe1.ezmember.co.kr/cache/recipe/2016/04/08/08c50878f26718874cac63c77549de121.jpg,,,
6846168,2,또띠아 한쪽면에 토마토소스를 2T덜어 바르고 캔참치의 기름기를 최소화하여 올려줍니다,https://recipe1.ezmember.co.kr/cache/recipe/2016/04/08/65cc338e9c2ecdc1f64ee257bb99655e1.jpg,,,
6846168,3,그 위로 양파올리고,https://recipe1.ezmember.co.kr/cache/recipe/2016/04/08/67b3fb23e4a374bf670a613061223cee1.jpg,,,
6846168,4,햄올리고,https://recipe1.ezmember.co.kr/cache/recipe/2016/04/08/0a363b4592c7dfbe544c4f0c284154c41.jpg,,,
6846168,5,청양고추는 잘게썰어 고루 분포시켜 올리고 본인이 좋아하는 재료 더 추가합니다.,https://recipe1.ezmember.co.kr/cache/recipe/2016/04/08/d4432c578626daca386b6803fc5f002b1.jpg,,,
6846168,6,다른 또띠아의 한면에도 토마토소스를 2T 발라줍니다,https://recipe1.ezmember.co.kr/cache/recipe/2016/04/08/c0221950669635e1c6e8e3027449699b1.jpg,,,
6846168,7,기존에 재료쌓아올린 또띠아에 치즈를 듬뿍올리고,https://recipe1.ezmember.co.kr/cache/recipe/2016/04/08/6ac2becfa9bc6b3cf37ec1b3ad98a7231.jpg,,,
6846168,8,덮어줍니다 그리고 이대로 전자렌지에서 2분 돌려주면 전자레인지,https://recipe1.ezmember.co.kr/cache/recipe/2016/04/08/bab5cf0b26aa9fe507edf52f5526d19d1.jpg,,120,
6846168,9,끝,https://recipe1.ezmember.co.kr/cache/recipe/2016/04/08/29304c2f43c3107d83877156c361f0c51.jpg,,,
6846168,10,치즈가 녹아있죠,https://recipe1.ezmember.co.kr/cache/recipe/2016/04/08/329f8a82d06a4d78e6dfbedac9f3eaec1.jpg,,,
6846168,11,먹기좋게 잘라주고,https://recipe1.ezmember.co.kr/cache/recipe/2016/04/08/8fa89fed859b0af984cf82f539f7d8c61.jpg,,,
6846168,12,하나씩,https://recipe1.ezmember.co.kr/cache/recipe/2016/04/08/895b1ddf686972cdbe908c8e3eae32641.jpg,,,
6846168,13,집어들어,https://recipe1.ezmember.co.kr/cache/recipe/2016/04/08/f8662ac9a2b0d551c212788d5d5edb3b1.jpg,,,
6846168,14,먹으면 기가 막히는 맛입니다♥,https://recipe1.ezmember.co.kr/cache/recipe/2016/04/08/3ed0431b54f03ff211d9923c985d0cfd1.jpg,,,
7002427,1,"양파1/2개 채썰어주고 대파 1/2대, 청양고추 3개 어슷썰기 합니다 감자도 적당한 크기로 썰어주세요",https://recipe1.ezmember.co.kr/cache/recipe/2023/05/18/ca3cd1eefe7c832556ff9385f9aadc2a1.jpg?w=1000,,,
7002427,2,예열한 팬에 기름을 살짝 두른 후 양파 넣어 볶아주세요 참치액젓 1큰술 넣고 볶다가 설탕 1.5큰술 넣어주세요 센불 가급적 스텐팬을 사용하신다면 더욱 맛있는 감자조림을 맛보실 수 있으시답니다^^,https://recipe1.ezmember.co.kr/cache/recipe/2023/05/18/55455588710876dbd00c2e7d45a6d70e1.jpg?w=1000,강불,,
7002427,3,설탕이 녹기 시작하면 고기를 넣어 볶아요 센불 고기를 완벽히 익혀주신 후 액체(양념)류를 넣어야 누린내가 나지 않아요,https://recipe1.ezmember.co.kr/cache/recipe/2023/05/18/9748a63b2630d09e3518e56fd883f5c11.jpg?w=1000,강불,,
7002427,4,"고기를 완전히 익힌 후 분량의 양념을 넣어 살짝 졸인 후 잘 볶아요 (센불) 진간장 1.5큰술,, 맛술 2큰술, 고춧가루 1큰술, 고추장 1큰술 양념장은 미리 섞어주시면 좋아요 ^^",https://recipe1.ezmember.co.kr/cache/recipe/2023/05/18/bccc5a6827d0b4677755ff520cdaa0331.jpg?w=1000,강불,,
7002427,5,물 200ml 추가한 후 끓기 시작하면 감자를 넣어주세요 (뚜껑닫고 중불 5~7분 익혀요),https://recipe1.ezmember.co.kr/cache/recipe/2023/05/18/7c2e8ddbddaf0fecb04c632a107286241.jpg?w=1000,중불,420,
7002427,6,"청양고추, 대파, 다진마늘 1큰술 넣어 약불에서 더 익혀주면 완성입니다.",https://recipe1.ezmember.co.kr/cache/recipe/2023/05/18/615c858100d0c17134c6db1890e29f791.jpg?w=1000,약불,,
7057107,1,"양파는 잘 썰고 마늘은 슬라이스 새우는 깨끗이 씻어서 준비 해 주세요 도마 , 조리용나이프 , 볼 양파 손질법",https://recipe1.ezmember.co.kr/cache/recipe/2025/06/30/d530de19cc7af30fa543bc2fdce02bec1.jpg?w=1000,,,
7057107,2,"스파게티 면은 7분간 삶아주세요 냄비 , 요리젓가락",https://recipe1.ezmember.co.kr/cache/recipe/2025/06/30/6b9cb11fb1e22ab732a1c05c87fb18411.jpg?w=1000,,420,
7057107,3,"팬에 올리브유를 두르고 마늘, 양파, 새우를 볶아 주세요 프라이팬 , 요리스푼",https://recipe1.ezmember.co.kr/cache/recipe/2025/06/30/b5a56e4cd3f770010d451a1f929ef7b51.jpg?w=1000,,,
7057107,4,재료가 노릇 노릇 익으면 삶아 놓은 면은 넣어 볶아주세요,https://recipe1.ezmember.co.kr/cache/recipe/2025/06/30/72722ff38fa77df7063a37fc739d649f1.jpg?w=1000,,,
7057107,5,살짝 볶아지면 우유와 카레 가루를 넣고 졸여주세요,https://recipe1.ezmember.co.kr/cache/recipe/2025/06/30/614a6fc456f510bce41ce95229bfdc261.jpg?w=1000,,,
7057107,6,꾸덕꾸덕 볶아지면 통후추 소금으로 간을 맞춰 주세요 요리젓가락,https://recipe1.ezmember.co.kr/cache/recipe/2025/06/30/5344403b2f37c4c2bde26e1db41458151.jpg?w=1000,,,
7057107,7,마지막으로 파슬리가루를 뿌려 주세요,https://recipe1.ezmember.co.kr/cache/recipe/2025/06/30/676635ae17553fd48344c7820534fa271.jpg?w=1000,,,
7073666,1,무는 부서 지지 않을 정도로 얇게 나막썰기 합니다.,https://recipe1.ezmember.co.kr/cache/recipe/2026/03/26/77655db8ac37b9de4a049f72dc1768fc1.jpg?w=1000,,,
7073666,2,대파는 송송 썰어줍니다.,https://recipe1.ezmember.co.kr/cache/recipe/2026/03/26/05b9e810942f6b9bc0b6e80b3252cf381.jpg?w=1000,,,
7073666,3,어묵은 먹기 좋은 크기로 썰고,https://recipe1.ezmember.co.kr/cache/recipe/2026/03/26/789ef5d39a07f8b41e6ada802fa568871.jpg?w=1000,,,
7073666,4,끓는 물에 가볍게 데쳐 기름 을 제거합니다.국 물이 더 깔끔해집니다,https://recipe1.ezmember.co.kr/cache/recipe/2026/03/26/68fb1037b61db326dcc0b2d14354e9651.jpg?w=1000,,,
7073666,5,"냄비에 무, 물1L,코인육수1개 넣고 센불에서 끓입 니다.",https://recipe1.ezmember.co.kr/cache/recipe/2026/03/26/2f531f207a7910057e0da1829edbefd11.jpg?w=1000,강불,,
7073666,6,뚜껑을 닫아 5분정도 무를 익혀줍니다.,https://recipe1.ezmember.co.kr/cache/recipe/2026/03/26/664e6e865ad5d5a07f7958e2971b47b21.jpg?w=1000,,300,
7073666,7,무가 반 쯤 투명해지면 썰 어둔 어묵 넣고 3 ~4분 정도 끓입니다.,https://recipe1.ezmember.co.kr/cache/recipe/2026/03/26/73fd3a0a932478f0ed7f334737b0625d1.jpg?w=1000,,240,
7073666,8,"국간장 1T,참치액1T 넣고 간을 하고 끓어오르 면 간을 보고 부족한 간은 소금으로 맞춥니다.",https://recipe1.ezmember.co.kr/cache/recipe/2026/03/26/0bcf351398e2f7ecc1f313626ef909a81.jpg?w=1000,,,
7073666,9,대파를 넣고 1분정도 더 끓여줍니다.,https://recipe1.ezmember.co.kr/cache/recipe/2026/03/26/02d39c2099369cde70d5daa7dfcad1ce1.jpg?w=1000,,60,
7073666,10,기호에 따라 후추 톡톡 넣어 완성합니다.,https://recipe1.ezmember.co.kr/cache/recipe/2026/03/26/a0f4ce7bb5c3323d98efb4778530b63f1.jpg?w=1000,,,
7073666,11,어묵국 완성!,https://recipe1.ezmember.co.kr/cache/recipe/2026/03/26/e83a359a43019ec48a34073e2428a9c11.jpg?w=1000,,,
7032079,1,"껍질벗긴 감자는 일정한 크기로 잘라요 찬물에 헹궈 물기를 탈탈 털어주세요 도마 , 조리용나이프 , 믹싱볼 , 채반 감자 손질법",https://recipe1.ezmember.co.kr/cache/recipe/2024/08/08/bb62b419b68608c18e80f28b107c41b21.jpg?w=1000,,,
7032079,2,"설탕 1큰술, 진간장 2큰술, 맛술 1큰술, 참기름 1작은술 분량의 재료들을 잘 섞어요 소스볼 , 조리용스푼",https://recipe1.ezmember.co.kr/cache/recipe/2024/08/08/f602d8b440b455546eca8520476ba4a51.jpg?w=1000,,,
7032079,3,기름 두른 팬에 감자 넣어 구워주세요 프라이팬,https://recipe1.ezmember.co.kr/cache/recipe/2024/08/08/f309261cbdffeaa8f4cdf45f329f47a81.jpg?w=1000,,,
7032079,4,"감자 노릇해지면 팬바닥에 고춧가루 1큰술, 된장 1작은술, 고추장 1큰술 넣어 팬바닥에 볶아요 (중약불~약불)",https://recipe1.ezmember.co.kr/cache/recipe/2024/08/08/5b24b8ef38c7120d60a9bf9312ad46271.jpg?w=1000,약불,,
7032079,5,양념장 추가해 잘 섞다가 물 1컵 (180ml) 추가해요,https://recipe1.ezmember.co.kr/cache/recipe/2024/08/08/0450e40d0c65f9a4ea47304a2aa012391.jpg?w=1000,,,
7032079,6,"끓기 시작하면 꽈리고추, 다진마늘 1큰술, 올리고당 1큰술 잘 섞어주면 완성입니다",https://recipe1.ezmember.co.kr/cache/recipe/2024/08/08/b819efb5a17c109f6d9dca19efa3e2e01.jpg?w=1000,,,
6959420,1,"닭고기는 7~8분간 끓는 물에 삶아주세요. 저는 냉장 안심을 사용해서 잡내 제거를 별도로 하지 않아도 됐지만, 닭 냄새에 민감하시다면 소주 1숟갈 넣고 끓여주세요.",https://recipe1.ezmember.co.kr/cache/recipe/2021/05/20/8a15e4dd7085e1bda9c4a3d903be3c641.jpg,,480,
6959420,2,"닭고기가 익는 동안 채소를 썰어주세요. 양배추, 파프리카 모두 채썰어주세요.",https://recipe1.ezmember.co.kr/cache/recipe/2021/05/20/5204e2dec3764a7bf1a3887ffbba182d1.jpg,,,
6959420,3,냉채 소스를 만들어주세요. (연겨자 0.5+간장1+식초1+물1+매실청1+꿀1+깨소금1+다진마늘 0.5) 연겨자의 톡 쏘는 맛이 힘드신 분은 양을 조금 줄여주세요.,https://recipe1.ezmember.co.kr/cache/recipe/2021/05/20/8ff0d052dac126f1f1e96ad1f3aa895d1.jpg,,,
6959420,4,잘 익은 닭고기는 잘게 찢어주세요.,https://recipe1.ezmember.co.kr/cache/recipe/2021/05/20/3d18694bb1e10f9a7bc4eb54fcd8768f1.jpg,,,
6959420,5,겨자 드레싱을 뿌린 샐러드 맛있게 드세요:),https://recipe1.ezmember.co.kr/cache/recipe/2021/05/20/57e72d4fc468c31caf8f1d26a92579d41.jpg,,,
6984643,1,양파는 장아찌 양파로 두 개 준비했어요 여름에는 큰 양파보다 이렇게 작은 게 가격도 싸고 오래 보관할 수 있어서 좋더라고요 단점은 껍질 깔 때 조금 손이 더 가요 ㅎㅎ,https://recipe1.ezmember.co.kr/cache/recipe/2022/08/02/6f8a8b465a791701ba379f2d566c2a781.jpg,,,
6984643,2,작은 양파라 통으로 슬라이스 잘라주었어요,https://recipe1.ezmember.co.kr/cache/recipe/2022/08/02/a4cd3987f904248b0a6fdd87b2571b691.jpg,,,
6984643,3,대파는 쫑쫑 썰어 주었어요 대파는 안 넣으셔도 됩니다 저는 파 기름 낼 거라 준비했어요,https://recipe1.ezmember.co.kr/cache/recipe/2022/08/02/cd3395055cdb87b4623a7198841e7b3c1.jpg,,,
6984643,4,프라이팬에 식용유 한 큰 술과 대파를 넣고 파 기름을 내줄 거예요,https://recipe1.ezmember.co.kr/cache/recipe/2022/08/02/d02380ed3f6d50a17f44255a8da4569a1.jpg,,,
6984643,5,파향이 진하게 올라오면 잘라둔 양파를 넣고 볶아 주었어요,https://recipe1.ezmember.co.kr/cache/recipe/2022/08/02/79817eb1097b32399c860958d88621ba1.jpg,,,
6984643,6,양파가 투명해지면 간장 한 큰 술 반을 넣고 살짝 한 번 더 볶아 주었어요,https://recipe1.ezmember.co.kr/cache/recipe/2022/08/02/e315cbabbea890d45d05f980fbc0d9d51.jpg,,,
6984643,7,이렇게 간장이 양파에 스며들면 불을 끄고 통깨 조금 뿌려 주면 아삭아삭한 양파 볶음이 완성되었어요,https://recipe1.ezmember.co.kr/cache/recipe/2022/08/02/62ccf77ba614f494f56790c789d0b1e91.jpg,,,
7007710,1,두부 반모를 기름을 두르지 않은 팬에 올려 으깨주면서 수분을 날려줘요. 불 세기를 강하게 하셔도 좋아요!,https://recipe1.ezmember.co.kr/cache/recipe/2023/08/09/305076d2436dc65c8c62e4646ce696201.jpg,,,
7007710,2,어느 정도 수분이 날아가면 팬 옆으로 밀어두고 기름을 두르고 파를 볶아 파기름을 내줘요.,https://recipe1.ezmember.co.kr/cache/recipe/2023/08/09/08c2190833a595a2061b465e2898e92d1.jpg,,,
7007710,3,파와 두부를 섞어 잘 볶아줘요.,https://recipe1.ezmember.co.kr/cache/recipe/2023/08/09/06e3a465a2fe875d949360df3cdd483a1.jpg,,,
7007710,4,진간장 두 스푼 넣어주세요.,https://recipe1.ezmember.co.kr/cache/recipe/2023/08/09/0559453c4af3d977823e42c1e91c45eb1.jpg,,,
7007710,5,굴소스 한 스푼 넣어주세요.,https://recipe1.ezmember.co.kr/cache/recipe/2023/08/09/1a2a5c03cd03377e22880a801138320e1.jpg,,,
7007710,6,올리고당 한 스푼을 넣어 주세요.,https://recipe1.ezmember.co.kr/cache/recipe/2023/08/09/c3f40c5e5c26b0537aee4fb45e7344261.jpg,,,
7007710,7,현미밥 위에 볶은 두부와 파를 올려주세요.,https://recipe1.ezmember.co.kr/cache/recipe/2023/08/09/5b8e7e724b1c70155223c410acea330a1.jpg,,,
7007710,8,계란 노른자를 가운데에 예쁘게 올려주세요,https://recipe1.ezmember.co.kr/cache/recipe/2023/08/09/4dd293e29f0ddcf7fadf58992b030dee1.jpg,,,
7007710,9,깨 둘러 주세요.,https://recipe1.ezmember.co.kr/cache/recipe/2023/08/09/73d58941408a1424ed6cb2eef02766b31.jpg,,,
7007710,10,들기름을 한 스푼을 둘러주면 완성이에요.,https://recipe1.ezmember.co.kr/cache/recipe/2023/08/09/f4825a1704f3322547ae07724a64f70a1.jpg,,,
6975337,1,홍고추 1개와 대파 1/2대는 잘게 다져준다,https://recipe1.ezmember.co.kr/cache/recipe/2022/03/02/f902485f801d24ffa4bbf3bdeb8573771.jpg?w=1000,,,
6975337,2,간장양념에 다진 대파와 홍고추를 넣고 섞어 양념장을 만들어 준다,https://recipe1.ezmember.co.kr/cache/recipe/2022/03/02/008af9fdabb44b7e54dc6327b73cb9d01.jpg?w=1000,,,
6975337,3,음식을 담을 그릇에 순두부를 올리고 먹기 좋은 두께로 썰어준다,https://recipe1.ezmember.co.kr/cache/recipe/2022/03/02/61ba2e21a30fc899fbc883124ecf3efd1.jpg?w=1000,,,
6975337,4,간장양념장을 위에 골고루 뿌려준다,https://recipe1.ezmember.co.kr/cache/recipe/2022/03/02/1004306df99bd034ea7c93562e104e3c1.jpg?w=1000,,,
6975337,5,랩을 싸서 전자렌지에 넣고 2~3분 가량 데워준다 전자레인지 꼭 찜용으로 안 먹어도 좋다 취향에 맞게 그냥 양념장 올려 먹어도 좋다,https://recipe1.ezmember.co.kr/cache/recipe/2022/03/02/c53b269735afce0aaa77c6b6acbfe2561.jpg?w=1000,,180,
7035098,1,먼저 무를 깨끗이 세척하고 껍질을 감자칼로 쓱쓱 깎아주었어요. 평소 깨끗하게 씻어 껍질 부분까지 그대로 사용하기도 하는데요. 오늘은 상처 입은 부분이 많아서 한번 깨끗하게 깎아주었어요. 껍질 가까운 부분에 비타민C 영양소가 많다고 하니 모두 활용해 드시는 거 추천드립니다. 감자칼,https://recipe1.ezmember.co.kr/cache/recipe/2024/09/23/56182518b0f68db09761889f7025b58d1.jpg,,,
7035098,2,"채칼을 사용해도 좋은데요. 직접 썰어주었어요. 3mm 정도의 폭으로 썰어낸 뒤 같은 폭으로 채 썰어 줍니다. 너무 얇게 썰어도 씹는 식감이 아쉽기 때문에 적당한 두께로 썰어주는 것을 추천드려요. 도마 , 조리용나이프",https://recipe1.ezmember.co.kr/cache/recipe/2024/09/23/d06f6384bd7a1819e62202e33d469fa91.jpg,,,
7035098,3,양념과 함께 무쳐낼 재료로 파도 잘게 썰어 준비해 주세요.,https://recipe1.ezmember.co.kr/cache/recipe/2024/09/23/3cd6ab2e1a864fa9d194e285e1fdd5e81.jpg,,,
7035098,4,"썬 무에 가장 먼저 고춧가루 3 큰 술을 먼저 넣고 조물조물 버무려줍니다. 믹싱볼 , 계량스푼",https://recipe1.ezmember.co.kr/cache/recipe/2024/09/23/d7cdbdc3b1c05b7fe0afd51cd5ef062e1.jpg,,,
7035098,5,썬 무에 가장 먼저 고춧가루 3 큰 술을 먼저 넣고 조물조물 버무려줍니다. 위생장갑,https://recipe1.ezmember.co.kr/cache/recipe/2024/09/23/05ca7b183b4143827654aad250cb260a1.jpg,,,
7035098,6,빨간 고춧가루 색을 입혀주어 보다 먹음직스럽게 만들어 줄 수 있어요.,https://recipe1.ezmember.co.kr/cache/recipe/2024/09/23/4511e1726d1c5fb5582072c1a4d8b4c11.jpg,,,
7035098,7,식초 3 큰 술 설탕 2.5 큰 술 까나리액젓 2 큰 술 다진마늘 1 큰 술 위 분량의 양념재료를 넣고 다시 한번 조물조물해줍니다. 액젓은 까나리액젓을 사용했는데 멸치 액젓으로 대신해도 좋고요. 감칠맛을 내주는 참치액과 반반 섞어 넣어주셔도 좋아요.,https://recipe1.ezmember.co.kr/cache/recipe/2024/09/23/4784b89676092a10d9a992a539a1bf781.jpg,,,
7035098,8,이대로만도 침 꼴깍 넘어가는 맛깔스러운 빨간 무김치가 완성된 모습이에요.,https://recipe1.ezmember.co.kr/cache/recipe/2024/09/23/43a2329a5bece909639db569003c55f61.jpg,,,
7035098,9,추가로 다진파와 소금 1 작은 술을 넣고 마지막으로 버무려줍니다.,https://recipe1.ezmember.co.kr/cache/recipe/2024/09/23/b2fe1289257379d76fa74785ac31f3371.jpg,,,
7035098,10,"소금으로 인해 무가 더욱 아삭해지며 간이 더 맛있게 배는데요. 맛을 보고 기호에 따라 간을 맞춰주도록 합니다. 또한 새콤달콤한 정도도 취향에 따라 식초와 설탕으로 맞춰주도록 해요. 제철이 시작되는지라 아삭하면서 수분이 확실히 다른 무를 맛볼 수 있어요. 남은 무 활용 요리로 이만한 메뉴가 없는 거 같아서 일 년 내내 자주 저희 집 식탁에 오르는 단골 반찬이랍니다. 바로 만들어 먹는 메뉴인지라 신선함이 다른 메뉴이고요. 새콤달콤한 맛으로 인해 입맛이 없을 때도 입맛 돋우는 반찬메뉴로도 최고랍니다. 다양한 메인메뉴와 어우러져 맛있게 먹을 수 있는 가을무로 맛있는 반찬 만들어 보시길 바랍니다. 반찬통 , 접시",https://recipe1.ezmember.co.kr/cache/recipe/2024/09/23/794eaba6032b04d64e26c5126e543f491.jpg,,,
7075761,1,머위나물을 손질해주세요 굵은대는 고구마순까듣이 까주고 연한건 그냥해도 됩니다,https://recipe1.ezmember.co.kr/cache/recipe/2026/05/06/c1984355bcbf4b81e94edd7023b2195e1.jpg?w=1000,,,
7075761,2,손질다한 머위는 깨끗이씻어 끓는물에소금2/1넣고 3~5분 정도 삶아 찬물에 여러번 헹궈. 쓴맛을빼주세요,https://recipe1.ezmember.co.kr/cache/recipe/2026/05/06/07e91aa0736c8ebc928eb9bd20e53b631.jpg?w=1000,,300,
7075761,3,물기를 꼭 짜서 먹기좋은 크기로 썰어주세요,https://recipe1.ezmember.co.kr/cache/recipe/2026/05/06/70d633c5a7e42bed53f4b18b533647d61.jpg?w=1000,,,
7075761,4,된장1.마늘2/1.들기름 .참치액젓 1 깨소금넣고 조물조물무처주세요 저는 담백하게 된장만 넣었어요 쌉싸름하면서 고소한 머위나물 무침완성입니다,https://recipe1.ezmember.co.kr/cache/recipe/2026/05/06/ff62fab1df23e1c5e6e56164dd6d90ed1.jpg?w=1000,,,
7074800,1,먼저 마른 팬을 약불로 충분히 예열한 뒤 밥새우를 넣고 기름 없이 천천히 볶아줍니다. 약불 이 과정을 통해 밥새우의 비린 향을 잡고 식감을 더욱 바삭하게 만들어줍니다.,https://recipe1.ezmember.co.kr/cache/recipe/2026/04/16/01da3d3209b9e0e8f6f878b4e9e340231.jpg,약불,,
7074800,2,밥새우가 비린향이 날아가고 고소한 향이 나면서 가볍게 노릇해지고 바삭한 느낌이 나기 시작하면 채에 올려 가루를 한번 걸러주십시오.,https://recipe1.ezmember.co.kr/cache/recipe/2026/04/16/23ff79880fc3550143d696e9666727fd1.jpg,,,
7074800,3,팬도 깨끗하게 다시 씻고 기름을 넣고 중약불에서 다진 마늘 반 큰술을 넣고 마늘향을 내주신 다음,https://recipe1.ezmember.co.kr/cache/recipe/2026/04/16/0e9126d75b1022cb27ed06e40b7b05351.jpg,약불,,
7074800,4,볶아둔 밥새우를 넣고 골고루 섞어가며 볶아줍니다.,https://recipe1.ezmember.co.kr/cache/recipe/2026/04/16/ec4c175d12248f3813967e36a27c33601.jpg,,,
7074800,5,간장을 넣어 전체에 은은하게 향이 배도록 빠르게 뒤집어줍니다. 이 간장은 이미 짭쪼름한 새우에 간이 아니라 향추가를 위해 넣는 것입니다.,https://recipe1.ezmember.co.kr/cache/recipe/2026/04/16/6fb181102b5c4d80d21448e34c9f9f961.jpg,,,
7074800,6,설탕을 두큰술 넣어주시고 설탕이 고루 녹아 코팅되도록 계속 저어줍니다.,https://recipe1.ezmember.co.kr/cache/recipe/2026/04/16/2eabfc195aa85cb41dd7062e6cb471c91.jpg,,,
7074800,7,마지막으로 올리고당을 넣어 윤기와 촉촉함을 살려주면 한층 먹음직스러운 상태가 됩니다. 불을 끈 뒤 통깨를 넉넉하게 넣어 마무리하면 고소한 풍미까지 완성됩니다.,https://recipe1.ezmember.co.kr/cache/recipe/2026/04/16/4a85206da43da1134805a89780227b261.jpg,,,
6894755,1,진미채 한줌을 먹기 좋게 잘라 주시구요. 촉촉한 오징어채를 위해 양념 만드는 동안만 뜨거운 물에 담궈 불려 줍니다.,https://recipe1.ezmember.co.kr/cache/recipe/2018/08/25/8e5bdb054e6d9e5a0a9d3034a15a677e1.jpg,,,
6894755,2,고추장1T+고추가루1T+간장1T+다진마늘1T+깨1T+참기름1T+올리고당2T+마요네즈0.5T+물2T를 넣고 잘 섞어 줍니다 T:성인 숟가락 기준/마요네즈를 넣으면 훨씬 부드러워져요,https://recipe1.ezmember.co.kr/cache/recipe/2018/08/25/f6914a82db733619d374e152fb18ed911.jpg,,,
6894755,3,오징어채는 물기를 짜지 마시고 그대로 체에 건져주시구요.그래야 촉촉한 오징어채가 되요,https://recipe1.ezmember.co.kr/cache/recipe/2018/08/25/363832b83800e83f2dea1b424f5e64831.jpg,,,
6894755,4,만들어 놓은 양념과 잘 섞어 줍니다.,https://recipe1.ezmember.co.kr/cache/recipe/2018/08/25/cd41ed8325711e564b9a6dedf5681f0d1.jpg,,,
6894755,5,양념이 잘 섞이면 비닐랩을 씌워주신 후 젓가락으로 구멍 2-3군데 내주시구요!전자레인지에 2분 돌려 주시면 끝! 전자레인지,https://recipe1.ezmember.co.kr/cache/recipe/2018/08/25/19fdae452b15f1e665f81cb656ad99881.jpg,,120,
6894755,6,만물상에 소개된 불 없이 5분만에 만든 오징어채 완성입니다! 한입 먹어보니 촉촉하면서도 매콤달콤하니 간이 딱 맞고 맛있어요!요리 초보자분들도 쉽게 만들수 있어서 좋아요!,https://recipe1.ezmember.co.kr/cache/recipe/2018/08/25/744aab81dbd15dc4d3709e58dd0c54e81.jpg,,300,
6990828,1,마늘은 편 썬다.,https://recipe1.ezmember.co.kr/cache/recipe/2022/11/01/7df97a156914fa4b1bd4f51b609457551.jpg?w=1000,,,
6990828,2,양파는 약 0.5cm 두께로 채 썬다.,https://recipe1.ezmember.co.kr/cache/recipe/2022/11/01/0d19b7e4a496f8c4d6150ab46ff233411.jpg?w=1000,,,
6990828,3,"달걀에 소금, 우유를 넣고 풀어준다. 체에 1~2번 걸러주면 더 부드러워요!",https://recipe1.ezmember.co.kr/cache/recipe/2022/11/01/e45cb478ded8ab0f6ae3d81a03459b161.jpg?w=1000,,,
6990828,4,"달군 팬에 버터를 녹이고 마늘, 양파를 볶는다. 팬",https://recipe1.ezmember.co.kr/cache/recipe/2022/11/01/c903d8c8136fbc165ee77f4297a229591.jpg?w=1000,,,
6990828,5,양파가 투명해지면 물을 붓는다.,https://recipe1.ezmember.co.kr/cache/recipe/2022/11/01/33fd24594bf0884c0077d781eb67a3a41.jpg?w=1000,,,
6990828,6,물이 끓어오르면 카레가루를 넣고 풀어준다.,https://recipe1.ezmember.co.kr/cache/recipe/2022/11/01/090671e34598cbf987aa4353aa4d6c431.jpg?w=1000,,,
6990828,7,카레가루가 잘 풀어지면 약불로 줄이고 달걀물을 동그랗게 붓는다.,https://recipe1.ezmember.co.kr/cache/recipe/2022/11/01/252181ca7f0debddbec5d46668472e041.jpg?w=1000,약불,,
6990828,8,약불 또는 여열에서 가볍게 섞어 완성한다. + 밥 위에 올리고 파슬리가루,https://recipe1.ezmember.co.kr/cache/recipe/2022/11/01/348149a5f9b5887e0d0ceae46f51fa151.jpg?w=1000,약불,,
7039774,1,떡국떡은 물에 10분 정도 불린다. 볼,https://recipe1.ezmember.co.kr/cache/recipe/2024/11/25/054b2106bfa54c6b1904d3eaad60a2011.jpg?w=1000,,600,
7039774,2,차돌박이를 준비한다.,https://recipe1.ezmember.co.kr/cache/recipe/2024/11/25/eb1e734371f01576b3cda7a1658249c61.jpg?w=1000,,,
7039774,3,"새송이버섯은 2~4등분으로 잘라 삼각형 모양으로 자른다. 도마 , 조리용나이프",https://recipe1.ezmember.co.kr/cache/recipe/2024/11/25/43fbfe6ec8be97c0dfe047af62ebb7ba1.jpg?w=1000,,,
7039774,4,대파는 어슷 썬다. 대파 손질법,https://recipe1.ezmember.co.kr/cache/recipe/2024/11/25/343feed76927652a4270c70babf148551.jpg?w=1000,,,
7039774,5,청양고추는 어슷 썬다.,https://recipe1.ezmember.co.kr/cache/recipe/2024/11/25/b5935d0d63a7e3af01cc57bce44f367f1.jpg?w=1000,,,
7039774,6,불린 떡국떡은 물기를 제거한다. 채반,https://recipe1.ezmember.co.kr/cache/recipe/2024/11/25/0c84ae1ef9def70ccb9c3fd8a84c78b91.jpg?w=1000,,,
7039774,7,"팬에 기름 없이 차돌박이를 센 불로 볶는다. 볶음팬 , 요리집게",https://recipe1.ezmember.co.kr/cache/recipe/2024/11/25/168db66a69a11df085e8839f4f61bf051.jpg?w=1000,,,
7039774,8,차돌박이가 절반 정도 익으면 차돌박이는 건져낸다.,https://recipe1.ezmember.co.kr/cache/recipe/2024/11/25/aef58bbca12f9c516beb7cd3b0e782241.jpg?w=1000,,,
7039774,9,"차돌박이 기름에 떡국떡, 야채를 넣고 중불로 볶는다. 조리용스푼",https://recipe1.ezmember.co.kr/cache/recipe/2024/11/25/c319167186e7416863446e312018f9651.jpg?w=1000,중불,,
7039774,10,"야채가 절반 익으면 새송이버섯, 진간장, 설탕, 굴소스를 넣고 센 불로 볶는다.",https://recipe1.ezmember.co.kr/cache/recipe/2024/11/25/52ff12f1b3b51a4455847d31f2b768551.jpg?w=1000,,,
7039774,11,모든 재료가 익으면 차돌박이를 넣고 센 불로 볶는다.,https://recipe1.ezmember.co.kr/cache/recipe/2024/11/25/10c3d8ed7556fbb4673fded941d12bdc1.jpg?w=1000,,,
6969794,1,양배추(大기준 )1/4통을 채썰어주세요. 식당 냉면그릇 기준 꽉 1그릇 기준입니다.,https://recipe1.ezmember.co.kr/cache/recipe/2021/11/15/e2685e60d846d53a661752d4747cb3221.jpg?w=1000,,,
6969794,2,후랑크 소시지를 썰어주세요.,https://recipe1.ezmember.co.kr/cache/recipe/2021/11/15/902c46e1ac2930fcfe39d7c9f5caaa651.jpg?w=1000,,,
6969794,3,"굴소스 1 숟가락, 진간장 2큰술, 설탕 1숟가락, 맛술 2큰술을 넣고 양념장을 만들어주세요.",https://recipe1.ezmember.co.kr/cache/recipe/2021/11/15/45cd097284bf7fe06747e6bdd7ca02241.jpg?w=1000,,,
6969794,4,달걀 3~4개를 풀어주세요.,https://recipe1.ezmember.co.kr/cache/recipe/2021/11/15/bd4939c873c7107925e172fb742456b51.jpg?w=1000,,,
6969794,5,대파도 썰어서 넣어주세요.,https://recipe1.ezmember.co.kr/cache/recipe/2021/11/15/c03eece1996ce14dab2fad3f6b8f92981.jpg?w=1000,,,
6969794,6,후춧가루 살짝만 톡톡톡 해주세요. 아이 밥이라면 후추 생략!,https://recipe1.ezmember.co.kr/cache/recipe/2021/11/15/20438d697de0e38ce7f24a095def16ad1.jpg?w=1000,,,
6969794,7,올리브유를 충분히 둘러준 뒤 중약불에서 양배추가 투명해 질때까지 볶아주세요. 너무 오래 볶으면 양배추의 아삭함이 사라져요.,https://recipe1.ezmember.co.kr/cache/recipe/2021/11/15/e64aa5ab76658bfd8abb42f35167d0a01.jpg?w=1000,약불,,
6969794,8,물기 촉촉 양배추 숨이 죽었을 때 양념장을 붓고 달달 볶아주세요.,https://recipe1.ezmember.co.kr/cache/recipe/2021/11/15/1f641d49f9f9988ad0e23fff86989a7a1.jpg?w=1000,,,
6969794,9,약불에서 달걀물을 빙빙 둘러주세요. 달걀을 오래 익히면 퍽퍽할 수 있음!,https://recipe1.ezmember.co.kr/cache/recipe/2021/11/15/6f6b4ba29ada0630ce163e6902a377cd1.jpg?w=1000,약불,,
6969794,10,참기름 톡~ 통깨 팍팍! 뜨거운 밥 위에 양배추볶음 듬뿍 올려 슥슥! 든든 한그릇요리 완성입니다.,https://recipe1.ezmember.co.kr/cache/recipe/2021/11/15/1c4a8f0044f692529b44db3454119a991.jpg?w=1000,,,
6952286,1,요리를 시작하기전에 먼저 냉동새우는 해동을 위해 한번씻어서 채에 받쳐두고 후추를 조금 뿌려줘요!,,,,
6952286,2,물 250ml(한컵)에 전분가루(전 감자전분썼어요!)녹말물도 먼저 만들어요!,,,,
6952286,3,팬에 식용유를 두르고 다진마늘 1큰술과 양파 1/2개를 볶아요!,https://recipe1.ezmember.co.kr/cache/recipe/2021/01/29/317f430cbb1f26154961bc088452c1e21.jpg?w=1000,,,
6952286,4,양파가 조금 흐물해졌다 싶을때 해동시킨 새우를 넣어요!,https://recipe1.ezmember.co.kr/cache/recipe/2021/01/29/9617050001e626c5982f803ea571938d1.jpg?w=1000,,,
6952286,5,새우가 맛있게 붉으스름해질때까지 볶아줘요,https://recipe1.ezmember.co.kr/cache/recipe/2021/01/29/cd6c2c0e2e4461021c415509f0d904701.jpg?w=1000,,,
6952286,6,새우가 어느정도 익어갈때쯤 씻어놓은 청경채를 넣어줘요!,https://recipe1.ezmember.co.kr/cache/recipe/2021/01/29/4d88d4f8276acc759e0fdd12b3b76f3f1.jpg?w=1000,,,
6952286,7,청경채에 숨이 죽을때까지 20초정도 볶아주다가,https://recipe1.ezmember.co.kr/cache/recipe/2021/01/29/1a5d19e7a692928ed44cb80fcd5e2bee1.jpg?w=1000,,20,
6952286,8,숨이 어느정도 죽으면 버섯과 굴소스 1T 간장1T를 넣고 휘리릭 볶아줍니다,https://recipe1.ezmember.co.kr/cache/recipe/2021/01/29/6981d4f9c4bd39e544667dfc26a8f11f1.jpg?w=1000,,,
6952286,9,준비했던 녹말물을 다시 잘 풀어주고 넣어주세요!,https://recipe1.ezmember.co.kr/cache/recipe/2021/01/29/e407538d30f1f8f2a47008bf5fad46b81.jpg?w=1000,,,
6952286,10,센불로 촤르르 볶은후 불을끄고 부추한줌과 참기름을 넣고 뒤적여주세요! 기호에따라 청양고추를 썰어주셔도 좋아요!,https://recipe1.ezmember.co.kr/cache/recipe/2021/01/29/0f75466f3f0b21b295e3e207e69d158e1.jpg?w=1000,강불,,
6952286,11,밥위에 부어주면 완성!,https://recipe1.ezmember.co.kr/cache/recipe/2021/01/29/02b3ed7ed6f594bb6ee77a467851e60e1.jpg?w=1000,,,
6918383,1,양파는 껍질을 벗겨 손질해 링 모양을 살려 썰어줍니다. 남은 양파도 다져서 넣을꺼예요. 양파 손질법 레시피,https://recipe1.ezmember.co.kr/cache/recipe/2019/08/29/947ac4fa06194101bed94d5acca759641.jpg?w=1000,,,
6918383,2,각종 자투리 채소들을 잘게 다져주세요. 편식하는 재료들을 꼭꼭 숨기기 좋아요.,https://recipe1.ezmember.co.kr/cache/recipe/2019/08/29/46e28cd57b704c8a6ff4c082b9816a0d1.jpg?w=1000,,,
6918383,3,단백질도 중요하니까 닭가슴살도 다져서 넣어주시구요~,https://recipe1.ezmember.co.kr/cache/recipe/2019/08/29/f67689b79fc34a1867aabf0ccb1eacaa1.jpg?w=1000,,,
6918383,4,"달걀 3개를 넣고, 소금으로 약간 간을 해줍니다. 잘 섞어 주세요~",https://recipe1.ezmember.co.kr/cache/recipe/2019/08/29/a186868124e7bd3965805358848f98aa1.jpg?w=1000,,,
6918383,5,기름 두른 팬에 링으로 썰어둔 양파를 올리고 숟가락으로 달걀물을 한수저씩 떠 넣어줍니다.,https://recipe1.ezmember.co.kr/cache/recipe/2019/08/29/53712d8cb9733233d6fceeaf6632406c1.jpg?w=1000,,,
6918383,6,뒤집을때는 뒤집개 두개를 이용해 살살 뒤집어 주세요.,https://recipe1.ezmember.co.kr/cache/recipe/2019/08/29/e14721692a752af696a7dd1975ffd6fa1.jpg?w=1000,,,
6918383,7,속까지 골고루 익혀주세요.,https://recipe1.ezmember.co.kr/cache/recipe/2019/08/29/55e83331734ddc61d3c99b905adf1d841.jpg?w=1000,,,
6948513,1,상단의 소스 재료로 소스를 만들어주세요~,https://recipe1.ezmember.co.kr/cache/recipe/2020/12/12/4cb578171db877e6d566fe45b11344b21.jpg?w=1000,,,
6948513,2,기름을 살짝 두른 뒤 베이컨을 구워 주세요. 베이컨 내에 기름기가있어서 두르지 않으셔도 되지만 저는 조금 둘러주었답니다!,https://recipe1.ezmember.co.kr/cache/recipe/2020/12/12/83fa2e47cd687599a508c4c58a6879a41.jpg?w=1000,,,
6948513,3,베이컨이 익어갈쯔음 양파를 넣고 볶아 주세요. 자신이 좋아하는 식감에 따라 익히는 정도를 다르게 해주세요~,https://recipe1.ezmember.co.kr/cache/recipe/2020/12/12/7078b25cfde33319b37ced898fa671841.jpg?w=1000,,,
6948513,4,양파가 중간쯤 익었을때 소스를 넣고 잘 섞어주세요.,https://recipe1.ezmember.co.kr/cache/recipe/2020/12/12/85be72e54a56788deb2d132ee874444a1.jpg?w=1000,,,
6948513,5,소스가 재료에 잘 스며들면 끄읕~,https://recipe1.ezmember.co.kr/cache/recipe/2020/12/12/7c579cb34875d6aba4d793198d30e93f1.jpg?w=1000,,,
6948513,6,밥위에 덮밥 소스를 부어주고 계란 노른자를 올려주면 맛있는 한끼 완성이랍니다^~^,https://recipe1.ezmember.co.kr/cache/recipe/2020/12/12/a5964a2fab75672ccc1e312ff2d4150d1.jpg?w=1000,,,
1802633,1,"떡뽁이떡, 베이컨을 준비합니다.",https://recipe1.ezmember.co.kr/cache/recipe/2015/09/30/ee0ace4d35d786c5834549a8f3bb97411.jpg,,,
1802633,2,떡볶이떡에 베이컨을 말아서 꼬치에 꽂아주세요.,https://recipe1.ezmember.co.kr/cache/recipe/2015/09/30/a63f6f52eb7481c43a214afe8c3952cc1.jpg,,,
1802633,3,"후라이팬에 올리브유를 두르고 소금, 후추를 가볍게 뿌린 후 약불에 천천히 노릇노릇 구워주세요.",https://recipe1.ezmember.co.kr/cache/recipe/2015/09/30/bf58ea82299f16abe5cf0b391d4b3a301.jpg,약불,,
1802633,4,완성입니다.,https://recipe1.ezmember.co.kr/cache/recipe/2015/09/30/28915b340aba37576953c3074f830d391.jpg,,,
6891606,1,부추는 적당한 크기로 썰고 달걀은 여러번 저어서 곱게 풀어 놓습니다,https://recipe1.ezmember.co.kr/cache/recipe/2018/06/27/2eb35792f527cd4c430197c0d61a07e41.jpg?w=1000,,,
6891606,2,팬에 식용유를 두르고 뜨거워지면 달걀을 붓고 젓가락으로 저으면서 익혀주세요,https://recipe1.ezmember.co.kr/cache/recipe/2018/06/27/3bbda757ef01366beb23284a77d9b6411.jpg,,,
6891606,3,부추와 굴소스를 넣고 볶아주세요,https://recipe1.ezmember.co.kr/cache/recipe/2018/06/27/62e41d0f1475f200e518030f6c23fe5c1.jpg,,,
6891606,4,달걀과 섞은후 불을 끄고 참기름을 넣고 저어준후,https://recipe1.ezmember.co.kr/cache/recipe/2018/06/27/c73302ca99881dc4866f02111f3d3fbb1.jpg?w=1000,,,
6891606,5,그릇에 밥 한공기를 담고 그위에 부추 달걀 볶음을 담아주세요.,https://recipe1.ezmember.co.kr/cache/recipe/2018/06/27/b589d3a4486b726f751857e814b535461.jpg,,,
7040553,1,"감자 큰거 2개, 양파 1/2개, 파 1/4개를 먹기좋게 잘라주세요. 도마 , 조리용나이프 감자 손질법",https://recipe1.ezmember.co.kr/cache/recipe/2024/12/14/acc87310bb87e9ab880a7805fd8f4d0f1.jpg,,,
7040553,2,"이제 양념을 만들어줄게요~! 고추장 2T 소스볼 , 숟가락",https://recipe1.ezmember.co.kr/cache/recipe/2024/12/14/6e285dd7208245267c45dc4b5d458b321.jpg,,,
7040553,3,고춧가루 1T,https://recipe1.ezmember.co.kr/cache/recipe/2024/12/14/c75270b05f7b42a76a9ae47b1b91a5ab1.jpg,,,
7040553,4,다진마늘 1T,https://recipe1.ezmember.co.kr/cache/recipe/2024/12/14/c94eb4b21dbf6671143a53c754c25c5e1.jpg,,,
7040553,5,맛술 1T,https://recipe1.ezmember.co.kr/cache/recipe/2024/12/14/dda1cbb296d5f670f60df00535ae25a41.jpg,,,
7040553,6,올리고당 2T,https://recipe1.ezmember.co.kr/cache/recipe/2024/12/14/da9f50a21620775ea0095a17ca52cd181.jpg,,,
7040553,7,간장 2T,https://recipe1.ezmember.co.kr/cache/recipe/2024/12/14/89b62d2e9c206e155fc660d3b658ecd61.jpg,,,
7040553,8,참지액젓 1T,https://recipe1.ezmember.co.kr/cache/recipe/2024/12/14/44ffd70ea560b0829b66e214763212b21.jpg,,,
7040553,9,들기름 1T을 넣고 섞어주시면 양념 완성~!,https://recipe1.ezmember.co.kr/cache/recipe/2024/12/14/7ea0dd2cd4a032d5da51c3aed72e13401.jpg,,,
7040553,10,"웍에 기름을 둘러주시고 양파와 감자를 넣고 달달 볶아주시다가 웍 , 조리용스푼",https://recipe1.ezmember.co.kr/cache/recipe/2024/12/14/faac4e3a0a6ec41efbbf001067cd45891.jpg,,,
7040553,11,거기에 물 400ml를 넣고,https://recipe1.ezmember.co.kr/cache/recipe/2024/12/14/6f9df9cf93fd586319a7dc9b010056651.jpg,,,
7040553,12,만들어 둔 양념을 넣고 끓여주시다가,https://recipe1.ezmember.co.kr/cache/recipe/2024/12/14/27e8c12d6af8fa386fc167ac51b462301.jpg,,,
7040553,13,파와 청양고추 조금 넣어 국물을 조리듯이 푹 끓여주시면~!,https://recipe1.ezmember.co.kr/cache/recipe/2024/12/14/a0c582efa2c43039d75f61c13d22fa841.jpg,,,
7040553,14,매콤달달하고 아주 맛있는 '매콤감자조림' 완성~!! 접시,https://recipe1.ezmember.co.kr/cache/recipe/2024/12/14/43c36d4ffb24899cc1b62d06477393e41.jpg,,,
6996297,1,고구마 1개 10~15분간 뚜껑을 닫고 찜기에 쪄주세요 (찬물에 처음부터 함께 쪄줍니다),https://recipe1.ezmember.co.kr/cache/recipe/2023/02/02/55065feec7d975e700f4c1f424c772871.jpg?w=1000,,900,
6996297,2,찐 고구마는 껍질을 벗겨내고 잘 으깨주세요,https://recipe1.ezmember.co.kr/cache/recipe/2023/02/02/fde615da0571e5ff230ee3720610b9941.jpg?w=1000,,,
6996297,3,"으깬 고구마에 설탕 1큰술, 전분가루 3큰술 넣고 반죽합니다 고구마 당도에 따라 설탕은 넣지 않으셔도 돼요",https://recipe1.ezmember.co.kr/cache/recipe/2023/02/02/29057c78c5d40cf9e27b9b459d82a22b1.jpg?w=1000,,,
6996297,4,고구마반죽 동글넓적하게 만들어 모짜렐라치즈 1큰술 정도 넣은 후 여며주세요 반죽이 너무 질퍽하다면 전분가루 1큰술 더 추가합니다,https://recipe1.ezmember.co.kr/cache/recipe/2023/02/02/d2d52215b0aaaea4da3951859d9548131.jpg?w=1000,,,
6996297,5,"예열된 팬에 기름을 두르고 앞, 뒤로 노릇노릇 하게 (중약불) 구워주면 완성입니다. 이대로 바로 드셔도 되지만 더 달달하게 드시고 싶다면!",https://recipe1.ezmember.co.kr/cache/recipe/2023/02/02/a16dde04c981ed220c7a16a5d86777541.jpg?w=1000,약불,,
6996297,6,"중불에서 예열한 팬에 식용유 3큰술, 설탕 4큰술을 넣은 후 잘 녹혀주세요",https://recipe1.ezmember.co.kr/cache/recipe/2023/02/02/e1872094b1de5f72df264ddb0826e3861.jpg?w=1000,중불,,
6996297,7,설탕이 완전히 녹으면 불을 끄고 고구마떡을 넣고 잘 버무려 줍니다 ﻿,https://recipe1.ezmember.co.kr/cache/recipe/2023/02/02/45d5192a1974d6c74b970f139f29e46a1.jpg?w=1000,,,
6996297,8,종이호일위에 올려 한 김 식혀주면 겉은 바삭바삭하고 속은 부드러운 고구마맛탕 완성입니다~,https://recipe1.ezmember.co.kr/cache/recipe/2023/02/02/f594cba48d5d0f9acb7d3ab8af7555401.jpg?w=1000,,,
6887226,1,양배추는 단단한 심지를 잘라내고 흐르는 물에 잘 씻어주세요,https://recipe1.ezmember.co.kr/cache/recipe/2018/04/13/3919fe59e7ab1df6744aa03317d6a72c1.jpg,,,
6887226,2,찜기에 쪄도 되지만 저는 간단하게 비닐봉지에 씻은 물기가 있는 양배추를 넣어 5분 돌려주었어요 말랑말랑하게 익으면 꺼내서 식혀주세요,https://recipe1.ezmember.co.kr/cache/recipe/2018/04/13/0c80fc753d4c5a6e5e39d26557db8b801.jpg,,300,
6887226,3,"양파, 애호박, 버섯, 쪽파는 잘게 썰어 준비하고 참치는 기름을 쪽 빼주세요",https://recipe1.ezmember.co.kr/cache/recipe/2018/04/13/50f80f8bfdd5ef12d5b658e22ba290581.jpg,,,
6887226,4,"팬에 기름을 살짝 두르고 양파, 애호박을 넣어 볶아주세요",https://recipe1.ezmember.co.kr/cache/recipe/2018/04/13/e307ba58847fffaa3316e4ca1403a8651.jpg,,,
6887226,5,양파가 투명해지면 버섯을 넣어 볶아주세요,https://recipe1.ezmember.co.kr/cache/recipe/2018/04/13/07af33ba4b4edc9569adb7516640873f1.jpg,,,
6887226,6,"야채들이 볶아지면 고추장, 된장, 다진마늘, 물을 넣어 끓여주세요",https://recipe1.ezmember.co.kr/cache/recipe/2018/04/13/68a815d3b32df290858a348a0855c6191.jpg,,,
6887226,7,일반 된장의 반 정도만 넣어도 충분히 깊은 맛이 우러나온답니다 1t넣습니다.,https://recipe1.ezmember.co.kr/cache/recipe/2018/04/13/9a3e8eb3442c11984304edd8b591635c1.jpg,,,
6887226,8,보글보글 끓어 어느 정도 졸여주세요,https://recipe1.ezmember.co.kr/cache/recipe/2018/04/13/a09b8b07bbdf74673ca6cc7985dddf861.jpg,,,
6887226,9,어느 정도 졸아들면 참치를 넣고 볶아주세요,https://recipe1.ezmember.co.kr/cache/recipe/2018/04/13/8d505d46dd3bdfc66a0770e71e836e211.jpg,,,
6887226,10,마지막으로 쪽파를 넣어 살짝만 버무리면 된장 참치 속(?) 완성입니다,https://recipe1.ezmember.co.kr/cache/recipe/2018/04/13/495e453016cd5472ac4ee34517c9b6dc1.jpg,,,
6887226,11,식은 양배추를 세로로 겹겹이 쌓아 넓게 펴주세요,https://recipe1.ezmember.co.kr/cache/recipe/2018/04/13/3d3412086f91a9751046814c2cd4740c1.jpg,,,
6887226,12,만들어 둔 참치 속을 듬뿍 넣어주세요,https://recipe1.ezmember.co.kr/cache/recipe/2018/04/13/b0d9a78770f1b273c6e177b51b65261f1.jpg,,,
6887226,13,끝에서부터 돌돌 조심히 말아주세요,https://recipe1.ezmember.co.kr/cache/recipe/2018/04/13/da06588ba13fd53789c3c0e30986f7841.jpg,,,
6887226,14,칼로 슥슥 잘라준 뒤 접시에 플레이팅해주면 됩니다,https://recipe1.ezmember.co.kr/cache/recipe/2018/04/13/df0b53c0adccef43b3169744e084c6de1.jpg,,,
6887226,15,영양소 골고루 갖춘 저칼로리 참치 양배추쌈 만들기 완성,https://recipe1.ezmember.co.kr/cache/recipe/2018/04/13/5f6ba05d224d139ebd71160a75697ca01.jpg,,,
6869017,1,"스팸200g짜리 반만 사용했어요^~^ 땡초두개,채썬양배추 두주먹,대파 10센티,양파 반개를 먹기좋게 썰어 주시구요~(애들은 땡초대신 파프리카 넣어도 맛있어요)",https://recipe1.ezmember.co.kr/cache/recipe/2017/04/26/62685f584780d689b73a396cec28040b1.jpg?w=1000,,,
6869017,2,후라이팬에 기름을 두르고 대파랑 마늘 반스푼 넣어서 볶아주세요~,https://recipe1.ezmember.co.kr/cache/recipe/2017/04/26/f31e0fb0e005efa06aeb011db45f1bf81.jpg?w=1000,,,
6869017,3,"그다음 스팸을 (100g)넣고 볶다가 양파반개,땡초두개넣어서 볶아 주시구요~",https://recipe1.ezmember.co.kr/cache/recipe/2017/04/26/0c034ad8494a0718ec1e522381642bb01.jpg?w=1000,,,
6869017,4,"양배추 넣어서 볶아주세요^~^이때 굴소스한스푼,간장두스푼,설탕반스푼,참기름한스푼,후추2번톡톡해서 볶아주시다가",https://recipe1.ezmember.co.kr/cache/recipe/2017/04/26/25942f1c110f243d330edf17c5ab40b01.jpg?w=1000,,,
6869017,5,물을 다섯스푼정도 넣고 볶아 주시면 완성입니다^~^,https://recipe1.ezmember.co.kr/cache/recipe/2017/04/26/cb13e8cef9bb57b23d5736f50799f2a51.jpg?w=1000,,,
6869017,6,제가 아침겸점심겸저녁으로 먼저 먹어봤는데 너무 맛있어서 우리가족님 저녁으로 해줬더니 잡채맛이 난다고 너무 맛있다고 한그릇 뚝딱 해주시네요ㅎㅎ 정말 강력추천합니다 김치하나랑 먹어도 엄지척이에요^~^♥,https://recipe1.ezmember.co.kr/cache/recipe/2017/04/26/8df5937b1d1616d3d45600ea7a68dfdb1.jpg?w=1000,,,
6834258,1,"마늘, 청양고추, 파는 다져 놓고",https://recipe1.ezmember.co.kr/cache/recipe/2015/09/14/cb397b98482ee339604bdba3975d19ea1.jpg,,,
6834258,2,그릇에 담고,https://recipe1.ezmember.co.kr/cache/recipe/2015/09/14/92513a9933add1b084e8ede7c95592ba1.jpg,,,
6834258,3,"간장 1~2스푼, 고춧가루 조금, 깨소금 조금 넣고",https://recipe1.ezmember.co.kr/cache/recipe/2015/09/14/02733b11b6028771e6c70b660ed2be5f1.jpg,,,
6834258,4,잘 섞어준 다음 마지막으로 참기름 넣고 섞어주면 양념장 끝.,https://recipe1.ezmember.co.kr/cache/recipe/2015/09/14/0d77e8a52360b23345336c896ad597341.jpg,,,
6834258,5,연두부 위에,https://recipe1.ezmember.co.kr/cache/recipe/2015/09/14/408e90edd8e9fb03100048088a54b0491.jpg,,,
6834258,6,솔솔 부어주면 연두부 양념장 만들기 완성.,https://recipe1.ezmember.co.kr/cache/recipe/2015/09/14/d48d46bd8a26091c4d4a68f007db90b51.jpg,,,
7004418,1,준비한 참나물 130g 깨끗하게 씻어주고 헤진부분은 손질해줘요 참나물 손질법 레시피,https://recipe1.ezmember.co.kr/cache/recipe/2023/06/20/9973d9e1e07c89d4fad6199ac37c14c81.jpg,,,
7004418,2,끓는물에 아주 살짝 20초 정도로 데쳐줍니다 데치고 꼬옥 짜주었어요,https://recipe1.ezmember.co.kr/cache/recipe/2023/06/20/b48fb1497cb38803cefe9613331ebb3d1.jpg,,20,
7004418,3,먹기좋게 칼질해줬어요,https://recipe1.ezmember.co.kr/cache/recipe/2023/06/20/22cc13e2d5c4b17385fe2d051dffd5a71.jpg,,,
7004418,4,"고추장 1/3스푼, 다진마늘 1/2스푼, 된장 1/2스푼, 참기름 두스푼, 깨조금 넣어줘요",https://recipe1.ezmember.co.kr/cache/recipe/2023/06/20/25d584194a0cc0dbf172d2221211f5731.jpg,,,
7004418,5,조물조물 무치면 완성ㅎㅎ,https://recipe1.ezmember.co.kr/cache/recipe/2023/06/20/84ef50d6337f6a6db1dee28c7bd3470e1.jpg,,,
7004418,6,반찬통에 꽉차지도 않을정도 많은양은 아니지만 두번정도 먹기엔 괜찮았고 된장에 무치니까 새롭게 맛있었네요,https://recipe1.ezmember.co.kr/cache/recipe/2023/06/20/463f7a4ecf41f443c82500f40351ec111.jpg,,,
6932918,1,"먼저 소스부터 만들어주세요. 설탕 2큰술, 맛술 2큰술, 매실액 1큰술, 올리고당 3큰술, 간장 3큰술, 다진마늘 1큰술, 물 3큰술을 넣고 잘 섞어주세요.",https://recipe1.ezmember.co.kr/cache/recipe/2020/05/18/11b3e468272b6f371d53f711ccd9d8951.png?w=1000,,,
6932918,2,프라이팬에 식용유 넉넉하게 두르고 치킨너겟을 넣고 노릇하게 튀겨주세요.,https://recipe1.ezmember.co.kr/cache/recipe/2020/05/18/c2c34d0381da09a50fd19eb2c549d03b1.png?w=1000,,,
6932918,3,중불로 달군 팬에 소스를 넣고 1분간 끓여주세요.,https://recipe1.ezmember.co.kr/cache/recipe/2020/05/18/00d1f6e3a2f6110aed3fdd8a2da765941.png?w=1000,중불,60,
6932918,4,소스가 끓으면 치킨너겟을 넣고 소스가 걸쭉해질때까지 볶아주면 완성입니다.,https://recipe1.ezmember.co.kr/cache/recipe/2020/05/18/4888b294a65dd337a2b7f085f14166711.png?w=1000,,,
6932918,5,조금 더 달콤한 맛을 원하신다면 꿀을 더 추가해주세요!,https://recipe1.ezmember.co.kr/cache/recipe/2020/05/18/b8a842eb47e3f048a3d204f1ea078aa41.png?w=1000,,,
6881099,1,팽이버섯은 밑둥을 잘라내고 씻어주시고 깻잎도 흐르는물에 씻어주세요 저는 깻잎이 커서 반으로 잘라서 사용! 작으면 1장을 통채로 쓰시면됩니다,https://recipe1.ezmember.co.kr/cache/recipe/2017/12/18/2d50563292f33e36af5e97d7a77c5c541.jpg,,,
6881099,2,차돌박이 위에깻잎을 올리고,https://recipe1.ezmember.co.kr/cache/recipe/2017/12/18/3777dc9f30d34604fcaad6754c2ecbea1.jpg,,,
6881099,3,그위에 팽이버섯을 올려준뒤,https://recipe1.ezmember.co.kr/cache/recipe/2017/12/18/934c09d9c92ed30bc4dc7a060fcad5601.jpg,,,
6881099,4,돌돌 말아주기만하면 완성이에요,https://recipe1.ezmember.co.kr/cache/recipe/2017/12/18/e783e548fe5774486813f634bbb4deba1.jpg,,,
6881099,5,만드는 방법 완전 간단하죠?,https://recipe1.ezmember.co.kr/cache/recipe/2017/12/18/38e8a30875dda2a3c02086a5fc55019a1.jpg,,,
6881099,6,냄비에 숙주나물을 한주먹 깔고,https://recipe1.ezmember.co.kr/cache/recipe/2017/12/18/5900ea4c3f67226dbb9a26e282cfce631.jpg,,,
6881099,7,차돌박이를 올려 10분간 쪄주면 끝 차돌박이 말린이음새 부분이 아래로 가게 두고 찌면 풀어지지않아요,https://recipe1.ezmember.co.kr/cache/recipe/2017/12/18/5a2355ce81a553cb88d4757f0d534c6b1.jpg,,600,
6881099,8,차돌박이찜이 완성되는 사이 소스를 만들어볼게요! 처음엔 된장이랑 마요네즈? 하실텐데 드셔보시면 고기랑 정말 잘어울리는 소스!,https://recipe1.ezmember.co.kr/cache/recipe/2017/12/18/472e3653c042ffcdc80de9c4d658aefa1.jpg,,,
6881099,9,분량의 재료들을 잘섞어주시면되구요 미소된장이 없으시다면 집된장 말고 시판된장 싱거운걸 사용하셔도 됩니다,https://recipe1.ezmember.co.kr/cache/recipe/2017/12/18/300febca4f01ab9f6b3d34b520d033481.jpg,,,
6881099,10,차돌박이 찜기에 넣고 소스만들면 그사이 차돌박이찜 완성입니다 금새 익기때문에 정말 초스피드로 완성할수있는 요리에요,https://recipe1.ezmember.co.kr/cache/recipe/2017/12/18/f95a06a40fdcd99d5d8c9be370ebf9c91.jpg,,,
6881099,11,예쁘게 그릇에 담아주면 끝!,https://recipe1.ezmember.co.kr/cache/recipe/2017/12/18/4f354c31dd6a06d50380e84c437b2f831.jpg,,,
6881099,12,된장마요소스에 콕 찍어먹으면 정말 맛있답니다 강력추천!,https://recipe1.ezmember.co.kr/cache/recipe/2017/12/18/94a56c0968c7d1921b0a9b2a3c722b681.jpg,,,
7071077,1,"양파는 소시지 크기에 맞춰 깍둑썰기해주시고, 대파는 송송 썰어 준비해 주세요. 먼저 진간장 1큰술, 올리고당 1.5큰술, 굴 소스 0.5큰술을 넣어주세요. 여기에 다진 마늘과 물을 넣고 잘 섞어 양념장을 만들어주세요. 간장은 처음부터 다 넣지 말고 1큰술만 사용해 주세요. 볶은 뒤 맛을 보고 마지막에 0.5큰술을 추가하면 짠맛 조절이 훨씬 쉬워요.",https://recipe1.ezmember.co.kr/cache/recipe/2026/02/05/57e59fce37a79a9522d5af04c478ea681.jpg,,,
7071077,2,"비엔나소시지에는 격자무늬나 문어 모양으로 칼집을 내주세요. 이렇게 하면 양념이 더 잘 배고, 볶았을 때 모양도 훨씬 예쁘게 살아나요. 끓는 물에 소시지를 한 번 가볍게 데쳐주면 불순물과 기름기가 제거돼서 훨씬 깔끔하고 담백한 맛을 낼 수 있어요.",https://recipe1.ezmember.co.kr/cache/recipe/2026/02/05/e7eb0e345e528eb3862de1b207a0df411.jpg,,,
7071077,3,팬에 식용유 2큰술을 두르고 중불에서 대파를 먼저 볶아주세요. 파 향이 솔솔 올라올 때까지 볶아 기본 풍미를 충분히 내주는 게 포인트예요. 파 향이 올라오면 소시지를 넣고 충분히 볶아주세요. 칼집이 자연스럽게 벌어질 때까지 볶아주시면 돼요.,https://recipe1.ezmember.co.kr/cache/recipe/2026/02/05/39507bbe71ddb53d7c76561f272c56fd1.jpg,중불,,
7071077,4,소시지가 어느 정도 볶아지면 양파를 넣고 함께 볶아주세요. 양파가 투명해질 때까지 1~2분 정도 볶아주면 딱 좋아요.,https://recipe1.ezmember.co.kr/cache/recipe/2026/02/05/c513145211fa1ae7d6f86000c59922301.jpg,,120,
7071077,5,불을 살짝 줄인 후 준비해둔 양념장을 넣어주세요. 센 불에서 빠르게 볶아주면서 양념이 소시지와 채소에 골고루 코팅되도록 해주세요. 국물이 거의 없어지고 윤기가 돌면 이때 맛을 보고 간이 부족하면 남은 간장 0.5큰술을 팬 가장자리에 둘러 볶아주세요.,https://recipe1.ezmember.co.kr/cache/recipe/2026/02/05/1cb90adacdaab234fece97652be5ccf11.jpg,,,
7071077,6,불을 끄고 통깨를 솔솔 뿌려 가볍게 섞어주면 비엔나소시지 볶음 완성이에요.,https://recipe1.ezmember.co.kr/cache/recipe/2026/02/05/fde5d0830223f239ee5828d5b4a88ca81.jpg,,,
7071077,7,"비엔나소시지 볶음은 특별한 재료 없이도 언제든지 만들 수 있는 고마운 집밥반찬이에요. 아이 반찬으로도 잘 어울리고, 어른들 밥반찬이나 간단한 술안주로도 좋아요. 한 번 만들어두면 활용도가 정말 높은 메뉴예요. 냉장고에 비엔나소시지가 있다면 오늘 반찬으로 꼭 한 번 만들어보세요.",https://recipe1.ezmember.co.kr/cache/recipe/2026/02/05/3137348a7a4ddc2a7d35ba4f411511b31.jpg,,,
7036904,1,"콩나물 400g 세척하여 준비하고, 우삼겹 300g 준비합니다 전자저울 , 트레이",https://recipe1.ezmember.co.kr/cache/recipe/2024/10/22/fecac5deab1773941b307424e16229641.png,,,
7036904,2,"가열된 팬에 우삼겹 300g 넣고 구워줍니다 프라이팬 , 요리집게",https://recipe1.ezmember.co.kr/cache/recipe/2024/10/22/c8df86f8479102eac0abbdecd23c92491.jpg?w=1000,,,
7036904,3,"우삼겹이 앞뒤로 익었을때, 콩나물 400g 넣어줍니다",https://recipe1.ezmember.co.kr/cache/recipe/2024/10/22/14c7328700fe2d0db5e8f4c47cb8f29c1.jpg?w=1000,,,
7036904,4,"양념을 콩나물 위에 올려줍니다 (양념은 미리 섞어서 준비합니다_ 고추장 4T, 진간장 3T, 맛술 3T, 설탕 3T, 간마늘 3T, 다시다 1T, 후추 2꼬집 )",https://recipe1.ezmember.co.kr/cache/recipe/2024/10/22/1b4d4bd265680c447aaa09707676a7731.jpg?w=1000,,,
7036904,5,"우삼겹, 콩나물이 양념과 잘 섞이도록 뒤집어 주면서 조려 줍니다 조리주걱 대파, 양파, 청양고추 등 필요시 추가하시면 됩니다",https://recipe1.ezmember.co.kr/cache/recipe/2024/10/22/fa977e62ff5803e8f180dde539bcff591.jpg?w=1000,,,
7036904,6,우삼겹 콩나물 불고기 완성입니다,https://recipe1.ezmember.co.kr/cache/recipe/2024/10/22/80ffc2fed94fc5ba7fe1eff4b3bd66b41.jpg?w=1000,,,
7014762,1,소고기미역국을 소개합니다.,https://recipe1.ezmember.co.kr/cache/recipe/2023/12/01/8e4768a7862d5e72b013aa2351e3ec361.jpg?w=1000,,,
7014762,2,"한우 국거리용을 참기름을 넣어서 한번 달달달 볶아주세요. 냄비 , 요리스푼",https://recipe1.ezmember.co.kr/cache/recipe/2023/12/01/127de73dba517c5f6f1bef8429f7f0691.jpg?w=1000,,,
7014762,3,"미역은 30분정도 물에 담궈둔후 깨끗하게 여러번 헹구어 물기를 빼주세요. 믹싱볼 , 채반",https://recipe1.ezmember.co.kr/cache/recipe/2023/12/01/3ff4ba188985401b5d664516ebce20d61.jpg?w=1000,,1800,
7014762,4,국간장을 미리 넣어서 함께 볶아주면 풍미가 더 좋답니다. 불려놓은 미역을 소고기와 함께 볶아주세요.,https://recipe1.ezmember.co.kr/cache/recipe/2023/12/01/77e0476ce0c38ffac6c23c0ed9d13f581.jpg?w=1000,,,
7014762,5,물을 넉넉하게 부어준후 오래도록 끓여주세요.,https://recipe1.ezmember.co.kr/cache/recipe/2023/12/01/1bb7c3798cbfde31ee71dc6990df85631.jpg?w=1000,,,
7014762,6,부족하기 쉬운 간을 소금으로 맞춰주세요.,https://recipe1.ezmember.co.kr/cache/recipe/2023/12/01/dd53956f5c77ce4f86a209b2b50239061.jpg?w=1000,,,
7014762,7,소고기미역국이 완성이 되었습니다.,https://recipe1.ezmember.co.kr/cache/recipe/2023/12/01/d484c8765970c569a15828d68ec6c3861.jpg?w=1000,,,
6869489,1,느타리버섯은 길게 찢어주시고 양파는 채썰어주세요 느타리버섯대신 새송이버섯이나 다른버섯을 사용하셔도 좋아요,https://recipe1.ezmember.co.kr/cache/recipe/2017/05/08/fb5292f965e33c55bd27a643c31601cc1.jpg,,,
6869489,2,양념장재료를 섞어 양념장을 만들어주세요,https://recipe1.ezmember.co.kr/cache/recipe/2017/05/08/abbc87965a2f29a3d29ca6b43c0ef6151.jpg,,,
6869489,3,달군팬에 대파를 넣어주세요,https://recipe1.ezmember.co.kr/cache/recipe/2017/05/08/a5f6a604262637dcdeb5649a5d8745d31.jpg,,,
6869489,4,양파를 넣고 센불로 20초정도 볶아주세요,https://recipe1.ezmember.co.kr/cache/recipe/2017/05/08/bf0ca8258bfe3026d28d97276444e2e51.jpg,강불,20,
6869489,5,버섯을 넣어 1분간 더 볶아주시다가 중간불로 줄여 양념장을 넣어 볶아주세요 더 맵게 드시고 싶은 분들은 여기에 청양고추를 더 넣어주시며 되세요,https://recipe1.ezmember.co.kr/cache/recipe/2017/05/08/c5864fcab762e4c17acb7f68bb4197391.jpg,,60,
6869489,6,양념장재료가 스며들도록 30초정도 볶아주신후에 그릇에 밥을 담고 밥위에 올려주신후에 참깨를 솔솔 뿌려 주세요,https://recipe1.ezmember.co.kr/cache/recipe/2017/05/08/a6f19d63f244236fbf68a49161c3e3001.jpg,,30,
6969724,1,"감자를 적당한 사이즈로 자른뒤 끓여주세요. (감자를 으깨서 감자떡 만들기 위한 작업) 시간이 없으실경우, 그릇에 감자 자른거 넣고 랩으로 둘러싼뒤(소량의 물넣고) 전자렌지 5~7분정도 돌려주시면 돼요.",https://recipe1.ezmember.co.kr/cache/recipe/2021/11/26/7e1bb85f87f782f937e117c48f98c8371.jpg,,420,
6969724,2,익은 감자를 으깬뒤 전분&우유(혹은 식용유를 넣어도 됨.) 를 넣어 먹기좋은 사이즈 만들어주셔요.,https://recipe1.ezmember.co.kr/cache/recipe/2021/11/26/b27b8b21002f983b3b9f418d1124c4451.jpg,,,
6969724,3,후라이팬에 식용유를 두른뒤 감자떡 양면을 구워주세요.,https://recipe1.ezmember.co.kr/cache/recipe/2021/11/26/17820a264bdd9ae9f357beb1341312241.jpg,,,
6969724,4,"감자 양면 익었으면 간장,설탕,미림을 1:1:1 비율로 해서 졸여주세요.(감자 따로 빼지 마시고 후라이팬에 둔 상태에서 양념 들이부어 졸이면 됩니다.)",https://recipe1.ezmember.co.kr/cache/recipe/2021/11/26/78372ad3f65a5b798b50e59646b492e21.jpg,,,
6969724,5,소스가 졸아들면 이모모찌(감자떡) 완성 !!! * 그대로 드셔도 맛있지만 버터 한조각 잘라서 넣어 먹음 더 맛있어요. 홋카이도에서는 밥 반찬으로도 먹지만 보통 회전초밥집 가면 사이드디쉬로 많이들 먹어요(*´-`),https://recipe1.ezmember.co.kr/cache/recipe/2021/11/26/ad09b80bb016fc7142c00a5539bd61bb1.jpg,,,
6868389,1,"[치킨너겟 노릇하게 튀기기] 프라이팬에 치킨너겟이 절반 정도 잠길정도의 식용유를 두르고 로 한 면씩 뒤집어 가며 튀겨주세요. 제 기준으로 5분씩 총 10분 튀겨주었어요. 치킨너겟 20개, 식용유 약불 냉동상태의 너겟을 바로 튀기면 기름이 튀어요.미리 자연해동시켜주시거나 프라이팬 뚜껑을 살짝 닫아서 기름 튐을 방지해주세요!",https://recipe1.ezmember.co.kr/cache/recipe/2017/04/13/b7892e48bfd16b5863fc40d7c0bb8fe21.jpg,약불,300,
6868389,2,[기름기 제거] 튀겨진 너겟은 키친타월에 올려서 표면 기름을 제거해주세요. 키친타월 기름기를 제거해야 느끼함이 덜하겠지요.,https://recipe1.ezmember.co.kr/cache/recipe/2017/04/13/a6942889b888b6eba7b517fa895c60f61.jpg,,,
6868389,3,"[간장치킨 소스 만들기] 작은 볼에 진간장 3 스푼, 설탕 2스푼, 올리고당 3 스푼, 다진 마늘 1 스푼, 매실액 1 스푼, 맛술 2 스푼, 물 3스푼을 넣고 섞어주세요. 진간장 3 스푼, 설탕 2스푼, 올리고당 3 스푼, 다진 마늘 1 스푼, 매실액 1 스푼, 맛술 2 스푼, 물 3스푼 작은 볼 혹은 너겟 튀겼던 프라이팬 설거지 거리 줄이시려면 조금 전 너겟 튀겼던 프라이팬의 식용유를 버리고 소스 만들어주세요.",https://recipe1.ezmember.co.kr/cache/recipe/2017/04/13/7b46d69c7c2f078a09d1e59d4fa260431.jpg,,,
6868389,4,"[간장소스에 버무리기] 움푹 팬 프라이팬에 소스를 넣고 로 가열해 주세요. 몇 초 후 끓기 시작하면 로 내린 후, 치킨너겟을 모두 넣고, 주걱으로 버무려 주세요. 강불로 시작해서 소스가 끓으면 중불 너겟은 소스를 순식간에 흡수시키니 빠르게 버무려 주세요.",https://recipe1.ezmember.co.kr/cache/recipe/2017/04/13/354f9adf34a2ed3317e35abbe491588b1.jpg,중불,,
6868389,5,[취향에 따라 견과류 추가] 소스가 거의 없어졌을 때 먹기 좋게 부셔놓은 견과류를 넣어주시고 에서 30초 정도만 버무려 주세요. 견과류 한 줌 중불 견과류를 넣으시면 고소하고 오독한 식감이 추가되니 추천 드려요.,https://recipe1.ezmember.co.kr/cache/recipe/2017/04/13/9595c8afe2bbb59f6ffecc92815574471.jpg,중불,30,
6885805,1,"머그컵에 초콜렛 2스푼, 설탕 3스푼, 오일 2스푼을 넣고 섞어주세요~",https://recipe1.ezmember.co.kr/cache/recipe/2018/03/20/99886fd0372c4ce34cd6f8fb723c10641.jpg,,,
6885805,2,전자렌지에 30초씩 2번 돌려서 녹여주세요 (한번에 돌리면 초코가 타니까 30초씩해서 총 1분) 전자레인지,https://recipe1.ezmember.co.kr/cache/recipe/2018/03/20/bc256029aa9b23f2e378b142572382f71.jpg,,90,
6885805,3,녹인 초코에 계란 한 알을 넣고 섞어주세요,https://recipe1.ezmember.co.kr/cache/recipe/2018/03/20/4714ac33b3bbe9ebae9c4a07cf07c3da1.jpg,,,
6885805,4,"밀가루 한스푼 넣어주세요 (체에 치면 좋음, 귀찮으면 숟가락으로 잘 섞으면 돼욤)",https://recipe1.ezmember.co.kr/cache/recipe/2018/03/20/9b61ded55041e8f1ff95392749c944301.jpg,,,
6885805,5,코코아 가루나 핫초코 가루 2스푼 넣고 잘 섞어주세요,https://recipe1.ezmember.co.kr/cache/recipe/2018/03/20/1f2eec2e3c663478b135051700691d9a1.jpg,,,
6885805,6,"전자렌지에 40초를 머그컵채로 돌려주면 끝!!! (초코가 흐르는게 좋다면 30~40초만, 빵처럼 뽀송뽀송을 원하면 10초정도 더 돌려주세요)",https://recipe1.ezmember.co.kr/cache/recipe/2018/03/20/d573605063cccd617a8a7d80e6d4ac401.jpg,,40,
6965981,1,당면은 미리 물에 30분간 불려두고 나머지 재료들을 준비해주세요,https://recipe1.ezmember.co.kr/cache/recipe/2021/09/29/fed7ea5497767211d5a4dfaa66d5dd1b1.jpg,,1800,
6965981,2,물에 30분간 불려둔 당면은 끓는물에 2분간 삶아주세요 그리고 찬물에 씻지말고 그대로 물만 제거해주세요,https://recipe1.ezmember.co.kr/cache/recipe/2021/09/29/6ee8c59319b83fbbd8423daaf0d6b5ea1.jpg,,1800,
6965981,3,가위로 잘게 잘라주세요,https://recipe1.ezmember.co.kr/cache/recipe/2021/09/29/a1dcb09a554f65583f3f0dc4a26762311.jpg,,,
6965981,4,"양파, 당근, 청양고추, 쪽파를 다져서 넣어주고 계란 3개도 풀어주세요 간장1, 설탕1, 참기름0.5도 넣어주세요",https://recipe1.ezmember.co.kr/cache/recipe/2021/09/29/f83b6452a1b518387cc1169895cfb1641.jpg,,,
6965981,5,잘 섞어줍니다,https://recipe1.ezmember.co.kr/cache/recipe/2021/09/29/fcb4452d14fc78232737b1fdaed7bed41.jpg,,,
6965981,6,후라이팬에 기름을 두른 후 동그랗게 올려주세요 이때 두껍게 하면 터지더라구요 얇게 펴주세요 약불,https://recipe1.ezmember.co.kr/cache/recipe/2021/09/29/23772e403da23b143d708770bd24b54c1.jpg,약불,,
6965981,7,반으로 접어 주세요 그리고 양쪽 다 노릇노릇 구워주세요,https://recipe1.ezmember.co.kr/cache/recipe/2021/09/29/b4cf1c220e3dabbd6750dd0b75d9690e1.jpg,,,
6965981,8,맛잇게 구워주세요!,https://recipe1.ezmember.co.kr/cache/recipe/2021/09/29/df3c54d0d9aa8852e3565d49042de6711.jpg,,,
6965981,9,완성! 케찹 찍어먹으면 꿀맛입니다 칠리소스도 좋아요!,https://recipe1.ezmember.co.kr/cache/recipe/2021/09/29/7bb45a72b88116cb2693a9fccd1a1a171.jpg,,,
6939980,1,느타리버섯은 손질 후 먹기 좋은 크기로 가닥을 떼어주세요. 양파는 채 썰고 애호박은 반달로 썰어주세요. 대파와 고추도 썰어 준비해 주었어요. 버섯 손질법 레시피,https://recipe1.ezmember.co.kr/cache/recipe/2020/08/24/a2ed987679a63b3a0b5cd90ef23555021.jpg,,,
6939980,2,"고추장 1T, 고춧가루 1T, 간장 3T, 설탕 1.5T, 다진 마늘 1스푼, 참기름 1스푼을 넣고 섞어주세요.",https://recipe1.ezmember.co.kr/cache/recipe/2020/08/24/4979106007f42c4fc8edb2a15a50853c1.jpg,,,
6939980,3,느타리버섯과 채소들을 한곳에 넣고 양념장이 골고루 묻도록 조물조물 버무려주세요. 버무리다 보면 채소에서 물이 나와 잘 버무려진답니다.,https://recipe1.ezmember.co.kr/cache/recipe/2020/08/24/d8181ebf1ab6e940c79c3c0cca98104f1.jpg,,,
6939980,4,식용유를 살짝 두른 팬에 모든 재료를 넣어주세요.,https://recipe1.ezmember.co.kr/cache/recipe/2020/08/24/692dac435cd435b405badb6029fb9fee1.jpg,,,
6939980,5,양념한 채소들이 잘 익을 때까지 볶아주시면 돼요. 여기에 불린 당면을 넣고 볶아주셔도 좋답니다.,https://recipe1.ezmember.co.kr/cache/recipe/2020/08/24/71038c3ce589ae6f89ca9438f9559da01.jpg,,,
6939980,6,마지막으로 통깨를 뿌려주면 매콤한 느타리 두루치기가 최종 완성이 돼요.,https://recipe1.ezmember.co.kr/cache/recipe/2020/08/24/04904a13e09e28a4c49a300f6c216a641.jpg,,,
7037835,1,"소시지는 칼집을 넣어주고 마늘은 편을 썰고 파프리카, 양파는 네모나게 자르고 청경채도 잎 부분과 줄기 부분으로 나눠서 자르고 대파는 숭덩숭덩 썰어줍니다. 소시지 135g, 마늘 10알, 피망 2개, 청경채 2뿌리, 양파 1/2개, 대파 1/2대(흰 부분)) 도마 , 조리용나이프 파프리카 손질법",https://recipe1.ezmember.co.kr/cache/recipe/2024/11/04/0998acc2a88fa70a71930718f3dfeb0d1.jpg?w=1000,,,
7037835,2,"달궈진 팬에 기름을 두르고 마늘을 노릇노릇하게 볶은 다음 대파를 넣어주세요. 볶음팬 , 요리스푼 약불",https://recipe1.ezmember.co.kr/cache/recipe/2024/11/04/7a2116916562312d6dc479a5295eeb331.jpg?w=1000,약불,,
7037835,3,대파를 살짝 볶은 다음 소시지를 넣고 볶아요. 중불,https://recipe1.ezmember.co.kr/cache/recipe/2024/11/04/49d630ba19a253feb18990433221717e1.jpg?w=1000,중불,,
7037835,4,"소시지가 입을 벌리면 파프리카, 양파, 쳥경채 순으로 볶아주세요. 센불",https://recipe1.ezmember.co.kr/cache/recipe/2024/11/04/d21aa20c957c239b171e223055d90cd51.jpg?w=1000,강불,,
7037835,5,"청경채가 숨이 죽었으면 후추, 굴소스를 넣고 골고루 버무려주세요. 후추 약간, 굴소스 1스푼 중불",https://recipe1.ezmember.co.kr/cache/recipe/2024/11/04/3cf6666c929f48d3ca42f070bb4b8b481.jpg?w=1000,중불,,
7037835,6,참기름을 넣고 버무리고 불을 끕니다. 참기름 1스푼,https://recipe1.ezmember.co.kr/cache/recipe/2024/11/04/5489d23cdd46f95f58abe0af71bf57981.jpg?w=1000,,,
7037835,7,"소금으로 간을 하고 통깨를 뿌리면 아이들이 좋아하는 소시지 채소 볶음 완성입니다. 소금 1~2꼬집, 통깨 1/2스푼 접시",https://recipe1.ezmember.co.kr/cache/recipe/2024/11/04/554333c0dd98a5c1cc650683c6e0a49d1.jpg?w=1000,,,
7010409,1,"양파를 채 썰어주세요. 도마 , 조리용나이프",https://recipe1.ezmember.co.kr/cache/recipe/2023/09/24/358ce57940a087759064f28263a386fa1.jpg?w=1000,,,
7010409,2,"팬에 대패삼겹살을 바싹 익혀주세요. 프라이팬 , 요리스푼",https://recipe1.ezmember.co.kr/cache/recipe/2023/09/24/4444e77e4146a26138edde2681903b4c1.jpg?w=1000,,,
7010409,3,대패삼겹살을 한쪽에 빼두고 남은 기름에 양파를 볶아주세요. 양파가 흐물해지고 색이 갈색빛이 될때까지 볶아주세요.,https://recipe1.ezmember.co.kr/cache/recipe/2023/09/24/8e8037b07e72d70a858f946d6a519bd51.jpg?w=1000,,,
7010409,4,키친타올로 기름을 닦고나서 우유를 부어주세요. 우유 300ml 키친타올,https://recipe1.ezmember.co.kr/cache/recipe/2023/09/24/deffe336242f5b3d8836de6ff03b6f2b1.jpg?w=1000,,,
7010409,5,강불로 끓여주세요.,https://recipe1.ezmember.co.kr/cache/recipe/2023/09/24/2f438fe1a31e9d3e44a3784699b3ce391.jpg?w=1000,강불,,
7010409,6,끓어오르면 고체카레를 넣고 바닥에 늘러 붙지않게 저어주세요.,https://recipe1.ezmember.co.kr/cache/recipe/2023/09/24/bea2fbb3ab321a6f9c8a2dc74b7ffe371.jpg?w=1000,,,
7010409,7,우동면을 넣고 우동면이 풀어지게 젓가락으로 살살 건들여가면서 저어주세요. 우동면을 삶아서 넣어도 상관없어요.,https://recipe1.ezmember.co.kr/cache/recipe/2023/09/24/f601eb4a8c8d98be3efdd10a61f9ac711.jpg?w=1000,,,
7010409,8,우동면과 양념이 잘 베어들면 불을 꺼주세요.,https://recipe1.ezmember.co.kr/cache/recipe/2023/09/24/65d51b5067bc934a61db24650fa3b0e61.jpg?w=1000,,,
7010409,9,접시에 우동을 담아주고 위에 고명으로 대패삼겹살을 올려주면 완성입니다.,https://recipe1.ezmember.co.kr/cache/recipe/2023/09/24/cf8f451e2b9bb43638706a782ca7c0e21.jpg?w=1000,,,
6886034,1,감자 3개를 깍둑썰기 해주세요. 감자 3개 물에 삶아주기 이전에 익히는 시간을 단축하기 위해서 잘라주세요.,https://recipe1.ezmember.co.kr/cache/recipe/2018/03/23/7588dda56db5d390330d1e58374b6fab1.jpg?w=1000,,,
6886034,2,냄비에 물을 넣고 가스렌지에 올려주세요. 물 냄비 센불,https://recipe1.ezmember.co.kr/cache/recipe/2018/03/23/718ff1a65a47ea7eb32cf34e50ec676b1.jpg?w=1000,강불,,
6886034,3,물이 팔팔 끓으면,https://recipe1.ezmember.co.kr/cache/recipe/2018/03/23/88d3309ee64f9d8e71b90783ec0c8fdd1.jpg?w=1000,,,
6886034,4,감자를 넣어주세요.,https://recipe1.ezmember.co.kr/cache/recipe/2018/03/23/1caae022399aaa9506b82d359bd04aaa1.jpg?w=1000,,,
6886034,5,"그 사이 소스를 만들어 줄게요. 간장 1스푼,",https://recipe1.ezmember.co.kr/cache/recipe/2018/03/23/0f75bcac9c5f125f5e0ae819c0666a211.jpg?w=1000,,,
6886034,6,"올리고당 1스푼,",https://recipe1.ezmember.co.kr/cache/recipe/2018/03/23/76d31d62745b116d8c9b9a14e6eada131.jpg?w=1000,,,
6886034,7,"맛술 1스푼,",https://recipe1.ezmember.co.kr/cache/recipe/2018/03/23/60a5fc318d97b563b534277ae68ef6581.jpg?w=1000,,,
6886034,8,물 1스푼을 넣고,https://recipe1.ezmember.co.kr/cache/recipe/2018/03/23/370624462485ad0b82480918adde4ab61.jpg?w=1000,,,
6886034,9,잘 섞어주세요.,https://recipe1.ezmember.co.kr/cache/recipe/2018/03/23/c5bf7b2275dfdd6f8c6254b2680c25dc1.jpg?w=1000,,,
6886034,10,감자를 젓가락으로 찔렀을 때 푹 들어가면 다 익은거랍니다.,https://recipe1.ezmember.co.kr/cache/recipe/2018/03/23/3945875e551a6523ec384c4520c954fa1.jpg?w=1000,,,
6886034,11,다 익은 감자는 체에 받쳐 물기를 빼주시고,https://recipe1.ezmember.co.kr/cache/recipe/2018/03/23/3ac9a640b64b41c209d0a5dfce8616d61.jpg?w=1000,,,
6886034,12,보울에 넣어 매셔로 으깨주세요. 매셔 매셔가 없으시면 그냥 포크로 으깨주셔도 돼요.,https://recipe1.ezmember.co.kr/cache/recipe/2018/03/23/51862a4394984267bddb71f1de66f5b61.jpg?w=1000,,,
6886034,13,알갱이 없이 충분히 으깨주셨으면 감자전분 2스푼을 넣고,https://recipe1.ezmember.co.kr/cache/recipe/2018/03/23/8e6454d8d48d8597480c9e82f5ba556c1.jpg?w=1000,,,
6886034,14,손으로 잘 뭉쳐주세요.,https://recipe1.ezmember.co.kr/cache/recipe/2018/03/23/99195f01123477145265a3df1dc051671.jpg?w=1000,,,
6886034,15,중간에 소금 1꼬집을 넣어주세요.,https://recipe1.ezmember.co.kr/cache/recipe/2018/03/23/9a6004645e35d31efebbc00e18042a331.jpg?w=1000,,,
6886034,16,다시 잘 뭉쳐주세요. 감자전과 감자떡의 중간 질감이면 반죽 완성입니다.,https://recipe1.ezmember.co.kr/cache/recipe/2018/03/23/3c801304588eaf4e11d7318c23586f861.jpg?w=1000,,,
6886034,17,"적당량을 똑 떼서 동글동글 모양을 잡아주시고 납작하게 눌러주세요. 저는 그냥 이모모찌랑 치즈 이모모찌 두 종류로 만들어 봤는데요,",https://recipe1.ezmember.co.kr/cache/recipe/2018/03/23/70c0781932ba1db1c810ada58ac5adcb1.jpg?w=1000,,,
6886034,18,치즈 이모모찌는 송편 만들때처럼 가운데 홈을 만들어서 그 안에 치즈를 넣어주세요. 치즈가 밖으로 나오지 않게 잘 뭉쳐서 눌러주세요.,https://recipe1.ezmember.co.kr/cache/recipe/2018/03/23/332940cb4df71324eca03fb7f58b8ba71.jpg?w=1000,,,
6886034,19,이렇게 저는 총 9개가 나왔어요.,https://recipe1.ezmember.co.kr/cache/recipe/2018/03/23/798fd975e5bcb4403ffc90a1f8beecae1.jpg?w=1000,,,
6886034,20,후라이팬에 버터 1스푼을 넣고 녹여주세요. 버터 후라이팬 약불,https://recipe1.ezmember.co.kr/cache/recipe/2018/03/23/6e7e5d8b06bfb4434d9db718df2f69731.jpg?w=1000,약불,,
6886034,21,버터가 어느 정도 녹았으면 반죽을 올려주세요.,https://recipe1.ezmember.co.kr/cache/recipe/2018/03/23/ce62f9d29dece4872d3c8985e1da4bff1.jpg?w=1000,,,
6886034,22,양면을 노릇하게 구워주시고,https://recipe1.ezmember.co.kr/cache/recipe/2018/03/23/cb7f202543f866ccfff159dea122b6111.jpg?w=1000,,,
6886034,23,미리 만들어둔 소스를 후라이팬에 부어주세요.,https://recipe1.ezmember.co.kr/cache/recipe/2018/03/23/906ec509cd0450821a32cf9ad8be33121.jpg?w=1000,,,
6886034,24,소스가 적당히 졸어들면 완성입니당,https://recipe1.ezmember.co.kr/cache/recipe/2018/03/23/443284eac7ae7b1a2894e2bcff7ae2d11.jpg?w=1000,,,
7006926,1,알배추는 적당한 크기로 썰은 후 깨끗하게 씻어요 씻은 알배추 전자레인지 전용용기에 담아 3~4분 익혀주세요,https://recipe1.ezmember.co.kr/cache/recipe/2023/07/28/87432b4fbdca77cc1c2556fa6284b2de1.jpg?w=1000,,240,
7006926,2,한김 식혀 물기를 꼬옥 짜내주세요,https://recipe1.ezmember.co.kr/cache/recipe/2023/07/28/a50f711824ad0a65a4c319ab546d2a091.jpg?w=1000,,,
7006926,3,"분량의 양념장을 넣어 잘 섞어요 된장 1큰술, 국간장 1/2큰술, 참기름 1큰술, 총총 썬 대파 흰부분 잘 섞은 후 전자레인지 30초 돌려주세요",https://recipe1.ezmember.co.kr/cache/recipe/2023/07/28/5c55ee1c7767a5fa4907e3121610f4ba1.jpg?w=1000,,30,
7006926,4,"알배추에 다진마늘 1작은술, 갈은통깨 1큰술 양념장 모두 넣어 조물조물 잘 무쳐주시면 완성입니다.",https://recipe1.ezmember.co.kr/cache/recipe/2023/07/28/32211d51c6ba82bc8b865155cdfdc1841.jpg?w=1000,,,
6892209,1,시금치는 깨끗하게 씻은 뒤 먹기 좋게 잘라주세요. 시금치 1/2단,https://recipe1.ezmember.co.kr/cache/recipe/2018/07/09/26c08958ee943e3691e2e8bed805c8971.JPG,,,
6892209,2,"달걀 3알은 소금 한꼬집 넣어 잘 풀어주세요. 달걀 3알, 소금 한꼬집",https://recipe1.ezmember.co.kr/cache/recipe/2018/07/09/2c63a67d41108fbac98a057730b816421.JPG,,,
6892209,3,"팬에 기름 살짝 두르고 달걀물을 넣어 약불에서 젓가락으로 저어가며 스크럼블 에그를 만들어 주세요. 기름 약간, 달걀물 약불",https://recipe1.ezmember.co.kr/cache/recipe/2018/07/09/c6e467a16b55bb2a54af876162ffa78b1.JPG,약불,,
6892209,4,만들어진 스크럼블 에그는 접시에 잠시 덜어놓아 주세요.,https://recipe1.ezmember.co.kr/cache/recipe/2018/07/09/b9a4832756000b00b48ed15a571d03b91.JPG,,,
6892209,5,"팬에 기름 2T, 다진파 한 줌을 넣어 약불에서 파기름을 만들어 주세요. 기름 2T, 다진파 한줌 약불",https://recipe1.ezmember.co.kr/cache/recipe/2018/07/09/e5d5f3890690ae1de4bf1c5f31b545081.JPG,약불,,
6892209,6,파향이 올라오면 센불로 올리고 시금치를 넣어주세요. 시금치 센불,https://recipe1.ezmember.co.kr/cache/recipe/2018/07/09/80e8d639d92e04f8fe097e5537c266bb1.JPG,강불,,
6892209,7,시금치 숨이 살짝 죽으면 소금 두꼬집 정도 넣어 잘 섞어주세요. 소금 2꼬집 센불,https://recipe1.ezmember.co.kr/cache/recipe/2018/07/09/e6d86ad96affbe03430dcf7fb56db83e1.JPG,강불,,
6892209,8,그리고 아까 만들어 놓은 스크럼블 에그를 다시 넣어 잘 섞어주면 완성입니다:) 부족한 간은 소금으로 맞춰주세요. 스크럼블 에그 센불 소금 대신 굴소스를 조금 넣어주셔도 좋아요.,https://recipe1.ezmember.co.kr/cache/recipe/2018/07/09/a95062557b9e27dd101631d892a1cc271.JPG,강불,,
7002301,1,명란은 반을 가른 후 칼등으로 밀어 껍질을 제거해요,https://recipe1.ezmember.co.kr/cache/recipe/2023/05/16/17587b30e4c950e846e67c74209437511.jpg?w=1000,,,
7002301,2,쪽파는 송송 썰어요,https://recipe1.ezmember.co.kr/cache/recipe/2023/05/16/03f83725cc018b06b7bf2d1e730ed8401.jpg?w=1000,,,
7002301,3,달걀은 노른자와 흰자를 분리해요,https://recipe1.ezmember.co.kr/cache/recipe/2023/05/16/a0ac9fe16603b42ecf28871d353611eb1.jpg?w=1000,,,
7002301,4,끓는물에 우동사리를 넣고 풀어가며 익혀요,https://recipe1.ezmember.co.kr/cache/recipe/2023/05/16/12f94d17a470b32c63b6764ac399deab1.jpg?w=1000,,,
7002301,5,그릇에 우동면을 담고 명란과 쪽파를 올려요,https://recipe1.ezmember.co.kr/cache/recipe/2023/05/16/d4e4db631ec2a3302a3bb9a3535c74d51.jpg?w=1000,,,
7002301,6,버터와 김가루를 올려요 버터는 실온에 보관한 후 사용해요,https://recipe1.ezmember.co.kr/cache/recipe/2023/05/16/3b88118e04de66e54242f4ec0c057de01.jpg?w=1000,,,
7002301,7,쯔유를 넣어 완성해요,https://recipe1.ezmember.co.kr/cache/recipe/2023/05/16/e80f89ff3e464b90d93fd8107637fb551.jpg?w=1000,,,
6901939,1,청경채를 준비해주세요. 저는 한봉에 7개 들어있어서 7개 다사용했어요~,https://recipe1.ezmember.co.kr/cache/recipe/2018/12/14/1eb4093e79d20dedd1e1129ff9388a631.jpg?w=1000,,,
6901939,2,청경채 꼭다리를 잘른뒤 씻어주세요. 잎파리가 너무 크다고 생각이 드시면 세로로 반 잘라주세요.,https://recipe1.ezmember.co.kr/cache/recipe/2018/12/14/2d58715f758ab99dc15a55c0e3d67ae21.jpg?w=1000,,,
6901939,3,청경채를 1분간 데쳐주세요. 너무 오래 데치면 다중에 너무 물컹해져서 맛없어요..ㅠ,https://recipe1.ezmember.co.kr/cache/recipe/2018/12/14/a98a7a5ec5813bb7d9384b35df1ebe1b1.jpg?w=1000,,60,
6901939,4,데친 청경채는 바로 찬물에 행군뒤 물기를 꼭 짜주세요. 한손에 들어오는 양만큼 집어서 나눠 물기를 짜주세요.,https://recipe1.ezmember.co.kr/cache/recipe/2018/12/14/c4a69d439eff9be80d373a6e9b088c6f1.jpg?w=1000,,,
6901939,5,"양념에 무쳐주세요. 된장 1/2숟갈, 참기름 1/2숟갈, 다진마늘 1/2숟갈, 깨 1/2숟갈, 소금 2꼬집",https://recipe1.ezmember.co.kr/cache/recipe/2018/12/14/ded842d649880f97ad42370a3aacfd8f1.jpg?w=1000,,,
6901939,6,짠!! 완성입니다~,https://recipe1.ezmember.co.kr/cache/recipe/2018/12/14/3cb3f19cdcee15430929de3648ceaa121.jpg?w=1000,,,
6956954,1,생닭가슴살을 준비해주세요~ 냉동실에 넣어뒀던 거라면 전날 미리 냉장고에 넣어서 자연해동을 추천드려요.,https://recipe1.ezmember.co.kr/cache/recipe/2021/04/17/db347997f06832fa73a3402fa0490f5b1.jpg,,,
6956954,2,사방 3cm크기 정도로 깍둑썰기 해주고요~,https://recipe1.ezmember.co.kr/cache/recipe/2021/04/17/699d84b009eabb697ea9bc9b24d6f1cb1.jpg,,,
6956954,3,닭꼬치에 같이 곁들여줄 양파와 파프리카도 닭가슴살과 비슷한 크기로 썰어줍니다. 채소는 좋아하시는 걸로 취향껏 변경가능해요.,https://recipe1.ezmember.co.kr/cache/recipe/2021/04/17/2ba1e6c080a259da1c9cb6be860d0ff71.jpg,,,
6956954,4,"대나무꼬치를 준비, 닭가슴살-양파-빨강파프리카-닭가슴살-양파-노랑파프리카-닭가슴살-양파-노랑파프리카-닭가슴살 순서로 차곡차곡 끼워주세요.",https://recipe1.ezmember.co.kr/cache/recipe/2021/04/17/61b66b5a281eb21fdf077f013202cc101.jpg,,,
6956954,5,닭가슴살 300g 분량이면 15cm 대나무꼬치 기준으로 7개가 나와요.,https://recipe1.ezmember.co.kr/cache/recipe/2021/04/17/611016d4c81939e6895821c015db947d1.jpg,,,
6956954,6,꼬치를 끼운 후 허브솔트를 뿌려서 밑간해주고요~,https://recipe1.ezmember.co.kr/cache/recipe/2021/04/17/33862f49152cc54813eb381bdd28e2321.jpg,,,
6956954,7,이후 밑간이 스며들 수 있도록 10여분간 그대로 놔둡니다. 그리고 식용유도 조금씩 발라주고요~,https://recipe1.ezmember.co.kr/cache/recipe/2021/04/17/34c0c1ee7ffec3b2e93c40cddc05f4711.jpg,,,
6956954,8,에어프라이어 오븐 안에 닭가슴살 꼬치를 넣어주세요.,https://recipe1.ezmember.co.kr/cache/recipe/2021/04/17/bdce26b80549fd820df9fb5eede22ce71.jpg,,,
6956954,9,에어프라이어 온도 설정은 180도에 10분으로 해서 먼저 돌려주세요. 에어프라이어,https://recipe1.ezmember.co.kr/cache/recipe/2021/04/17/74c64c29a0ef15a96ec199fce688e4941.jpg,,600,
6956954,10,10분 뒤에 노릇해지면 뒤집어서 추가로 5분을 더 돌려주세요.,https://recipe1.ezmember.co.kr/cache/recipe/2021/04/17/c2d8a914df8a8714f3f7e17ed70296e41.jpg,,600,
6956954,11,"180도에 10분, 뒤집고 5분!! 이렇게 하면 전체적으로 잘 익은 닭가슴살꼬치가 완성된답니다.",https://recipe1.ezmember.co.kr/cache/recipe/2021/04/17/3318d7151e5ade8f5684c09a1bc9aea11.jpg,,600,
6956954,12,접시에 담아내고 맛있게 먹어주기^^,https://recipe1.ezmember.co.kr/cache/recipe/2021/04/17/32bf57121a051ad11c33554200ede8b81.jpg,,,
6939082,1,면두부,https://recipe1.ezmember.co.kr/cache/recipe/2020/08/12/329fd46f3f56d599236857cd03475d341.jpg?w=1000,,,
6939082,2,새우 6마리 (요것도 코스트코 냉동새우),https://recipe1.ezmember.co.kr/cache/recipe/2020/08/12/8b27753fec662b845b8296db596afc411.jpg?w=1000,,,
6939082,3,마늘은 편마늘로 준비합니다.,https://recipe1.ezmember.co.kr/cache/recipe/2020/08/12/2e6d69843b3e3d56e8102b1aacd7c89c1.jpg?w=1000,,,
6939082,4,팬에 올리브오일 넉넉히 두르고 편마늘 넣어서 노릇하게 볶아질때쯤,https://recipe1.ezmember.co.kr/cache/recipe/2020/08/12/4f81613c0a99018fe297b6c894d40d871.jpg?w=1000,,,
6939082,5,새우를 넣고 함께 볶아줍니다. 이때 소금과 후추를 촥촥 뿌려줍니다.,https://recipe1.ezmember.co.kr/cache/recipe/2020/08/12/83b5d9ee0be53de2283c6fad6bd3520b1.jpg?w=1000,,,
6939082,6,새우가 어느정도 익었을때쯤 마지막에 면두부를 넣고 살짝 볶아주기만하면,https://recipe1.ezmember.co.kr/cache/recipe/2020/08/12/edc62f92d4d1bb2e530d00f97964cdf41.jpg?w=1000,,,
6939082,7,면두부 새우오일파스타 완성입니다.,https://recipe1.ezmember.co.kr/cache/recipe/2020/08/12/48f37e5ce365d7833d37dd3dcc2dad651.jpg?w=1000,,,
6939082,8,꼬독꼬독한 식감에 고소함이 더해진 면두부 새우오일파스타 다이어트에도 좋은거같아요 ^^,https://recipe1.ezmember.co.kr/cache/recipe/2020/08/12/61482e3964427c454275e50158b590511.jpg?w=1000,,,
6988775,1,오이는 먹기 좋은 크기로 썰고 쪽파는 4cm 정도의 길이로 썰어준다 쪽파와 비슷한 길이로 오이를 썰어줘도 좋습니다 쪽파 대신 부추와 양파를 넣어도 좋습니다,https://recipe1.ezmember.co.kr/cache/recipe/2022/10/06/3fac6b8240d3386f1c1fb197f241c1431.jpg?w=1000,,,
6988775,2,무침 양념 재료를 볼에 모두 넣고 골고루 섞어준다 양념재료를 미리 섞어 두면 재료 무치기에 양념이 고루 잘 섞입니다,https://recipe1.ezmember.co.kr/cache/recipe/2022/10/06/58072981118334ef7ce3a56aad7100c81.jpg?w=1000,,,
6988775,3,썰어둔 오이와 쪽파를 넣어준다,https://recipe1.ezmember.co.kr/cache/recipe/2022/10/06/9ebc2bbcca21ca179308eeb4072c33961.jpg?w=1000,,,
6988775,4,골고루 무쳐준다 오이의 아삭함을 위해 손으로 무치지 않고 수저를 이용해 골고루 무쳤습니다,https://recipe1.ezmember.co.kr/cache/recipe/2022/10/06/e35c822b047782ecff4b1ee0837f2a571.jpg?w=1000,,,
6853446,1,다진마늘 한큰술에,https://recipe1.ezmember.co.kr/cache/recipe/2016/07/26/7975537e5f6fb1def3d196075c17eebc1.jpg?w=1000,,,
6853446,2,버터 한 큰 술을 넣어 전자레인지에 10초 돌려주세요~^^ 전자레인지,https://recipe1.ezmember.co.kr/cache/recipe/2016/07/26/c58d5ebd23449c24c094f1caeef6db5d1.jpg?w=1000,,10,
6853446,3,녹은 버터와 마늘을 잘 섞어 준비,https://recipe1.ezmember.co.kr/cache/recipe/2016/07/26/64634d00316bd246bb2c33cd2a7ee06d1.jpg?w=1000,,,
6853446,4,녹은 버터와 마늘을 잘 섞어 준비,https://recipe1.ezmember.co.kr/cache/recipe/2016/07/26/5feaefe4d698687b39945dcd9e3039881.jpg?w=1000,,,
6853446,5,토르티야에 마늘 버터를 잘 발라주고~,https://recipe1.ezmember.co.kr/cache/recipe/2016/07/26/001169ce32e72219f6f1078d3b6835eb1.jpg?w=1000,,,
6853446,6,한장더 발라주면 끝,https://recipe1.ezmember.co.kr/cache/recipe/2016/07/26/0a7320eb96be7a8b8a0770aaf6a6c0f11.jpg?w=1000,,,
6853446,7,치즈를 가장자리는 비우고 골고루 뿌려주면 완성~! 준비하는데 5분도 안 걸린다지요^^,https://recipe1.ezmember.co.kr/cache/recipe/2016/07/26/c4342f52048a76fd3cca2e51b634eaab1.jpg?w=1000,,300,
6853446,8,전자레인지에 3~4분 돌려주면 끝! 집집마다 전자레인지의 효력은 조금씩 다를 테니 조절하셔요^^,https://recipe1.ezmember.co.kr/cache/recipe/2016/07/26/3864508f4e31ecdb83efd95cbc5907ea1.jpg?w=1000,,240,
6853446,9,잘구워진 버터갈릭치즈피자완성,https://recipe1.ezmember.co.kr/cache/recipe/2016/07/26/511cfe629fa05d4c4feeabe5be0c65791.jpg?w=1000,,,
6853446,10,가위로 먹기 좋게 잘라~ 꿀과 함께 내어내면 끝~!,https://recipe1.ezmember.co.kr/cache/recipe/2016/07/26/64c778448c0e32212c80e08822d675e51.jpg?w=1000,,,
6930302,1,오이와 토마토는 깨끗이 씻어 주고 (토마토가 작아서 두개 했어요) 오이 표면에 있는 오돌도톨한 부분을 살짝 제거 해 주세요,https://recipe1.ezmember.co.kr/cache/recipe/2020/04/09/cdc30fa6ba2374ed0fcc83a37c5669541.jpg?w=1000,,,
6930302,2,오이는 반으로 잘라서 씨를 제거 해 주고 ~,https://recipe1.ezmember.co.kr/cache/recipe/2020/04/09/9d74b1fee889d2d737cbd29f6be4d6b01.jpg?w=1000,,,
6930302,3,오이는 1.5cm 정도로 썰어 주고 ~,https://recipe1.ezmember.co.kr/cache/recipe/2020/04/09/df4f89aa9529ac00392ecba5537851011.jpg?w=1000,,,
6930302,4,꽃소금 약간 넣어 섞어 준 다음 10분 절임 하고 ~,https://recipe1.ezmember.co.kr/cache/recipe/2020/04/09/4559544e9cd779e483f170d3955564eb1.jpg?w=1000,,600,
6930302,5,키친타올에 수분기 제거 하고 ~,https://recipe1.ezmember.co.kr/cache/recipe/2020/04/09/83ac3faaf09a9c198208f07b8690c2c71.jpg?w=1000,,,
6930302,6,볼에 담아 주세요,https://recipe1.ezmember.co.kr/cache/recipe/2020/04/09/ffa70606ffc858e6d88fd0c86efd80c91.jpg?w=1000,,,
6930302,7,토마토는 십자로 썰어 주고 다시 반으로 잘라서 ~,https://recipe1.ezmember.co.kr/cache/recipe/2020/04/09/498134401b411161889928a4973b37e41.jpg?w=1000,,,
6930302,8,씨를 제거 해 주세요,https://recipe1.ezmember.co.kr/cache/recipe/2020/04/09/7e64fddd7505442f0111647e6ace00d81.jpg?w=1000,,,
6930302,9,양념 만들어 주고 ~,https://recipe1.ezmember.co.kr/cache/recipe/2020/04/09/0c6e0fa637e4cc48f0ee163c3b817b6c1.jpg?w=1000,,,
6930302,10,깨소금은 바로 곱게 갈아 주면 더 맛있어요,https://recipe1.ezmember.co.kr/cache/recipe/2020/04/09/893be8a0ea8a3ce093202cad2341a22c1.jpg?w=1000,,,
6930302,11,양념은 잘 섞어 주세요,https://recipe1.ezmember.co.kr/cache/recipe/2020/04/09/74aee18c0dd0e58cc97247ed869868721.jpg?w=1000,,,
6930302,12,볼에 오이와 토마토 담아 주고 ~,https://recipe1.ezmember.co.kr/cache/recipe/2020/04/09/0415a63bc779698470a18021607df7c41.jpg?w=1000,,,
6930302,13,양념 넣어 주고 ~,https://recipe1.ezmember.co.kr/cache/recipe/2020/04/09/f849020796ea2c2f8c8bc54c0db93afa1.jpg?w=1000,,,
6930302,14,살살 버무려 주면 됩니다,https://recipe1.ezmember.co.kr/cache/recipe/2020/04/09/d8a0d5730474df8a820c4f51f7777dcb1.jpg?w=1000,,,
6930302,15,접시에 담아 주고 ~,https://recipe1.ezmember.co.kr/cache/recipe/2020/04/09/99e3a8e153f863136a68da133d7dc1651.jpg?w=1000,,,
7020127,1,숙주는 흐르는 물에 여러 번 씻어주세요. 너무 세게 문지르면 오히려 물러질 수 있으니 살살 헹궈주세요. 그리고 채반에 받쳐 물기를 빼줍니다.,https://recipe1.ezmember.co.kr/cache/recipe/2024/02/16/40ead1ec2359bc8386097fab7aa7be661.jpg,,,
7020127,2,청양고추와 대파는 송송 썰어줍니다. 베이컨은 한 입 크기로 잘라주세요.,https://recipe1.ezmember.co.kr/cache/recipe/2024/02/16/0d7e005fb26957ce0faecd7936e6e5771.jpg,,,
7020127,3,"굴소스 볶음 소스 분량인 간장 0.5스푼, 맛술 1스푼, 굴 소스 1스푼 다진 마늘 0.5스푼, 올리고당 0.5스푼을 볼에 담아 섞어주세요.",https://recipe1.ezmember.co.kr/cache/recipe/2024/02/16/ec6577418c18162f3628605dfebc734e1.jpg,,,
7020127,4,달군 팬에 기름을 살짝 두르고 베이컨을 넣어주세요.,https://recipe1.ezmember.co.kr/cache/recipe/2024/02/16/6110df8a45c7dc2e04838b9d1aa78ce51.jpg,,,
7020127,5,베이컨이 한 장씩 떨어지면 청양고추와 대파를 넣어 볶아주세요.,https://recipe1.ezmember.co.kr/cache/recipe/2024/02/16/a076b598f5f1893744a79b6befa8366c1.jpg,,,
7020127,6,만들어 놓은 굴소스 소스를 넣고 양념이 잘 스며들도록 볶아주세요.,https://recipe1.ezmember.co.kr/cache/recipe/2024/02/16/ce24f769e158a7413e55d053408194021.jpg,,,
7020127,7,마지막으로 숙주를 넣고 강불로 볶아주어요. 강불에서 재빠르게 볶아주어야 수분이 덜 생기고 아삭한 굴소스 숙주볶음이 됩니다.,https://recipe1.ezmember.co.kr/cache/recipe/2024/02/16/9266925940506a6d344888c0406a42241.jpg,강불,,
6886357,1,통깨와참기름빼고위의분량대로 양념장을만들어주세요 양념장이 끓어오르면,https://recipe1.ezmember.co.kr/cache/recipe/2018/03/29/154dfbd5e7e41710849719d704418a091.jpg?w=1000,,,
6886357,2,오징어를 넣어주세요(오징어는깨끗히 씻어서 먹기좋은 크기로잘라 미리준비해주세요),https://recipe1.ezmember.co.kr/cache/recipe/2018/03/29/78b97e439a164a7e0806597cafd03a9c1.jpg?w=1000,,,
6886357,3,청양고추나꽈리고추한개넣고 중불로졸여주세요(아이가맵다싶으면청양고추대신꽈리고추로넣어주세요 청양고추한개정도넣으면약간매콤하면서 아이가먹을수는있겠더라구요 ~~^^),https://recipe1.ezmember.co.kr/cache/recipe/2018/03/29/558b94cbaf278ac24c4a5a14b8ccfddf1.jpg?w=1000,중불,,
6886357,4,마지막으로참기름과 통깨톡톡뿌려주믄완성이예요 오징어를 두마리이상할때는위의양념은그대로하시고 양념장양을 입맛에따라조절하세요~~~^^,https://recipe1.ezmember.co.kr/cache/recipe/2018/03/29/a87e5429bddf25142acc874eb78d85a41.jpg?w=1000,,,
6886357,5,아이반찬 오징어간장조림 완성~~,https://recipe1.ezmember.co.kr/cache/recipe/2018/03/29/4b5e9c7003ea60aa9bc363f8930b1e221.jpg?w=1000,,,
6922700,1,재료를 준비 해주세요.,https://recipe1.ezmember.co.kr/cache/recipe/2019/11/26/d6ac3ece5e47954b2d8fe2548978b7e61.jpg?w=1000,,,
6922700,2,"부추를 송송 썰어주세요. 부추1/5단 칼 , 도마",https://recipe1.ezmember.co.kr/cache/recipe/2019/11/26/22a60b010c164cc70cc42d489b38ac051.jpg?w=1000,,,
6922700,3,청양고추도 다져주세요. 저는 4개를 사용했는데 매운 것을 안좋아하시는 분은 고추 개수를 조절하셔도 돼요.^^ 청양고추4개,https://recipe1.ezmember.co.kr/cache/recipe/2019/11/26/86012d442aa2df64943931cb29d00cae1.jpg?w=1000,,,
6922700,4,새우 10마리를 다져주세요. 칵테일 새우 10마리,https://recipe1.ezmember.co.kr/cache/recipe/2019/11/26/8c5586d51303e32efb47937bc30e614a1.jpg?w=1000,,,
6922700,5,부추 + 고추 + 다진새우를 볼에 담고 소금 1/2작은술을 넣어주세요. 소금1/2 볼,https://recipe1.ezmember.co.kr/cache/recipe/2019/11/26/9d63256c83b949c0c74822c687e017ba1.jpg?w=1000,,,
6922700,6,부침가루 5큰술을 넣어주세요. 부침가루 5큰술,https://recipe1.ezmember.co.kr/cache/recipe/2019/11/26/34483fda6ec92871cdd921862391ce221.jpg?w=1000,,,
6922700,7,잘 섞어주세요.,https://recipe1.ezmember.co.kr/cache/recipe/2019/11/26/42a39c3cde9bb30d5489661c5f29ee741.jpg?w=1000,,,
6922700,8,물 1/2 종이컵을 넣어주세요. 물 1/2 종이컵,https://recipe1.ezmember.co.kr/cache/recipe/2019/11/26/fb891bf76bd72e14cc702b443951f5011.jpg?w=1000,,,
6922700,9,잘 섞어주세요.,https://recipe1.ezmember.co.kr/cache/recipe/2019/11/26/83b05b4a698399b5ee487f40f0f668eb1.jpg?w=1000,,,
6922700,10,"남은 새우 10마리에 한 쪽면만 부침가루를 묻혀주세요. 새우 10마리, 부침가루",https://recipe1.ezmember.co.kr/cache/recipe/2019/11/26/0e53e6127a34cc576db7f62d0f10003b1.jpg?w=1000,,,
6922700,11,프라이팬에 기름을 둘러주세요. 오일 프라이팬,https://recipe1.ezmember.co.kr/cache/recipe/2019/11/26/0d3a8ff7b6d7af9d211ed8e34575d8331.jpg?w=1000,,,
6922700,12,섞어놓은 반죽을 한 숟가락씩 떠서 동그랗게 펼쳐주세요. 그 위에 새우를 얹어주세요. 부침가루 묻은 면이 아래로 가게 놓아주세요. 중불,https://recipe1.ezmember.co.kr/cache/recipe/2019/11/26/3c1c61154da35d0a5a5f5f3c87b983861.jpg?w=1000,중불,,
6922700,13,위 표면에 수분기가 없어지면 뒤집어 주세요. 반대쪽 면도 충분히 익혀주세요.,https://recipe1.ezmember.co.kr/cache/recipe/2019/11/26/df3acfb1bea508639e7874b43405fccc1.jpg?w=1000,,,
6922700,14,새우 부추전 완성! 유튜브 구독은 정말 큰 응원이 됩니다! 부탁드려요! ♥ 집밥한그릇 구독링크♥ http://bit.ly/2QnUGbz,https://recipe1.ezmember.co.kr/cache/recipe/2019/11/26/b0298590aec39c5c7a187b9a0c519bbb1.jpg?w=1000,,,
6922700,15,재료를 준비 해주세요.,,,,
6881815,1,냉동새우는 물에 넣고 해동시켜주세요 새우꼬리부분은 취향에 따라 제거해주세요 !,https://recipe1.ezmember.co.kr/cache/recipe/2018/01/05/d42c37b8064214285415b7c3fad198b71.jpg,,,
6881815,2,칠리 소스 재료들을 모두 넣고 섞어주세요,https://recipe1.ezmember.co.kr/cache/recipe/2018/01/05/bb3c0892e8f1776e48f27908160251631.jpg,,,
6881815,3,팬에 식용유를 두르고 다진 마늘을 낮은 불에서 살짝 볶아주세요,https://recipe1.ezmember.co.kr/cache/recipe/2018/01/05/2dba0c73e88cd585e4e3e01927cd90881.jpg,,,
6881815,4,마늘이 살짝 익을 때쯤 해동된 새우를 넣고 후추로 살짝 뿌려주세요,https://recipe1.ezmember.co.kr/cache/recipe/2018/01/05/f9ffd3f4d30114287b8f49d8e58713ba1.jpg,,,
6881815,5,새우가 익어가면 소스를 넣고 소스와 새우가 함께 잘 버무려지게끔 물을 살짝 넣고 섞어주세요,https://recipe1.ezmember.co.kr/cache/recipe/2018/01/05/4aa4943e9e194f9c48c2d03aebcea72c1.jpg,,,
6881815,6,마무리로 버터를 한조각 넣고 섞어주세요,https://recipe1.ezmember.co.kr/cache/recipe/2018/01/05/b4cba4bd1546b57fec6879ff5883da6c1.jpg,,,
6881815,7,밥을 준비해주세요,https://recipe1.ezmember.co.kr/cache/recipe/2018/01/05/10c70461746f586e9b568af845e7a1531.jpg,,,
6881815,8,밥 위에 칠리새우를 올려주시면 완성입니다 !,https://recipe1.ezmember.co.kr/cache/recipe/2018/01/05/3bb9dfbf636d5dd2397b31b8f00700fd1.jpg,,,
6847470,1,우선 다시마물을 만들어요. 냄비에 물 붓고 다시마를 넣어 센 불에서 끓이다 끓어오르면 약불로 줄여 약 15분간 더 끓여주세요.,https://recipe1.ezmember.co.kr/cache/recipe/2016/05/02/c2ff2e539b89381df08afad135994beb1.jpg,약불,900,
6847470,2,"15분 후, 다시마는 건져 내고",https://recipe1.ezmember.co.kr/cache/recipe/2016/05/02/0851693af99a63c24f2087d8e3b943031.jpg,,900,
6847470,3,수저로 듬성듬성 연두부를 퍼서 냄비에 넣어주세요.,https://recipe1.ezmember.co.kr/cache/recipe/2016/05/02/e8e10767dc9c64d307d4d2134a761a761.jpg,,,
6847470,4,그리고 새우 넣고 간장 1-1.5T 넣어주세요.,https://recipe1.ezmember.co.kr/cache/recipe/2016/05/02/f9d7541ee53f8972faee07350875b0cf1.jpg,,,
6847470,5,센 불에서 약 5분간 팔팔 끓여주세요. 떠오르는 거품은 걷어주세요~,https://recipe1.ezmember.co.kr/cache/recipe/2016/05/02/3d648283a2f241b67521dfdc7b4058c41.jpg,,300,
6847470,6,불을 약불로 줄이고 달걀물을 원을 그려가며 쪼로록 부어주세요. 달걀물이 바닥에 붙지 않도록 한번만 휘이 저어주세요.,https://recipe1.ezmember.co.kr/cache/recipe/2016/05/02/5dec94ee823317d29115ce73919062721.jpg,약불,,
6847470,7,"쪽파 올리고, 후추 톡톡하면 완성입니다. 간 보고 싱거우면 소금으로 간해주세요~",https://recipe1.ezmember.co.kr/cache/recipe/2016/05/02/35f41d011b075568de6ef17938bfbc3e1.jpg,,,
6919305,1,돈까스 한장을 튀겨서 먹기 좋은 크기로 잘라주세요.,https://recipe1.ezmember.co.kr/cache/recipe/2019/09/17/db9653c28ce4e5f813507ac6f8d351e51.jpg,,,
6919305,2,"뚝배기에 기름을 두르고 대파, 양파를 볶아주세요.",https://recipe1.ezmember.co.kr/cache/recipe/2019/09/17/a6b3a084bba73029b4428c55df76b29f1.jpg,,,
6919305,3,김치를 넣고 볶다가 김치국물 종이컵으로 반컵정도 부어주세요.,https://recipe1.ezmember.co.kr/cache/recipe/2019/09/17/28d6abcb8b44657d4e3fed6d9f163c8e1.jpg,,,
6919305,4,"어느정도 볶아졌으면 고춧가루 1스푼, 다진마늘 반스푼, 국간장 2스푼, 설탕 한스푼 반, 종이컵으로 물 반컵을 넣고 끓여주세요. 평소에 싱겁게 드시거나 덜 달게 드신다면 국간장은 1.5스푼, 설탕은 1스푼 추천드려요.",https://recipe1.ezmember.co.kr/cache/recipe/2019/09/17/eee2ba24f66be52af7fe2d53c4a771391.jpg,,,
6919305,5,국물이 자작자작해지면 돈까스를 올려주세요.,https://recipe1.ezmember.co.kr/cache/recipe/2019/09/17/d7f32e267a653b8df09290af4a0558a31.jpg,,,
6919305,6,달걀 1~2개를 풀어 가장자리에 빙빙 둘러주세요. 데코로 대파 올리면 든든한 한끼식사 완성! 팽이버섯을 추가해 주면 좋을 것 같습니다.,https://recipe1.ezmember.co.kr/cache/recipe/2019/09/17/1bb23f14e424eb3196ea868f7f00ca601.jpg,,,
7002329,1,"숙주를 깨끗이 씻어 끓는 물에 1분정도 데친 뒤 찬물에 헹구어 손으로 물기를 꼭 짜서 준비해주세요. 냄비 , 물",https://recipe1.ezmember.co.kr/cache/recipe/2023/05/16/789ffde34014de0b5b70a7f6f8ca86241.jpg,,60,
7002329,2,크래미 3개를 결대로 잘게 찢어주세요.,https://recipe1.ezmember.co.kr/cache/recipe/2023/05/16/bdb1263557a1ccd4451e50149626bb441.jpg,,,
7002329,3,"오이는 얇게 채썰어주세요 도마 , 칼",https://recipe1.ezmember.co.kr/cache/recipe/2023/05/16/71a5a85fc2baca595bff7bd782c4d92c1.jpg,,,
7002329,4,"볼에 숙주,크래미,오이를 담고 위의 양념을 넣어 잘 버무려주세요. 간을 보신 후 설탕이나 식초는 기호에 맞춰 첨가해주세요.",https://recipe1.ezmember.co.kr/cache/recipe/2023/05/16/66a1ab74c6081260c4e5de57ad6a9e4c1.jpg,,,
7002329,5,새콤달콤 크래미 오이 숙주무침 완성입니다~ 아이들도 새콤달콤해서 정말 잘 먹는답니다 ^^,https://recipe1.ezmember.co.kr/cache/recipe/2023/05/16/2202424d8675488dce75a7b437743bc61.jpg,,,
7020260,1,대파를 넣고 파기름을 냅니다.,https://recipe1.ezmember.co.kr/cache/recipe/2024/02/18/b715ef32c249e15cdcbaaf7618dec8631.jpg,,,
7020260,2,다진 돼지고기를 넣어주세요.,https://recipe1.ezmember.co.kr/cache/recipe/2024/02/18/43bb09756eb66cc27acabb57ab4813e51.jpg,,,
7020260,3,뭉쳐진 돼지고기를 잘 풀고 스테비아 1/3스푼 넣어주세요.,https://recipe1.ezmember.co.kr/cache/recipe/2024/02/18/120a506f8051396ca82f42056ba602481.jpg,,,
7020260,4,마늘 한스푼을 넣어서 볶아주세요.,https://recipe1.ezmember.co.kr/cache/recipe/2024/02/18/9266760822490c3a30dee833312f2c2d1.jpg,,,
7020260,5,굴소스 한스푼 넣어서 볶아주세요.,https://recipe1.ezmember.co.kr/cache/recipe/2024/02/18/177ec5a05ebf172c7666e2f2bc1cf5b31.jpg,,,
7020260,6,.콩나물 무침에 들어갈 다진고기가 완성 됐습니다.,https://recipe1.ezmember.co.kr/cache/recipe/2024/02/18/f58d901e41e2bec41929523253bc68661.jpg,,,
7020260,7,콩나물을 삶아주세요. 팔팔 끓으면 5분 끓이시면 됩니다.,https://recipe1.ezmember.co.kr/cache/recipe/2024/02/18/d9374a72700bc39d3d93a76d07f4dd2f1.jpg,,300,
7020260,8,삶아진 콩나물을 볼에담고 한김 식혀주세요.,https://recipe1.ezmember.co.kr/cache/recipe/2024/02/18/2c2625c8c0ea38b7a455f4d115a551531.jpg,,,
7020260,9,다진마늘 반스푼 넣어주세요.,https://recipe1.ezmember.co.kr/cache/recipe/2024/02/18/76c53578c0cb895d23c319f668dd9aed1.jpg,,,
7020260,10,맛소금 3/1스푼 넣어주세요.,https://recipe1.ezmember.co.kr/cache/recipe/2024/02/18/46a68d652aacfbd708867cc2b7e86c5a1.jpg,,,
7020260,11,깨를 뿌려줍니다.,https://recipe1.ezmember.co.kr/cache/recipe/2024/02/18/15515cf4f60c97e528256d5e2cdf58091.jpg,,,
7020260,12,참기름을 넣어주세요.,https://recipe1.ezmember.co.kr/cache/recipe/2024/02/18/e5a270a352d01f315cf019360ef8dabf1.jpg,,,
7020260,13,양념해둔 돼지고기를 넣고 버무립니다. 손에 힘빼고 살랑살랑 버무립니다.,https://recipe1.ezmember.co.kr/cache/recipe/2024/02/18/07821ca1fd9f3903ebee629eb2b6b26e1.jpg,,,
7020260,14,아이들이 너무 좋아하는 반찬입니다. 밥만 비비면 콩나물 덮밥입니다.,https://recipe1.ezmember.co.kr/cache/recipe/2024/02/18/bf8ba4057cc232ca8f49b1f6009bf5a41.jpg,,,
7076505,1,녹차티백 대신 마트에서 녹차음료 구매!,https://recipe1.ezmember.co.kr/cache/recipe/2026/05/22/2ce8cfeeaccf34ade7c8d479fe86be631.jpg?w=1000,,,
7076505,2,"녹차음료, 쯔유 0.5t 넣어 섞어주세요~ 시원하게 먹고 싶다면 잠시 냉동실에! 쯔유 너무 많이 넣으면 쯔유맛이 너무 강하니 조절해서 넣어주세요.",https://recipe1.ezmember.co.kr/cache/recipe/2026/05/22/198fd20b28ceeaae27f8244da86a16091.jpg?w=1000,,,
7076505,3,순살고등어를 전자레인지 2분정도 돌려주세요. 겉바속촉으로 드시고 싶다면 에프 180도 13~15분정도 돌려 준비하기,https://recipe1.ezmember.co.kr/cache/recipe/2026/05/22/c035f01d0c6d933484328e0d76bb84901.jpg?w=1000,,120,
7076505,4,밥-익힌고등어-후라카게 순서대로 올려주세요. (전 집에 있는 아무 후리카게 사용했어요.),https://recipe1.ezmember.co.kr/cache/recipe/2026/05/22/a02f848cae990bfe40b93d6e97c8d5b61.jpg?w=1000,,,
7076505,5,냉동실에서 꺼낸 녹차+쯔유물 부어주면 완성✨,https://recipe1.ezmember.co.kr/cache/recipe/2026/05/22/913772974e23b96a8d4bbfcad9cf49f71.jpg?w=1000,,,
6854230,1,양파1/2 그리고 파프리카를 다져서 준비한다.,https://recipe1.ezmember.co.kr/cache/recipe/2016/08/08/4b138a1b19bbec572558a8817e6a17f11.jpg,,,
6854230,2,"팬에 양파,파프리카를 넣고 양념장 고추장1,케찹3,간장1,설탕1을 넣고 잘 섞어준다. 그리고 불을 올려 바글 바글 조려준다.",https://recipe1.ezmember.co.kr/cache/recipe/2016/08/08/fecdacfa043db554ff1ab682cffdcc881.jpg,,,
6854230,3,다른 팬에 식용유를 두르고 떡을 살짝 구워준다. 너무 바싹 구우면 딱딱해서 먹기 불편해요. (떡을 굽기 전에 떡이 딱딱하면 뜨거운물에 데쳐서 사용하세요.),https://recipe1.ezmember.co.kr/cache/recipe/2016/08/08/8f9f6a6a461a8400f3e111747dec8c3c1.jpg,,,
6854230,4,떡 위에 끓여 놓은 양념장을 올려준다.,https://recipe1.ezmember.co.kr/cache/recipe/2016/08/08/3b9319b5f4b9a53e096ea5629a92f2371.jpg,,,
6854230,5,그 위에 마요네즈 ~ (마요네즈는 생략하셔도 됩니다),https://recipe1.ezmember.co.kr/cache/recipe/2016/08/08/c2acce8397c06af5512b819e3fcc1ee01.jpg,,,
6854230,6,체다치즈1장 모짜렐라치즈를 올려준다. 그리고 물은 3~5숟가락 정도 팬 주변에 부어준다. 그래야지 떡이 타지 않고 치즈가 잘 녹아요.,https://recipe1.ezmember.co.kr/cache/recipe/2016/08/08/9948dd6e0ff599760a021b6b0819a3631.jpg,,,
6854230,7,"뚜껑을 덮고 약불에서 천천히 치즈를 녹여준다. 전자렌지,오븐을 이용해도 됩니다 오븐 , 전자레인지",https://recipe1.ezmember.co.kr/cache/recipe/2016/08/08/776afe8a70da4ce4fe41d9a245d15c621.jpg,약불,,
6912739,1,얼갈이의 끝을 잘라주시고 끓는물에 소금 1/2큰술을 넣고 10초간을 데쳐주신후 찬물에서 깨끗이 씻어주세요,https://recipe1.ezmember.co.kr/cache/recipe/2019/05/25/b0ad4632a0866df21624434b04bd1ca61.jpg?w=1000,,10,
6912739,2,씻어준 얼갈이는 먹기좋은 크기로 잘라주시고 물기를 꼭 짜주신다음 그위에 다진파를 1큰술을 넣어주세요,https://recipe1.ezmember.co.kr/cache/recipe/2019/05/25/84065a795844dbff1ac6c202badea1ad1.jpg?w=1000,,,
6912739,3,다진마늘 1/2큰술과 소금 1작은술과 들기름 1큰술을 넣어주세요,https://recipe1.ezmember.co.kr/cache/recipe/2019/05/25/001bfd8c51c6c6215dd965dca65fe2731.jpg?w=1000,,,
6912739,4,잘섞어서 무쳐주세요 *양념들이 데쳐진 얼갈이에 베여들어갈수 있게 힘을 주어 무쳐주세요,https://recipe1.ezmember.co.kr/cache/recipe/2019/05/25/fafc1cd926fc7bc7de2595b5963ccc4d1.jpg?w=1000,,,
6912739,5,잘 무쳐진 얼갈이무침에 들깨가루 2큰술을 넣어주세요,https://recipe1.ezmember.co.kr/cache/recipe/2019/05/25/9c287da42666be967bcb7ef64326dd6a1.jpg?w=1000,,,
6912739,6,살살 비벼서 무쳐주세요 *4번에서 무쳐보시면 물기가 나와요 들깨가루가 물기를 잡아주어 더욱 맛있어요,https://recipe1.ezmember.co.kr/cache/recipe/2019/05/25/fa465aed3efef32481aee0c92c7dae721.jpg?w=1000,,,
6912739,7,아삭하면서도 들깨의 고소함이 살아있는 얼갈이들깨무침이 완성이 되었어요 아이반찬/저염식단/다이어트식단에 좋은 영양반찬 이네요,https://recipe1.ezmember.co.kr/cache/recipe/2019/05/25/4a1ead6807825f98edc50334485d8b531.jpg?w=1000,,,
7064116,1,대파는 송송 썰고 양파는 잘게 다져 줍니다.,https://recipe1.ezmember.co.kr/cache/recipe/2025/10/08/a193dee6d713a04791c9b614dc05ae331.jpg,,,
7064116,2,순두부는 봉지째 반 잘라 유리용기에 담고 칼로 그어 먹기 좋은 두께로 잘라 주세요,https://recipe1.ezmember.co.kr/cache/recipe/2025/10/08/8dfebbb1ec609ae45e6fe59498da1b531.jpg,,,
7064116,3,"전자레인지용 용기에 간장 80ml , 맛술 2스푼 , 설탕 1스푼반 , 물 160ml를 넣고 설탕이 녹도록 저은 뒤 랩을 씌우고 전자레인지로 2분간 끓여 줍니다. 양념을 끓이면 마늘과 파의 매운맛이 줄어들면서 더 깊은 맛으로 만들 수 있습니다.",https://recipe1.ezmember.co.kr/cache/recipe/2025/10/08/3360d1341d1bc091fb869bb0d03739371.jpg,,120,
7064116,4,"유리용기에 담은 순두부에 끓인 양념장을 부은 뒤 양념장 위에 자른 대파와 양파,참기름과 통깨를 뿌려 완성합니다.",https://recipe1.ezmember.co.kr/cache/recipe/2025/10/08/ef8fb7ee7f6880b654985160b8b93c331.jpg,,,
7060108,1,"양파 1/2개는 채썰고 대파 1/3대, 청양고추 2~3개 어슷썰어 준비하고 감자 3개 껍질벗겨 0.4cm 도톰하고 일정한 두께로 썰어 주세요 도마 , 조리용나이프 , 필러",https://recipe1.ezmember.co.kr/cache/recipe/2025/08/11/de828dfb205d473d1d22fcdadff709bd1.jpg?w=1000,,,
7060108,2,"예열한 팬에 식용유 2큰술 정도 두른 후 채썬 양파 넣어 볶아주세요 양파에서 갈색빛이 나면 참치액 1큰술 팬바닥에 넣어 충분히 볶다가 설탕 1.5큰술 팬바닥에 뿌려 녹혀주세요 (중강불~강불) 프라이팬 , 볶음주걱",https://recipe1.ezmember.co.kr/cache/recipe/2025/08/11/65391cac7323b7d33ef8170658c28d8d1.jpg?w=1000,강불,,
7060108,3,설탕이 녹기 시작하면 돼지고기앞다리살 250g 을 넣어 볶아주세요 ‼️ 앞다리살외 목살등 다른 부위도 가능합니다 ‼️ 고기를 완벽히 익혀주신 후 액체(양념)류를 넣어야 누린내가 나지 않아요,https://recipe1.ezmember.co.kr/cache/recipe/2025/08/11/4cb916c45c673102b99081dc4c2653f91.jpg?w=1000,,,
7060108,4,"고기가 완전히 익었다면 양념 추가해주세요 진간장 1.5큰술, 맛술 2큰술, 고춧가루 1큰술, 고추장 1큰술 고기와 함께 모두 넣어 살짝 졸이며 볶아줍니다 (강불) 계량스푼",https://recipe1.ezmember.co.kr/cache/recipe/2025/08/11/0e63798bf6204bc0f396324eff083d2e1.jpg?w=1000,강불,,
7060108,5,물 200ml (1컵) 추가해 센불에서 끓기 시작하면 감자 넣어 뚜껑닫고 중불 5~7분 익혀요 tip. 감자가 익을때까지 충분히 익혀요 뚜껑,https://recipe1.ezmember.co.kr/cache/recipe/2025/08/11/465e76bb21740eef98064403758233ca1.jpg?w=1000,중불,420,
7060108,6,"청양고추, 대파, 다진마늘 1큰술 넣어준 뒤 약불~중불에서 2~3분더 익혀주시면 완성입니다",https://recipe1.ezmember.co.kr/cache/recipe/2025/08/11/e390651e9a008e278cb3e85201b9ef6c1.jpg?w=1000,약불,180,
6884169,1,양배추는 한 장씩 떼어 볼에 담아 물을 약 반컵 정도 넣어 랩을 덮어 전자레인지에 약 4~5분 익혀 낸다. 양배추 8장 전자레인지,https://recipe1.ezmember.co.kr/cache/recipe/2018/02/19/fdcad475e492a83f12a8fa8d7cd82b431.png,,300,
6884169,2,"당근, 파프리카, 새송이 버섯은 채 썰어 준비한다. 빨간 파프리카 1/2개 , 당근 1/4개",https://recipe1.ezmember.co.kr/cache/recipe/2018/02/19/25dac35f3a905cb3a7a34a228df207e11.png,,,
6884169,3,"끓는 물에 새송이 버섯을 넣어 익혀 낸 후 닭가슴살을 넣어 익혀 잘게 찢어 준비한다. 닭가슴살 2개,새송이버섯 1개",https://recipe1.ezmember.co.kr/cache/recipe/2018/02/19/ea00ec74c1d011cff7ae9365a563681a1.png,,,
6884169,4,"양배추, 깻잎, 채 썬 채소, 닭가슴살 순서로 올려 김밥 말듯이 감싼다. 깻잎 8장",https://recipe1.ezmember.co.kr/cache/recipe/2018/02/19/f198912a4637d5235f67a0bbf6f501301.png,,,
6884169,5,한 입 크기로 썰어 완성한다.,https://recipe1.ezmember.co.kr/cache/recipe/2018/02/19/ad7fc72c72693693dd0ab304de4f369d1.png,,,
6884169,6,"볼에 소스 재료들을 넣고 섞어 소스를 만들어 곁들인다. 된장 1숟가락 , 마요네즈 1숟가락 , 참깨 1숟가락 , 맛술 1숟가락 , 설탕 1/2숟가락 , 물 3숟가락 Tip – 다이어트 시에는 소스는 빼고 먹어요~!",https://recipe1.ezmember.co.kr/cache/recipe/2018/02/19/ea7846fd87d949fa3523f1ef626180101.png,,,
7035751,1,"볼에 콩나물이 잠길 정도의 물을 받고 손으로 살살 흔들어 가면서 3~4번 정도 물을 바꿔가며 세척하고, 믹싱볼",https://recipe1.ezmember.co.kr/cache/recipe/2024/10/03/9c190d8615dd1d086db00046852f8a8c1.jpg,,,
7035751,2,채반에 담아 물기를 빼 줍니다. 채반,https://recipe1.ezmember.co.kr/cache/recipe/2024/10/03/9d363785c6e12c6d3b8b2534a7db46841.jpg,,,
7035751,3,냄비에 물 1.5리터를 넣고 가스불 센불에 올려줍니다. 냄비,https://recipe1.ezmember.co.kr/cache/recipe/2024/10/03/a85b1df13490d4dab716af5fe8ac22331.jpg,강불,,
7035751,4,물이 끓어오르면 세척한 콩나물을 넣고 뒤적여줍니다. 조리용스푼,https://recipe1.ezmember.co.kr/cache/recipe/2024/10/03/e05a8337fd4b71221760ae5fcd773df61.jpg,,,
7035751,5,콩나물을 넣고 다시 물이 보글보글 끓어오르면 다시 한번 뒤적여주고 5~10초 정도 삶은 후에 가스불을 꺼 줍니다.,https://recipe1.ezmember.co.kr/cache/recipe/2024/10/03/7099a90498904fadf9502d5b1b71edda1.jpg,,10,
7035751,6,삶은 콩나물은 바로 채반에 쏟아 따뜻한 열기가 없도록 흐르는 물에 뒤적이면서 헹구고 콩나물이 촉촉할 정도로 물기를 짜 줍니다.,https://recipe1.ezmember.co.kr/cache/recipe/2024/10/03/f8508502e09d28af4a956f159ab2417d1.jpg,,,
7035751,7,"다진 마늘 0.3큰술을 준비하고, 대파는 송송 썰어서 준비합니다. 도마 , 조리용나이프 큰술: 어른 밥 숟가락 기준",https://recipe1.ezmember.co.kr/cache/recipe/2024/10/03/193d2829a584c0d9c5df6281f5ce4a211.jpg,,,
7035751,8,"볼에 콩나물과 다진 마늘, 대파를 모두 넣어줍니다.",https://recipe1.ezmember.co.kr/cache/recipe/2024/10/03/dc6d7a08904492f7abb41d7e29d945b41.jpg,,,
7035751,9,"참치액 1큰술, 큰술: 어른 밥 숟가락 기준",https://recipe1.ezmember.co.kr/cache/recipe/2024/10/03/5dbf41c3821d3cb7f4b15e957d35c25b1.jpg,,,
7035751,10,맛소금 0.2작은술 정도를 넣고(콩나물무침에 소금 대신에 맛소금을 넣어주면 더 맛있게 무칠 수 있어요) 작은술: 티스푼 기준,https://recipe1.ezmember.co.kr/cache/recipe/2024/10/03/719dd688df6da52076af2c43aecfa27a1.jpg,,,
7035751,11,참기름 1큰술를 넣고 큰술: 어른 밥 숟가락 기준,https://recipe1.ezmember.co.kr/cache/recipe/2024/10/03/194962577a6ece8be1878f483df88e371.jpg,,,
7035751,12,통깨는 넉넉하게 넣어줍니다.,https://recipe1.ezmember.co.kr/cache/recipe/2024/10/03/2228995970f2fabe1b0c920885cc05f31.jpg,,,
7035751,13,일회용 장갑을 끼고 콩나물에 양념이 골고루 배이도록 콩나물을 살살 털어가면서 버무려줍니다.,https://recipe1.ezmember.co.kr/cache/recipe/2024/10/03/be9bd339c94a8ab2c1dc4bc02ecce2591.jpg,,,
7035751,14,맛을 보고 싱겁게 느껴지면 맛소금을 살짝 추가하고 다시 버무려줍니다.,https://recipe1.ezmember.co.kr/cache/recipe/2024/10/03/262927f0ddb8f4fb34787ac4d151f79c1.jpg,,,
7035751,15,마지막으로 통깨를 한 번더 솔솔솔 뿌려주면 아삭한 하얀 콩나물무침 레시피 완성입니다.,https://recipe1.ezmember.co.kr/cache/recipe/2024/10/03/33ef35348a29df334756eeebd54b64241.jpg,,,
7075989,1,미나리를 먼저 깨끗하게 씻어줍니다,https://recipe1.ezmember.co.kr/cache/recipe/2026/05/11/059edf7dea78d70f5c10ab753da62d471.jpg,,,
7075989,2,미나리 끝부분은 잘라줍니다,https://recipe1.ezmember.co.kr/cache/recipe/2026/05/11/b9cb5c416b44b1804f133286c13cc74d1.jpg,,,
7075989,3,2센치 정도로 쫑쫑 썰어주세요,https://recipe1.ezmember.co.kr/cache/recipe/2026/05/11/3f3b6592c7ddd0cbd29abe91d893ccfa1.jpg,,,
7075989,4,미나리를 볼에 넣어주고 대파도 반 갈라 다져 넣어줍니다,https://recipe1.ezmember.co.kr/cache/recipe/2026/05/11/c916cbec48f8e98a3b3a70f3dd6a4c171.jpg,,,
7075989,5,양념에 적힌 재료 다 넣어줍니다,https://recipe1.ezmember.co.kr/cache/recipe/2026/05/11/ef11cca0a0eb12a4a807a20de09721d91.jpg,,,
7075989,6,비닐장갑 끼고 살살 비벼주면 끝입니다! 먹어보고 좀 싱거우면 소금 조금 더 추가 ! 새콤한 맛을 더 내고싶다면 식초 추가! 이대로 먹으면 미나리 무침입니다 !,https://recipe1.ezmember.co.kr/cache/recipe/2026/05/11/3e0bb022390c77a8de3e0c837dd074241.jpg,,,
7075989,7,밥 두공기 넣으니 딱 간 맞아요~,https://recipe1.ezmember.co.kr/cache/recipe/2026/05/11/8b6786d1aefb86a42127f0e96fa7443f1.jpg,,,
6894323,1,먼저 새송이 버섯 3동은 밑동을 제거하고 일정한 두께로 잘라 줍니다. 대파와 청양고추는 쫑쫑 썰어 줍니다.,https://recipe1.ezmember.co.kr/cache/recipe/2018/08/17/ba975397b8d0fe0977be702da96b47e31.jpg,,,
6894323,2,"간장5T,올리고당2T,물2T,다진마늘1T, 참기름1T를 섞어주신뒤 썰어놓은 청양고추,대파를 섞어줍니다. T:성인 숟가락 기준입니다",https://recipe1.ezmember.co.kr/cache/recipe/2018/08/17/f6df9cc2c7714e767c2a65e1976d98241.jpg,,,
6894323,3,달궈진 팬에 버터 1스푼 녹여준 뒤 새송이버섯을 앞뒤로 구워 줍니다. 중약불,https://recipe1.ezmember.co.kr/cache/recipe/2018/08/17/69fc2435d4487687b66f7b5ee7c668941.jpg,약불,,
6894323,4,버섯이 쫄깃하게 구워지면 만들어 놓은 양념을 버섯이 자작히 잠기도록 부어 줍니다.약불에서 타지 않게 졸여 주심 끝!,https://recipe1.ezmember.co.kr/cache/recipe/2018/08/17/f613317c9880d4ba9a33b706994a25b91.jpg,약불,,
6894323,5,고기처럼 쫄깃한 새송이버섯 간장버터구이 완성입니다!,https://recipe1.ezmember.co.kr/cache/recipe/2018/08/17/615aba6614f0a0a598ccc07f7a863adb1.jpg,,,
6894323,6,한개 먹어보니 고소한 버터향에 짭쪼롬한 간장양념이 어우려져 참 맛있어요!밥 한공기 뚝딱 하게 만듭니다^^,https://recipe1.ezmember.co.kr/cache/recipe/2018/08/17/2dd4505ee40457a5a329c83485d76c561.jpg,,,
7061712,1,씻은 토마토는 잘게 깍둑 썰어요.,https://recipe1.ezmember.co.kr/cache/recipe/2025/08/30/d9c8165e084213d1ffa867c0ad391c1b1.jpg?w=1000,,,
7061712,2,대파는 어슷썰구요.,https://recipe1.ezmember.co.kr/cache/recipe/2025/08/30/dcb0381119694224998dd021699755e61.jpg?w=1000,,,
7061712,3,달걀과 소금•후추를 섞어 두어요.,https://recipe1.ezmember.co.kr/cache/recipe/2025/08/30/44d1c7f49018b4045da49be347db54251.jpg?w=1000,,,
7061712,4,달군 팬에 올리브유 뿌리고 파와 마늘 넣고 볶아요. 마늘향이 올라오면 1단계 토마토와 소금을 넣고 같이 볶아요.그릇에 담아 잠시 두구요.,https://recipe1.ezmember.co.kr/cache/recipe/2025/08/30/510d6c4ef56f6edc8838a3ff2613bf921.jpg?w=1000,,,
7061712,5,계란물을 달군 팬에 부어 지단 붙여요. 80% 정도 익으면 4단계 토마토를 지단 반쪽에 올리고 모짜렐라치즈도 올려 반쪽을 접어요.익으면 맛있게 먹어요*,https://recipe1.ezmember.co.kr/cache/recipe/2025/08/30/6f0ecfa2ad8898023767f9264b348b301.jpg?w=1000,,,
7056615,1,"청양 고추는 씻어서 얇게 어슷하게 썰어 주세요. 양파는 껍질을 까고 깨끗이 씻어서 얇게 채를 썰어 주세요. 오이는 껍질을 깍고 씻어서 채를 썰어 주세요. 도마 , 조리용나이프 오이 손질법",https://recipe1.ezmember.co.kr/cache/recipe/2025/06/30/d4cb6304b708a2a052b76ad9a7c53b9b1.jpg,,,
7056615,2,"유리볼에 소금 0.5큰술을 넣고 사과식초 0.5큰술을 넣고 참기름 0.5큰술을 넣고 깨 1큰술을 넣고 (간은 취향에 맞춰서 가감 해 주세요) 유리볼 , 숟가락",https://recipe1.ezmember.co.kr/cache/recipe/2025/06/30/2fbe3cacd3448bbeb2fece5f35dd22611.jpg,,,
7056615,3,오이를 넣고 양파를 넣고 청양 고추를 넣고,https://recipe1.ezmember.co.kr/cache/recipe/2025/06/30/e59602b05ff2b4ce6e7b00543ee7ff9a1.jpg,,,
7056615,4,시원한 생수 600ml를 붓고 골고루 섞어 주세요. 얼음까지 동동 띄우면 시원한 오이 냉국이죠! 매콤하면서 시원하니 맛있어요 ㅎㅎ,https://recipe1.ezmember.co.kr/cache/recipe/2025/06/30/8098ce32dfacd760ba8f137c7853023c1.jpg,,,
6978052,1,먼저 느타리버섯은 깨끗이 씻어서 반으로 썰고 손으로 잘게 찢어서 준비해주세요.,https://recipe1.ezmember.co.kr/cache/recipe/2022/04/18/a53591c67c5575646f85f4d613955bd51.jpg?w=1000,,,
6978052,2,양파와 애호박은 채를 썰어서 준비해주세요. 양파는 반으로 썰어서 채를 썰어주었어요.,https://recipe1.ezmember.co.kr/cache/recipe/2022/04/18/6aa96cdfb7d28a75f3da4a66527183641.jpg?w=1000,,,
6978052,3,기름을 두른 팬에 양파와 애호박을 먼저 볶아주세요. 중불,https://recipe1.ezmember.co.kr/cache/recipe/2022/04/18/d0f009a648a46113d2aa1a4e3e40e0ef1.jpg?w=1000,중불,,
6978052,4,양파와 애호박이 투명해 질 때쯤 버섯을 넣어주시면 됩니다. 중불,https://recipe1.ezmember.co.kr/cache/recipe/2022/04/18/18d794296cfe31fa4d08fd8251dacb0d1.jpg?w=1000,중불,,
6978052,5,"양파와 애호박 버섯을 볶아주시다가 참기름 1T, 깨소금 1/2T를 넣고 잘 섞어주세요. 중불",https://recipe1.ezmember.co.kr/cache/recipe/2022/04/18/9c7060d5a27bfd1d45074e0cc58806331.jpg?w=1000,중불,,
6978052,6,이번주 울애기 밥도둑이 될 애호박느타리버섯볶음~! 맛있게 먹어주니 저도 너무 기분 좋네요. 여러분들도 한번 도전해보세요~!,https://recipe1.ezmember.co.kr/cache/recipe/2022/04/18/9c367a36252161589b739e32a1e749731.jpg?w=1000,,,
6890777,1,[재료 준비] 먼저 두부는 키친타월이나 면포를 이용해 물기를 뺀 뒤 으깨서 준비해주시고요.,https://recipe1.ezmember.co.kr/cache/recipe/2018/06/12/6611e1c40ae8dc474bcacfefeced0dd71.jpg?w=1000,,,
6890777,2,대파는 송송 썰어줍니다.,https://recipe1.ezmember.co.kr/cache/recipe/2018/06/12/453fb78c5620533f550fa1b84d34b5291.jpg?w=1000,,,
6890777,3,"[고추장 양념 볶기] 냄비에 들기름 1.5 큰 술, 고추장 4 큰 술, 다진 마늘 1 큰 술, 올리고당 2 큰 술, 미림 1 큰 술, 후춧가루 적당량을 넣고 약불에서 5분 정도 끓여주시고요. * 올리고당 양은 각자 입맛에 맞게 조절해주세요 ^^",https://recipe1.ezmember.co.kr/cache/recipe/2018/06/12/6f72f663f8281d205df7598f86ef691d1.jpg?w=1000,약불,300,
6890777,4,볶은 고추장 양념에 으깬 두부와 대파를 넣고 가볍게 볶아줍니다. (이때도 마찬가지로 약불!) 대파의 숨이 죽으면 가스불을 끈 뒤 통깨를 샤샥 뿌려 마무리해주세요.,https://recipe1.ezmember.co.kr/cache/recipe/2018/06/12/40d065f2cb3609ceae6afa72535590db1.jpg?w=1000,약불,,
6890777,5,"그릇에 밥 한 공기 퍼 담고, 매콤하게 볶은 두부양념을 적당히 올려준 다음 계란 반숙 하나 탁 올려주면 초간단 덮밥요리, 매콤한 두부덮밥 완성!",https://recipe1.ezmember.co.kr/cache/recipe/2018/06/12/93564b5fe086584a5850ef0475ef64511.jpg?w=1000,,,
7071467,1,블루베리 200g을 준비해주세요,https://recipe1.ezmember.co.kr/cache/recipe/2026/02/12/61c42c9af5b34073a1b5602b149a9bb61.jpg?w=1000,,,
7071467,2,"알룰로스 네 스푼, 레몬즙 한 스푼을 넣고 섞어주세요 이때 레몬즙이 없다면 식초를 사용하셔도 돼요",https://recipe1.ezmember.co.kr/cache/recipe/2026/02/12/c50de7d14ef70111d686f114a5d2841a1.jpg?w=1000,,,
7071467,3,전자레인지에 총 9분을 돌려줄건데요 3분 돌리고 꺼내서 저어주고 또 다시 3분 돌리고 꺼내서 저어줍니다. 총 3번 = 9분 돌려줘요,https://recipe1.ezmember.co.kr/cache/recipe/2026/02/12/74cfd2e78c939239163b7b68b0df309b1.jpg?w=1000,,540,
7071467,4,그 사이 빵은 1분 30초~2분정도 구워주세요,https://recipe1.ezmember.co.kr/cache/recipe/2026/02/12/776e95ff70040e2f1b2557f5dd4811261.jpg?w=1000,,90,
7071467,5,그릭요거트는 100g 준비해주세요,https://recipe1.ezmember.co.kr/cache/recipe/2026/02/12/e34d3e3ae7bc5c8f22495e62a07ea2d01.jpg?w=1000,,,
7071467,6,구워진 빵 위로 그릭요거트를 올려줘요,https://recipe1.ezmember.co.kr/cache/recipe/2026/02/12/66d41f03b7a655821fa4b6866d6d99da1.jpg?w=1000,,,
7071467,7,완성된 블루베리 콩포트를 올려주면 돼요,https://recipe1.ezmember.co.kr/cache/recipe/2026/02/12/dc7a6c99ce57290b198495bf649204531.jpg?w=1000,,,
7071467,8,좀 더 달달하게 드시고 싶다면 콩포트 위로 알룰로스 한 스푼 뿌려주시면 돼요,https://recipe1.ezmember.co.kr/cache/recipe/2026/02/12/b7d691b14961883b8f7b03d3f32b510b1.jpg?w=1000,,,
6988709,1,당근을 작게 다져요.,https://recipe1.ezmember.co.kr/cache/recipe/2022/10/05/f6f94544e979edde14976362d786be7c1.jpg?w=1000,,,
6988709,2,양파도 작게 다져요.,https://recipe1.ezmember.co.kr/cache/recipe/2022/10/05/ea0a479b0e957d946d41fb42901ff5f11.jpg?w=1000,,,
6988709,3,쪽파는 얇게 송송 썰어요.,https://recipe1.ezmember.co.kr/cache/recipe/2022/10/05/e83a9eb1f318cedb293e0badc4d6ec281.jpg?w=1000,,,
6988709,4,달걀을 풀어요.,https://recipe1.ezmember.co.kr/cache/recipe/2022/10/05/1dae595fc6696e9f310b981f9bff62311.jpg?w=1000,,,
6988709,5,"맛술, 참치액, 소금을 넣고 섞어요.",https://recipe1.ezmember.co.kr/cache/recipe/2022/10/05/3f5139050479be40e1095a798cf075291.jpg?w=1000,,,
6988709,6,물을 넣고 섞어요.,https://recipe1.ezmember.co.kr/cache/recipe/2022/10/05/91147b1e6ea86e2654245e55731e94fc1.jpg?w=1000,,,
6988709,7,달걀물을 체에 걸러요. 체,https://recipe1.ezmember.co.kr/cache/recipe/2022/10/05/62cf847614cd8a7d8f765adafab4c4871.jpg?w=1000,,,
6988709,8,달걀찜 용기에 기름을 발라요.,https://recipe1.ezmember.co.kr/cache/recipe/2022/10/05/41ce946aecfe0bcc4a5b5a4784181dc51.jpg?w=1000,,,
6988709,9,달걀물을 부어요.,https://recipe1.ezmember.co.kr/cache/recipe/2022/10/05/91359c54d6186c18285f71628d00a1531.jpg?w=1000,,,
6988709,10,다져 놓은 채소와 깨를 넣어요.,https://recipe1.ezmember.co.kr/cache/recipe/2022/10/05/55a0ef4090024e394c032926d343043a1.jpg?w=1000,,,
6988709,11,김이 오른 찜기에 넣고 20분간 중불로 쪄요. 찜기,https://recipe1.ezmember.co.kr/cache/recipe/2022/10/05/480b3498a8ca93111a7b7b8109d5cd691.jpg?w=1000,중불,1200,
6988709,12,한 김 식으면 꺼내서 썰어요.,https://recipe1.ezmember.co.kr/cache/recipe/2022/10/05/0c9092c82d31862d7a872627c01352781.jpg?w=1000,,,
6898497,1,팽이버섯은 밑둥을 잘라내고 몇줄기씩 뜯어 주세요,https://recipe1.ezmember.co.kr/cache/recipe/2018/10/21/262e4776cdc1b143721c8dd89d558a161.jpg?w=1000,,,
6898497,2,베이컨은 채썰어 주세요.대파도 채 썰어 주세요,https://recipe1.ezmember.co.kr/cache/recipe/2018/10/21/cc17b5b2822617e27881d27fb03312871.jpg,,,
6898497,3,팬에 식용유를 두르고 대파를 넣고볶다가(1~2분 정도),https://recipe1.ezmember.co.kr/cache/recipe/2018/10/21/6e250e6e8b9307b3da64f5d7f85c6bee1.jpg,,120,
6898497,4,베이컨을 넣고 볶아주세요(1~2분 정도),https://recipe1.ezmember.co.kr/cache/recipe/2018/10/21/b25ac76758f45113d7108c17fe5428be1.jpg,,120,
6898497,5,버터를 넣고,https://recipe1.ezmember.co.kr/cache/recipe/2018/10/21/3ab741c76ab33c9f54861a171b0072af1.jpg,,,
6898497,6,굴소스를 넣고,https://recipe1.ezmember.co.kr/cache/recipe/2018/10/21/cdc4a2b6f06f1b5303f0d54fb907a2a51.jpg,,,
6898497,7,팽이버섯을 넣고 재빨리 볶아주세요.(1~2분 정도),https://recipe1.ezmember.co.kr/cache/recipe/2018/10/21/8e7e930249c2508311a3e59785ddf33e1.jpg,,120,
6898497,8,완성접시에 담아주세요.,https://recipe1.ezmember.co.kr/cache/recipe/2018/10/21/39a19935c7ec1456fdee287927627b341.jpg,,,
6899265,1,먼저 콩나물 1봉지를 깨끗이 씻어 체에 받쳐 둡니다.,https://recipe1.ezmember.co.kr/cache/recipe/2018/11/03/bc3b32f38d8a3494c05654ef73d03f831.jpg,,,
6899265,2,양파는 얇게 채썰어 주시구 대파와 비엔나소시지는 어슷썰기를 해 줍니다. 비엔나소시지를 더 건강하게 드시려면 뜨거운 물에 한번 데쳐주세요,https://recipe1.ezmember.co.kr/cache/recipe/2018/11/03/84bb71d74081663faa1a4d9f6c1abb131.jpg,,,
6899265,3,팬에 식용유 약간 두르고 소시지를 달달달 볶다가 절반정도 익으면 종이컵기준 물1컵을 붓고 끓여 주세요,https://recipe1.ezmember.co.kr/cache/recipe/2018/11/03/384deb58558f864d6d30be118ab5b5c51.jpg,,,
6899265,4,"물이 끓으면 대파,양파, 콩나물을 넣구 참기름을 제외한 양념을 다 넣고 섞어줍니다",https://recipe1.ezmember.co.kr/cache/recipe/2018/11/03/9c6202831fea49125f37ee12ac306f5a1.jpg,,,
6899265,5,뚜껑을 닫고 팔팔 끓여 주세요. 처음에는 물이 너무 적나 싶지만 야채에서 수분이 나오니 걱정안하셔도 되요,https://recipe1.ezmember.co.kr/cache/recipe/2018/11/03/a4f21330b95a33b0c62d5bb4a0e695c81.jpg,,,
6899265,6,콩나물 숨이 죽고 국물이 자작해지면 전분1T에 물2T를 섞어 전분물을 만들어 조금씩 부어줍니다 전분물을 넣으면 국물이 금방 걸죽하게 되요,https://recipe1.ezmember.co.kr/cache/recipe/2018/11/03/7a11447082b1bf96f9bdaacf0787c5811.jpg,,,
6899265,7,국물이 걸죽해지면 참기름1스푼넣고 섞어주심 끝!,https://recipe1.ezmember.co.kr/cache/recipe/2018/11/03/1a87bf9f6dddfd766e8b971152612bac1.jpg,,,
6899265,8,해물찜처럼 칼칼하고 맛있는 밥도둑 백주부님 '소시지콩나물찜'이 완성되었어요.콩나물과 소시지를 함께 한입 먹어보니 아삭아삭한 콩나물에 소시지가 어우려져 참 맛있어요. 뜨끈한 밥에 김가루 약간 넣고 비벼 먹어두 넘 맛있어요,https://recipe1.ezmember.co.kr/cache/recipe/2018/11/03/aa3b0af8d81eae951ce68bc47effda5e1.jpg,,,
6871953,1,감자(중간사이즈)두개를 깍뚝 썰어서 물에 담궈 주시구요~,https://recipe1.ezmember.co.kr/cache/recipe/2017/06/29/317c143a7b420fe21e68404029e0b8e51.jpg?w=1000,,,
6871953,2,스팸(200g짜리)이랑 양파반개도 마찬가지로 깍뚝 썰어 주세요~,https://recipe1.ezmember.co.kr/cache/recipe/2017/06/29/627ab0be6451c9b4b55fbce52082da251.jpg?w=1000,,,
6871953,3,끓는물에 감자를 2분간 데쳐 주시구요~,https://recipe1.ezmember.co.kr/cache/recipe/2017/06/29/0781a803182896eb35f0b0ffb991e19c1.jpg?w=1000,,120,
6871953,4,감자 데친물 그대로 스팸도 10초정도 담궈 첨가물을 빼주셔요^^,https://recipe1.ezmember.co.kr/cache/recipe/2017/06/29/6c6770b1518ae571500fdb8a4b70d04b1.jpg?w=1000,,10,
6871953,5,"팬에 식용유한스푼, 참기름 한스푼 넣고 감자를 볶아 주시다가",https://recipe1.ezmember.co.kr/cache/recipe/2017/06/29/1ead14302fba94dc1ae06bd00eaae2641.jpg?w=1000,,,
6871953,6,양파를 넣고~ (당근을 넣으심 더이뻐요~당근을 넣으실땐 당근역시 1분정도 데쳐서 이때 넣어 주심 됩니다^^ 감자 데친 물그대로 감자->당근->스팸 순서로 데치심 되세요^^),https://recipe1.ezmember.co.kr/cache/recipe/2017/06/29/cba4ee3578c882ec8720e5e9355c38121.jpg?w=1000,,60,
6871953,7,스팸넣어 볶아 주세요^^ 타지 않게 중불로 볶아 주세요^~^,https://recipe1.ezmember.co.kr/cache/recipe/2017/06/29/4de5c0e7f0477930ff3c3a761cc3903d1.jpg?w=1000,중불,,
6871953,8,"양파가 살짝 익었다 싶으실때 진간장2스푼,물3~4스푼,물엿2스푼 넣어서 볶으면서 졸여 주세요^~^",https://recipe1.ezmember.co.kr/cache/recipe/2017/06/29/ca6f69618d38411d7d57d643af0304021.jpg?w=1000,,,
6871953,9,요렇게 국물이 없어지면 불을끄고 잔열로 감자를 익혀 주심 됩니다^~^ 너무 오래 볶으시면 감자가 다부서 질수 있어요^^,https://recipe1.ezmember.co.kr/cache/recipe/2017/06/29/9b9745c44feff9b3864898724eae64d01.jpg?w=1000,,,
6871953,10,"달달하면서 짭조름~~ 쏙쏙 골라먹는 재미가 굿이에용^~^ 재료도 간단,방법도 간단 오늘 저녁 반찬으로 어떠세용^~^ ※감자 볶음과 맑은 감자국 바로 가기 ☞ @6866831",https://recipe1.ezmember.co.kr/cache/recipe/2017/06/29/ddebb22c3f83388889b0a263e3a61ab91.jpg?w=1000,,,
7043343,1,끓는 물에 파스타면을 7-8분정도 익혀줍니다. 저는 통밀 푸실리 파스타를 주로 사용하는데 앨보 마카로니나 펜네도 나쁘지 않아요. 냄비,https://recipe1.ezmember.co.kr/cache/recipe/2025/01/24/4972028c181671ff849561dd4abaff4f1.jpg?w=1000,,480,
7043343,2,익으면 물만 따라내고 같은 팬에서 계속 요리해도 돼요. (불은 꺼진 상태),https://recipe1.ezmember.co.kr/cache/recipe/2025/01/24/93f47eaac270c366ecc139a00a6c9fae1.jpg?w=1000,,,
7043343,3,마요네즈를 크게 한번 펐는데 대략 2T 됐어요. (눈대중 장인) 더 넣으시면 더 꼬숩지만 건강이 좀 염려되면 이 정도만 넣고 만족해야죠. 마요네즈가 없거나 싫으시면 올리브오일 가지고 해도 돼요. (없는 얘기 안하는 편) 요리스푼,https://recipe1.ezmember.co.kr/cache/recipe/2025/01/24/24d3f38957d1acbf2ca6f4b09c5d71a61.jpg?w=1000,,,
7043343,4,일단 마요네즈를 버물버물해주고,https://recipe1.ezmember.co.kr/cache/recipe/2025/01/24/d4e140838d110fa5228a6a141bd3a79c1.jpg?w=1000,,,
7043343,5,고추참치를 하나 까서 넣은 다음 약불에 볶듯이 버무려 주세요,https://recipe1.ezmember.co.kr/cache/recipe/2025/01/24/a435e152b617140297f05aa3a08712e11.jpg?w=1000,약불,,
7043343,6,잘 섞인 거 확인하고,https://recipe1.ezmember.co.kr/cache/recipe/2025/01/24/b111125946dcf9dbe45260ada2b0c95b1.jpg?w=1000,,,
7043343,7,소금 후추로 간을 합니다. 들어간 마요네즈의 양에 따라 간이 다르니 먹어보고 취향에 맞게 넣어주세요.,https://recipe1.ezmember.co.kr/cache/recipe/2025/01/24/b475ce0fd528b0dd7f93913d5a4e85451.jpg?w=1000,,,
7043343,8,준출가인 외 2명을 위한 도시락 완성~,https://recipe1.ezmember.co.kr/cache/recipe/2025/01/24/4d7c57a66cc702cb3f1930efd5742fca1.jpg?w=1000,,,
6961309,1,마늘 7개 슬라이스 해줍니다.,https://recipe1.ezmember.co.kr/cache/recipe/2021/07/06/e11fb85b4fbe2ab928ffac196d7531da1.png?w=1000,,,
6961309,2,끓는물에 소금 1/2큰술을 넣고 파스타를 넣고 10분간 중불에 끓여줍니다.,https://recipe1.ezmember.co.kr/cache/recipe/2021/07/06/c55678d4c991ec9da6013e8d4b201d851.png?w=1000,중불,600,
6961309,3,팬에 올리브유를 두르고 마늘을 넣고 중불에서 2분간 볶아주세요.,https://recipe1.ezmember.co.kr/cache/recipe/2021/07/06/fc08d16974b4f6dbd991ef30884f8c8b1.png?w=1000,중불,120,
6961309,4,마늘이 노릇하게 익으면 고추참치를 넣고 2분간 볶아줍니다.,https://recipe1.ezmember.co.kr/cache/recipe/2021/07/06/7092e82fa58a63a1ea44ab31c9b7447e1.png?w=1000,,120,
6961309,5,"파스타를 넣고, 면수 3-4큰술을 넣은 뒤 볶아줍니다.",https://recipe1.ezmember.co.kr/cache/recipe/2021/07/06/08d25e568bd96bd66b602c5fcf99d47f1.png?w=1000,,,
6961309,6,진간장 1/2큰술을 넣고 볶아줍니다.,https://recipe1.ezmember.co.kr/cache/recipe/2021/07/06/37418ed1129f2b7ad0a37ac3794232d91.png?w=1000,,,
6961309,7,마지막으로 굴소스 1/2큰술 넣고 볶아주면 완성!!,https://recipe1.ezmember.co.kr/cache/recipe/2021/07/06/db53a5de78490fa7eb9b4af95d2aa03f1.png?w=1000,,,
6863696,1,두부는 먹기좋게 잘라주세요,https://recipe1.ezmember.co.kr/cache/recipe/2017/01/09/fa8444e3794f38baef48935e551722441.jpg,,,
6863696,2,"소금,후추를 솔솔 뿌려 5분정도 놓아둔후에 키친타올로 물기를 제거해주세요",https://recipe1.ezmember.co.kr/cache/recipe/2017/01/09/c7b9bccf5102b3c786b06613a66396221.jpg,,300,
6863696,3,비닐봉투에 튀김가루를 넣어 물기제거한 두부에 튀김가루를 묻혀주세요 튀김가루대신 전분이나 밀가루를 이용하셔도 좋아요 근데 튀김가루나전분이 바삭하니 더 맛나답니다,https://recipe1.ezmember.co.kr/cache/recipe/2017/01/09/82be715120bcf71bca3503490235e0541.jpg,,,
6863696,4,달군팬에 기름을 두른후에 두부를 튀기듯 노릇하게 구워주세요,https://recipe1.ezmember.co.kr/cache/recipe/2017/01/09/ea1bb6c8b0a3c9d722e18053889940f01.jpg,,,
6863696,5,노릇노릇 이정도가 되면 잘 구워진거랍니다~ 밑면에 바삭바삭하답니다.. 불은 중약불로해서 구워주세요,https://recipe1.ezmember.co.kr/cache/recipe/2017/01/09/9eb86e3fa1c2db828aa1d4a888c58a851.jpg,약불,,
6863696,6,깻잎은 깨끗이 씻어 꼭지를 떼고 돌돌말아 채썰어주세요,https://recipe1.ezmember.co.kr/cache/recipe/2017/01/09/aeebab3905fea2fd2a07c3be464fcee51.jpg,,,
6863696,7,"양념재료를 모두 넣어주시고 깻잎도 넣어 섞어주세요 그릇에 구운두부를 담고 깻잎간장을 올려주시면 되는데요 손님초대요리로도 좋고 반찬,안주로도 좋을거 같아요",https://recipe1.ezmember.co.kr/cache/recipe/2017/01/09/5ecedc8db50aabddea1dd5966db92a881.jpg,,,
7046139,1,두부 반모를 잘라서 흐르는 물에 씻어 놓기.,https://recipe1.ezmember.co.kr/cache/recipe/2025/02/27/bb1aee1532ac1d423098ecaae2f2c44c1.jpg?w=1000,,,
7046139,2,"물기 제거 후 넓은 그릇( 평소 국수 담는 크기 그릇)에 담아 포크로 두부 으깨기. 면기 , 포크",https://recipe1.ezmember.co.kr/cache/recipe/2025/02/27/aadb2830a25e15213e7700722f4646591.jpg?w=1000,,,
7046139,3,"양파 반개를 잘게 썰어서 으깬 두부 위에 올려준다. 도마 , 조리용나이프",https://recipe1.ezmember.co.kr/cache/recipe/2025/02/27/7da60e7dc7899dceafaa99fc310713611.jpg?w=1000,,,
7046139,4,"토마토 파스타 소스 5스푼을 골고루 발라준다. (저는 오뚜기 토마토 파스타 소스를 사용 했어요!/ 시중에 파는 토마토 소스는 기본 소금, 후추 간이 되어 있어서 따로 간을 하지 않아도 됨! 혹시 100% 토마토 퓨레를 사용할 경우 후추와 소금 한 꼬집씩 넣기!)",https://recipe1.ezmember.co.kr/cache/recipe/2025/02/27/27daef7c730a2ed7a6e32907bba7007e1.jpg?w=1000,,,
7046139,5,그 위에 모짜렐라 치즈(70g)를 골고루 뿌려준다. (기호에 따라 더 넣으셔도 되세요.),https://recipe1.ezmember.co.kr/cache/recipe/2025/02/27/95fd8225ca454491af48ee23341a0af71.jpg?w=1000,,,
7046139,6,"랩을 씌운 후, 포크로 듬성듬성 3~4번 찔러서 전자레인지에 5분 돌려준다. 위생랩 , 포크 , 전자레인지",https://recipe1.ezmember.co.kr/cache/recipe/2025/02/27/736cfb3c7908a2dd9bf932336b17a0f01.jpg?w=1000,,300,
7046139,7,초간단 영양만점 '두부 치즈 그라탕' 완성!!!,https://recipe1.ezmember.co.kr/cache/recipe/2025/02/27/9c0b592d3423893b895dfe16e6e7eb161.jpg?w=1000,,,
6854893,1,황태채 길이가 엄청길어 가위로 5~6cm로 먹기 좋게 잘라 주었습니다.,https://recipe1.ezmember.co.kr/cache/recipe/2016/08/19/69237e19fad7217086a779693e44b45e1.jpg,,,
6854893,2,가위로 자른 황태채 2줌을 준비 했습니다.,https://recipe1.ezmember.co.kr/cache/recipe/2016/08/19/77ded394e5dacb625aa8a8f2778938101.jpg,,,
6854893,3,황태채는 물에 담궈 불리는 것이 아니라 물에 담궜다 바로 건져 물기를 꼭 짜 줍니다.,https://recipe1.ezmember.co.kr/cache/recipe/2016/08/19/704725dc6e9e821cf2bf55162b6baa911.jpg,,,
6854893,4,그리고 전분 3큰술을 고르게 묻혀 준 후 여분의 가루를 털어 줍니다.,https://recipe1.ezmember.co.kr/cache/recipe/2016/08/19/8e38f07e653f9d13980f7ac8ecff48d51.jpg,,,
6854893,5,그리고 달군 기름에 넣고 노릇하니 바삭하게 튀겨 건져 줍니다.,https://recipe1.ezmember.co.kr/cache/recipe/2016/08/19/30372dd3074ce1f70f7928f06e35e3ad1.jpg,,,
6854893,6,"팬에 고추장 1큰술, 케첩 1큰술, 핫소스 1큰술, 청주 2큰술, 매실청 1큰술, 물엿 1큰술, 다진마늘 1/2큰술 을 넣고 고르게 섞은 양념이 한번 바글하니 끓으면....",https://recipe1.ezmember.co.kr/cache/recipe/2016/08/19/fe70195a37dd8bb8c806befb988b9a481.jpg,,,
6854893,7,튀긴 황태를 넣고 재빠르게 양손으로 버무려 줍니다.,https://recipe1.ezmember.co.kr/cache/recipe/2016/08/19/250d01fc05c1257d1732a73022aa6c221.jpg,,,
6854893,8,통깨 솔솔~ 뿌려 맛나게 드시면 되겠습니다. 순살 치킨강정 같은 황태강정입니다. 자꾸 손이 가네요~~,https://recipe1.ezmember.co.kr/cache/recipe/2016/08/19/e71da9b84fb69af3cf8767a132f4f86d1.jpg,,,
6916408,1,메추리알과 스팸하나면 반찬걱정 끝!,https://recipe1.ezmember.co.kr/cache/recipe/2019/07/24/88b392811f79c70479ea515cc292f2a21.jpg?w=1000,,,
6916408,2,스팸 반캔 또는 1캔 네모네모 잘라주세요.,https://recipe1.ezmember.co.kr/cache/recipe/2019/07/24/0a7df13cfce156230c192001a229fa8c1.jpg?w=1000,,,
6916408,3,간장 6스푼을 넣어주세요. (선택재료) 맛술2스푼 감칠맛 추가,https://recipe1.ezmember.co.kr/cache/recipe/2019/07/24/d3e0cab0adb5deede4c3c7e0c49056401.jpg?w=1000,,,
6916408,4,설탕 1스푼 반을 넣어주세요.,https://recipe1.ezmember.co.kr/cache/recipe/2019/07/24/83abcd3e1c643420ef736aeaf293073d1.jpg?w=1000,,,
6916408,5,물은 종이컵1잔 분량 붓기.,https://recipe1.ezmember.co.kr/cache/recipe/2019/07/24/03d642f41e07fadc55a006a03b45d6bb1.jpg?w=1000,,,
6916408,6,다진마늘 커피스푼1 매콤한 맛을 좋아한다면 청양고추 또는 꽈리고추 추가 아이를 위한 반찬이라면 이 단계 생략!,https://recipe1.ezmember.co.kr/cache/recipe/2019/07/24/787f34b2dada0d809c9b96a552faa4a71.jpg?w=1000,,,
6916408,7,7분~8분 동안 졸여주세요.,https://recipe1.ezmember.co.kr/cache/recipe/2019/07/24/514fc8d58c2f24609cd418324ab9b9b71.jpg?w=1000,,420,
6916408,8,"가스불 끄기 직전 올리고당 한바퀴 빙 둘러주시고 참기름 1스푼, 통깨 뿌리면 초간단 반찬 완성!",https://recipe1.ezmember.co.kr/cache/recipe/2019/07/24/c9cf9417be2d39466086b8f09d1b47a11.jpg?w=1000,,,
7030325,1,도토리묵무침을 소개합니다.,https://recipe1.ezmember.co.kr/cache/recipe/2024/07/13/b87ab71db81003621f77e10ecf0e01181.jpg?w=1000,,,
7030325,2,"도토리묵은 묵칼을 이용해서 길게 썰어서 준비합니다. 도마 , 묵칼 , 접시 , 조리용스푼 도토리묵 손질법",https://recipe1.ezmember.co.kr/cache/recipe/2024/07/13/6d3c4e15f66ee14abc6da0f528c0afa91.jpg?w=1000,,,
7030325,3,탱글탱글하게 먹을수 있는 방법은 일단 먼저 양념을 하기전에 바로 참기름으로 먼저 도토리묵을 버무려주는 것이 포인트 입니다.,https://recipe1.ezmember.co.kr/cache/recipe/2024/07/13/66096759a8a8c6ae1f31679e0469c8d51.jpg?w=1000,,,
7030325,4,대파를 송송 썰어서 넣어주세요. 대파 손질법,https://recipe1.ezmember.co.kr/cache/recipe/2024/07/13/cd4cadb0d08ebc02f67699239278a7871.jpg?w=1000,,,
7030325,5,"통깨,소금,후춧가루를 넣어주세요. 조미김을 썰어서 넣어주세요.",https://recipe1.ezmember.co.kr/cache/recipe/2024/07/13/55d6cf2c2878c907772d69176c1a431b1.jpg?w=1000,,,
7030325,6,도토리묵이 으깨지지 않도록 조심히 버무려주세요.,https://recipe1.ezmember.co.kr/cache/recipe/2024/07/13/1c50a0a0554010fedf1778bd13fa13381.jpg?w=1000,,,
7030325,7,도토리묵무침이 완성이 되었습니다.,https://recipe1.ezmember.co.kr/cache/recipe/2024/07/13/010c1279812e5fc5d70d1b21ddfe8ace1.jpg?w=1000,,,
6876875,1,★양파 볶기 버터를 녹인 후라이팬에 양파를 볶아주세요,https://recipe1.ezmember.co.kr/cache/recipe/2017/09/21/c61060aa1cfb9186c9f052e3da7396881.png?w=1000,,,
6876875,2,"★소스만들기 양파가 투명해지면 우유와 전분가루, 치킨스톡, 후추, 소금을 넣고 졸여주세요",https://recipe1.ezmember.co.kr/cache/recipe/2017/09/21/004ee446b98e781ed713fbfbb5c9f6be1.png?w=1000,,,
6876875,3,★닭가슴살 굽기 다른 후라이팬에 올리브유를 두르고 닭가슴살을 앞뒤로 구워주세요,https://recipe1.ezmember.co.kr/cache/recipe/2017/09/21/e64a5cba69c455689cdeb90cfbfefe4e1.png?w=1000,,,
6876875,4,★완성 접시에 닭가슴살을 담고 소스를 올리고 파슬리를 뿌려주면 완성,https://recipe1.ezmember.co.kr/cache/recipe/2017/09/21/127d9dd4cbb9f7da7b8187fb2bb9764a1.png?w=1000,,,
6932924,1,재료 준비해 주세요~,https://recipe1.ezmember.co.kr/cache/recipe/2020/05/19/8244957aaea489e351da6dcf6d4013731.jpg,,,
6932924,2,감자는 먹기 좋은 크기로 썰고 청양고추는 송송 썰고 비엔나소시지는 끓는 물에 한번 샤워시켜 준 다음 이등분해 썰어주면 재료 준비 끝!,https://recipe1.ezmember.co.kr/cache/recipe/2020/05/19/8bd0655f1bca5b314a3b384372e594181.jpg,,,
6932924,3,팬에 기름 약간 두르고 감자 넣고 1~2분 볶아 기름코팅을 시켜 준 다음 물 반컵 넣어 주세요~ 감자 기름에 볶은 후 조리면 잘 부서지지도 않고 간도 잘 배여요~,https://recipe1.ezmember.co.kr/cache/recipe/2020/05/19/22d8befbea52dd0ecd6c9b8a087d35c31.jpg,,120,
6932924,4,"적힌 분량의 간장, 굴소스, 황설탕, 맛술, 다진마늘, 올리고당을 넣어 주세요~",https://recipe1.ezmember.co.kr/cache/recipe/2020/05/19/cecb61653984873a53d832f2a9c30fbf1.jpg,,,
6932924,5,소시지 넣고 한번 휘저어 섞은 후 뚜껑 닫고 감자가 익도록 3분 정도만 끓여 주세요~,https://recipe1.ezmember.co.kr/cache/recipe/2020/05/19/257b8a5e9ac12955d4ebb001192eeb0a1.jpg,,180,
6932924,6,"마지막에 식초 1티스푼 넣고 센불로 볶아 식초향 날린 후 청양고추 넣고 한번 뒤적거려 준 다음 불 끄고 참기름, 깨소금 , 후추 약간 넣어 마무리 하면 완성!",https://recipe1.ezmember.co.kr/cache/recipe/2020/05/19/a20b01b473cbd7f98cacfd9796bddacb1.jpg,강불,,
6932924,7,슴슴하게 간이 적당하게 배여 밥반찬으로 넘 좋은 소시지 감자조림입니다,https://recipe1.ezmember.co.kr/cache/recipe/2020/05/19/e727c23ef67aabda0a6c5d7b37e60dec1.jpg,,,
6913489,1,"물기를 제거한 캔옥수수와 설탕,마요네즈를 넣고 잘 섞어주세요",https://recipe1.ezmember.co.kr/cache/recipe/2019/06/07/8d96eb5400ecd4ee58983515fec39c3f1.png?w=1000,,,
6913489,2,식빵 한장에 방금 만든 콘마요를 골고루 잘 올려 주세요,https://recipe1.ezmember.co.kr/cache/recipe/2019/06/07/f09566e7ace6e052b4a1bc2821c4e43f1.png?w=1000,,,
6913489,3,이제 치즈를 넉넉하게 뿌려주신뒤 파슬리 가루도 솔솔 뿌려주셔요 파슬리가루 없으시면 패스하세요,https://recipe1.ezmember.co.kr/cache/recipe/2019/06/07/bce1cf7159f476e64d3e737a6c301c7a1.png?w=1000,,,
6913489,4,170도에 4분 돌려주심 끝!집에 가지고 계신 에어프라이어마다 화력이 약간씩 다르니 기호에 맞게 1-2분 더 추가해주시면 되겠습니다 에어프라이어,https://recipe1.ezmember.co.kr/cache/recipe/2019/06/07/fedd71f63de2030400da48efbb3ce69b1.png?w=1000,,240,
6913489,5,"에어프라이어로 뚝딱 만든 콘치즈 토스트 완성됬어요. 한입 먹어보면 손을 멈출수 없게 맛있답니다, 강추해요!",https://recipe1.ezmember.co.kr/cache/recipe/2019/06/07/ad636262a3365c4eef9115a6aca6c9501.png?w=1000,,,
7022752,1,"양파랑 대파 적당한 크기로 썰어주고 도마 , 조리용나이프 , 믹싱볼 양파 손질법 레시피",https://recipe1.ezmember.co.kr/cache/recipe/2024/03/22/00cb5aa41a9515e0cb1b36fd1f7de1971.jpg?w=1000,,,
7022752,2,"양념도 준비해주고 면기 , 조리용스푼",https://recipe1.ezmember.co.kr/cache/recipe/2024/03/22/69632b8ddc7d6eacd06de0b037a019f01.jpg?w=1000,,,
7022752,3,삼겹살 먹기 좋은 크기로 잘라서 궁중팬,https://recipe1.ezmember.co.kr/cache/recipe/2024/03/22/3c3e722f256b357450af4435d99ed55c1.jpg?w=1000,,,
7022752,4,구워주고,https://recipe1.ezmember.co.kr/cache/recipe/2024/03/22/0621ba0d5aef56da75bb97fcef14f1bd1.jpg?w=1000,,,
7022752,5,김치 대파 양파,https://recipe1.ezmember.co.kr/cache/recipe/2024/03/22/a46bfa7523a5003384a628357156634d1.jpg?w=1000,,,
7022752,6,그리고 양념까지 다 때려넣고,https://recipe1.ezmember.co.kr/cache/recipe/2024/03/22/387fde8d12a1f0ba190c794405cb0f351.jpg?w=1000,,,
7022752,7,볶아주면 완성~~~,https://recipe1.ezmember.co.kr/cache/recipe/2024/03/22/6e71e4775e74798d6cd1ce3c3aad58451.jpg?w=1000,,,
6909570,1,재료를 준비해주세요.,https://recipe1.ezmember.co.kr/cache/recipe/2019/03/31/2bc1e101e471b2677f3c37a6c678af021.jpg,,,
6909570,2,돼지 앞다리살 200g,https://recipe1.ezmember.co.kr/cache/recipe/2019/03/31/d3d7007b15178036a0554728d419c5ba1.jpg,,,
6909570,3,잡채용 처럼 길게 썰어 주세요.,https://recipe1.ezmember.co.kr/cache/recipe/2019/03/31/7bb15088383d9c99089e6542cb635d981.jpg,,,
6909570,4,파프리카도 길쭉하게~,https://recipe1.ezmember.co.kr/cache/recipe/2019/03/31/350649299cba2c972fe935dc10a62c5e1.jpg,,,
6909570,5,청경채는 꼭지만 잘라 주세요.,https://recipe1.ezmember.co.kr/cache/recipe/2019/03/31/a3765c6f90783b0ced4c67961e54ff1a1.jpg,,,
6909570,6,간장 2스푼,https://recipe1.ezmember.co.kr/cache/recipe/2019/03/31/c3e0b05d8308d7a669e470e885188dfb1.jpg,,,
6909570,7,굴소스 1스푼,https://recipe1.ezmember.co.kr/cache/recipe/2019/03/31/3dd151c0f950aff964771d3d3e7515821.jpg,,,
6909570,8,올리고당(설탕) 2스푼,https://recipe1.ezmember.co.kr/cache/recipe/2019/03/31/7cf8509f31c76a8dfeec80f4167d7ac01.jpg,,,
6909570,9,다진마늘 1스푼,https://recipe1.ezmember.co.kr/cache/recipe/2019/03/31/4da943fb9f71ad14eb8fd85b9f648a7d1.jpg,,,
6909570,10,후추 조금,https://recipe1.ezmember.co.kr/cache/recipe/2019/03/31/15cc41f63dea244add6792dc320a03b11.jpg,,,
6909570,11,밀가루 1스푼,https://recipe1.ezmember.co.kr/cache/recipe/2019/03/31/aad56a069bb1c22be5cf0896cae2b74f1.jpg,,,
6909570,12,잘 섞어주세요.,https://recipe1.ezmember.co.kr/cache/recipe/2019/03/31/4006569f3b48ba15c130b5f6efec78451.jpg,,,
6909570,13,먼저 돼지고기를 수분이 없을 정도로 볶아주세요.,https://recipe1.ezmember.co.kr/cache/recipe/2019/03/31/2582064c58afac03b56113cd135aa6b11.jpg,,,
6909570,14,양념을 넣어주세요.,https://recipe1.ezmember.co.kr/cache/recipe/2019/03/31/3e842d9451c75b69e39779ff8f9eee1a1.jpg,,,
6909570,15,"청경채, 파프리카를 넣어주세요.",https://recipe1.ezmember.co.kr/cache/recipe/2019/03/31/bcce2ff7cd2d0ac8ddf6ebafe08f2b7b1.jpg,,,
6909570,16,청경채 숨이 죽을 정도로만 볶아 주세요.,https://recipe1.ezmember.co.kr/cache/recipe/2019/03/31/387be01ea0050a00d350be6567caad591.jpg,,,
6909570,17,기름없이 담백한 중국식 청경채 돼지 볶음 완성입니다.,https://recipe1.ezmember.co.kr/cache/recipe/2019/03/31/85965eaf458b5d9434207b9a878610b51.jpg,,,
6909570,18,총 509kcal,https://recipe1.ezmember.co.kr/cache/recipe/2019/03/31/a7266874a2c39ebac0bd8466a3c28e121.jpg,,,
6909570,19,맛있게 드시고 다이어트 성공하세요.,https://recipe1.ezmember.co.kr/cache/recipe/2019/03/31/e8eecffc3ef727d6ab224c04a9776f151.jpg,,,
6831048,1,식빵은 밀대로 밀어 아주 납작하게 만들어줍니다.,https://recipe1.ezmember.co.kr/cache/recipe/2015/08/03/d352ca846b94766d97e8bd0ed011dded1.jpg,,,
6831048,2,납작하게 밀은 식빵위에 딸기잼을 각각 한큰술씩 발라주세요.,https://recipe1.ezmember.co.kr/cache/recipe/2015/08/03/f465f9aa8348b24dc6f12a304cfa28c81.jpg,,,
6831048,3,도르르 말아주고 끝부분이 접착이 되도록 아랫부분으로 놓아둡니다.,https://recipe1.ezmember.co.kr/cache/recipe/2015/08/03/10c21e0a3faa2089b0f3828c446c18631.jpg,,,
6831048,4,계란 1개를 풀어준뒤 계란물에 퐁당퐁당 해주세요.,https://recipe1.ezmember.co.kr/cache/recipe/2015/08/03/2caa029446f255cc121c4f561e7e0f961.jpg,,,
6831048,5,팬에 버터를 두르고 데굴데굴 굴려가며 익혀줍니다.,https://recipe1.ezmember.co.kr/cache/recipe/2015/08/03/d571ba1f23e5a64a32a78bed5a52fc861.jpg,,,
6831048,6,"먹기좋게 한입크기로 썰어준뒤, 슈가파우더를 솔솔 뿌려냅니다.",https://recipe1.ezmember.co.kr/cache/recipe/2015/08/03/267933ec1c97259870db1467d3118b5b1.jpg,,,
6892728,1,신김치 밥그릇1을 준비합니다 가위로 먹기좋게 잘라주세요,https://recipe1.ezmember.co.kr/cache/recipe/2018/07/18/0ebf91a1b0da9666e1b74195e13ca2321.jpg,,,
6892728,2,양파 반개를 잘게 썰어서 준비합니다,https://recipe1.ezmember.co.kr/cache/recipe/2018/07/18/bfdbc628606766c1e091185fb3f439d21.jpg,,,
6892728,3,계란2개를 미리 풀어놓아요 소금 한꼬집만 넣어어요,https://recipe1.ezmember.co.kr/cache/recipe/2018/07/18/cbb8f0ef3c3879d3a400956d3438adc61.jpg?w=1000,,,
6892728,4,햄200g도 먹기좋은 크기로 썰어주세요,https://recipe1.ezmember.co.kr/cache/recipe/2018/07/18/5547cecd4f7a4315c7433f804282eb161.jpg,,,
6892728,5,햄은 아무것도 넣지않고 살짝 구워주세요,https://recipe1.ezmember.co.kr/cache/recipe/2018/07/18/66e85d578f3f8f23c173cf10a67966d61.jpg,,,
6892728,6,계란은 스크램블을 합니다,https://recipe1.ezmember.co.kr/cache/recipe/2018/07/18/e74d22db6b212d22dd8d795d046be8131.jpg,,,
6892728,7,팬에 기름1을 두르고 김치와 양파를 볶아주세요,https://recipe1.ezmember.co.kr/cache/recipe/2018/07/18/7480da26ae17916be288454684ca6d4a1.jpg,,,
6892728,8,올리고당 2T를 넣고 살짝 볶아주세요,https://recipe1.ezmember.co.kr/cache/recipe/2018/07/18/8313589bdf28b8104b4e20a5bcb8cb961.jpg,,,
6892728,9,불을 끄고 참기름1을 넣어 섞어주세요,https://recipe1.ezmember.co.kr/cache/recipe/2018/07/18/618da6956065ad2547a1eab65ff7f0911.jpg?w=1000,,,
6892728,10,밥1공기를 그릇에 담아줍니다,https://recipe1.ezmember.co.kr/cache/recipe/2018/07/18/0ed0c32294e2100a077d13841a5ae8b31.jpg,,,
6892728,11,세가지 토핑을 차례로 올려주면 완성,https://recipe1.ezmember.co.kr/cache/recipe/2018/07/18/6ba7f0100a2af3ddc3e50230495afc031.jpg?w=1000,,,
6868435,1,재료를 준비한다.,https://recipe1.ezmember.co.kr/cache/recipe/2017/04/14/19a5d39519beb1c5c2c9f16cff3d56091.png,,,
6868435,2,우선 양파를 잘게 다져준다.,https://recipe1.ezmember.co.kr/cache/recipe/2017/04/14/b594060fb4806c06355d7895828fc7631.png,,,
6868435,3,당근도 잘게 다져준다.,https://recipe1.ezmember.co.kr/cache/recipe/2017/04/14/27026d4cbaaca0375c2f3d8fcc0d61c01.png,,,
6868435,4,"기름 뺀 참치와 계란, 다진 야채, 소금을 넣어 섞어준다. # 당근은 생략하셔도 되지만 이럴때라도 당근을 모르는척 먹어보세요..히히 건강에 좋습니다!!",https://recipe1.ezmember.co.kr/cache/recipe/2017/04/14/9cb568bbdcdfc3825d512d311c838d2b1.png,,,
6868435,5,부침가루를 넣어가며 되직하게 만들어준다. * 예상질문 : 부침가루 없으면 어떡해요? * 미리답변 : 어차피 여기서 부침가루는 반죽을 서로 붙여주기 위한 용도이니 밀가루도 좋고 튀김가루도 좋아요ㅎㅎ,https://recipe1.ezmember.co.kr/cache/recipe/2017/04/14/3ea267e62bc4f2810d1b40c7c6c47d121.png,,,
6868435,6,한 덩어리씩 잡고 손으로 쳐준 후 모양을 잡아준다. 이 작업을 꼼꼼하게 해주셔야 구울 때 갈라지지 않아요.,https://recipe1.ezmember.co.kr/cache/recipe/2017/04/14/e34cf0ec735539befaaf723a504bef3a1.png,,,
6868435,7,팬에 기름을 두르고 구워준다. 중약불,https://recipe1.ezmember.co.kr/cache/recipe/2017/04/14/df5d802c91404c7b2f420cd7c8b817201.png,약불,,
6868435,8,한 면이 단단하게 익은 후 뒤집어준다. # 구울때 한면이 단단하게 익은 뒤에 뒤집어주셔야 모양을 유지합니다. 덜익었을때 뒤집으면 갈라져요!,https://recipe1.ezmember.co.kr/cache/recipe/2017/04/14/9b7d17d6e58392593ead5298c6ce7a7e1.png,,,
6868435,9,시판 돈가스 소스와 함께 곁들인다.,https://recipe1.ezmember.co.kr/cache/recipe/2017/04/14/8dbbf6a91f62bb2c883f11602354a8c61.png,,,
7004080,1,깨끗이 씻은 부추는 약 4cm 크기로 먹기좋게 자르고 양파도 가늘게 채썰어요~ 다진마늘 한큰술 넣어요.,https://recipe1.ezmember.co.kr/cache/recipe/2023/06/14/615d22dbdc7a12034bb941ae10e8fccc1.jpg?w=1000,,,
7004080,2,"고춧가루 3큰술, 멸치액젓 1.5큰술, 올리고당 반큰술, 매실액 한큰술, 국간장 한큰술, 깨 한큰술, 들기름 약간 넣어요.",https://recipe1.ezmember.co.kr/cache/recipe/2023/06/14/0107eed69d85da9711690882fd0034e31.jpg?w=1000,,,
7004080,3,﻿부추가 숨이 죽지 않게 살살 버무려요~,https://recipe1.ezmember.co.kr/cache/recipe/2023/06/14/d9fb7d224b77165bc24d6835bbf779b71.gif,,,
7004080,4,접시에 담고 깨 조금 더 뿌려주면 먹음직~ 맛있는 영양부추를 사용하였습니다.,https://recipe1.ezmember.co.kr/cache/recipe/2023/06/14/4dae3757d07811792f0df3cde2bbe76f1.jpg?w=1000,,,
6878340,1,궁중팬에 대패삼겹살을 넣어줍니다. 대패삼겹살 400g,https://recipe1.ezmember.co.kr/cache/recipe/2017/10/22/920b14c2677902423adb9a02681f2f4c1.jpg,,,
6878340,2,대파는 큼직하게 썰어서 준비합니다. 대파 2뿌리,https://recipe1.ezmember.co.kr/cache/recipe/2017/10/22/863eb1c22a859172023a9043001c32241.jpg,,,
6878340,3,대패삼겹살이 골고루 익도록 볶아줍니다. 강불,https://recipe1.ezmember.co.kr/cache/recipe/2017/10/22/74988e1659be2efc549fcc8a27c8b8111.jpg,강불,,
6878340,4,고기가 적당히 익으면 준비한 대파를 넣고 좀더 볶아줍니다. 강불,https://recipe1.ezmember.co.kr/cache/recipe/2017/10/22/0c6b91750d48816f610f812ec6dd52191.jpg,강불,,
6878340,5,대패삼겹살이 노릇해질 정도로 충분히 익혀준 뒤 중불,https://recipe1.ezmember.co.kr/cache/recipe/2017/10/22/39535dca4c1d9606e703ef121d7b39aa1.jpg,중불,,
6878340,6,설탕 2스푼을 넣고 한번 더 볶아줍니다. 설탕 2스푼 중불,https://recipe1.ezmember.co.kr/cache/recipe/2017/10/22/7a8c12c4d3a94d4301636250d013c5d61.jpg,중불,,
6878340,7,설탕을 넣고 볶아주면 고기에 윤기가 돌아요. 중불 설탕을 넣을 때는 불을 중불로 줄여야 타지않게 볶을 수 있어요.,https://recipe1.ezmember.co.kr/cache/recipe/2017/10/22/4f259a2d67dc2edaacdef6a1b81fea4e1.jpg,중불,,
6878340,8,맛간장 또는 진간장을 4큰술 넣고 한번 더 볶아줍니다. 중불 입맛에 따라 간장의 양은 조절해야 해요!,https://recipe1.ezmember.co.kr/cache/recipe/2017/10/22/e6e67a5c7acb207959b3a88fc9d1790e1.jpg,중불,,
6878340,9,삼겹살에 간장 양념이 골고루 베이도록 볶아주면 완성이에요^^,https://recipe1.ezmember.co.kr/cache/recipe/2017/10/22/f7d41201affe2349faa8e504f8d281a61.jpg,,,
6878340,10,"오목한 그릇에 따뜻한밥을 담고, 그 위에 볶은 고기를 올려주면 대패덥밥 완성!",https://recipe1.ezmember.co.kr/cache/recipe/2017/10/22/2a50845ee9469d334ea4ad37c8d4706b1.jpg,,,
6953539,1,"달걀은 물에 소금, 식초를 넣고 15분간 삶는다.",https://recipe1.ezmember.co.kr/cache/recipe/2021/02/16/401173e8ae080448680d55d5882596971.jpg?w=1000,,900,
6953539,2,삶은 달걀은 찬물에 담가 껍질을 벗긴다.,https://recipe1.ezmember.co.kr/cache/recipe/2021/02/16/3b6448b3ac06bd9b5bdf6a8d7e7803ab1.jpg?w=1000,,,
6953539,3,방울토마토는 슬라이스하고 슬라이스치즈는 한 입 크기로 썬다.,https://recipe1.ezmember.co.kr/cache/recipe/2021/02/16/389d5a6938f85026ebd6dbc15e335d251.jpg?w=1000,,,
6953539,4,삶은 달걀을 2등분 한다. 다이어트식으로 드실 경우 소스를 빼주세요.,https://recipe1.ezmember.co.kr/cache/recipe/2021/02/16/6c76db3e77b32847225a7bdee1d52b061.jpg?w=1000,,,
6953539,5,달걀>샐러드채소>토마토>슬라이스치즈>슬라이스햄> 스리라차소스>달걀 순으로 올린 뒤 꼬지를 꽂아 완성한다. 꼬지,https://recipe1.ezmember.co.kr/cache/recipe/2021/02/16/943ca04b01a6f13ed8eaee7d5eb8a1c81.jpg?w=1000,,,
6922190,1,닭다리살 400g (닭가슴살을 사용하셔도 좋아요^^) 쯔유 2T 소금1/2t 올리고당 2T 다진 마늘 2T 통후추1t 올리브유 2T ※쯔유 대신 진간장을 사용하셔도 돼요. 쯔유는 진간장보다 감칠맛과 단맛이 더 난답니다:),https://recipe1.ezmember.co.kr/cache/recipe/2019/11/15/8e011d73a77a54a0fe92fe18ea011bec1.jpg?w=1000,,,
6922190,2,고기에 양념을 해줄게요,https://recipe1.ezmember.co.kr/cache/recipe/2019/11/15/339b7bd9d3bae9fc2e8ea6fc093cac3e1.jpg?w=1000,,,
6922190,3,쯔유 2큰술,https://recipe1.ezmember.co.kr/cache/recipe/2019/11/15/0de7f01bd5230ab6d4fdf02446d4e48e1.jpg?w=1000,,,
6922190,4,소금 1/2작은술,https://recipe1.ezmember.co.kr/cache/recipe/2019/11/15/187a48ac349c2150b78721c8689e93e31.jpg?w=1000,,,
6922190,5,올리고당 2큰술,https://recipe1.ezmember.co.kr/cache/recipe/2019/11/15/0135b9819553475d9559ddc1689a5c941.jpg?w=1000,,,
6922190,6,다진 마늘 2큰술,https://recipe1.ezmember.co.kr/cache/recipe/2019/11/15/a758d7acbf078352cc91212cb9b647561.jpg?w=1000,,,
6922190,7,통후추 1작은술,https://recipe1.ezmember.co.kr/cache/recipe/2019/11/15/f2bda40bc5b87d565ab9503c13719db41.jpg?w=1000,,,
6922190,8,잘 섞어주세요,https://recipe1.ezmember.co.kr/cache/recipe/2019/11/15/be98251e056f4d6a7e676977f99e8dc91.jpg?w=1000,,,
6922190,9,마지막으로 올리브유 2큰술도 넣어줄게요,https://recipe1.ezmember.co.kr/cache/recipe/2019/11/15/e8459d6ab51d055b90677c2ad206b4691.jpg?w=1000,,,
6922190,10,다시 한 번 고기를 잘 주물러주세요,https://recipe1.ezmember.co.kr/cache/recipe/2019/11/15/6309a3f54e655af2fc9370cc3d69bc341.jpg?w=1000,,,
6922190,11,이제 고기를 숙성시키기 위해 랩을 씌울게요,https://recipe1.ezmember.co.kr/cache/recipe/2019/11/15/eb9833c59c683003a6c351e0631ea6001.jpg?w=1000,,,
6922190,12,"바로 구워 드셔도 되지만, 반나절 정도 냉장고에 숙성시키면 고기에 간이 더 잘 베여서 맛있어요",https://recipe1.ezmember.co.kr/cache/recipe/2019/11/15/9f9e0df5264377748e61bb2d6c6002a01.jpg?w=1000,,,
6922190,13,반나절 숙성시킨 고기를 냉장고에서 꺼내고,https://recipe1.ezmember.co.kr/cache/recipe/2019/11/15/17ca3a8bf6c28462b46addf47367a57a1.jpg?w=1000,,,
6922190,14,예열된 후라이팬에 구워볼게요,https://recipe1.ezmember.co.kr/cache/recipe/2019/11/15/8bfb4de9d2203e4c5f9e10e60688ea7e1.jpg?w=1000,,,
6922190,15,닭 껍질 부분이 아래쪽으로 향하게 놓고 구워주세요,https://recipe1.ezmember.co.kr/cache/recipe/2019/11/15/229156582e3aa06a22470b2cebb15d3c1.jpg?w=1000,,,
6922190,16,그리고 곧바로 물을 100ml정도 부어주세요,https://recipe1.ezmember.co.kr/cache/recipe/2019/11/15/c9a6885a9044323f110f4aee1838499f1.jpg?w=1000,,,
6922190,17,이제 뚜껑을 닫고 중불에서 5분정도 익혀줄게요,https://recipe1.ezmember.co.kr/cache/recipe/2019/11/15/f04f86172d0ed2bd3adcc386fea665491.jpg?w=1000,중불,300,
6922190,18,5분이 지나면 뚜껑을 열고 고기를 한 번씩 뒤집어주세요,https://recipe1.ezmember.co.kr/cache/recipe/2019/11/15/db3f4d0e0f50a73c91c49cbf349aeaf11.jpg?w=1000,,300,
6922190,19,다시 뚜껑을 닫고 중불에서 5분정도 익혀주세요,https://recipe1.ezmember.co.kr/cache/recipe/2019/11/15/54eaf610fe5eaed360640b4b5bd475c21.jpg?w=1000,중불,300,
6922190,20,다시 5분이 지나면 뚜껑을 열고 고기를 뒤집어주세요,https://recipe1.ezmember.co.kr/cache/recipe/2019/11/15/aa80acfee4b0af7cc040e9d9023e05f21.jpg?w=1000,,300,
6922190,21,이제 고기가 타지 않게 잘 살펴보면서 골고루 익혀주세요,https://recipe1.ezmember.co.kr/cache/recipe/2019/11/15/35f3cbd6a1fbe4104743868449920a251.jpg?w=1000,,,
6922190,22,노릇노릇 맛있게 구워지고 있어요,https://recipe1.ezmember.co.kr/cache/recipe/2019/11/15/9d742084e7c37233be1dc7da2fd2661c1.jpg?w=1000,,,
6922190,23,이제 그릇에 담아볼게요,https://recipe1.ezmember.co.kr/cache/recipe/2019/11/15/abc52b8188e233fe85077a016768f5e21.jpg?w=1000,,,
6922190,24,입에서 살살 녹는 닭다리살 스테이크 완성:),https://recipe1.ezmember.co.kr/cache/recipe/2019/11/15/320a6fb96e4c3cff84a5b88234d05ca51.jpg?w=1000,,,
6922190,25,오늘 하루도 건강한 집 밥 챙겨드세요! -집밥한그릇- ♥♥♥‘구독’과 ‘좋아요’ 는 사랑입니다.♥♥♥ 유튜브 구독링크♥ http://bit.ly/2QnUGbz,https://recipe1.ezmember.co.kr/cache/recipe/2019/11/15/90eb95c1e5d91218f6e1e73f2e5db65a1.jpg?w=1000,,,
6980995,1,"양념 먼저 만듭니다. 설탕 투하! 설탕 2스푼 밥숟가락 , 국그릇 양념 만드는 순간 이 레시피 절반은 끝!",https://recipe1.ezmember.co.kr/cache/recipe/2022/06/09/cceca00f15c6469eb29e519edee8871c1.jpg,,,
6980995,2,"고춧가루 투하! 고춧가루 2스푼 밥숟가락 , 국그릇",https://recipe1.ezmember.co.kr/cache/recipe/2022/06/09/64f5703a326e2138ba5e165cd4d212ca1.jpg,,,
6980995,3,"고추장 투하! 고추장 2스푼 밥숟가락 , 국그릇",https://recipe1.ezmember.co.kr/cache/recipe/2022/06/09/b8c9eaf7462a037be447a49e8f5432c71.jpg,,,
6980995,4,"맛술 투하! 맛술 2스푼 밥숟가락 , 국그릇",https://recipe1.ezmember.co.kr/cache/recipe/2022/06/09/81bbc3df4563431dc7ed93f90579139b1.jpg,,,
6980995,5,"진간장 투하! 진간장 3스푼 밥숟가락 , 국그릇",https://recipe1.ezmember.co.kr/cache/recipe/2022/06/09/9e76eb2d5323db4057a78795a6b23e981.jpg,,,
6980995,6,"다진마늘 투하! 모두 섞어주면 양념 완성! 다진마늘 2스푼 밥숟가락 , 국그릇",https://recipe1.ezmember.co.kr/cache/recipe/2022/06/09/fbd328921bde6270caf15a6a721028f61.jpg,,,
6980995,7,"양파와 대파 형제 커트! 양파 반개, 대파 반줄 도마 , 칼",https://recipe1.ezmember.co.kr/cache/recipe/2022/06/09/59ef919d19c3f36d2c2912f16dc401f71.jpg,,,
6980995,8,"삼겹살 커트! 삼겹살 600g 도마 , 칼",https://recipe1.ezmember.co.kr/cache/recipe/2022/06/09/ba8f9fd2c5bac72ed8f62371460443691.jpg,,,
6980995,9,"양파와 대파와 삼겹살과 양념 합체! 1~6번에서 만들어 둔 양념, 7번에서 커트해 둔 파 형제, 8번에서 커트한 삼겹살 투명보울",https://recipe1.ezmember.co.kr/cache/recipe/2022/06/09/971729904fb54e058981911547b0a8951.jpg,,,
6980995,10,"랩으로 씌워서 20~30분간 실온에 재워주세요. 9번에서 합체한 고추장삼겹살 투명보울 , 랩 , 침대 , 베개 , 이불",https://recipe1.ezmember.co.kr/cache/recipe/2022/06/09/6e2cf43b37e9e086cec0ca8df48804cb1.jpg,,1800,
6980995,11,"잠자던 고추장삼겹살을 깨워서 기름 두르고 볶아주세요. 10번에서 재워 둔 고추장삼겹살, 식용유 적당히 후라이팬 , 조리용 스푼 약불 양념이 탈 수 있으니 약불에서 시작하고 채수가 빠져나오면 중불로 넘어가세요.",https://recipe1.ezmember.co.kr/cache/recipe/2022/06/09/254e22e85b78588dbb975e988047217d1.jpg,약불,,
6980995,12,"어느정도 익었다 싶으면 청양공주를 어슷 커트해서 투하! 청양고추 3개 후라이팬 , 가위 중불",https://recipe1.ezmember.co.kr/cache/recipe/2022/06/09/8a2cfb30876e1c895dc45fa0885df9dd1.jpg,중불,,
6980995,13,다 익으면 불 끄고 쏠트배(Nusr-et) 느낌으로 산발적 깨 투하! 깨 적당히 손(Hand),https://recipe1.ezmember.co.kr/cache/recipe/2022/06/09/6d105b6fc49de9ebb50558d0298605941.jpg,,,
6886281,1,먼저 해동한 떡을 먹기좋게 썰어줍니다.,https://recipe1.ezmember.co.kr/cache/recipe/2018/03/28/199d2f07553f4002f7dcdfb5caa261d11.png,,,
6886281,2,팬에 기름을 두르고 떡을 구워주세요 약불,https://recipe1.ezmember.co.kr/cache/recipe/2018/03/28/7564250313e0f0b801ad225da14f55581.png,약불,,
6886281,3,양념을 모두 넣고 졸여줍니다 중약불,https://recipe1.ezmember.co.kr/cache/recipe/2018/03/28/c0b7091eaa7d6f868b9e081c9c4f1f881.png,약불,,
6886281,4,소스가 끈적해지면 떡을 넣고 섞어줍니다. 약불,https://recipe1.ezmember.co.kr/cache/recipe/2018/03/28/9ae4c90e9b6c4eb3eb67ffd20e5912b51.png,약불,,
6918977,1,새우는 껍질을 깐 뒤 내장을 제거한다.,https://recipe1.ezmember.co.kr/cache/recipe/2019/09/10/c3e421b47cc1e70483fb1ef997c4909c1.jpg,,,
6918977,2,"손질한 새우에 소금, 올리브유, 후추를 약간씩 넣고 버무린 다음 10분간 재운다.",https://recipe1.ezmember.co.kr/cache/recipe/2019/09/10/55be50c69ebc4fd8a14c00652571b8a11.jpg,,600,
6918977,3,"버터 20g, 다진 마늘 2큰술, 올리고당 2큰술, 파슬리 가루 약간을 넣어 버터갈릭 소스를 만든다.",https://recipe1.ezmember.co.kr/cache/recipe/2019/09/10/e869a1216c7514f21750b46fe884d9161.jpg,,,
6918977,4,프라이팬을 중불로 달군 뒤 새우를 넣고 굽는다.,https://recipe1.ezmember.co.kr/cache/recipe/2019/09/10/60384b3b691dcf61bcee76895fbd81df1.jpg,중불,,
6918977,5,새우가 살짝 익으면 만들어 둔 버터갈릭 소스를 넣고 볶는다.,https://recipe1.ezmember.co.kr/cache/recipe/2019/09/10/bd2544bbc81976399e9f70c795a2fc481.jpg,,,
6918977,6,버터갈릭 소스가 졸아들 때까지 계속 볶으면 버터갈릭새우가 완성된다.,https://recipe1.ezmember.co.kr/cache/recipe/2019/09/10/1381426386b9c5b33e31a433f1ebb2bf1.jpg,,,
7073275,1,당근 1/2개를 취향껏 잘라주세요. 저는 잘게 다졌지만 깍둑걸기나 채썰기로 준비하셔도 돼요,https://recipe1.ezmember.co.kr/cache/recipe/2026/03/18/124844d16aab02b5dcbb70128c4a1e5f1.jpg?w=1000,,,
7073275,2,오일 두른 팬에 당근이 반투명색이 될때까지 볶아주세요,https://recipe1.ezmember.co.kr/cache/recipe/2026/03/18/d39bf8b33deab13eb483480dad383c3d1.jpg?w=1000,,,
7073275,3,고추참치 한캔을 넣어줍니다,https://recipe1.ezmember.co.kr/cache/recipe/2026/03/18/4c817d688f86a08a0c6d428287f839c51.jpg?w=1000,,,
7073275,4,고추참치에 다진마늘 한스푼넣고 볶아주세요,https://recipe1.ezmember.co.kr/cache/recipe/2026/03/18/17861cbb247cebee796cbbea1c4bc0981.jpg?w=1000,,,
7073275,5,데코용 쪽파를 쫑쫑 썰어주세요,https://recipe1.ezmember.co.kr/cache/recipe/2026/03/18/c9f8c9a9b0c01c201fb32b08630869af1.jpg?w=1000,,,
7073275,6,준비된 밥 위로 볶은 당근과 고추참치를 올려주세요,https://recipe1.ezmember.co.kr/cache/recipe/2026/03/18/9b1908668bad13f92012049ced42e0141.jpg?w=1000,,,
7073275,7,그 위로 쪽파를 뿌려줍니다,https://recipe1.ezmember.co.kr/cache/recipe/2026/03/18/c18d6fea3373d69707865eb94df0186a1.jpg?w=1000,,,
7070124,1,두부 반 모를 물에 헹군 후 먹기 좋은 크기로 잘라 주세요. 두부 반 모면 1인분 정도를 만들 수 있어요.,https://recipe1.ezmember.co.kr/cache/recipe/2026/01/18/25a1654b12dbaa1f12da9c41d4098a3c1.jpg,,,
7070124,2,썰어놓은 두부를 키친타올 위에 올려주세요. 두부는 수분이 많아서 그대로 부치면 기름이 튀거나 잘 부서질 수 있기 때문에 물기를 꼭 제거해야 해요. 키친타올을 덮고 2~3분 정도 두면 자연스럽게 수분이 빠집니다. 급할 땐 손으로 살짝 눌러서 수분을 빼도 좋아요.,https://recipe1.ezmember.co.kr/cache/recipe/2026/01/18/cb4c7ed1d5f75996c5795b6cf26781ca1.jpg,,180,
7070124,3,"작은 볼에 계란 1개를 깨고, 소금 0.5작은술을 넣어줍니다. 젓가락으로 노른자와 흰자가 완전히 섞일 때까지 풀어주세요. 부드럽게 저어서 계란물을 잘 풀어 주세요.",https://recipe1.ezmember.co.kr/cache/recipe/2026/01/18/6ac249cd4b0355cb6bc12cb15606bf4d1.jpg,,,
7070124,4,물기를 뺀 두부를 하나씩 계란물에 넣고 골고루 묻혀주세요. 두부 표면에 계란이 충분히 감싸지도록 해야 구웠을 때 노릇하고 고소하게 나와요.,https://recipe1.ezmember.co.kr/cache/recipe/2026/01/18/93cd21eb46e21193a2e78007346c606c1.jpg,,,
7070124,5,후라이팬을 중약불로 예열하고 들기름 1큰술을 두르고 중약불로 예열해 주세요. 팬이 달궈지면 계란물을 입힌 두부를 하나씩 조심스럽게 올려주세요. 이때 불은 중약불로 유지해 주세요.,https://recipe1.ezmember.co.kr/cache/recipe/2026/01/18/4d0bab612929674baa830f7f4ca665491.jpg,약불,,
7070124,6,"한 면이 노릇노릇해질 때까지 약 2~3분간 구운 후, 젓가락이나 뒤집개로 조심스럽게 뒤집어줍니다. 그리고 반대쪽도 노릇해질 때까지 잘 구워 주세요.",https://recipe1.ezmember.co.kr/cache/recipe/2026/01/18/d0db51922b7979ad90045672931119731.jpg,,180,
7070124,7,고소하고 맛있는 계란두부부침 완성이에요.,https://recipe1.ezmember.co.kr/cache/recipe/2026/01/18/a9b4c131f566ae9058e00b257b88f0f81.jpg,,,
6847506,1,가지는 단단하고 보라색이 진한것 좋아요.. 깨끗하게 씻어 주어요.,https://recipe1.ezmember.co.kr/cache/recipe/2016/05/03/31860314ea33809b5f0bdaae044624591.jpg,,,
6847506,2,가지를 반으로 잘라서 칼집을 내어요. 너무 깊게 내면 찢어 질수가 있으니 조심.. (벌집 모양처럼),https://recipe1.ezmember.co.kr/cache/recipe/2016/05/03/a711aa682e3a870d4bbd92f651cea9ad1.jpg,,,
6847506,3,"가지스테이크 소스를 만들어 줄거예요. 고추장2, 마늘1, 설탕1,올리고당1, 참기름2, 참깨 넣고 * 맛을 보아 조절 하세요..",https://recipe1.ezmember.co.kr/cache/recipe/2016/05/03/37ba9226e88fcf1174a3518c355717d21.jpg,,,
6847506,4,팬에 참기름을 조금 두르고 살짝 구었어요. * 약불에서 구어 주어요.,https://recipe1.ezmember.co.kr/cache/recipe/2016/05/03/ad72dfcd64a7fb36e6f20c4adf4aaf871.jpg,약불,,
6847506,5,가지살이 살짝이 이렇게 익으면 된답니다. * 너무 물러도 좋지 않아요.,https://recipe1.ezmember.co.kr/cache/recipe/2016/05/03/defd8e7a126f0768471bbf354c9879671.jpg,,,
6847506,6,만들어둔 양념을 가지살에 살살 발라 주어요.,https://recipe1.ezmember.co.kr/cache/recipe/2016/05/03/54b50c984a9d01c9ac2f62af0c9087f61.jpg,,,
6847506,7,양념이 다 발라졌다면 뒤집어서.. 아주 살짝이 양념이 배이면서 익도록 해요.(1~2분정도) * 불조절 약약불로.. 그렇지 않으면 탈수가 있어요.,https://recipe1.ezmember.co.kr/cache/recipe/2016/05/03/1e5b4a9c26963f99bfc035e62b8713ac1.jpg,약불,120,
6847506,8,"접시에 한꺼번에 담아서 먹었지만.. 접시에 가지 스테이크 담고, 밥을 담아서 드셔도 좋을듯 합니다.",https://recipe1.ezmember.co.kr/cache/recipe/2016/05/03/28dc98dd289a28026d3c7747b30154b91.jpg,,,
6881806,1,"볼에 캔 옥수수 1컵을 담고(이때 물기를 빼주세요) 마요네즈 1, 허니 머스터드 1, 후춧가루 약간 넣어 섞어 줍니다.",https://recipe1.ezmember.co.kr/cache/recipe/2018/01/05/7b200ca2b1eb6cfbee359a810b955a5c1.jpg,,,
6881806,2,다시 피자치즈 70g을 넣고 고루 섞어주기,https://recipe1.ezmember.co.kr/cache/recipe/2018/01/05/4409c2417eb93987f9dd4c4402a0cf541.jpg,,,
6881806,3,모닝빵 6개를 준비하고 윗부분을 잘라 속을 파줍니다. 가운데 속을 파는 건 아이들에게 시켜주시면 돼요. 함께 준비하는 간식 ^^ 파낸 속은 자기 입속으로~~~ ㅋㅋㅋ,https://recipe1.ezmember.co.kr/cache/recipe/2018/01/05/67679e640b6e801206edb36cc0c449da1.jpg,,,
6881806,4,"버무려 놓은 옥수수를 모닝빵 속에 채워 넣어주세요. 그리고 오븐 180도에서 15분 정도 구워 주면 됩니다. 오븐이 없을 경우 전자레인지 사용하심 되는데요. 오븐에 구워주면 빵이 바삭하지만 전자레인지를 사용하면 바삭함은 없어요. 전자레인지 , 오븐",https://recipe1.ezmember.co.kr/cache/recipe/2018/01/05/59d38533cf0ee7e65f0aa1092ea083ab1.jpg,,900,
6881806,5,모닝빵 콘치즈 완성 ^^ 반으로 자르면 옥수수랑 치즈가 사이좋게 딱 붙어서 쭈~욱 눌어나고 쫀득하니 너무 맛나요,https://recipe1.ezmember.co.kr/cache/recipe/2018/01/05/e9494d56f160251f2e548a1872911f061.jpg,,,
6933349,1,먼저 깐 마늘은 물로 한번 헹구어 주시구요. 마늘이 너무 크다면 먹기좋게 반쪽으로 나눠 주세요,https://recipe1.ezmember.co.kr/cache/recipe/2020/05/26/8fedf49c6369f1da875043951737bda41.jpg,,,
6933349,2,달궈진 팬에 식용유를 둘러 준 뒤 마늘을 넣고 튀기듯 노릇노릇 구워 줍니다. 굽다보면 마늘의 알싸한 향이 올라와 군침돌아요,https://recipe1.ezmember.co.kr/cache/recipe/2020/05/26/f62a6edcaac76bd99acae6bca149e2061.jpg,,,
6933349,3,마늘이 노릇노릇 구워지면 아몬드도 넣고 살짝 볶아줍니다 아몬드 없으심 호두를 넣어주셔도 되고 그것도 없으시면 마늘만 넣고 만드셔도 되요,https://recipe1.ezmember.co.kr/cache/recipe/2020/05/26/ddbb2e4653a69513ec676c44fa63003a1.jpg,,,
6933349,4,다 볶아지면 미리 준비해둔 양념을 부어 약불에서 타지 않게 조려주심 끝^^,https://recipe1.ezmember.co.kr/cache/recipe/2020/05/26/105cb3a8b3e6ace1286b4c4a6b65df6c1.jpg,약불,,
6933349,5,정말 간단하게 만든 건강반찬 마늘아몬드 조림 완성이에요,https://recipe1.ezmember.co.kr/cache/recipe/2020/05/26/2ccb6c5f8cbf66109443e9cdc2a677561.jpg,,,
6933349,6,"물엿이 들어가서인지 윤기가 좌르르 흘러요.한번 먹어보니 알싸한 맛이 하나도 없고 정말 부드러우면서 맛있네요, 간장과 물엿의 양념들이 어우러져 단짠단짠한 맛이 밥과 함께 먹으면 참 맛있어요, 몸에 좋은 마늘과 아몬드의 조합이라 우리집 최애반찬으로 추천합니다^^암환자분들 항암반찬으로도 좋습니다.",https://recipe1.ezmember.co.kr/cache/recipe/2020/05/26/15d86fbbccf385bf69b0dd51afd38a001.jpg,,,
6875055,1,두부를 굽기 좋은 크기로 잘라주시고 소금을 약간 뿌려서 5분정도 놓아두세요. 소금을 뿌려놓으면 두부가 단단해져서 구울 때 잘 부셔지지 않는다고 해요.,https://recipe1.ezmember.co.kr/cache/recipe/2017/08/20/a7e25c6f964abeb8fba60d79818a83d51.jpg?w=1000,,300,
6875055,2,카레가루2T와 부침가루 1T를 섞어주세요.,https://recipe1.ezmember.co.kr/cache/recipe/2017/08/20/a427a59a5a3b775103bc9d4f23ed0c621.jpg?w=1000,,,
6875055,3,계란도 풀어주세요. (카레의 간이 있어서 계란에는 간을 하지 않으셔야 해요!),https://recipe1.ezmember.co.kr/cache/recipe/2017/08/20/26dba4febd3fdf80c7c9427a3aa27e981.jpg,,,
6875055,4,카레가루와 부침가루 섞은 것에 두부를 넣어 골고루 가루를 묻혀주고요.,https://recipe1.ezmember.co.kr/cache/recipe/2017/08/20/0e79dc6aeabe85f1315e66446f7f3d4d1.jpg?w=1000,,,
6875055,5,계란물에 포옥 담그어 기름을 두른 팬에 구워내 주시면 됩니다. 약불에서 지글지글 천천히 구워주세요.,https://recipe1.ezmember.co.kr/cache/recipe/2017/08/20/93984bdaef4d8d933fa7f768a59f18031.jpg?w=1000,약불,,
6875055,6,앞뒤로 뒤집어서 구워내 주면 카레향 솔솔 나는 맛있는 카레두부구이가 완성된답니다.,https://recipe1.ezmember.co.kr/cache/recipe/2017/08/20/84d6c1aa4a70097e0a280df364cdef681.jpg?w=1000,,,
6875055,7,쪽파나 브로콜리를 올리면 더 예쁜 카레두부부침 완성입니다.,https://recipe1.ezmember.co.kr/cache/recipe/2017/08/20/fed5bc580629bb4f6d151564123872081.jpg?w=1000,,,
7070465,1,양파 2개는 반으로 잘라 최대한 가늘게 채썰어요,https://recipe1.ezmember.co.kr/cache/recipe/2026/01/26/d8cb51ac480397d6cdd46ba55150b5f31.jpg?w=1000,,,
7070465,2,청양고추 15개 최대한 얇게 어슷썰어 준비해요,https://recipe1.ezmember.co.kr/cache/recipe/2026/01/26/c5bd4b4fa0b867cc33027e38864bf6051.jpg?w=1000,,,
7070465,3,"넉넉한 볼에 청양고추, 양파를 골고루 잘 섞어 내열유리반찬통에 담아주고",https://recipe1.ezmember.co.kr/cache/recipe/2026/01/26/0b316f7be12a6bd850c15fd4ebbcc63a1.jpg?w=1000,,,
7070465,4,"냄비에 분량의 재료들을 모두 넣어 센불에서 바르르~ 끓여주세요 진간장 1컵 (180~200ml), 물 1컵 (200ml), 설탕 100ml (6.5큰술)",https://recipe1.ezmember.co.kr/cache/recipe/2026/01/26/b36fa391a7d52b4096b09b6e037181131.jpg?w=1000,강불,,
7070465,5,"끓기 시작하면 불을 끄고 맛과 향이 날아가지 않도록 추가로 재료 넣어 골고루 잘 섞어주세요 식초 100ml, 맛술 50ml (3.5큰술)",https://recipe1.ezmember.co.kr/cache/recipe/2026/01/26/476275503f84aa0de302ddaf79c3bf7c1.png?w=1000,,,
7070465,6,양파와 청양고추에 간장물 모두 넣어 잘 섞어주면 양파청양고추장아찌 완성이에요~!,https://recipe1.ezmember.co.kr/cache/recipe/2026/01/26/a5ac89f6e0ceb480e0cd36c615251a231.jpg?w=1000,,,
6850385,1,먼저 분량의 양념을 볼에 넣어 준비합니다 (집집마다의 된장 염도 조절),https://recipe1.ezmember.co.kr/cache/recipe/2016/06/02/fa57980553bb9b1076060e4da36ac09f1.jpg,,,
6850385,2,준비해놓은 항정살을 양념볼에 넣고 조물조물 양념이 베이도록 해주세요,https://recipe1.ezmember.co.kr/cache/recipe/2016/06/02/a1aadc0be1f923170f06192a9564fcb11.jpg,,,
6850385,3,이대로 냉장고에 30분이상 재어놓습니다,https://recipe1.ezmember.co.kr/cache/recipe/2016/06/02/ffdb3a3e9f1b9543e9ee8af78e995fd81.jpg,,1800,
6850385,4,가열 된 팬에 종이호일을 깔고 중약불에 구워주기 시작해요,https://recipe1.ezmember.co.kr/cache/recipe/2016/06/02/83798f2d000e6086044bec07784eabb31.jpg,약불,,
6850385,5,양념이 된 고기라 쉽게 탈 수 있으니 종이호일을 깔고 타지않게 잘 뒤집어가며 속까지 잘 익혀주세요,https://recipe1.ezmember.co.kr/cache/recipe/2016/06/02/c6b7410797e9ad6e7bb969979ca2fce61.jpg,,,
6850385,6,샐러드 야채를 접시에 담아내고 구워낸 항정살구이를 올려주면 완성!,https://recipe1.ezmember.co.kr/cache/recipe/2016/06/02/639d44b8dbd8095f0f0943776650498f1.jpg,,,
6867650,1,어묵 땡초 다져주시고 통마늘 듬성듬성 다져주세요,https://recipe1.ezmember.co.kr/cache/recipe/2017/03/29/e8861bb2eeeba2da47f6424bcbe26ed81.jpg?w=1000,,,
6867650,2,팬에 위 준비한 재료를 넣고 맛술 1 숟가락 고추장 1.5 숟가락 굴소스 1 숟가락 올리고당 1 숟가락 통깨 솔솔 넣어준다,https://recipe1.ezmember.co.kr/cache/recipe/2017/03/29/2ec3807b14b012ff5b01ea6b6c65f9731.jpg?w=1000,,,
6867650,3,휘리릭~ 볶아주다가 고춧가루 1 숟가락,https://recipe1.ezmember.co.kr/cache/recipe/2017/03/29/595fe8ee73674a4dd16dd35e9f8013f71.jpg?w=1000,,,
6867650,4,대파 조금 후추 톡~ 넣고 볶아주세요,https://recipe1.ezmember.co.kr/cache/recipe/2017/03/29/f855135547e6349c5e9612442972b3961.jpg?w=1000,,,
6867650,5,마지막 오일을 조금 두르고 슥슥슥~~~ 볶아,https://recipe1.ezmember.co.kr/cache/recipe/2017/03/29/3588147559ffb0e4011b8db5b60fe8601.jpg?w=1000,,,
6867650,6,그릇에 담아 내심 끝 이때 참기름 티스푼 1 정도 넣고 비벼 먹어요,https://recipe1.ezmember.co.kr/cache/recipe/2017/03/29/4d6fc3563d7a5f2cc25187b87bf913a51.jpg?w=1000,,,
6943349,1,당근은 다져주세요,https://recipe1.ezmember.co.kr/cache/recipe/2020/10/04/cbcf708667f53c47c41d6624309122e81.jpg?w=1000,,,
6943349,2,매운고추(주황)도 다져주세요 색깔을 맞추기위해 주황색 청양고추를 사용했습니다 다른것도 무방해요,https://recipe1.ezmember.co.kr/cache/recipe/2020/10/04/26ecf50324856d931b668d4aad2f2e281.jpg?w=1000,,,
6943349,3,새우도 다져주세요,https://recipe1.ezmember.co.kr/cache/recipe/2020/10/04/cc0725b3d9256ccf75fe2d44331a410c1.jpg?w=1000,,,
6943349,4,볼에 새우 당근 고추 전분 소금 후추를 넣고 버무려주세요 전분은 소량으로 넣을수록 좋아요~,https://recipe1.ezmember.co.kr/cache/recipe/2020/10/04/eb20feba72478240b46ce717e151b3d51.jpg?w=1000,,,
6943349,5,새우반죽을 랩위에 놓고 펼쳐주세요,https://recipe1.ezmember.co.kr/cache/recipe/2020/10/04/70800237b9b3ac5851cac8b1b31cfdd31.jpg?w=1000,,,
6943349,6,돌돌 말아서 탱탱하게 모양을 잡아주세요,https://recipe1.ezmember.co.kr/cache/recipe/2020/10/04/4fea750e7628270a23caba7806cb11851.jpg?w=1000,,,
6943349,7,찜기에 넣고 약 15분정도 찌면 완성입니다~,https://recipe1.ezmember.co.kr/cache/recipe/2020/10/04/31c0154e76ed6b06a38fca56259d076f1.jpg?w=1000,,900,
6943349,8,모양대로 썰어주세요~,https://recipe1.ezmember.co.kr/cache/recipe/2020/10/04/4f3a47e87a6c5fe0c1ae7910ee2d31571.jpg?w=1000,,,
6943349,9,기호에따라 케첩이나 머스타드 소스를 첨가하여 드시면 더욱 맛있습니다~,https://recipe1.ezmember.co.kr/cache/recipe/2020/10/04/763a35d38a10a332c55798b5ec3adc6d1.jpg?w=1000,,,
6943349,10,맛있게드세요~,https://recipe1.ezmember.co.kr/cache/recipe/2020/10/04/0ad61cbb6b5cd4d08a37305aadce75ce1.jpg?w=1000,,,
6900601,1,먼저 식빵은 2개를 겹쳐서 테두리를 깔끔하게 잘라내 주신 뒤 밀대로 식빵을 얇게 밀어 줍니다. 남은 식빵 테두리는 러스크 만들어 드시면 좋아요,https://recipe1.ezmember.co.kr/cache/recipe/2018/11/22/e36cf45c4a34ade60362934bb3f3c4761.jpg,,,
6900601,2,"캔 옥수수2스푼에 설탕1/2스푼,모짜렐라 치즈, 마요네즈를 취향것 넣고 잘 섞어 주세요.",https://recipe1.ezmember.co.kr/cache/recipe/2018/11/22/521dc5cc787b5d141f50c562fb616a1a1.jpg,,,
6900601,3,식빵 가운데 콘치즈를 올려주시구요. 식빵 테두리 겉면에 물이나 계란물을 살짝 발라 포크로 꾹꾹 눌러가며 봉합해줍니다.,https://recipe1.ezmember.co.kr/cache/recipe/2018/11/22/abae2b26d0477e8a50402a3611c237421.jpg,,,
6900601,4,아무것도 두르지 않은 팬에 노릇노릇 하게 구워주시면 끝!!!이때 속에 치즈가 녹아야 하니 약불에서 천천히 구워주셔요!,https://recipe1.ezmember.co.kr/cache/recipe/2018/11/22/a0b3886b1a71a7de99f703c0bf0a23f31.jpg,약불,,
6900601,5,톡톡 터지는 고소함 가득 콘치즈 파이 완성입니다^^,https://recipe1.ezmember.co.kr/cache/recipe/2018/11/22/f69631bacfc7e1829e20599c3f3bef9f1.jpg,,,
6900601,6,반으로 갈라보면 치즈가 쭈욱 늘어나는데요.한입 먹어보니 바삭한 식빵에 고소한 콘치즈가 만나 넘 맛있어요.톡톡 씹히는 옥수수 식감이 참 좋습니다^^,https://recipe1.ezmember.co.kr/cache/recipe/2018/11/22/cf5ef934e6d8656d6f19df679fb300c11.jpg,,,
6925564,1,"사과는 2등분 하여 껍질, 씨를 제거한 후 편 썬다.",https://recipe1.ezmember.co.kr/cache/recipe/2020/01/21/8eb465159615d84cf7026c00531951341.jpg?w=1000,,,
6925564,2,양념재료를 섞어 양념장을 만든 후 편 썬 사과를 넣고 섞는다.,https://recipe1.ezmember.co.kr/cache/recipe/2020/01/21/52394fb9bbdc3bd832accfae45c883671.jpg?w=1000,,,
6925564,3,돌나물을 넣고 무르지 않게 무쳐 완성한다.,https://recipe1.ezmember.co.kr/cache/recipe/2020/01/21/00ddba8a102a78b19a3e0e1182f8c8061.jpg?w=1000,,,
7027794,1,밥은 현미밥을 사용했는데 기호에 따라 선택 가능해요^^,https://recipe1.ezmember.co.kr/cache/recipe/2024/06/07/8319a36e5c1ea14729f06f04d7c37e661.jpg?w=1000,,,
7027794,2,"분량의 양념재료를 섞어요. 유리볼 , 조리용스푼 [된장 1T, 들기름 2t, 다진마늘 1t, 매실청 1t, 식초 1t]",https://recipe1.ezmember.co.kr/cache/recipe/2024/06/07/f38782c2cb6eb3d057201d73d884fe111.jpg?w=1000,,,
7027794,3,만든 양념에 오이고추를 가위로 송송 썰어 넣어 양념과 버무려요. 조리용가위,https://recipe1.ezmember.co.kr/cache/recipe/2024/06/07/9002cbb7fe6db5c770cb6a3f6c0446661.jpg?w=1000,,,
7027794,4,참치는 물기를 짜서 준비해요.,https://recipe1.ezmember.co.kr/cache/recipe/2024/06/07/782969b05a91579bf57a8537b2aebf711.jpg?w=1000,,,
7027794,5,그릇에 현미밥>오이고추>참치 순서로 올려요. 샐러드볼,https://recipe1.ezmember.co.kr/cache/recipe/2024/06/07/412cb0a40570460353940844a4d8b5c81.jpg?w=1000,,,
7027794,6,김가루와 깨를 뿌려 완성해요.,https://recipe1.ezmember.co.kr/cache/recipe/2024/06/07/22c2d40ee7522af18e16b31da642dfb11.jpg?w=1000,,,
7021091,1,"올리브오일 두르고 채썬 당근 먼저 살짝 볶아주세요 도마 , 조리용나이프 , 프라이팬 , 요리스푼",https://recipe1.ezmember.co.kr/cache/recipe/2024/02/29/0041c315ac250fe7f36301fc81d0c06e1.jpg,,,
7021091,2,"채썰어놓은 양배추 넣고 다진마늘 조금, 간장 넣어 간 맞춰주세요 다이어트 중이시라면 아주 살짝만 넣는 게 좋겠지요",https://recipe1.ezmember.co.kr/cache/recipe/2024/02/29/ad1f1a7769c246c6e27bac6664428ca81.jpg,,,
7021091,3,양배추가 살짝 익으면 찢어놓은 크래미 넣고 후추 살짝 넣어주세요,https://recipe1.ezmember.co.kr/cache/recipe/2024/02/29/0d439757b4a13019034bf4b07ed2a0771.jpg,,,
7021091,4,깨 뿌리면 완성이에요,https://recipe1.ezmember.co.kr/cache/recipe/2024/02/29/f9a2e4ec08c516f0fb00d4b89c60aae31.jpg,,,
7074215,1,"너무 굵으면 익는 데 시간이 걸리고, 너무 얇으면 볶다가 끊어지기 마련이지요. 저는 0.3cm 정도가 좋더라고요. 취향껏 준비해 주세요.",,,,
7074215,2,채썰어 물에 5분 정도 담가 주시면 됩니다. 이 과정을 거쳐야 팬에 눌어붙지 않고 깔끔하게 볶을 수 있어요. 수분을 채반에 올려 털어주어 확실히 제거해 주세요.,,,300,
7074215,3,달궈진 팬에 기름을 두르고 중불에서 익혀주세요. 투명해지기 시작할 때까지 충분히 저어주세요. 바닥에 타지 않게 주의합니다.,https://recipe1.ezmember.co.kr/cache/recipe/2026/04/06/d5e48c4986170816284305e81926855d1.jpg,중불,,
7074215,4,소금으로 간 맞추기 80% 정도 익었을 때 소금을 톡 뿌려주세요. 간장보다는 소금을 써야 본연의 노란 빛깔이 살아나 맛이 좋더라고요.,,,,
7074215,5,불을 끄고 마지막에 깨소금과 검은깨를 뿌려 마무리합니다. 흑임자를 넣으면 시각적으로 훨씬 맛깔스럽게 느껴지더라고요.,https://recipe1.ezmember.co.kr/cache/recipe/2026/04/06/258b319ca54fb796133441bb88dee4761.jpg,,,
7050547,1,"깐 메추리알을 물로 몇 번 헹궈주고 체에 밭쳐 물기를 빼줍니다. 믹싱볼 , 채반",https://recipe1.ezmember.co.kr/cache/recipe/2025/04/17/5752c3103fe2a716f0c7ecdb1eec687c1.jpg,,,
7050547,2,"비엔나소시지는 칼집을 내서 뜨거운 물에 10분 정도 담가 줍니다. 도마 , 조리용나이프 , 볼 비엔나소세지 손질법",https://recipe1.ezmember.co.kr/cache/recipe/2025/04/17/8290c384280adc71c1fc4643984b65291.jpg,,600,
7050547,3,"진간장 1.5T, 굴 소스 1T, 케첩 1T, 고추장 1T, 물엿(올리고당) 1T를 섞어 양념을 만듭니다. 소스볼 , 계량스푼",https://recipe1.ezmember.co.kr/cache/recipe/2025/04/17/12b5b8de3fbd92427df7be5504d7569a1.jpg,,,
7050547,4,"팬에 오일을 두르고 메추리알, 소시지를 넣고 볶아 줍니다. 프라이팬 , 조리주걱",https://recipe1.ezmember.co.kr/cache/recipe/2025/04/17/d88412696b836ae5cbe21ebaa2c3731b1.jpg,,,
7050547,5,설탕 0.5T를 넣고 볶다가 양념을 넣고 양념이 졸아들 때까지 볶아줍니다.,https://recipe1.ezmember.co.kr/cache/recipe/2025/04/17/6add61cf7440be7a3478e9f791a90d8f1.jpg,,,
7050547,6,통깨 약간 뿌려주면 완성!,https://recipe1.ezmember.co.kr/cache/recipe/2025/04/17/8ab1df493ebda9efbb4e3fe3f53399c71.jpg,,,
6892715,1,감자와 양파는 먹기좋게 썰어주세요,https://recipe1.ezmember.co.kr/cache/recipe/2018/07/18/84566f9d985bfe1b8763b0155d8ebfa71.jpg?w=1000,,,
6892715,2,뚝배기(냄비)에 감자와 양파를 넣고,https://recipe1.ezmember.co.kr/cache/recipe/2018/07/18/102f48b8eea5b821e8d83c7b10f71c7a1.jpg?w=1000,,,
6892715,3,양념장은 미리 섞어주세요,https://recipe1.ezmember.co.kr/cache/recipe/2018/07/18/39cd3c31557ddf1f7cb842e4f3e2dabc1.jpg?w=1000,,,
6892715,4,참치는 기름기를 뺀뒤 올려주고,https://recipe1.ezmember.co.kr/cache/recipe/2018/07/18/08fcbbc7635689ca5b06bf898bc2dcf61.jpg?w=1000,,,
6892715,5,대파도 올려줘요(매운거 좋아하시면 청양고추도 한꼬집),https://recipe1.ezmember.co.kr/cache/recipe/2018/07/18/8461ed6b1a8a1293ee22de9a28fa0d1c1.jpg?w=1000,,,
6892715,6,잘섞인 양념장은,https://recipe1.ezmember.co.kr/cache/recipe/2018/07/18/00ff1267f0bf5d0754ea4211350c6bfa1.jpg?w=1000,,,
6892715,7,냄비에 붓고 물도 넣어서 푹 끓여줍니다,https://recipe1.ezmember.co.kr/cache/recipe/2018/07/18/e3e300fb12dec14a166115215f2b6a461.jpg?w=1000,,,
6892715,8,너무 휘저으면 참치가 으깨지기는 하는데 어차피 밥 비벼먹을거면 상관없어요! ㅎㅎ 끓이기만 하면 완성 입니다!,https://recipe1.ezmember.co.kr/cache/recipe/2018/07/18/cd2abe35667201668fa277b14538b2ef1.jpg?w=1000,,,
6854799,1,"간장2T, 설탕1T, 참기름0.5T, 다진마늘0.5T, 꿀1T를 넣고 갈비양념을 만들어줍니다 (꿀이 없다면 조청이나 올리고당으로 대체 가능합니다)",https://recipe1.ezmember.co.kr/cache/recipe/2016/08/17/c84dfc27162367c9063335316242bc631.jpg,,,
6854799,2,대파는 길게 채썰어주세요,https://recipe1.ezmember.co.kr/cache/recipe/2016/08/17/9dae5f190043cde27882482071e19dd81.jpg,,,
6854799,3,닭가슴살은 얇게 편 썰어주세요,https://recipe1.ezmember.co.kr/cache/recipe/2016/08/17/5efd019e36b4b3290841b9d1d21dceeb1.jpg,,,
6854799,4,"볼에 닭가슴살 편 썬걸 담고, 갈비양념을 넣고 양념을 골고루 묻혀 주세요",https://recipe1.ezmember.co.kr/cache/recipe/2016/08/17/ed923635756c62385492c838deb7c06e1.jpg,,,
6854799,5,갈비양념을 고루 묻힌 닭가슴살을 냉장고에서 20분정도 숙성시켜줍니다,https://recipe1.ezmember.co.kr/cache/recipe/2016/08/17/1d38870ec72cfaea92c449bc5895e3691.jpg,,1200,
6854799,6,프라이팬에 올리브오일을 살짝 두르고 닭가슴살을 구워줍니다,https://recipe1.ezmember.co.kr/cache/recipe/2016/08/17/d18e22c366727d87c5f939445825385f1.jpg,,,
6854799,7,앞뒤로 노릇노릇하게 구워주세요,https://recipe1.ezmember.co.kr/cache/recipe/2016/08/17/6475428e29d5b0f2f04171b41ef00b1e1.jpg,,,
6854799,8,"접시에 닭가슴살 갈비구이를 예쁘게 놓고, 대파 썬것도 올려줍니다 파채와 닭가슴살을 곁들여 드시면 됩니다",https://recipe1.ezmember.co.kr/cache/recipe/2016/08/17/fb3f7e924aadac551817de3f509c753f1.jpg,,,
6874866,1,[야채 손질] 가지는 꼭지 부분의 껍질을 벗겨주시면 끝부분까지 알차게 사용할 수가 있어요. 가지2개,https://recipe1.ezmember.co.kr/cache/recipe/2017/08/17/c946cefdc39138b2150e3e9c2f31c6ab1.jpg,,,
6874866,2,"가지의 크기는 취향대로 지만 오늘은 튀김을 만들 것이기 때문에 채썰기가 아닌 뭉뚝하게 썰어주세요. 가지2개 도마 , 칼 조금 두꺼워야 씹는 맛이 좋답니다.",https://recipe1.ezmember.co.kr/cache/recipe/2017/08/17/7ae54dc8f030b25fbf60019b5945ffe11.jpg,,,
6874866,3,"파프리카와 양파도 비슷한 크기로 썰어주세요. 양파는 짜장면 드실 때 나오는 크기 정도로 썰어 주시면 적당하실 거예요. 가지2개,노란파프리카1/3, 빨간파프리카1/3,양파1/2",https://recipe1.ezmember.co.kr/cache/recipe/2017/08/17/95bf337037e0040ea67f30f8ece750cb1.jpg,,,
6874866,4,"[특제소스 만들기] 이번에는 새콤달콤한 특제소스를 만들 거예요. 케첩 4스푼, 굴 소스 2스푼, 설탕 1스푼올리고당 1스푼 반, 식초 1스푼,참기름 반 스푼, 통깨 약간을 작은 볼에 넣고 골고루 섞어 주세요. 케첩 4스푼, 굴 소스 2스푼, 설탕 1스푼올리고당 1스푼 반, 식초 1스푼,참기름 반 스푼, 통깨 약간 볼",https://recipe1.ezmember.co.kr/cache/recipe/2017/08/17/78a5749b006861b2fbfa2b6ad3f2efdf1.jpg,,,
6874866,5,적당히 새콤하고 달달한 소스인데요. 일반 탕수 소스보다 더 맛있을 거라 믿어요. 만약 어른용으로 매콤하게 드시고 싶으시다면 청양고추를 잘게 썰어서 넣어주시고요!,https://recipe1.ezmember.co.kr/cache/recipe/2017/08/17/150d6d0a4ddb19827620786721afc4f81.jpg,,,
6874866,6,"[튀김 반죽 만들기] 이번에는 튀김옷을 만들 차례에요. 튀김가루 종이컵 한 컵(75g), 물 종이컵 반컵 큰 볼에 넣고 덩어리가 생기지 않게만 가볍게 저어 주시며 섞어주세요. 너무 많이 저으면 바삭함이 덜해져요 물 넣으실 때 얼음을 사용하시면 더 바삭한 튀김이 되는 거 아시죠? 없다면 찬물이라도 넣어주시고요! 튀김가루 종이컵 한 컵(75g), 물 종이컵 반컵 볼 너무 많이 저으면 바삭함이 덜해져요. 물 넣으실 때 얼음을 사용하시면 더 바삭한 튀김이 된답니다. 없다면 찬물이라도 넣어주시고요!",https://recipe1.ezmember.co.kr/cache/recipe/2017/08/17/5cf9309f2bf15fd57d68b7ff3876882b1.jpg,,,
6874866,7,"튀김 반죽 농도는 너무 뻑뻑하지 않게 튀김가루와 물의 농도를 잘 맞춰야 하는데요. 2:1 비율이 적당한 것 같아요. 오늘은 튀김가루만 사용했지만 전분과 밀가루, 달걀, 빵가루 등을 혼합하면 더 다양하고 맛있는 튀김이 된답니다. 전분과 밀가루, 달걀, 빵가루 등을 혼합하면 더 다양하고 맛있는 튀김이 된답니다.",https://recipe1.ezmember.co.kr/cache/recipe/2017/08/17/b6e92bb3b77a909b05eeca5ec61b60211.jpg,,,
6874866,8,[튀김반죽 옷 입히기] 손질해놓은 가지는 물기를 제거한 후 위생 봉지 안에 튀김가루 5스푼과 썰어 놓은 가지를 넣고 쉐킷! 흔들어 주세요.,https://recipe1.ezmember.co.kr/cache/recipe/2017/08/17/c7331d9a48a24cbe3acf123f670dec6d1.jpg,,,
6874866,9,"움푹 팬 프라이팬에 식용유를 채우고 중불로 예열을 시작해주세요. 튀김가루로 골고루 묻혀놓은 가지는 가볍게 털어주신 후 튀김옷에 퐁당! 튀김 반죽은 얇게 입혀 주세요. 준비된 가지, 식용유 움푹패인 프라이팬 중불 튀김 반죽은 얇게 입혀주세요!",https://recipe1.ezmember.co.kr/cache/recipe/2017/08/17/8e3cdd680ef1d9dd7c057b26930db8ca1.jpg,중불,,
6874866,10,[노릇노릇 튀겨주기] 튀김옷을 살짝 기름에 던져 넣고 3초 후 떠오르면 튀기기 적당한 온도에요. 서로 붙지 않게 하나씩 넣어 주시고 중. 약불에서 3분 정도 노릇하게 튀겨 주세요.,https://recipe1.ezmember.co.kr/cache/recipe/2017/08/17/3beaa2043da1bd140f4510b332d17b611.jpg,약불,183,
6874866,11,3분 정도 튀기니 아주 노릇해졌지요. 한 번에 많이 튀기면 기름 온도가 내려가서 바삭하지 않고 약간 눅눅해질 수가 있는데요. 번거로우시더라도 한번 튀기고 예열을 다시 하고서 튀기시면 더욱 바삭한 느낌으로 드실 수 있겠지요. 한번에 많이 튀기면 기름 온도가 내려가서 바삭함이 떨어져요. 한번 튀기고 예열을 다시하고 튀겨주신다면 더욱 바삭한 식감을 느낄수 있답니다!,https://recipe1.ezmember.co.kr/cache/recipe/2017/08/17/5437085acb0ebe6309c88b8ecf1f75431.jpg,,180,
6874866,12,튀겨진 가지는 채반과 키친타월로 기름을 제거해주시면 된답니다. 이제 미리 만들어놓은 특제소스에 튀긴 가지를 범벅해 볼까요!,https://recipe1.ezmember.co.kr/cache/recipe/2017/08/17/8eee73ee19cfe9e59cc0804ebd8622331.jpg,,,
6874866,13,[가지탕수 버무리기] 움푹 팬 프라이팬에 식용유 3스푼을 넣고 중불로 예열해주세요. 그리고 소스를 부어주시면 금방 부글 부글 끓어오른답니다.,https://recipe1.ezmember.co.kr/cache/recipe/2017/08/17/858c645949bc1d40011e8b41b2fb653c1.jpg,중불,,
6874866,14,소스가 끓어오르는 지금이 바로 가지 튀김을 넣어야 할 타이밍이에요! 소스가 튀김 전체에 묻도록 가볍게 버무려주시면 됩니다.,https://recipe1.ezmember.co.kr/cache/recipe/2017/08/17/bd9d4c679611806de1732e31041107511.jpg,,,
6874866,15,가지 튀김을 소스와 가볍게 버무려주셨다면 야채를 넣어야 할 타이밍! 파프리카와 양파를 모두 넣어주세요.,https://recipe1.ezmember.co.kr/cache/recipe/2017/08/17/1125e2919c7943414000e7e7060f78901.jpg,,,
6874866,16,중불에서 1분 정도 가볍게 버무려주시면 냄새부터가 새콤달콤한 가지 탕수 완성입니다. 무조건 맛있는 가지 요리!고기 탕수를 능가하게 맛이 좋아요^-^,https://recipe1.ezmember.co.kr/cache/recipe/2017/08/17/7307dc25ffb7c99af37a45984ce17ba51.jpg,중불,60,
6874866,17,"푸릇푸릇 한 어린잎 채소를 깔아주고 빨간색 새콤달콤 소스에 버무려진 가지탕수를 먹음직스럽게 올려 주었답니다. 아삭아삭 식감의 파프리카와 양파! 그리고 신선한 어린잎 채소. 고기 탕수보다 더 맛있게 먹었답니다. ""누구나 좋아할 맛이랄까요?^-^"" 재료 보시면 맛이 상상 되실거예요.",https://recipe1.ezmember.co.kr/cache/recipe/2017/08/17/057b7d06b7efcbbdb02b8ff5d04c4bb71.jpg,,,
7040411,1,"과도칼로 시금치 뿌리가 있는 윗부분을 잘라서 시금치가 하나씩 분리가 되면 볼에 담아서 준비합니다. 믹싱볼 , 과도",https://recipe1.ezmember.co.kr/cache/recipe/2024/12/12/9fb8ea2695000bb7b6095b246c1d7fcf1.jpg,,,
7040411,2,"시금치가 잠길 정도의 물을 받아 손으로 살살 흔들어 가면서 세척하고 3~4번 정도 물을 바꿔가며 세척 후, 채반에 담아 물기를 빼 줍니다. 채반",https://recipe1.ezmember.co.kr/cache/recipe/2024/12/12/252877513c0543c76d2686215ca1d2bb1.jpg,,,
7040411,3,"두부는 흐르는 물에 가볍게 헹군 다음에 1cm 정도의 두께로 길게 썰어서 준비합니다. 도마 , 조리용나이프",https://recipe1.ezmember.co.kr/cache/recipe/2024/12/12/b3390ae5c327312a8adb2b2cac778c951.jpg,,,
7040411,4,"건새우 10g, 다진 마늘 0.7큰술, 코인육수 2개를 준비하고 대파는 송송 썰고 홍고추는 고명용으로 어슷썰기로 3개 정도 준비하시면 되세요.(건새우 대신에 보리새우를 6g 정도 넣어도 맛있어요)",https://recipe1.ezmember.co.kr/cache/recipe/2024/12/12/ad7dfded52419441061e7cca38e47f641.jpg,,,
7040411,5,"냄비에 쌀뜨물 800ml와 코인육수 2개를 넣은 다음에 냄비 , 조리용스푼",https://recipe1.ezmember.co.kr/cache/recipe/2024/12/12/7ddcd57a9feaecae6f88ce5ee58669cb1.jpg,,,
7040411,6,"채에 된장 0.7큰술, 쌈장 0.5큰술을 넣고 채망 큰술: 어른 밥 숟가락 기준",https://recipe1.ezmember.co.kr/cache/recipe/2024/12/12/3b400a54627a7213f6ecdfffdf2b4ce41.jpg,,,
7040411,7,숟가락으로 된장과 쌈장을 풀어준 다음에 가스불 센불에 올려줍니다.,https://recipe1.ezmember.co.kr/cache/recipe/2024/12/12/779759567ba22a5ae2b5f403b8edfbc11.jpg,강불,,
7040411,8,"국간장 0.7큰술, 숟가락 큰술: 어른 밥 숟가락 기준",https://recipe1.ezmember.co.kr/cache/recipe/2024/12/12/0838999a1ff6e1040c51fd34ae78895e1.jpg,,,
7040411,9,까나리액젓 0.5큰술을 넣고 가스불 센불 상태에서 끓여줍니다.,https://recipe1.ezmember.co.kr/cache/recipe/2024/12/12/c55d231881947cd357d9c95dbb203f581.jpg,강불,,
7040411,10,보글보글 끓어오르면 시금치와 건새우를 넣고 뒤적여줍니다.,https://recipe1.ezmember.co.kr/cache/recipe/2024/12/12/dedce69c75031111684b1778d3eba1971.jpg,,,
7040411,11,다시 보글보글 끓어오르면 가스불 중불로 줄여서 2분간 건새우 된장국을 끓여줍니다.,https://recipe1.ezmember.co.kr/cache/recipe/2024/12/12/a5faf574d205ef4ac713fb6fff2d47fc1.jpg,중불,120,
7040411,12,시간이 경과 후 두부를 넣고 뒤적여줍니다.,https://recipe1.ezmember.co.kr/cache/recipe/2024/12/12/8be1d969b367e099aed491d51a6903941.jpg,,,
7040411,13,다시 끓어오르면 대파와 다진 마늘을 넣고 뒤적주고,https://recipe1.ezmember.co.kr/cache/recipe/2024/12/12/f1d42c890ef12cdaf37a17b6268d81561.jpg,,,
7040411,14,한소끔 끓어오르면 가스불을 끄고 마무리를 해주면 시금치 된장국 레시피 두부 건새우 시금치된장국 완성입니다.(맛을 보고 싱겁게 느껴지면 액젓이나 국간장을 추가로 넣고 간을 맞춰주시면 되세요),https://recipe1.ezmember.co.kr/cache/recipe/2024/12/12/191cc987bcbff8ead675a69b6873dc771.jpg,,,
6852019,1,"주재료: 가지, 소고기 등심, 새싹, 소금, 후추, 올리브유 소스 재료: 간장, 올리고당, 레몬즙, 다진 마늘, 다진 청양고추",https://recipe1.ezmember.co.kr/cache/recipe/2016/07/03/e462e53fe171e84c5a481596bda442361.jpg?w=1000,,,
6852019,2,"간장 2, 올리고당 1, 레몬즙 1, 다진 마늘 0.5, 다진 청양고추 0.5를 잘 섞어주면 마법의 소스 완성!",https://recipe1.ezmember.co.kr/cache/recipe/2016/07/03/2a4eacea7d819ac06bb4d2e96c7313dc1.jpg?w=1000,,,
6852019,3,가지를 적당한 두께로 썰어주세요.,https://recipe1.ezmember.co.kr/cache/recipe/2016/07/03/dfd481847a8770684fe7c75bb82bbde31.jpg?w=1000,,,
6852019,4,등심의 기름기를 제거하고 썰어둔 가지 보다 조금 크게 잘라주세요.,https://recipe1.ezmember.co.kr/cache/recipe/2016/07/03/64d7f19877e400934e097137cb77f19d1.jpg?w=1000,,,
6852019,5,기름을 두른 팬에 센 불에서 바싹 익혀주세요. (겉은 노릇해지고 가지의 육즙을 가둬주는 것이 포인트!,https://recipe1.ezmember.co.kr/cache/recipe/2016/07/03/9eeae84dbe022fe8bf5b485553fca42d1.jpg?w=1000,,,
6852019,6,"소금과 후추로 아주 살짝 간을 맞춰주고,",https://recipe1.ezmember.co.kr/cache/recipe/2016/07/03/f0cadca577fa478db5ea43f643ccbe161.jpg?w=1000,,,
6852019,7,마찬가지로 센 불에서 딱 한 번씩만 구워줍니다.,https://recipe1.ezmember.co.kr/cache/recipe/2016/07/03/f3f9cf8ee6038a83375eb4317cd72ac11.jpg?w=1000,,,
6852019,8,"접시에 가지, 고기, 새싹, 소스 순서대로 플레이팅 해주세요.",https://recipe1.ezmember.co.kr/cache/recipe/2016/07/03/31842f53c465750944cbf470fc10443e1.jpg?w=1000,,,
6852019,9,쉽고 금방 만들 수 있으니 집들이 음식으로 어때요?,https://recipe1.ezmember.co.kr/cache/recipe/2016/07/03/62a18cd9b9c12695b8abdc0bc9ce38c01.jpg?w=1000,,,
6956266,1,계량스푼은 집에서 사용하는 8cc 정도의 밥숟가락입니다. 팽이버섯 1봉지~ 약 150g 을 봉지채로 아래에서 3cm 정도 부분을 그대로 썰어 줍니다~ 요래 썰어 주면 뿌리부분에 뿌스러기도 안떨어지고 처리하기가 좋아용~ 우리동네 팽이는 한봉지 180g 인데? 하시는분 걱정 마시고 그냥 다 쓰시면 됩니다~ 그정도 차이는 양념으로 커버 가능함! **사진과 설명으로 부족하신 분은 링크된 동영상 참고 해주세요. 두율이네 유툽 놀러 오시면 더많은 레시피와 최신 레시피를 더 빠르게 보실수 있습니다~ 구독해 주시면 땡큐~~,https://recipe1.ezmember.co.kr/cache/recipe/2021/04/04/bc9a9c1415477a6627f75c1225679c031.jpg,,,
6956266,2,버섯은 흐르는물에 가볍게 씻거나 찬물에 담궈서 10초 정도만 흔들어 주면서 먼지 같은거만 제거합니다~ 팽이버섯은 너무 오래 담그면 팽이 특유의 향이 날아갈 뿐만 아니라~ 아직 살아 있는 아이라~곧 찌지고 뽁아질 지 운명을 모르고 더 오래 장수 할라고 물을 쫙쫙~ 빨아 들여서 나중에 지질때 빨아 먹은 물까지 다 뱉아 내서 철때반죽이 됩니다~ 가볍게 씻어서 물을 탈탈 털어서 준비하세요~,https://recipe1.ezmember.co.kr/cache/recipe/2021/04/04/30f8158a64454d5138048b47a98ab11e1.jpg,,10,
6956266,3,버섯을 찢어서 준비하세요~ 한번 찢을때 15줄기 정도가 붙어 있는 정도면 됩니다~ 그렇다고 세아리면서 시간을 보내지는 마시고 대충 찢으시면 됩니다~ 30줄기 40줄기라도 맛있어용~,https://recipe1.ezmember.co.kr/cache/recipe/2021/04/04/bfb67043b91438fbc95ba33e9fbe56b71.jpg,,,
6956266,4,양념장을 분량대로 섞어서 준비 한 다음~ 후라이팬에 식용유 2스푼을 넣고 간마늘 1스푼 (20g)을 부어서 약불에 천천히 노릇하게 튀겨주세요~ 양념 무게는 요요요~ 밑에 참고~ ------ 양념 ------ 고추가루 반스푼 (3~4g) 설탕 1스푼(10g) 미림 2스푼 (16g) 진간장 1스푼 (8g) 굴소스 반스푼 (5g) 물엿 1스푼 (10g) 고추장 1/3스푼 (10g) 된장 1/3스푼 (10g) 물2스푼 (16g),https://recipe1.ezmember.co.kr/cache/recipe/2021/04/04/c8baf07f3f729ce51424116976cf295f1.jpg,약불,,
6956266,5,마늘이 노릇해 졌으면 마늘기름을 후라이팬에 넓게~ 골고루 흩어서 편 다음 그 위에 팽이 버섯을 펼쳐서 올린 다음 불을 강불로 올리고 30초간 구워 줍니다~ 후라이팬은 좀 넓은걸 쓰세요~ 그래야 더 맛있어요~ 제가 쓴 후라이팬은 24cm 짜리에용~ 한뼘보다 조금 더 큰 싸이즈죠~,https://recipe1.ezmember.co.kr/cache/recipe/2021/04/04/23de440cbe1a6e6daf7e027ae59bb3b61.jpg,강불,30,
6956266,6,뒤집어서 30초를 더 구워 주세요~,https://recipe1.ezmember.co.kr/cache/recipe/2021/04/04/9a3cd040c849635a84fe9086c0ae4f271.jpg,,30,
6956266,7,앞뒤로~ 30초씩 총 1분을 지졌으면 양념장을 골고루 끼얹어 줍니다~ 양념을 끼얹고 1분 정도르 자글자글 끓여 주시면 되요~ 사실........ 저는 모양좀 잡을려고 저렇게 했는데 집에서 그냥 반찬으로 드실때는 마늘기름에 팽이넣고 그냥 대충 1분간 휘휘 저어가면서 볶은 다음에 양념장 뿌려서 1분간 또 대충 섞으면서 볶으시면 되요 ^^~ 누구한테 잘보일일 없어서 비쥬얼 필요 없이 먹을땐~ 대충 휘리릭 뽁으세용~,https://recipe1.ezmember.co.kr/cache/recipe/2021/04/04/f25d53a3a3557c6bc3f4eeedc27678f71.jpg,,90,
6956266,8,청양고추를 1개 잘게 잘라서 뿌려서 올린 다음 30초 정도 더 구워 주세요~ 청양고추랑 같이 주서 먹으면 완전 맛있어요~ 청양고추 안올리시면 그냥 30초 더 구우시면 되요~,https://recipe1.ezmember.co.kr/cache/recipe/2021/04/04/9faed471b8597a9358eab0b3c9a402a51.jpg,,30,
6956266,9,밥한숟갈 입에 넣고~ 요렇게 양념 슥슥 뭍혀서 청양고추 한개 올리가 입에 넣어주믄 ㅜㅜ... 완전 맛있어용!~!,https://recipe1.ezmember.co.kr/cache/recipe/2021/04/04/5e76df327060f7138020ddb2c17357d01.jpg,,,
6930961,1,참치캔은 기름을 제거한다.,https://recipe1.ezmember.co.kr/cache/recipe/2020/04/18/43bf05d118fd17cab335c61570bb46e91.jpg?w=1000,,,
6930961,2,양배추는 사각으로 잘라 준다.,https://recipe1.ezmember.co.kr/cache/recipe/2020/04/18/f5488fcdc5cc728371e50c37602dd6e51.jpg?w=1000,,,
6930961,3,양파는 사각으로 잘라 준다.,https://recipe1.ezmember.co.kr/cache/recipe/2020/04/18/fd903da67a8a30752d665f5229d4128b1.jpg?w=1000,,,
6930961,4,대파는 송송 썰어 준다.,https://recipe1.ezmember.co.kr/cache/recipe/2020/04/18/07edb425ebdf98e9c03471281b62ea1e1.jpg?w=1000,,,
6930961,5,"프라이팬에 식용유, 대파를 넣고 향이 날 때까지 볶는다.",https://recipe1.ezmember.co.kr/cache/recipe/2020/04/18/2fa2f8787915f0ed08e157e4904966851.jpg?w=1000,,,
6930961,6,대파의 향이 나면 양배추를 넣고 볶는다.,https://recipe1.ezmember.co.kr/cache/recipe/2020/04/18/4b2d6f90274e56d32a93a91499d53d871.jpg?w=1000,,,
6930961,7,양파를 넣고 볶는다.,https://recipe1.ezmember.co.kr/cache/recipe/2020/04/18/fcf16e7f0357dbcab159312fd9b118271.jpg?w=1000,,,
6930961,8,"고춧가루, 고추장, 참치, 올리고당, 굴 소스를 넣고 볶는다.",https://recipe1.ezmember.co.kr/cache/recipe/2020/04/18/d19cc4245bbc7b087a1448ab054f76ab1.jpg?w=1000,,,
6930961,9,그릇에 밥을 담아 준비한다.,https://recipe1.ezmember.co.kr/cache/recipe/2020/04/18/1bde5e8fa6f3d1f8d1fab33380b4b98f1.jpg?w=1000,,,
6930961,10,밥위에 덮밥소스를 올려준다.,https://recipe1.ezmember.co.kr/cache/recipe/2020/04/18/0e49d213764f08bae396e4bcf2a9eb2f1.jpg?w=1000,,,
7042593,1,"세척한 애호박을 1cm 두께로 썰어줍니다. 애호박이 너무 얇으면 흐물흐물한 식감이 되니 도톰하게 썰어주세요. 도마 , 조리용나이프 애호박 손질법",https://recipe1.ezmember.co.kr/cache/recipe/2025/01/14/42766272c99e22c989ba9372c69c74de1.png,,,
7042593,2,위생 비닐에 애호박을 넣고 소금 1/2작은술 넣어줍니다. 비닐봉지,https://recipe1.ezmember.co.kr/cache/recipe/2025/01/14/04d8a34fe4ebdddef806d7fd5a8d62911.png,,,
7042593,3,비닐 입구를 잘 잡고 골고루 섞어주세요. 모든 애호박에 소금간이 됐다면 이 상태로 5분간 상온에 보관합니다. 니트릴장갑,https://recipe1.ezmember.co.kr/cache/recipe/2025/01/14/482729f2ce2c81a1c61b37b44002e5af1.png,,300,
7042593,4,5분이 지나니 이렇게 애호박에서 채즙이 나왔어요. 애호박에 미리 소금간을 하면 호박 특유의 달큰한 맛은 살아나고 수분이 제거 돼 식감이 쫀득거려요.,https://recipe1.ezmember.co.kr/cache/recipe/2025/01/14/4d378fb09b0b46acee69a71e8cf372171.png,,300,
7042593,5,애호박 2개 기준 부침가루 4큰술을 넣어줍니다.,https://recipe1.ezmember.co.kr/cache/recipe/2025/01/14/faf992d175f4545e39ec837c6192c68c1.png,,,
7042593,6,소금간 할때처럼 비닐 입구를 잘 잡은 후 부침가루가 골고루 섞이도록 섞어줍니다.,https://recipe1.ezmember.co.kr/cache/recipe/2025/01/14/a81e469c3765c1acd6155d3837541e051.png,,,
7042593,7,애호박에 이렇게 골고루 부침가루가 묻었어요. 이렇게 비닐을 활용하면 설거지가 줄어들어 편하답니다.,https://recipe1.ezmember.co.kr/cache/recipe/2025/01/14/68dad3e25d2bc57e19240b1d5ce250b31.png,,,
7042593,8,계란 3개에 참치액젓 1/2큰술을 넣어 간을 합니다. 소금으로 간을하는 것보다 감칠맛이 있어서 전의 완성도가 높아집니다. 볼,https://recipe1.ezmember.co.kr/cache/recipe/2025/01/14/615765aabeccbcdefc7412e7722431211.png,,,
7042593,9,계란을 풀어 계란물을 준비합니다. 숟가락,https://recipe1.ezmember.co.kr/cache/recipe/2025/01/14/79cc8dbb878e9cf682b25155231075681.png,,,
7042593,10,계란물에 애호박을 한번에 다 담궈줍니다.,https://recipe1.ezmember.co.kr/cache/recipe/2025/01/14/66137b541ec9195a486ef494c9fd1efc1.png,,,
7042593,11,약불로 달군 프라이팬에 식용유 3큰술을 넣어줍니다. 호박전은 약불로 해야 겉이 타지 않으니 요리 끝까지 약불로 구워주세요. 프라이팬,https://recipe1.ezmember.co.kr/cache/recipe/2025/01/14/5b6d56e415d195266559bc905e9d73e21.png,약불,,
7042593,12,모든 호박이 골고루 익도록 겹치지 않게 계란물을 입은 애호박을 올려줍니다.,https://recipe1.ezmember.co.kr/cache/recipe/2025/01/14/0111244397fb25ddd5fcfc0e706ec5021.png,,,
7042593,13,홍고추 하나를 썰어서 호박에 올려주세요. 전 맛을 가리지 않도록 맵지 않은 홍고추를 추천합니다.,https://recipe1.ezmember.co.kr/cache/recipe/2025/01/14/81849a3f13da58044c16564f003c27601.png,,,
7042593,14,약불로 1분 구운 후 뒤집어 줍니다. 호박전은 설컹거려야 맛있어요. 숟가락,https://recipe1.ezmember.co.kr/cache/recipe/2025/01/14/7a563e5745572c7933b6b89bb698a0f01.png,약불,60,
7042593,15,뒤집은 후 뒷면도 1분간 약불로 익혀줍니다.,https://recipe1.ezmember.co.kr/cache/recipe/2025/01/14/4d18b9b650afd8eff0c8ae437c472a671.png,약불,60,
7042593,16,소쿠리에 기름종이를 깔고 기름을 제거해 줍니다.,https://recipe1.ezmember.co.kr/cache/recipe/2025/01/14/609a3e05cd65c21efc1edaef55e07f171.png,,,
7042593,17,부침개는 한 판 만들고 나면 이렇게 프라이팬이 지저분해져요. 혹시 전 양이 많아서 한판 더 만들어야 한다면 반드시 이걸 제거해주세요.,https://recipe1.ezmember.co.kr/cache/recipe/2025/01/14/4a356e277883ccab49db84f9d26bb3ba1.png,,,
7042593,18,기름종이로 프라이팬을 꺠끗하게 닦아야 다음전도 깨끗하게 만들 수 있어요. 키친타올,https://recipe1.ezmember.co.kr/cache/recipe/2025/01/14/8bc7b3c539245ccd71fb62470baaf31d1.png,,,
7042593,19,이렇게 갈색이 된 기름이 다음 호박전에 영향을 미치니 반드시 닦은 후 두번째 애호박전도 구워주세요.,https://recipe1.ezmember.co.kr/cache/recipe/2025/01/14/1915fdadf398b441866ff84f3a3211041.png,,,
7042593,20,"두 번째 애호박전도 역시나 약불로 1분 구운 후, 뒤집어서 1분 구웠습니다.",https://recipe1.ezmember.co.kr/cache/recipe/2025/01/14/6b4c23bfadbd6b36fb8aeb7e7a8f368d1.png,약불,60,
7042593,21,기름까지 잘 제거해주면 어떤 고기전보다 인기가 많은 예쁜 애호박전이 완성되었습니다.,https://recipe1.ezmember.co.kr/cache/recipe/2025/01/14/93928e273eaecb918a57bb82197175b01.png,,,
7042593,22,흔한 애호박전을 고명 하나로 꽃보다 예쁘게 만들어 보세요. 보다 이해하기 쉽고 자세한 레시피는 영상을 참고해 주세요.,https://recipe1.ezmember.co.kr/cache/recipe/2025/01/14/022297a0c6819175288baf9b6ea8cf2e1.png,,,
6860385,1,"모닝빵, 햄, 치즈, 피자치즈 통조림옥수수, 마요네즈/꿀을 조금씩 준비해주세요",https://recipe1.ezmember.co.kr/cache/recipe/2016/11/10/eb3100b864616f06766125a7522e50fb1.jpg,,,
6860385,2,모닝빵 속에 재료를 넣을 수 있도록 윗부분을 자르고 속의 빵을 빼주세요,https://recipe1.ezmember.co.kr/cache/recipe/2016/11/10/2c8e507679c5d1f5b96c23dc31b0afd11.jpg,,,
6860385,3,슬라이스치즈와 햄을 4등분하여 잘라서 크기에 맞춰 빵속에 넣어주세요,https://recipe1.ezmember.co.kr/cache/recipe/2016/11/10/9871ee0db66b2a89bd42855059c0d3b91.jpg,,,
6860385,4,그리고 콘옥수수를 넣어줍니다 (콘옥수수는 마요네즈와 꿀을 살짝넣어섞어주심 되요 ^^),https://recipe1.ezmember.co.kr/cache/recipe/2016/11/10/48d762c9cf8beb5c1dfee77e5544391d1.jpg,,,
6860385,5,마지막으로 피자치즈를 뿌려줍니다,https://recipe1.ezmember.co.kr/cache/recipe/2016/11/10/a6373bfed305f45ff2f0afe25b2265971.jpg,,,
6860385,6,전자레인지에 넣고 30초간 돌려주면 끝~!! 오븐없이 간단하게 할 수 있는 맛있는 간식이 탄생하는 순간이에요 ^^ 전자레인지,https://recipe1.ezmember.co.kr/cache/recipe/2016/11/10/a4660672f7b6b3330ac4d9c4d2dacdb71.jpg,,30,
7074563,1,소고기는 기름기가 적은 샤브용 소고기를 준비합니다.,https://recipe1.ezmember.co.kr/cache/recipe/2026/04/12/9b1bb82786b4bf6351e00e1db971ed831.jpg,,,
7074563,2,감자는 껍질을 깎고 2 ~ 3cm 크기의 큐브 모양으로 썰어주세요. 대파는 송송 썰어주세요.,https://recipe1.ezmember.co.kr/cache/recipe/2026/04/12/a310d4f7139c8781e791e338ee7ba9bf1.jpg,,,
7074563,3,무청시래기는 먹기 좋은 길이로 잘라주세요.,https://recipe1.ezmember.co.kr/cache/recipe/2026/04/12/00d77f5962bd280b05d07c76c5ddb3251.jpg,,,
7074563,4,"국간장 2큰술, 참치액젓 1큰술, 맛술 2큰술, 들기름 2큰술, 다진 마늘 2큰술, 소금 1/2작은술, 후춧가루 약간, 고춧가루 3큰술, 고추장 1큰술, 된장 2큰술을 넣고 무청시래기와 버무려서 시래기 양념을 해 주세요",https://recipe1.ezmember.co.kr/cache/recipe/2026/04/12/8e1bd13d42f31cb26eb707381ec606931.jpg,,,
7074563,5,국 냄비에 멸치육수 10컵을 붓고 물이 끓어오르면 양념해 놓은 시래기와 감자를 넣어주세요.,https://recipe1.ezmember.co.kr/cache/recipe/2026/04/12/0daad0c714beab0d0abcf22622a3cb441.jpg,,,
7074563,6,강불에서 육수가 끓어오르면 중불로 낮추어 감자가 익을 때까지 끓여주세요. 중간에 떠오르는 거품은 걷어가며 끓여주세요.,https://recipe1.ezmember.co.kr/cache/recipe/2026/04/12/4d53075518f0588157e6fcd2865068d41.jpg,중불,,
7074563,7,감자가 익었으면 소고기를 넣어주세요.,https://recipe1.ezmember.co.kr/cache/recipe/2026/04/12/e0557993857677af734581c197c356dc1.jpg,,,
7074563,8,소고기가 익을 때까지 끓인 후 대파를 넣고 한소끔 더 끓여주세요. 부족한 간은 참치액젓으로 맞추고 불을 꺼주세요.,https://recipe1.ezmember.co.kr/cache/recipe/2026/04/12/a92087b1b3213346dd8d9da8cc1e4ff41.jpg,,,
7074563,9,따뜻할 때 그릇에 담고 완성합니다.,https://recipe1.ezmember.co.kr/cache/recipe/2026/04/12/87933195acb75a337ff82ea2ef84e20a1.jpg,,,
6904344,1,집에 목살이 있어서 만들었지만 다양한 부위로 활용해도 좋을 듯,https://recipe1.ezmember.co.kr/cache/recipe/2019/01/14/b2f090b45ecf45fcf65f6bd01bbaa2951.jpg,,,
6904344,2,기름 부위를 다 제거하고 살코기만을 사용했는데 기름 부위의 고소한 맛을 좋아한다면 그냥 만들어도 좋다,https://recipe1.ezmember.co.kr/cache/recipe/2019/01/14/7032af7df6cf54eae5dcc5bb05c827571.jpg,,,
6904344,3,꼬치에 끼울 수 있게 잘라주고 트위스트로 끼워준다,https://recipe1.ezmember.co.kr/cache/recipe/2019/01/14/70e1efa21b09f7ad561efa5663b576bf1.jpg,,,
6904344,4,꼬치에 고기를 트위스트로 끼워주기,https://recipe1.ezmember.co.kr/cache/recipe/2019/01/14/d0a23126c5ed28a8621b3201ab78ea631.jpg,,,
6904344,5,자투리 고기들도 코치에 모두 끼우고 후추 톡톡!,https://recipe1.ezmember.co.kr/cache/recipe/2019/01/14/0a2cb649c7840a40b55f6ef6791f5e651.jpg,,,
6904344,6,예열된 냄비에 오일을 두르고 구워주기,https://recipe1.ezmember.co.kr/cache/recipe/2019/01/14/406b0743852e943e085b4ab93f4558ae1.jpg,,,
6904344,7,뚜껑을 닫고 중불에 구워주면 고기에서 수분이 생겨 타거나 냄비 바닥에 눌어붙지 않고 잘 익혀진다,https://recipe1.ezmember.co.kr/cache/recipe/2019/01/14/58dbb1f96396dffc9d05f95e9040f34e1.jpg,중불,,
6904344,8,중간중간 뚜껑을 열어 확인해보고,https://recipe1.ezmember.co.kr/cache/recipe/2019/01/14/15d4dd490ece9e0bb869f84a7452279b1.jpg,,,
6904344,9,꼬치에 한쪽 면이 다 익혀졌을 때 뒤집어서 반대쪽도 익혀준다,https://recipe1.ezmember.co.kr/cache/recipe/2019/01/14/7f4f392d8d52b53070f1312e4a53059b1.jpg,,,
6904344,10,냄비 뚜껑을 닫고 타지 않게 중약 불로 고기가 다 익을 때까지 익혀준다,https://recipe1.ezmember.co.kr/cache/recipe/2019/01/14/50f8ac571e59536c4bdddcb94659b8361.jpg,,,
6904344,11,고기가 익는 동안 소스를 만들고,https://recipe1.ezmember.co.kr/cache/recipe/2019/01/14/fa5d822af2136e33c339a19491ab2d871.jpg,,,
6904344,12,다 익은 고기에 소스를 부어가며 졸여준다,https://recipe1.ezmember.co.kr/cache/recipe/2019/01/14/92e71386dd3e83380825489626726d101.jpg,,,
6904344,13,한 번씩 뒤집으며 고기에 양념이 잘 베이게 졸여주기,https://recipe1.ezmember.co.kr/cache/recipe/2019/01/14/77fd35117587baece52b093fe32fdce41.jpg,,,
6904344,14,소스가 졸여지면서 고기에 잘 묻어 날 수 있게 구워 주면 끝 쪽파를 송송 썰어서 뿌려주니 더 먹음직스럽다~,https://recipe1.ezmember.co.kr/cache/recipe/2019/01/14/44958f8be5361da25454fa8f56bcb1c31.jpg,,,
6922742,1,달걀이 누락되었지만 기본 재료를 준비해요.,https://recipe1.ezmember.co.kr/cache/recipe/2019/11/27/eb4cb4118281e4aa3432c300a0b42bdc1.jpg?w=1000,,,
6922742,2,"참치에 기름을 90%버리고 넣어주시고 으깬 두부와 계란, 다진 파, 달걀2개, 소금0.5T, 후추, 부침가루를 4T넣어주세요.",https://recipe1.ezmember.co.kr/cache/recipe/2019/11/27/cea60cbbd4f99cee0a42eb3ae052896d1.jpg?w=1000,,,
6922742,3,간이 뭉치지 않게 잘 섞어주세요.,https://recipe1.ezmember.co.kr/cache/recipe/2019/11/27/e1e428f68bcfccad11ce71dfac40cb2a1.jpg?w=1000,,,
6922742,4,사진과 같이 동그랗게 만들어주세요.(총8개가 나와서 6개는 냉동실에 얼려서 보관해서 나중에 먹어도 되요.),https://recipe1.ezmember.co.kr/cache/recipe/2019/11/27/8b35ac1ea8e69b516e5308e6183911fd1.jpg?w=1000,,,
6922742,5,기름 두르고 맛있게 구워줍시다.,https://recipe1.ezmember.co.kr/cache/recipe/2019/11/27/2c30591287d4ea8db00cabf1707120011.jpg?w=1000,,,
6910384,1,"재료: 마늘2컵, 꿀3큰술,맛술1큰술 조림장: 간장2큰술,꿀3큰술,맛술1큰술",https://recipe1.ezmember.co.kr/cache/recipe/2019/04/13/6798fd65acc2b6abb9c2109a771601451.jpg,,,
6910384,2,마늘은 껍질을 벗겨 깨끗이 씻어줍니다,https://recipe1.ezmember.co.kr/cache/recipe/2019/04/13/c010ff408727af9dfa515c3cf55b57021.jpg,,,
6910384,3,냄비에 물을넣고 끓으면 중불로 5분정도 삶아주세요. 5분이면 알맞게 삶아 진 것 같아요. 이렇게 해주면 매운맛도 없어지고 특유의 마늘 냄새도 제거 됩니다.,https://recipe1.ezmember.co.kr/cache/recipe/2019/04/13/b73799b81af5ad7a6628477ea20c6f441.jpg,중불,300,
6910384,4,마늘의 물기를 빼주세요.,https://recipe1.ezmember.co.kr/cache/recipe/2019/04/13/0ad9f2e95cfe0ad8634aab3cb033d3421.jpg,,,
6910384,5,"팬에 양념재료 간장,꿀,맛술 넣고 약한불에서 끓이세요. 센불에서 하면 조림장이 다 날라가 버립니다.",https://recipe1.ezmember.co.kr/cache/recipe/2019/04/13/f14dd8dd6114fcb003a172e8ca62d7fe1.jpg,강불,,
6910384,6,끓으면 마늘 넣고 중약불로 계속 타지않게 조려줍니다.,https://recipe1.ezmember.co.kr/cache/recipe/2019/04/13/8049a2fd85a629c11ec71d71cc65a6611.jpg,약불,,
6910384,7,조림장이 어느정도 졸여지면 완성,https://recipe1.ezmember.co.kr/cache/recipe/2019/04/13/4ea401ed78ae5a739628947063aebd671.jpg,,,
6910384,8,"매운맛이 싹 없어지고 달콤한 마늘조림이 되었네요. 아이들도 먹을수 있어요. 마지막에 집에 있는 견과류 아몬드,땅콩 을 버무려도 좋아요.",https://recipe1.ezmember.co.kr/cache/recipe/2019/04/13/302f44a5ab206db7c85d4a18c5a7c3061.jpg,,,
6935331,1,"양파는 작게 다지고 홍고추, 청양고추, 쪽파는 송송 썬다.",https://recipe1.ezmember.co.kr/cache/recipe/2020/06/30/5527e56685268d8c71b7371817ee7cf31.jpg?w=1000,,,
6935331,2,삽겹살은 잘게 자른 후 팬에 기름을 두르고 노릇하게 굽는다. 팬 에어프라이어에 조리 시 180도 온도에서 10분간 조리해주세요.,https://recipe1.ezmember.co.kr/cache/recipe/2020/06/30/de4d71c3431282e54c3ca2232b2ecfee1.jpg?w=1000,,600,
6935331,3,"팬에 기름을 두른 후 다진 마늘, 다진 생강을 볶다가 양념 재료, 다진 양파, 송송 썬 홍고추, 청양고추를 넣고 볶는다. 팬",https://recipe1.ezmember.co.kr/cache/recipe/2020/06/30/1a1c008451cba59ca5005686a96970bd1.jpg?w=1000,,,
6935331,4,양념이 살짝 끓어 오르면 구운 삼겹살을 넣고 볶아 삼겹 깐풍을 만든다.,https://recipe1.ezmember.co.kr/cache/recipe/2020/06/30/e6dd69dfb9cc382a3a38c80c769d0a5c1.jpg?w=1000,,,
6935331,5,그릇에 밥을 담고 삼겹 깐풍을 올린 후 송송 썬 쪽파를 뿌려 완성한다. 그릇,https://recipe1.ezmember.co.kr/cache/recipe/2020/06/30/ff01789f1b4791e9afcb4b0e0e66a4bc1.jpg?w=1000,,,
6912539,1,양파 1/4개는 굵게 다지고 소금 한두 꼬집+후춧가루 뿌려 밑간해요,https://recipe1.ezmember.co.kr/cache/recipe/2019/05/21/702531d496753bd13618708ef49a1bad1.jpg?w=1000,,,
6912539,2,끓는 물에 소시지 4개 넣고 약 2분 정도 삶아요,https://recipe1.ezmember.co.kr/cache/recipe/2019/05/21/0ac7bd3bb34274cb4992418544b0a8151.jpg?w=1000,,120,
6912539,3,삶은 소시지는 끝 조금만 남기고 반을 갈라요,https://recipe1.ezmember.co.kr/cache/recipe/2019/05/21/3132ff3208c766475db4d1b3469d55181.jpg?w=1000,,,
6912539,4,"여기에 밑간한 양파 약간씩 넣고, 살짝 꾹꾹 눌러줘요~",https://recipe1.ezmember.co.kr/cache/recipe/2019/05/21/ccc3d2fcc1a4bed07727a0a2c50281f11.jpg?w=1000,,,
6912539,5,양파 위에 피자치즈 적당히 올리고,https://recipe1.ezmember.co.kr/cache/recipe/2019/05/21/42e189532aeff4070709fbf831ed45201.jpg?w=1000,,,
6912539,6,에어프라이어에 넣어요 에어프라이어 종이호일을 깔고 구우면 설거지 안해도 됩니다,https://recipe1.ezmember.co.kr/cache/recipe/2019/05/21/49e9b5a0065b887f60ef8e7c30e5f8bd1.jpg?w=1000,,,
6912539,7,굽기-170도에서 3분간 구워줍니다 구운 소시지에 케첩과 머스타드소스 파슬리가루 뿌립니다 무조건 맛있는 소시지피자 참 맛있네요~,https://recipe1.ezmember.co.kr/cache/recipe/2019/05/21/db324f0935383847a5d737f2fc3ef51b1.jpg?w=1000,,180,
6831990,1,"부추는 흐르는 물에 씻은 뒤, 물기를 제거하고 베이컨 길이에 맞춰서 잘라줍니다.",https://recipe1.ezmember.co.kr/cache/recipe/2015/08/15/7c8c6ecdbc58eaf3dff7a36e711e05ff1.jpg,,,
6831990,2,베이컨은 길이대로 반을 잘라서 준비합니다.,https://recipe1.ezmember.co.kr/cache/recipe/2015/08/15/c168282fe2cebf46b24e60b2308a20321.jpg,,,
6831990,3,"베이컨을 하나씩 떼어 펼쳐주고, 그 위에 미리 잘라놓은 부추를 조금씩 올려줍니다.",https://recipe1.ezmember.co.kr/cache/recipe/2015/08/15/d0c9193eb00873f6c74e18357e87c29c1.jpg,,,
6831990,4,"그대로 돌돌 말아주기, 베이컨의 기름으로 자동접착이 되어 풀리지 않으니 한번에 말아주세요.",https://recipe1.ezmember.co.kr/cache/recipe/2015/08/15/30fd26fc24b3c76d9da141b2f3c24b011.jpg,,,
6831990,5,"베이컨9장을 사용, 반 잘라서 총 18개가 완성되었어요.",https://recipe1.ezmember.co.kr/cache/recipe/2015/08/15/54abdf8ba3768f83fac696c15d305d7b1.jpg,,,
6831990,6,"후라이팬을 깨끗이 닦아준 뒤, 부추베이컨말이를 차곡차곡 올려줍니다. 베이컨에서 기름나오니 식용유는 전혀 필요없습니다.",https://recipe1.ezmember.co.kr/cache/recipe/2015/08/15/1af071dd28543bf46510a9c9597e00b01.jpg,,,
6831990,7,베이컨이 말린 끝부분을 바닥면으로 향하게 하여 먼저 구워주고 완벽하게 접착이 됩니다. 앞뒤로 굴려가며 노릇노릇 중약불에서 구워주면 완성!!,https://recipe1.ezmember.co.kr/cache/recipe/2015/08/15/00e6d9dfe24612856cb90756464501231.jpg,약불,,
6880679,1,브로콜리는 송이송이 먹기 좋게 썰어주세요 :),https://recipe1.ezmember.co.kr/cache/recipe/2017/12/08/a748f7bfb0ea69bb793212fe18c7c3d01.jpg,,,
6880679,2,끓는물 3컵에 소금 1/4T를 넣고 브로콜리를 데친 후 찬물에 헹구어 냅니다,https://recipe1.ezmember.co.kr/cache/recipe/2017/12/08/26adcab3bf1f3fcc9c1b91a0cea15b0a1.jpg,,,
6880679,3,팬에 올리브유 2T를 두르고,https://recipe1.ezmember.co.kr/cache/recipe/2017/12/08/599b9e2b26d7c087450a281cbe580f8f1.jpg,,,
6880679,4,썰어둔 마늘을 넣고 볶아주세요,https://recipe1.ezmember.co.kr/cache/recipe/2017/12/08/3b1370a5ca5391e985b38a55c72427711.jpg,,,
6880679,5,"마늘을 어느정도 볶다가 브로콜리를 넣고, 소금 1/4T,",https://recipe1.ezmember.co.kr/cache/recipe/2017/12/08/106266ac5acf6b5f394e81cbea4731b41.jpg,,,
6880679,6,"후춧가루를 약간 넣어주시면, 브로콜리 마늘볶음 완성!! 참 쉽죠 :) 흐흐",https://recipe1.ezmember.co.kr/cache/recipe/2017/12/08/662b298d9c75028617feb04c4721a50e1.jpg,,,
6880679,7,"건강 식재료로 유명한 요 두아이, 브로콜리와 마늘을 함께 볶아내니, 깔끔하고 담백한 맛이 뿜뿜! 'ㅂ' 매운 요리의 사이드 반찬으로도 최고예요 :) 저는 다른 포스팅으로 다시 돌아올게요 우리 곧 다시 만나요 씨유쑨! ♥",https://recipe1.ezmember.co.kr/cache/recipe/2017/12/08/959d9b73bb5ca08d37834bb1ac6f7f5b1.jpg,,,
6844877,1,"우선 재료를 준비해 주세요.양파는 채를 썰어서 준비해주시고, 알새우는 냉동이라 물에 한번씻어서 준비해놨어요.",https://recipe1.ezmember.co.kr/cache/recipe/2016/03/18/ce85a01ec9d8599abcf191483942b8df1.jpg,,,
6844877,2,"양념장도 미리 만들어주심 되요.간장 2큰술, 매실액 1큰술, 올리고당 2큰술, 맛술 1큰술, 물 2큰술, 고춧가루 1큰술, 다진마늘 반큰술보다 적게, 참기름 반큰술보다적게 넣으신후 잘 섞어주세요.",https://recipe1.ezmember.co.kr/cache/recipe/2016/03/18/80446e46d202defd5c9774e703e4d5f71.jpg,,,
6844877,3,팬에 올리브유를 두른 후 양파를 먼저 볶아주세요.,https://recipe1.ezmember.co.kr/cache/recipe/2016/03/18/b2147eb5cbfbad9736095a0fd5d603671.jpg,,,
6844877,4,볶은 양파색이 노란 빛이 돌때 알새우를 넣어주세요.사진에는 오랫동안 볶은 양파색이 잘 안보이네요~전 이제 백주부님 요리 보면서 양파들어가는 요리에는 제일 먼저 양파를 오랫동안 볶게 되네요..^^,https://recipe1.ezmember.co.kr/cache/recipe/2016/03/18/55a372ed133a68090b516490a68312c71.jpg,,,
6844877,5,준비한 양념도 함께 넣어주세요.양념할때 고춧가루 매운것만 넣었는데요. 청량고추 넣어도 맛있겠죠?하지만 전 지금 임신중 위가 안좋아져서 청량고추는 잠시 쉬는걸로~,https://recipe1.ezmember.co.kr/cache/recipe/2016/03/18/d7b1ba333a2d34dbdedd97be3900c50d1.jpg,,,
6844877,6,양념이 졸아들때까지 자작하게 볶아주시면 되요.,https://recipe1.ezmember.co.kr/cache/recipe/2016/03/18/942fcdc18859c8d709dbb2d748dcf4f51.jpg,,,
6844877,7,그릇에 밥을 담아주시고 그위에 볶은 양파알새우를 올려주세요.마지막으로 통깨를 뿌려 마무리~~~,https://recipe1.ezmember.co.kr/cache/recipe/2016/03/18/cef0160970797845118e99f14c74c2bb1.jpg,,,
6844877,8,전 갑자기 계란이 생각나도 급하게 스크램블을 만들어서 섞어주었어요.슥슥 비벼서 밥과 양파 계란 알새우까지~반찬 별로 필요없이 한끼 해결했어요.,https://recipe1.ezmember.co.kr/cache/recipe/2016/03/18/e4d176025921af20c110ce4c964bf8a11.jpg,,,
6836906,1,"볼에 밀가루, 설탕, 소금을 섞어주세요. 차가운 상태의 버터를 넣고 주걱 또는 스크래퍼로 버터를 잘게 잘라주며 밀가루의 색이 노란색이 될 때까지 섞어주세요. 우유와 베이킹파우더를 넣어서 섞은 후 냉장고에서 30분정도 휴지시켜주세요.",https://recipe1.ezmember.co.kr/cache/recipe/2015/10/26/eb730650f290d065d15d747f8e77dfa81.jpg?w=1000,,1800,
6836906,2,팬 위에 유산지를 깔고 적당한 크기로 반죽을 떼어서 올려주세요.,https://recipe1.ezmember.co.kr/cache/recipe/2015/10/26/0536a2612025654688b8b833e412ce8b1.jpg?w=1000,,,
6836906,3,예열한 오븐에서 180도로 15분간 구워주세요. 오븐,https://recipe1.ezmember.co.kr/cache/recipe/2015/10/26/14d8ff5c9bc66b58378823501da545891.jpg?w=1000,,900,
6836906,4,완성입니다!,https://recipe1.ezmember.co.kr/cache/recipe/2015/10/26/1790eaf3f9493fbc8bb2a099e27310ca1.jpg?w=1000,,,
6989041,1,대파는 5~6cm 길이로 자른다.,https://recipe1.ezmember.co.kr/cache/recipe/2022/10/09/6937fbb1026ffb10686493fde392e5631.jpg?w=1000,,,
6989041,2,자른 대파는 채 썰어 준다.,https://recipe1.ezmember.co.kr/cache/recipe/2022/10/09/ad5203b62ca891611b3c1ebb090426c31.jpg?w=1000,,,
6989041,3,채 썬 대파는 찬물에 담가 매운맛을 제거한다.,https://recipe1.ezmember.co.kr/cache/recipe/2022/10/09/51116c5533f63d45c280469d64eef5da1.jpg?w=1000,,,
6989041,4,매운맛을 제거한 대파는 물기를 제거한다.,https://recipe1.ezmember.co.kr/cache/recipe/2022/10/09/dfe4eb8a80e3a30e192a55e54ad358e81.jpg?w=1000,,,
6989041,5,끓는 물에 오일을 조금 넣고 푸실리를 삶는다.,https://recipe1.ezmember.co.kr/cache/recipe/2022/10/09/7a69a2048eea0eb6b99a6826750aaa5a1.jpg?w=1000,,,
6989041,6,삶은 푸실리는 찬물에 씻어 물기를 제거한다.,https://recipe1.ezmember.co.kr/cache/recipe/2022/10/09/c6d1b392f6ddde0cd3b80ca66d7f2ffa1.jpg?w=1000,,,
6989041,7,"간장, 올리브오일, 참기름, 올리고당, 식초, 다진 마늘을 넣고 드레싱을 만든다.",https://recipe1.ezmember.co.kr/cache/recipe/2022/10/09/4817f0391bd2c2abecc25e6002c619a21.jpg?w=1000,,,
6989041,8,드레싱에 준비한 재료를 모두 넣고 버무린다.,https://recipe1.ezmember.co.kr/cache/recipe/2022/10/09/45153d119a8b6c605dd2fb968ec599841.jpg?w=1000,,,
6867358,1,"간장1T, 올리고당2T, 맛술 0.5T, 다진마늘1T, 후추조금 넣고 먹기 좋게 손질해 둔 닭다리살과 잘 섞어주세용 10분정도 재워두세요 간장1T, 올리고당2T, 맛술 0.5T, 다진마늘1T, 후추조금",https://recipe1.ezmember.co.kr/cache/recipe/2017/03/24/cbcc0b509ad6b62f5d572bb88362b1141.jpg,,600,
6867358,2,"고구마는 깨끗이 씻어 껍질째 준비하고 파프리카는 먹기 좋게 정사각형으로 썰어주세요 고구마1개, 미니파프리카 2개 파프리카가 없으면 생략해도 되요 고구마는 껍질째 볶아먹으면 훨씬 맛있어요",https://recipe1.ezmember.co.kr/cache/recipe/2017/03/24/9229213219ed7cf8a76a6ca9741b46151.jpg,,,
6867358,3,브로콜리는 한입크기로 자른 후 1차 흐르는 물 -> 2차 베이킹소다 푼 물 -> 3차 식초물에 씻어주세요 씻을 때는 송이를 아래로 향하게 해서 물에 담가 휘휘 저어주세요,https://recipe1.ezmember.co.kr/cache/recipe/2017/03/24/88b4a2b4cc6437d3cfbf933100f7567c1.jpg,,,
6867358,4,세척이 끝난 브로콜리는 끓는 물에 30초 정도 삷아서 준비합니다,https://recipe1.ezmember.co.kr/cache/recipe/2017/03/24/96bd10f1eba80d6b2a9c695a20b792af1.jpg,,30,
6867358,5,팬에 식용유를 두르고 가장 늦게 익는 고구마부터 볶아주세요,https://recipe1.ezmember.co.kr/cache/recipe/2017/03/24/c21b7c220b9b1afb2fa103e8c211f6551.jpg,,,
6867358,6,고구마가 노랗게 올라오면 재워둔 닭고기와 파프리카를 넣고 센불에 볶아줍니다 양념이 잘 배도록 모든 재료를 잘 섞어주세요 센불,https://recipe1.ezmember.co.kr/cache/recipe/2017/03/24/5e48641f552ea2fafeeecfbdd0f9bd201.jpg,강불,,
6867358,7,닭다리 살이 서서히 익어갈 때 브로콜리를 넣어주세요 센불 브로콜리는 미리 삶아놔서 맨 마지막에 넣어요,https://recipe1.ezmember.co.kr/cache/recipe/2017/03/24/6529bb0904d06b02f10c6924e147679b1.jpg,강불,,
6867358,8,센불에 양념이 졸아들 때까지 볶아주기! 고구마는 젓가락으로 찔러보고 닭은 살짝 찢어봐서 익었으면 불을 끕니다,https://recipe1.ezmember.co.kr/cache/recipe/2017/03/24/4d2d6f5ea27333c4ee12b1fae57ae30e1.jpg,강불,,
6867358,9,예쁜 접시에 담고 검은 깨를 뿌려 완성,https://recipe1.ezmember.co.kr/cache/recipe/2017/03/24/a162b13df2cd94267e4fe2b64647a61d1.jpg,,,
7074542,1,"삼겹살 550g, 묵은지 1/4쪽, 코인육수 1알 넣고 물 600ml 넣어줍니다. 저는 처음부터 자른 삼겹살을 사용했어요",https://recipe1.ezmember.co.kr/cache/recipe/2026/04/11/dc82abe15bc54ccac2402f76ad5dcf511.jpg?w=1000,,,
7074542,2,만들어둔 양념 넣고 뚜껑닫고 센불에서 10분 끓여줍니다,https://recipe1.ezmember.co.kr/cache/recipe/2026/04/11/08c85cdac4ccc3c367ab25b7785712551.jpg?w=1000,강불,600,
7074542,3,"그 사이 대파와 청양고추는 어슷썰기, 양파는 채썰어 주세요",https://recipe1.ezmember.co.kr/cache/recipe/2026/04/11/92edb8d8317bb31e31d1b226406c051f1.jpg?w=1000,,,
7074542,4,10분이 지나면 양파를 넣고 중불에서 5분 끓여주세요,https://recipe1.ezmember.co.kr/cache/recipe/2026/04/11/92b0cd4c275d6f81f17637a47c2c73991.jpg?w=1000,중불,600,
7074542,5,"5분정도 지나면 대파와 청양고추를 넣고 중약불에 10분~15분정도, 김치가 뭉근해질정도로 조리후 드시면 돼요",https://recipe1.ezmember.co.kr/cache/recipe/2026/04/11/258da57435fb62303d35f126af73bfcc1.jpg?w=1000,약불,300,
7063408,1,배추김치를 먹기좋은 크기로 썰어주세요.,https://recipe1.ezmember.co.kr/cache/recipe/2025/09/26/26eb8a8088f2c4aa9850fea21d98bdfd1.jpg,,,
7063408,2,들기름을 두른후 썰어놓은 김치를 투명해 질때까지 볶아주세요.,https://recipe1.ezmember.co.kr/cache/recipe/2025/09/26/3ffb3139537431ee31d896fcfe7446061.jpg,,,
7063408,3,"설탕1스푼 넣어주시고, 스팸을 깍뚝썰기를 해두세요.",https://recipe1.ezmember.co.kr/cache/recipe/2025/09/26/3eff1a0a05df699ca07faa015c04db8d1.jpg,,,
7063408,4,김치와 추가로 넣어주세요.,https://recipe1.ezmember.co.kr/cache/recipe/2025/09/26/ada7c253b57d81969363766fe7aaf0b41.jpg,,,
7063408,5,"대파를 송송송 썰어서 넣어주신 다음, 통깨를 추가로 넣어주세요.",https://recipe1.ezmember.co.kr/cache/recipe/2025/09/26/cad279f4a4cf8ce83e675e8e41081b801.jpg,,,
7063408,6,들기름스팸김치볶음이 완성이 되었습니다.,https://recipe1.ezmember.co.kr/cache/recipe/2025/09/26/511e80f328ee5baeee6244d282b88e7a1.jpg,,,
6891556,1,슬라이스한 스팸 2조각을 끓는물에 살짝 데쳐주세요. 짠맛도 줄어들고 기름기가 빠져 맛이 깔끔해져요.,https://recipe1.ezmember.co.kr/cache/recipe/2018/06/27/d3fceb7c77e8207a7734abe93f0559511.jpg,,,
6891556,2,먹기 적당한 크기로 썰어 후라이팬에 구워주세요.,https://recipe1.ezmember.co.kr/cache/recipe/2018/06/27/e2f3bda4000b7b714e4071caf514344b1.jpg,,,
6891556,3,양파 1개를 채썬 후 다진마늘 1스푼을 넣고 살짝 볶아주세요.,https://recipe1.ezmember.co.kr/cache/recipe/2018/06/27/a85852d0a8669b7aa1a7158fcf8eed0e1.jpg,,,
6891556,4,"양념재료인 간장 2스푼, 설탕 1스푼, 맛술 2스푼, 물 6스푼을 넣고 약한 불에서 끓여주세요.",https://recipe1.ezmember.co.kr/cache/recipe/2018/06/27/46b10962c574d396b797caa74b7b6b4c1.jpg,,,
6891556,5,양파가 흐물해지기 시작하면 구운 스팸을 넣고 살짝만 더 끓여주세요,https://recipe1.ezmember.co.kr/cache/recipe/2018/06/27/c4af7501bbcd596150d1c47c754987d91.jpg,,,
6891556,6,계란 1개를 풀어 파를 적당량 썰어 넣고 그위에 부어 주세요. 살짝 덜 익은 반숙인 상태에서 불을 꺼주세요. 반숙 상태인 계란은 촉촉하면서도 부드러운 맛을 느끼게 해줘요.,https://recipe1.ezmember.co.kr/cache/recipe/2018/06/27/4062948222bce529116871542a6bf09b1.jpg,,,
6891556,7,밥 위에 스팸 양파덮밥을 올리고 참깨를 솔솔 뿌려주면 완성!!,https://recipe1.ezmember.co.kr/cache/recipe/2018/06/27/4d9e610a6094629fb0f894b5363d4ad01.jpg,,,
6897704,1,식빵 2개를 가위로 네모지게 잘라 주세요. 가위,https://recipe1.ezmember.co.kr/cache/recipe/2018/10/12/6d734c39001b655f4d239be8e044481d1.jpg?w=1000,,,
6897704,2,식빵을 프라이팬에 올려서 한번 구워내 주세요. 구워진 식빵은 다른곳에 덜어내 주세요. 자른식빵 2개 프라이팬 중불,https://recipe1.ezmember.co.kr/cache/recipe/2018/10/12/46857571a80bc052ea54010ad7a767541.jpg?w=1000,중불,,
6897704,3,"물 5 T와 설탕 4T를 프라이팬에 올려 프라이팬에 열기에 녹아 내려 물엿처럼 될때까지 가만히 두세요. 설탕 4T, 물 5T 빨리 녹인다고 절대 저으시면 안돼요.",https://recipe1.ezmember.co.kr/cache/recipe/2018/10/12/99d293a60f83b3a9e8dcb428f828325c1.jpg?w=1000,,,
6897704,4,설탕물이 끓어 오르기 시작하면 버터 1T를 넣어 주세요 버터 1T 이 때도 저으시면 안돼요.,https://recipe1.ezmember.co.kr/cache/recipe/2018/10/12/c841af2a51608181bc362a7fe6871cad1.jpg?w=1000,,,
6897704,5,이렇게 버터가 녹으면 색깔이 카라멜 색상이 나와요. 여기에 우유를 넣어 섞어주세요. 이때 미리 구워 놓았던 식빵을 투하해 주세요. 식빵에 잘 묻어 나도록 잘 섞어 주세요.,https://recipe1.ezmember.co.kr/cache/recipe/2018/10/12/33263d0cd0502d7a20ee21c146c7d4291.jpg?w=1000,,,
6897704,6,식빵에 카라멜 색상이 입혀지면 종이호일을 깔고 한킴식혀 주시면 굳어지면서 식감이 살아나요. 종이호일,https://recipe1.ezmember.co.kr/cache/recipe/2018/10/12/fc66bef1b4b50261cfa1be623f2a6dd31.jpg?w=1000,,,
6897704,7,영화 한편 보시러 가시죠~~,https://recipe1.ezmember.co.kr/cache/recipe/2018/10/12/6ba16ac5e456d47083b28ae62d70efb91.jpg?w=1000,,,
7074693,1,애호박 1/2개 채썰어 준비해주세요,https://recipe1.ezmember.co.kr/cache/recipe/2026/04/14/4b4f5150cc3a374005197f182f5b6eff1.jpg?w=1000,,,
7074693,2,올리브오일 두른 팬에 채썬 애호박을 넣어주고,https://recipe1.ezmember.co.kr/cache/recipe/2026/04/14/dac8c0de423aae78b396e9526954ed581.jpg?w=1000,,,
7074693,3,소금 한 꼬집 넣어 볶아줍니다,https://recipe1.ezmember.co.kr/cache/recipe/2026/04/14/bbfb342018d4da9993cf52ddfa94e81d1.jpg?w=1000,,,
7074693,4,준비된 밥 위로 올리브 오일에 볶은 애호박 먼저 올려주세요,https://recipe1.ezmember.co.kr/cache/recipe/2026/04/14/b283418ea6959f48559ea78e906f06941.jpg?w=1000,,,
7074693,5,당근라페도 올려줍니다,https://recipe1.ezmember.co.kr/cache/recipe/2026/04/14/b20387af78eaac6b025d82539695cbc31.jpg?w=1000,,,
7074693,6,달걀프라이 하나 올려 맛있게 드세요,https://recipe1.ezmember.co.kr/cache/recipe/2026/04/14/b07a36bcec436fcd7085b3cd9430ff861.jpg?w=1000,,,
6842456,1,재료준비 버섯 종류는 새송이나 천송이 가능,https://recipe1.ezmember.co.kr/cache/recipe/2016/01/15/d5a1437323902c201d1fe5698d7adfc51.jpg,,,
6842456,2,닭가슴살 한번 헹구어준 후,https://recipe1.ezmember.co.kr/cache/recipe/2016/01/15/ffc02005922b311aad963a60f510d4c21.jpg,,,
6842456,3,먹기 좋은 크기로 잘라주세요,https://recipe1.ezmember.co.kr/cache/recipe/2016/01/15/7101bb3b1eed8a8bd4cdb65ab1d0a47b1.jpg,,,
6842456,4,버섯도 어슷썰기로 잘라주세요,https://recipe1.ezmember.co.kr/cache/recipe/2016/01/15/3bfcafe29bfa59fa03abc757d767dc031.jpg,,,
6842456,5,팬에 올리브유를 적당히 두른후 다진마늘 두큰술 넣어주세요,https://recipe1.ezmember.co.kr/cache/recipe/2016/01/15/b309385bad0633ea1cf7bda4a59c902f1.jpg,,,
6842456,6,약한불에 마늘을 잘 익혀주세요,https://recipe1.ezmember.co.kr/cache/recipe/2016/01/15/224ed7f6dcafc7adbfb25a01216ddc601.jpg,,,
6842456,7,마늘이 살짝 익으면 자른 닭가슴살 넣어주세요,https://recipe1.ezmember.co.kr/cache/recipe/2016/01/15/f432b4cf01bdf12a6f1c405a3a2e04ac1.jpg,,,
6842456,8,고기의 잡내를 잡아줄 바질,https://recipe1.ezmember.co.kr/cache/recipe/2016/01/15/a7ff69ed1e7871acf2b8dcb8238c85551.jpg,,,
6842456,9,닭가슴살 위에 솔솔 뿌려주세요,https://recipe1.ezmember.co.kr/cache/recipe/2016/01/15/60f996d5693df81eb5829cecd052ff741.jpg,,,
6842456,10,닭가슴살이 익으면 버섯도 넣어 익혀주세요,https://recipe1.ezmember.co.kr/cache/recipe/2016/01/15/8790ed1a3f4082c7f39540052b2668381.jpg,,,
6842456,11,"양념 간장2T, 설탕1T, 물엿1.5T를 넣어 잘 섞어주세요",https://recipe1.ezmember.co.kr/cache/recipe/2016/01/15/204812f59cad5806e6f22163680fc6271.jpg,,,
6842456,12,양념을 넣고 볶아주세요 양념이 잘 베였으면 완성,https://recipe1.ezmember.co.kr/cache/recipe/2016/01/15/03bf1f46f4eeca93fe8fbc1a904b984f1.jpg,,,
6842456,13,닭가슴살과 먹음 맛있는 샐러드와 함께 준비,https://recipe1.ezmember.co.kr/cache/recipe/2016/01/15/3314f955b71be7563282e5f734b622711.jpg,,,
6828951,1,"대패삼겹살에 소금, 후추로 간해주세요.",https://recipe1.ezmember.co.kr/cache/recipe/2015/06/17/5e2adfcfeb585210be462acc51b1d5b31.jpg,,,
6828951,2,영양부추는 3~4cm 정도의 길이로 잘라줍니다.,https://recipe1.ezmember.co.kr/cache/recipe/2015/06/17/2d78daae8d037441162dee5ebc7f0fe81.jpg,,,
6828951,3,"양파 반개는 채썰어주고, 매운맛이 강하다면 찬물에 담궈 매운맛을 제거해주세요",https://recipe1.ezmember.co.kr/cache/recipe/2015/06/17/e34c76ca2dacaef9e22539bbeed2cd191.jpg,,,
6828951,4,"간장 3큰술, 식조 2큰술, 참기름 1큰술, 다진마늘 1큰술, 설탕 1큰술, 고춧가루 1작은술 넣고 잘 섞어줍니다.",https://recipe1.ezmember.co.kr/cache/recipe/2015/06/17/0b9d3d0efdd28ab5211e7c42fd1de1551.jpg,,,
6828951,5,"소금, 후추 간을 한 고기는 노릇노릇하게 구워줍니다.",https://recipe1.ezmember.co.kr/cache/recipe/2015/06/17/5073c7aabc83eb11ad00c85868add1901.jpg,,,
6828951,6,대패삼겹살에서 나오는 기름은 키친타올로 제거해주면서 구워주세요.,https://recipe1.ezmember.co.kr/cache/recipe/2015/06/17/2d83911e58e336ebe5a68bcef08f8bb71.jpg,,,
6828951,7,썰어놓은 영양부추와 양파 그리고 드레싱을 뿌려 야채 먼저 버무려줍니다.,https://recipe1.ezmember.co.kr/cache/recipe/2015/06/17/cef7768c92005ef9da0804fe56ce1e6f1.jpg,,,
6828951,8,다 버무려진 야채위에 잘 구워진 대패삼겹살 넣고,https://recipe1.ezmember.co.kr/cache/recipe/2015/06/17/38c400347364efac2c18031d6abe72e41.jpg,,,
6828951,9,남은 소스 한큰술정도 넣고,https://recipe1.ezmember.co.kr/cache/recipe/2015/06/17/06ec576c4ddc86c2e66b6ca945c88e851.jpg,,,
6828951,10,다시한번 살짝 버무려 주면 완성입니다.,https://recipe1.ezmember.co.kr/cache/recipe/2015/06/17/ee0bba2cf6e1301335713a449e2a5ed21.jpg,,,
6875696,1,참치는 체에 밭쳐 기름을 제거해주세요 꾹꾹 눌러 기름을 빼주는것이 좋아요,https://recipe1.ezmember.co.kr/cache/recipe/2017/09/01/8bd29aff5fb9e9902c560f3eeab4fb8a1.jpg,,,
6875696,2,달군 중불에 기름 뺀 참치 넣고 볶아 수분을 날려주어요,https://recipe1.ezmember.co.kr/cache/recipe/2017/09/01/81b2e18691f4822c9f8260e3df7f908b1.jpg,중불,,
6875696,3,어느정도 볶아 색이 날 즘에 간장 맛술 설탕을 넣어 섞어 볶아주고 중불 ~ 약불 참치 볶을때 눌러가며 볶는데요 누르게 되면 치~익 소리가 나게돼요 소리가 안날때까지 볶으면 됩니다,https://recipe1.ezmember.co.kr/cache/recipe/2017/09/01/dae1e039a4aa9ff906253d18ab4541d51.jpg,약불,,
6875696,4,색이 진해졌지요 약불로 줄이고 계속 볶다보면 바스락 소리가 들려요~ 수분 없이 볶아지면~~끝,https://recipe1.ezmember.co.kr/cache/recipe/2017/09/01/2edad5cfdc71c8af466a10e11f2071451.jpg,약불,,
6875696,5,참치 맛 가루를 밥에 넣고 통깨와 참기름 한두 방울 넣어 섞어 김에 돌돌 말아 봤어요,https://recipe1.ezmember.co.kr/cache/recipe/2017/09/01/4280655401758a745d6588beeb2e27cc1.jpg,,,
6875696,6,바쁜 아침에 좋을듯해요,https://recipe1.ezmember.co.kr/cache/recipe/2017/09/01/f5115955a6a3dfdb665df45fed5943731.jpg,,,
7069914,1,"중강불에서 물 1L에 소금 7g을 넣고 끓여준 뒤, 물이 팔팔 끓으면 파스타 면을 넣어 8분간 삶아주세요. 8분 정도 삶으면 너무 딱딱하지 않으면서도 쫀쫀함이 살아 있는 세미 알단테 식감 * 파스타면은 2인분 기준으로 200g을 사용했어요. (보통 1인분에 100g을 사용하지만, 위가 작은 분들이라면 80g 추천!) 물 , 소금, 파스타면 파스타냄비 중강불",https://recipe1.ezmember.co.kr/cache/recipe/2026/01/14/c521f6a0135fc1751f829c249a0254fd1.jpg?w=1000,강불,480,
7069914,2,파스타가 삶아지는 동안 명란은 껍질을 미리 까서 준비해 주세요. 명란 껍질이 은근히 질긴 편이라 이렇게 속만 발라두면 먹기도 훨씬 편하고 식감도 좋아요. 명란 칼,https://recipe1.ezmember.co.kr/cache/recipe/2026/01/14/388e87267c79e79af31d1c2fab2fd4111.jpg?w=1000,,,
7069914,3,"면이 다 삶아지면 큰 볼에 파스타를 옮겨 담고, 면수 한 국자를 넣은 뒤 버터와 함께 재빠르게 비벼주세요 조금 뻑뻑하다 싶으면 면수를 조금씩 추가해 섞어 주시면 되어요 버터 40g",https://recipe1.ezmember.co.kr/cache/recipe/2026/01/14/a123d54f83d88da5dbfd5beac288a0131.jpg?w=1000,,,
7069914,4,"면에 버터가 어느 정도 잘 코팅되면 후추, 파슬리 그리고 레몬즙 2/3큰술을 넣고 한 번 더 가볍게 비벼줍니다. 건파슬리, 레몬즙",https://recipe1.ezmember.co.kr/cache/recipe/2026/01/14/c11be5e50545b4f647fa6e420f6a43ef1.jpg?w=1000,,,
7069914,5,"마지막으로 그릇에 파스타를 담고 위에 명란을 한 스쿱 올려주면 초간단 버터 명란 파스타 완성! 버터의 고소함과 명란의 짭짤함이 조화롭게 어우러져, 간단하지만 맛은 최고인 메뉴 명란",https://recipe1.ezmember.co.kr/cache/recipe/2026/01/14/5fe1eecbed0d8b2bbb395eb6a9c3230b1.jpg?w=1000,,,
7003388,1,마지막 남은 김치예요,https://recipe1.ezmember.co.kr/cache/recipe/2023/06/04/275c2c2441ae76a9dd0f307e804f8f261.jpg,,,
7003388,2,몽땅 냄비에 넣어주고,https://recipe1.ezmember.co.kr/cache/recipe/2023/06/04/5c381c8e01c1ea46a67ce85c10bb8e281.jpg,,,
7003388,3,물을 2/3정도 담아줍니다,https://recipe1.ezmember.co.kr/cache/recipe/2023/06/04/653e8886d31d901c48b49b0f6c8512031.jpg,,,
7003388,4,"국간장 2, 참치액1을 넣고",https://recipe1.ezmember.co.kr/cache/recipe/2023/06/04/b2ca491be04a01b2f174a5d7e66864ca1.jpg,,,
7003388,5,멸치 다시마 티백 1개 넣고 끓여줍니다,https://recipe1.ezmember.co.kr/cache/recipe/2023/06/04/442a3ce3ca5c0d1629851b4336d985a51.jpg,,,
7003388,6,그 담엔 콩나물 씻어서 담아주고,https://recipe1.ezmember.co.kr/cache/recipe/2023/06/04/6259042d4ff847795aac8eab09a68b131.jpg,,,
7003388,7,청양고추와 대파 썰어서 준비하고,https://recipe1.ezmember.co.kr/cache/recipe/2023/06/04/5d6646313d4c45436e99b6e8046cd87f1.jpg,,,
7003388,8,고춧가루 1큰술 추가해 끓여줍니다,https://recipe1.ezmember.co.kr/cache/recipe/2023/06/04/eedd1f1d75fbf292cfae00dc782d75d21.jpg,,,
7003388,9,대략 20분 정도 끓이면 티백 건져내고,https://recipe1.ezmember.co.kr/cache/recipe/2023/06/04/4633c2fc3c13bd5bf74646ab4540484e1.jpg,,1200,
7003388,10,고추도 넣고,https://recipe1.ezmember.co.kr/cache/recipe/2023/06/04/484a6bc822bafd9eb002b990f56eaa641.jpg,,,
7003388,11,콩나물도 넣고,https://recipe1.ezmember.co.kr/cache/recipe/2023/06/04/934dc65761b4afb24c1792175d109c5b1.jpg,,,
7003388,12,소금과 다시다로 간 맞춰줍니다 먹어봐서 다시다 1티스푼 넣고 나머지 간은 소금으로 맞춰주면 됩니다.,https://recipe1.ezmember.co.kr/cache/recipe/2023/06/04/9a4d1412f56c6e38cb13041e44e7360f1.jpg,,,
7003388,13,마지막 대파 넣어 한소쿰 끓여내면 김치 콩나물국 완성입니다,https://recipe1.ezmember.co.kr/cache/recipe/2023/06/04/5a37fedf42c4b199ca43ab6fae5849431.jpg,,,
7071789,1,국민반찬 메추리알 장조림 만들기 해 볼게요.,https://recipe1.ezmember.co.kr/cache/recipe/2026/02/19/e1fe8f9baf8352061e0a3a851425938f1.jpg,,,
7071789,2,물1컵.간장3T.맛술1T.후추.올리고당2T.통깨을 넣고 양념장을 만들어 주세요.,https://recipe1.ezmember.co.kr/cache/recipe/2026/02/19/69658582cdfb539850b16e7c7c828f6b1.jpg,,,
7071789,3,만든 양념장을 넣고 준비한 메추리알을 넣고 보글 보글 끓여 주세요.,https://recipe1.ezmember.co.kr/cache/recipe/2026/02/19/84140f46f6e921d5e93a1e766662b51d1.jpg,,,
7071789,4,그리고 강불로 끓이다가 양념장이 거의 줄어지면 약불로 줄이고 굴려가면서 양념장을 졸여 주세요.,https://recipe1.ezmember.co.kr/cache/recipe/2026/02/19/73cd5066c01f9691d98fd155360397441.jpg,약불,,
7071789,5,그럼 맛있는 메추리알 장조림이 완성이랍니다.,https://recipe1.ezmember.co.kr/cache/recipe/2026/02/19/456ce2a6622fd11d56841ada6683c60a1.jpg,,,
6926078,1,실온 무염버터 62g부드럽게 잘 풀어주세요. 바삭함보다 부드러운 식감을 원하시면 버터 10g 추가,https://recipe1.ezmember.co.kr/cache/recipe/2020/02/06/29f9e1e04331d7c7159f2fcaab0a21421.jpg?w=1000,,,
6926078,2,설탕 40g 넣어주세요. 단맛을 좋아하면 설탕 10g 더 추가!,https://recipe1.ezmember.co.kr/cache/recipe/2020/02/06/86b6865bbf6de09501803a5188e6cd271.jpg?w=1000,,,
6926078,3,달걀 노른자 1개와 바닐라에센스 약간 넣고 잘섞어주세요.,https://recipe1.ezmember.co.kr/cache/recipe/2020/02/06/215bcf581f14e0b63adcb2ac440b457f1.jpg?w=1000,,,
6926078,4,박력분 100g을 체에 걸러주세요.,https://recipe1.ezmember.co.kr/cache/recipe/2020/02/06/f86d84d60bd3ff97bbf4a4083a88dafb1.jpg?w=1000,,,
6926078,5,코코아 파우더 20g을 넣고 뭉쳐지 만큼만 반죽을 해주세요.,https://recipe1.ezmember.co.kr/cache/recipe/2020/02/06/42d45d423b6afd9add1991a874761ca21.jpg?w=1000,,,
6926078,6,슬라이스 아몬드를 넣고 단단해질때까지 반죽해주세요.,https://recipe1.ezmember.co.kr/cache/recipe/2020/02/06/b254eafe51a746aab6156e97dcabd0d21.jpg?w=1000,,,
6926078,7,모양을 잡아 1시간정도 '냉동실'에 넣고 굳혀주세요. 전날 미리 반죽해서 '냉장실'에 하루 휴지시켜줬더니 개인적으로 더 맛있었어요. 틀에 넣어 잡아주면 모양이 일정해서 예쁨!,https://recipe1.ezmember.co.kr/cache/recipe/2020/02/06/f9e603b448a9cdfb0b0dd65ad798eb3c1.jpg?w=1000,,3600,
6926078,8,1cm 두께로 일정하게 잘라주세요.,https://recipe1.ezmember.co.kr/cache/recipe/2020/02/06/783e2b0c40f109565bf1ba34b6768fc21.jpg?w=1000,,,
6926078,9,180도 온도에서 13~15분 정도 구워주세요. 오븐기의 종류에 따라 온도차이가 있을 수 있어요^^;,https://recipe1.ezmember.co.kr/cache/recipe/2020/02/06/910b1e544cf25179625d6bef24270e931.jpg?w=1000,,900,
6926078,10,식힘망에 식혀주면 바삭 고소 아망디오쇼콜라(아몬드초코칩쿠키) 완성입니다. 더 바삭함을 원한다면 식혔다가 1~2분 정도 살짝 더 구워주세요.,https://recipe1.ezmember.co.kr/cache/recipe/2020/02/06/1b39ea0771c4a5fddcf37507397f04fc1.jpg?w=1000,,120,
6841156,1,"오이(1/2), 양파(1/2), 당근(1/5)을 먹기좋게 썰어 믹싱볼에 담는다",https://recipe1.ezmember.co.kr/cache/recipe/2016/01/06/40bbe8d31811655684494a380f6f9aca1.jpg,,,
6841156,2,"부추(10뿌리), 파프리카(1/4) 썰어넣은 후, 닭가슴살(1캔)을 통째로 믹싱볼에 넣는다.",https://recipe1.ezmember.co.kr/cache/recipe/2016/01/06/bdc18420cae5f59175c17a82ca383d6b1.jpg,,,
6841156,3,"양념으로 다진마늘(1큰술), 설탕(2큰술), 매실청(3큰술), 간장(1큰술), 식초(3큰술), 연겨자(1큰술), 레몬(1/2) 즙을 넣고 잘 버무려줍니다.",https://recipe1.ezmember.co.kr/cache/recipe/2016/01/06/0407cd9a3dde8d187f49284797b2615e1.jpg,,,
6841156,4,"무친 닭가슴살과 채소, 양념을 접시에 담아낸다.",https://recipe1.ezmember.co.kr/cache/recipe/2016/01/06/3d437896626dace532d1364bfdd7f9001.jpg,,,
6916655,1,손질된 고등어는 흐르는 물에 한번 헹궈준후 물기를 닦아 주세요.,https://recipe1.ezmember.co.kr/cache/recipe/2019/07/29/b9397818377238365ee73e03011d3c701.jpg?w=1000,,,
6916655,2,적당한 크기로 썰어 녹말가루를 묻혀 주세요.,https://recipe1.ezmember.co.kr/cache/recipe/2019/07/29/bc5064094d90dbafb5fd8b0fc0eb94fb1.jpg?w=1000,,,
6916655,3,"마늘,청양고추,홍청양고추,양파는 다져 주세요.",https://recipe1.ezmember.co.kr/cache/recipe/2019/07/29/0dbd9847c393f750e70263a2096cc0181.jpg?w=1000,,,
6916655,4,"팬에 식용유를 두르고, 고등어를 넣고 구워 주세요.",https://recipe1.ezmember.co.kr/cache/recipe/2019/07/29/2d93d43c83eeeb9a97a819698d9479a71.jpg?w=1000,,,
6916655,5,노릇하게 구워지면 뒤집어서 구워 주세요.,https://recipe1.ezmember.co.kr/cache/recipe/2019/07/29/280b9ea13a1558abb3c43700e4d0c2301.jpg?w=1000,,,
6916655,6,팬에 식용유를 1큰술 두르고 다진 양파와 다진 마늘을 넣고 볶아 주세요.,https://recipe1.ezmember.co.kr/cache/recipe/2019/07/29/772dd5b9474f0c66aa670677c4dd12191.jpg?w=1000,,,
6916655,7,"청양고추,홍청양고추를 넣고 위의 분량의 양념을 넣고 끓여 주세요.",https://recipe1.ezmember.co.kr/cache/recipe/2019/07/29/e4cc2e3f85728b94ba261c7918eefbee1.jpg?w=1000,,,
6916655,8,바삭하게 구운 고등어를 넣고 섞어 주세요. 참기름을 넣고 버무려 주세요.,https://recipe1.ezmember.co.kr/cache/recipe/2019/07/29/506dd9654d7e4e375c99165f3dab45cb1.jpg?w=1000,,,
6916655,9,완성 그릇에 담아 주세요.,https://recipe1.ezmember.co.kr/cache/recipe/2019/07/29/c59d6b3e3a451200685ab753e7b054371.jpg?w=1000,,,
6883649,1,먼저 양념은 위의 분량대로 미리 섞어서 만들어주세요 하면서 넣는것보다 미리 만들어둬야 훨씬 시간도 절약되고 편하답니다 :),https://recipe1.ezmember.co.kr/cache/recipe/2018/02/08/3ce64b171f4f7a61800b821b20450e641.jpg,,,
6883649,2,저는 비엔나소세지 반쪽만 십자모양으로 칼집을 내줬는데요 꼭 십자모양이 아니더라도 원하시는 방향대로 내주셔도 상관없어요 ~,https://recipe1.ezmember.co.kr/cache/recipe/2018/02/08/b25473312599bb1bb8c7b184d0c9cce41.jpg,,,
6883649,3,끓는물에 넣고 칼집이 조금 벌어질 정도로만 살짝 데쳐주세요 ~,https://recipe1.ezmember.co.kr/cache/recipe/2018/02/08/d5e59090c5bea60d53ca79d020a62df01.jpg,,,
6883649,4,기름에 튀겨야 하니깐 물기제거 꼭 해주시고요,https://recipe1.ezmember.co.kr/cache/recipe/2018/02/08/49904ee34621b4d7f167479e4939e7321.jpg,,,
6883649,5,팬에 기름을 적당히 붓고 데쳐준 소세지를 넣어 겉면이 살짝 바삭해질 정도로 튀겨주세요 오목한 팬에다 하시면 조금 더 편해요 :),https://recipe1.ezmember.co.kr/cache/recipe/2018/02/08/7ce621f44d67e795c56583879d857f6a1.jpg,,,
6883649,6,소세지의 겉면이 살짝 바삭해졌다 싶을때 미리 만들어두었던 양념을 넣어주세요,https://recipe1.ezmember.co.kr/cache/recipe/2018/02/08/548f967e290b6fc250abfb1a0dc2b9f61.jpg,,,
6883649,7,비엔나소세지 위로 양념이 골고루 묻어나게 팬을 기울여 양념을 수저로 얹어주면서 졸여줬어요 오목한 팬에 했음 좀 더 수월한데 ㅠ 어쨌든 양념이 소세지에 골고루 묻어나면서 졸아들때까지 볶아주시면되고요,https://recipe1.ezmember.co.kr/cache/recipe/2018/02/08/3d3ac47605ab9640d57d47d24f92dde81.jpg,,,
6883649,8,견과류를 위에 촥~ 뿌려주고 한번 더 볶아주시면 비엔나 소세지강정 완성 ~ 견과류는 선택사항이니 꼭 넣진 않으셔도 되는데 넣으시면 좀 더 고소한맛을 더하실수 있겠죠 ^^,https://recipe1.ezmember.co.kr/cache/recipe/2018/02/08/ae23af0b6385f505b32b91d49e9949f41.jpg,,,
6883649,9,비엔나소세지외에 다른 재료가 들어가지 않고 양념만 만들어주면 되니 더욱 간단하게 느껴지는데요 여기에 떡을 같이 넣어서 해먹어도 아주 맛있어요 ~ 떡을 같이 넣어주실땐 양념 비율을 좀 더 높게 잡아주시면 되고요 조금 더 매콤하게 드시고 싶다! 하시면 고추장을 조금 추가해서 만들어주세요,https://recipe1.ezmember.co.kr/cache/recipe/2018/02/08/c8201c1c60fae3b2d44dcb4aa7d4f0c51.jpg,,,
6891823,1,오이는 굵은 소금을 발라 깨끗이 씻어주고 냉동새우살은 물에 담가 해동해주세요 미역은 자른 미역으로 준비해요,https://recipe1.ezmember.co.kr/cache/recipe/2018/07/02/653444b6ecc9cdfc9be32ec9d373d4db1.jpg,,,
6891823,2,양파는 최대한 얇게 썰어주시고 오이는 반달모양으로 썰어주세요 양파는 찬물+식초 두2~3방울에 담가 아린맛을 제거해주는게 좋습니다,https://recipe1.ezmember.co.kr/cache/recipe/2018/07/02/0a8a8022e80889f793326aa02e6929121.jpg,,,
6891823,3,미역을 물에 불려줍니다,https://recipe1.ezmember.co.kr/cache/recipe/2018/07/02/f58eab877695456108cdde32f00070641.jpg,,,
6891823,4,해동한 냉동새우살은 맛술(미림)을 살짝 둘러주어 비린맛을 없애주세요,https://recipe1.ezmember.co.kr/cache/recipe/2018/07/02/509ce52a55ffbb100f525ed8529d9e901.jpg,,,
6891823,5,새우살을 2~3분간 데쳐주고,https://recipe1.ezmember.co.kr/cache/recipe/2018/07/02/885f750de4ab297f76e9e2b262b476c91.jpg,,180,
6891823,6,불린 미역도 2분 정도 데쳐 찬물에 헹구워줍니다,https://recipe1.ezmember.co.kr/cache/recipe/2018/07/02/a13fdaecf6366828d1b06ddaf501abea1.jpg,,120,
6891823,7,"간장5스푼, 물 5스푼, 식초 3스푼, 설탕1스푼에 와사비를 취향껏 넣어 드레싱을 만들어 줍니다",https://recipe1.ezmember.co.kr/cache/recipe/2018/07/02/01c926121ff68a7a491cae25761995401.jpg,,,
6891823,8,준비된 재료들을 한데 넣고 드레싱을 부어가며 버무려주면 완성! 접시에 낼땐 통깨를 뿌려주세요,https://recipe1.ezmember.co.kr/cache/recipe/2018/07/02/f150a9c1db616d2ce2e47c9d284789dc1.jpg,,,
7026723,1,"스팸은 잘게 썰어 준비합니다. 도마 , 조리용나이프",https://recipe1.ezmember.co.kr/cache/recipe/2024/05/20/04dfd27588bcf0b4b50711d6c72149361.jpg?w=1000,,,
7026723,2,"공기밥400g에 마요네즈 2T 넣어 잘 비벼 주세요. 볼 , 스푼",https://recipe1.ezmember.co.kr/cache/recipe/2024/05/20/1b67f6b7955a8fb1a78c0b4cb87161791.jpg?w=1000,,,
7026723,3,"프라이팬에 식용유 2T 가량 두르고, 스팸 넣어 볶아 줍니다. 프라이팬 , 실리콘주걱",https://recipe1.ezmember.co.kr/cache/recipe/2024/05/20/90a12ff3073835f1a2d816b7c309cba31.jpg?w=1000,,,
7026723,4,"스팸이 노릇해지면 계란 2알을 깨서 넣고, 잘 섞어 줍니다.",https://recipe1.ezmember.co.kr/cache/recipe/2024/05/20/3bc303e5a9eed0ffe5ad16f271ad99a81.jpg?w=1000,,,
7026723,5,간장2T 넣어 살짝 볶아 주세요.,https://recipe1.ezmember.co.kr/cache/recipe/2024/05/20/3880ef4499628f8252b32b1427f216a61.jpg?w=1000,,,
7026723,6,공기밥도 모두 넣어서 눌러 가며 볶아 줍니다.,https://recipe1.ezmember.co.kr/cache/recipe/2024/05/20/f2407df41208d32a2c7d84f9f9111d971.jpg?w=1000,,,
7026723,7,"가스레인지 불을 끄고, 통깨 뿌려 마무리해주세요.",https://recipe1.ezmember.co.kr/cache/recipe/2024/05/20/34ed05c523df1d81e870a57859a7898a1.jpg?w=1000,,,
7006126,1,두부면의 충전수는 버리고 흐르는 물에 헹궈주세요.,https://recipe1.ezmember.co.kr/cache/recipe/2023/07/14/4cf09832bedc8287faf71b49f0ff41681.jpg?w=1000,,,
7006126,2,냉동 새우는 탱글탱글한 식감을 위해 소금물에 담가 해동해주세요. 마늘을 도톰하게 편 썰기 해주세요. 명란은 껍질을 벗겨주세요. 명란은 좀 많다 싶을 정도로 넣어야 맛있더라고요. Tip. 만약 명란이 많이 짜면 물에 5분 정도 담가 염분을 빼주세요. 베이컨을 먹기 좋게 잘라주세요.,https://recipe1.ezmember.co.kr/cache/recipe/2023/07/14/4c7ca622873a18b021de277e1983d8d11.jpg?w=1000,,300,
7006126,3,1. 엑스트라 버진 올리브오일을 듬뿍 두르고 마늘을 넣고 중약 불로 볶아주세요. 2. 마늘이 투명해지면 페퍼론치노를 넣어주세요. Tip. 마늘과 페퍼론치노는 쉽게 타므로 요리가 끝날 때까지 중약 불로 조리하세요. 중약불,https://recipe1.ezmember.co.kr/cache/recipe/2023/07/14/9b268d40b2a2c0204a215b44e9364d091.jpg?w=1000,약불,,
7006126,4,마늘이 노릇해지면 베이컨과 새우를 넣어주세요.,https://recipe1.ezmember.co.kr/cache/recipe/2023/07/14/68535bae8ba610c98d2e511bcc9a4c791.jpg?w=1000,,,
7006126,5,새우의 꼬리가 빨갛게 변하면 명란을 넣어주세요.,https://recipe1.ezmember.co.kr/cache/recipe/2023/07/14/81abe8df3334945ad805de92dce091ee1.jpg?w=1000,,,
7006126,6,두부면을 넣고 감칠맛을 위해 치즈분말을 넣어주세요.,https://recipe1.ezmember.co.kr/cache/recipe/2023/07/14/3ef56e122021fbfc55bec18d1ab4b59b1.jpg?w=1000,,,
7006126,7,불을 끄고 후추 톡톡 뿌려주세요,https://recipe1.ezmember.co.kr/cache/recipe/2023/07/14/bcd8c1446e94d8d787bba2ae0070c7e91.jpg?w=1000,,,
7006126,8,파슬리가루 톡톡 뿌려주세요,https://recipe1.ezmember.co.kr/cache/recipe/2023/07/14/1cd3f5cbaf9d712e48721956943ab8f41.jpg?w=1000,,,
7006126,9,﻿ 명란 파스타를 볼에 담고 쪽파 송송 썰어 올려주면 완성입니다.,https://recipe1.ezmember.co.kr/cache/recipe/2023/07/14/51593e9bf3f9bfaf6c9842351363bcc71.jpg?w=1000,,,
6854979,1,다진소고기는 140그람이 있어서 준비. 뭐~~더 많이 넣으셔도 됩니다.,https://recipe1.ezmember.co.kr/cache/recipe/2016/08/20/b4d18dcc5b965e7590d048bf398da2931.jpg,,,
6854979,2,"소고기는 밑간해주세요. 다진소고기140그람, 맛술1/2큰술, 간장1큰술, 설탕1/3큰술,참기름1큰술, 다진마늘1/2큰술, 다진파1큰술, 후추톡톡톡 간장과 설탕의 양은 조절하세요. 간장에따라..설탕에따라 짠맛단맛이 천차만별... ^^",https://recipe1.ezmember.co.kr/cache/recipe/2016/08/20/6ea4f5052a00facac65f963c3f980aa11.jpg,,,
6854979,3,두부는 깍뚝깍뚝 썰어서 키친타올에서 물기좀 제거해주세요. 그래야 더 단단하게 부쳐집니다.,https://recipe1.ezmember.co.kr/cache/recipe/2016/08/20/0ebacca10ce6b3044480deb15dbb3b071.jpg,,,
6854979,4,물기 제거한 두부는 들기름반...올리브유 반... 두르고 노릇노릇 부쳐주세요.,https://recipe1.ezmember.co.kr/cache/recipe/2016/08/20/65887a6464b157714532d0d05552e3171.jpg,,,
6854979,5,노릇노릇 부친 두부는 한켠으로 밀어내고.,https://recipe1.ezmember.co.kr/cache/recipe/2016/08/20/01acdcf0b381934ce06dfebfb05d01d31.jpg,,,
6854979,6,밑간해둔 다진소고기를 볶아 줍니다. 번거로움을 줄이기위함. 잔머리 딩굴딩굴~~,https://recipe1.ezmember.co.kr/cache/recipe/2016/08/20/edb00fd6757227df018c309728ef6b531.jpg,,,
6854979,7,고기가 다 볶아지면... 고루 섞어내주면 되지요~~ 두부랑 섞어요~~ 섞어서 휙~볶아주고 끝!! 쉽죠~ 맛있죠~,https://recipe1.ezmember.co.kr/cache/recipe/2016/08/20/99df5f1891ce4158cf17ac362c8dda0a1.jpg,,,
6887603,1,오징어는 한면에 1cm 간격으로 칼집을 내줍니다.,https://recipe1.ezmember.co.kr/cache/recipe/2018/04/20/bd8f53c33b2a08439a30363d02a917bc1.jpg,,,
6887603,2,볼에 양념 재료를 넣어 섞어주세요:) 양념 맛있다고 계속 찍어먹는 빵빵이 손 출연! ㅎㅎ 보기엔 매워 보일지 몰라도 전혀 그렇지 않아요 :),https://recipe1.ezmember.co.kr/cache/recipe/2018/04/20/5459b935d88a3b7bc9fc885c53d5fa391.jpg,,,
6887603,3,달군 팬에 식용유를 두르고 오징어를 넣어 센 불에서 2분간 뒤집어가며 구워줍니다.,https://recipe1.ezmember.co.kr/cache/recipe/2018/04/20/d48a036078beefe36e85dc79f81d504c1.jpg,,120,
6887603,4,중약 불로 줄이고 양념을 발라가며 1~2분간 구워주세요,https://recipe1.ezmember.co.kr/cache/recipe/2018/04/20/0a1d1dfdfd4af59e66530b62a34191ef1.jpg,,120,
6887603,5,양념이 너무 맛있다는 빵빵이 손 또 출연! ㅋㅋㅋ 너무너무 맛있어 하더라구요:) 남편도 술안주로도 좋겠다고 흐흐,https://recipe1.ezmember.co.kr/cache/recipe/2018/04/20/3db5a2380662a3823977440172bfea3b1.jpg,,,
7048338,1,계란이랑 같이 끓이지 말고 물을 먼저 끓여주세요 꼭! 물이 끓기 시작하면 계란을 넣고 10분간 삶아줍니다. 냄비,https://recipe1.ezmember.co.kr/cache/recipe/2025/03/24/8c151819f8e847991543c56e946161111.jpg?w=1000,,600,
7048338,2,"물이 끓는 동안 양파 1/2개, 오이1/2개를 씻어서 준비해 주세요. 도마 , 조리용나이프",https://recipe1.ezmember.co.kr/cache/recipe/2025/03/24/8d8845d7d1a835bbe58c2b864112a5fb1.jpg?w=1000,,,
7048338,3,양파랑 오이를 먹기 좋게 송송 채 썰어서 준비해요.,https://recipe1.ezmember.co.kr/cache/recipe/2025/03/24/99d14da4cd6197e03f65f1cd39fcd8031.jpg?w=1000,,,
7048338,4,소면 삶을 냄비에 물을 끓인 후 물이 끓기 시작하면 소면을 넣고 삶아주세요.,https://recipe1.ezmember.co.kr/cache/recipe/2025/03/24/4c41bcb5f7682208d0760c41472d3a1a1.jpg?w=1000,,,
7048338,5,소면이 위로 떠오르면 찬물을 쪼르륵 넣어주시고 한 번 더 팔팔 끓여주세요. 요리젓가락,https://recipe1.ezmember.co.kr/cache/recipe/2025/03/24/1e47005566eacf9b43dbe45bf9dc7ec21.jpg?w=1000,,,
7048338,6,"소면이 다 익으면 찬물로 바락바락 헹궈 주시고 면이 차가워졌으면 채반에 받쳐 물기를 빼주세요. 채반 , 볼",https://recipe1.ezmember.co.kr/cache/recipe/2025/03/24/c4ec684461f185582bdadb9ce9e75fcd1.jpg?w=1000,,,
7048338,7,"물기를 뺀 면에 오이, 양파를 올린 후 간장1스푼, 설탕1스푼, 고춧가루1/2스푼, 고추장1스푼, 다진마늘1/2스푼, 참기름1스푼을 넣고 장갑낀 손으로 야무지게 비벼주세요. 숟가락",https://recipe1.ezmember.co.kr/cache/recipe/2025/03/24/87c13a0f3adf4ee2b3c411ff255d48cc1.jpg?w=1000,,,
7048338,8,매콤! 새콤! 고소!한 초간단 비빔국수 완성입니다! 완성그릇,https://recipe1.ezmember.co.kr/cache/recipe/2025/03/24/1209d5321e84d132173bd59b4b98aa321.jpg?w=1000,,,
7072626,1,단무지(200g)를 반으로 자르고 약 0.3cm 두께로 썰어 큰 볼에 담습니다,https://recipe1.ezmember.co.kr/cache/recipe/2026/03/05/0c4eab77d45b97e0016a571143948b9a1.jpg,,,
7072626,2,대파(100g)도 약 0.3cm 두께로 썰어 큰 볼에 담습니다,https://recipe1.ezmember.co.kr/cache/recipe/2026/03/05/aec1f3814764c667ef3d69d6502f64491.jpg,,,
7072626,3,"깨(1큰술), 고춧가루(2/3~1큰술), 참기름(1/2~1큰술), 올리고당(1~2큰술)을 넣고 같이 버무립니다",https://recipe1.ezmember.co.kr/cache/recipe/2026/03/05/082dbb991daef6d77c2f4b4820850ce81.jpg,,,
6984535,1,깨끗하게 씻은 양배추를 가늘게 채 썰어주세요.,https://recipe1.ezmember.co.kr/cache/recipe/2022/07/31/716e11f474a905649071db83d9fcf6a11.jpg,,,
6984535,2,"양배추 위에 설탕 2T, 고춧가루 4T, 액젓 2T, 소금 1t를 넣어주세요.",https://recipe1.ezmember.co.kr/cache/recipe/2022/07/31/dbb19bf0f179d6282ac75da4be18dd9b1.jpg,,,
6984535,3,"다진마늘 1.5T, 식초 3T, 참기름 1.5T, 깨소금 1T도 넣어주세요.",https://recipe1.ezmember.co.kr/cache/recipe/2022/07/31/99fbbf2e4b29c503abe34d9df4a8d8b81.jpg,,,
6984535,4,이제 양념이 골고루 배이도록 잘 섞어주세요.,https://recipe1.ezmember.co.kr/cache/recipe/2022/07/31/8a2b84f28192adcc33d7d5666c42aadd1.jpg,,,
6984535,5,"아삭아삭 씹히는 맛이 좋은 양배추무침, 양배추겉절이 완성이에요.",https://recipe1.ezmember.co.kr/cache/recipe/2022/07/31/177c038ca1b319124739d7a6e80f17a31.jpg,,,
6980900,1,모든 양념을 미리 섞어 준비해주세요,https://recipe1.ezmember.co.kr/cache/recipe/2022/06/09/2156fa89b7f57b773840df9c2617e6751.jpg,,,
6980900,2,꽈리고추는 식초 1T를 푼 물에 담궜다가 깨끗한 물에 헹궈 길이가 길다면 2등분해주세요 꽈리고추나 청양고추를 씻을 때는 씻은 후에 꼭지를 제거하세요 물이 들어가면 좋지 않아요,https://recipe1.ezmember.co.kr/cache/recipe/2022/06/09/10c0e55fb5b0206fda92bf996778e7b31.jpg,,,
6980900,3,오징어는 깨끗히 씻어 준비해주세요 안쪽에 칼집을 내주세요 안내셔도 되지만 모양도 예쁘고 칼집사이사이에 간이 들어가 더 맛있답니다 저는 껍질을 제거하지 않았는데 껍질을 제거하려면 굵은소금으로 껍질을 잡고 당기시거나 키친타올로 잡고 벗기면 쉬워요,https://recipe1.ezmember.co.kr/cache/recipe/2022/06/09/7e084e0d4ffc99448938c35c6b4dc0561.jpg,,,
6980900,4,오징어 다리는 가닥가닥 잘라주고 길이가 길다면 2등분해주세요 모든 재료의 길이를 비슷하게 자른다고 생각하시면 돼요,https://recipe1.ezmember.co.kr/cache/recipe/2022/06/09/a84c1f2bff1a49c0e2aa9cbd613385121.jpg,,,
6980900,5,팬에 식용유 1큰술을 두르고 오징어를 넣고 볶아주세요 오징어가 익어가면서 말리게 돼요 오징어의 수분으로 인해 물이 튈 수 있으니 조심하세요,https://recipe1.ezmember.co.kr/cache/recipe/2022/06/09/56797204283aaa4ec9c85b685fddd84d1.jpg,,,
6980900,6,오징어에서 수분이 나오면 섞어둔 양념장을 부어주세요 물기가 쫄아가려고 할 때 물 소주잔으로 1/2컵을 부어줍니다 간이 배도록 조금 더 졸여주는 게 더 맛이 좋아요,https://recipe1.ezmember.co.kr/cache/recipe/2022/06/09/b5e5b13807c14370febd177f4519c9d21.jpg,,,
6980900,7,꽈리고추도 같이 넣고 졸여주시는데요 물이 금방 쫄아버리니 자리 비우지 마시고 사진과 같은 상태가 되면 간을 보시고 싱거우면 간을 더 하시구요 너무 쫄아서 수분이 너무 없다면 물 1T정도 더 넣고 섞어주시구요,https://recipe1.ezmember.co.kr/cache/recipe/2022/06/09/4ce99251b497cd2aaacc36fd236bd1751.jpg,,,
6980900,8,마무리로 통깨 뿌려주시면 완성입니다^^ 재료라고 할 만한건 오징어와 꽈리고추 뿐인데 너무 맛있어요 맛있게 만들어보세요^^,https://recipe1.ezmember.co.kr/cache/recipe/2022/06/09/318e70d3cef98ab7ab13d315a5611e6a1.jpg,,,
6994661,1,닭봉에 우유를 붓고 30분간 재워둔 후 물에 헹궈요.,https://recipe1.ezmember.co.kr/cache/recipe/2023/01/02/eea1f7a1193b2da057a04b8a7373861c1.jpg?w=1000,,1800,
6994661,2,큰 볼에 양념재료를 모두 넣고 섞어요.,https://recipe1.ezmember.co.kr/cache/recipe/2023/01/02/0d622f28e96852b69bd667062b289cd01.jpg?w=1000,,,
6994661,3,"양념재료가 담긴 볼에 닭봉, 후추가루를 넣고 버무려요.",https://recipe1.ezmember.co.kr/cache/recipe/2023/01/02/e34c2736484929308f06d48a2ab56f141.jpg?w=1000,,,
6994661,4,"에어프라이어 팬에 닭봉을 겹치지 않게 담고, 180도로 15분간 구워요. 에어프라이어 에어프라이어 사양에 따라 온도를 조절해주세요.",https://recipe1.ezmember.co.kr/cache/recipe/2023/01/02/b3aed380f1118dff7fce94e9043e30a51.jpg?w=1000,,900,
6994661,5,닭봉을 꺼내 뒤집어 주고 190도로 10분간 더 구워요. 구운 채소를 곁들이면 파티요리로 좋아요!,https://recipe1.ezmember.co.kr/cache/recipe/2023/01/02/c60f448c0b48b963116ecb7998dddd8b1.jpg?w=1000,,600,
7027008,1,"부추는 잘게 잘라요. 도마 , 조리용나이프 부추 손질법",https://recipe1.ezmember.co.kr/cache/recipe/2024/05/24/d91e271feb6491790be20723c3cfec711.jpg?w=1000,,,
7027008,2,"참치는 물기 없이 짜서 준비해요. 볼 , 건지기채망 , 조리용스푼",https://recipe1.ezmember.co.kr/cache/recipe/2024/05/24/d6030cb96ba1b72eb21245c3c77605151.jpg?w=1000,,,
7027008,3,청양고추는 잘게 다져요. 기호에 따라 생략 가능해요.,https://recipe1.ezmember.co.kr/cache/recipe/2024/05/24/c84c7aacf19301ca8cba519ac43e97111.jpg?w=1000,,,
7027008,4,분량의 재료를 섞어서 된장비빔장을 만들어요. 소스볼,https://recipe1.ezmember.co.kr/cache/recipe/2024/05/24/c2f9d085273a310a1b6202e66a8a0d231.jpg?w=1000,,,
7027008,5,"달걀후라이를 반숙으로 구워요. 프라이팬 , 뒤집개",https://recipe1.ezmember.co.kr/cache/recipe/2024/05/24/118c03f55d8f62e2cc9215f7d9a8bef11.jpg?w=1000,,,
7027008,6,그릇에 밥>부추>달걀>참치>된장비빔장 순서로 넣어 완성해요. 면기,https://recipe1.ezmember.co.kr/cache/recipe/2024/05/24/5ba50d187c795ee202fcb3d14a7c713e1.jpg?w=1000,,,
7050937,1,계란말이를 소개합니다.,https://recipe1.ezmember.co.kr/cache/recipe/2025/04/22/a5b2fb888bf6c27819c88a76c547ae801.jpg?w=1000,,,
7050937,2,"계란7개를 준비합니다. 소금을 넣어주세요. 젓가락을 이용해서 잘 저어주세요. 볼 , 조리용젓가락",https://recipe1.ezmember.co.kr/cache/recipe/2025/04/22/7e2c3b419489a89983d5db4d256f0ba11.jpg?w=1000,,,
7050937,3,"후라이팬에 계란을 넣어서 얇게 펴주세요. 후라이팬 , 뒤집개",https://recipe1.ezmember.co.kr/cache/recipe/2025/04/22/cb87136415e1aaeee5347e9ea37d263c1.jpg?w=1000,,,
7050937,4,돌돌돌 조금씩 접어가면서 말아주세요.,https://recipe1.ezmember.co.kr/cache/recipe/2025/04/22/cf7dd34bf3ea471651a94f5fc06ac37b1.jpg?w=1000,,,
7050937,5,"김밥용발에 모양을 사각으로 예쁘게 만들어주세요. 도마 , 조리용나이프 , 김밥말이",https://recipe1.ezmember.co.kr/cache/recipe/2025/04/22/ed809783f6bbdb66f46b266fa66ff55a1.jpg?w=1000,,,
7050937,6,도마에 비스듬하게 썰어주세요.,https://recipe1.ezmember.co.kr/cache/recipe/2025/04/22/07e977c4e3d755fc8f496c03e94136b01.jpg?w=1000,,,
7050937,7,예쁜사각접시에 계란말을 올려주세요. 접시,https://recipe1.ezmember.co.kr/cache/recipe/2025/04/22/a4f009caf16ee0e8abacbe3c77f692ad1.jpg?w=1000,,,
7050937,8,계란말이가 완성되었습니다.,https://recipe1.ezmember.co.kr/cache/recipe/2025/04/22/31ee31d392e1e38c14671cde7a110a5f1.jpg?w=1000,,,
6980888,1,부추 1줌을 준비해 주시고요. 깨끗하게 손질한 후 끓는물에 넣고 데쳐주세요. 부추는 워낙 금방 익기 때문에 5초 정도만 데치면 충분해요. 부추 손질법 레시피,https://recipe1.ezmember.co.kr/cache/recipe/2022/06/08/429e8477b966809a00f025edbd8280fa1.jpg,,5,
6980888,2,데친 부추를 바로 찬물에 넣고 열기를 빼 주시고요. 물기를 꼭 자서 그릇에 담아주세요.,https://recipe1.ezmember.co.kr/cache/recipe/2022/06/08/6fea9b351b2a4f67e868558be21017961.jpg?w=1000,,,
6980888,3,"다진마늘 1/2스푼, 소금 2꼬집, 참기름 1스푼 양념들을 넣어주세요.",https://recipe1.ezmember.co.kr/cache/recipe/2022/06/08/05ec54903e143c7f6935b156337c867f1.jpg?w=1000,,,
6980888,4,조물조물 무쳐주시고요. 깨 1/2스푼 뿌리고 마무리해 주세요.,https://recipe1.ezmember.co.kr/cache/recipe/2022/06/08/ada2f57c15a6e9f25e7ebf35b2bf6ef11.jpg?w=1000,,,
6980888,5,향긋한 부추를 살짝만 데쳐서 최소한의 양념만으로 담백하게 무친 부추나물이 완성됐어요. 부추는 따뜻한 성질을 지니고 있고 섬유질도 풍부하기 때문에 건강에 정말 좋잖아요? 요리에 넣어 먹는 것은 아무래도 한계가 있으니 이렇게 부추나물로 만들어 먹으면 맛있게 많이 먹을 수 있어서 좋을 것 같네요.,https://recipe1.ezmember.co.kr/cache/recipe/2022/06/08/250abdd776e5cec7ef4ee75f92a9f8fb1.jpg?w=1000,,,
6832044,1,"참치캔을 따서 기름을 제거하고 그릇에 담은 다음, 숟가락으로 으깨줍니다.",https://recipe1.ezmember.co.kr/cache/recipe/2015/08/16/14db1cde8e95e937271b58bc1a48f6851.jpg,,,
6832044,2,양파 4분의 1조각도 다져서 준비하구요~,https://recipe1.ezmember.co.kr/cache/recipe/2015/08/16/e659d1351b97b8372bd8789c78291c0c1.jpg,,240,
6832044,3,으깬 참치에 양파를 넣고 분량의 양념을 넣어줍니다.,https://recipe1.ezmember.co.kr/cache/recipe/2015/08/16/d42a44086d885e6c823fd4646e860fd21.jpg,,,
6832044,4,그리고 잘 섞어주세요~ 이러면 참치 샐러드 완성인데요.. 이건 숟가락으로 그냥 퍼먹어도 맛나답니다.,https://recipe1.ezmember.co.kr/cache/recipe/2015/08/16/8e69db1ebf32663bd8de0cb33688ee5c1.jpg,,,
6832044,5,오이는 흐르는 물에 깨끗이 씻은후 필러를 이용해서 포를 떠듯이 한겹 한겹 벗겨내줍니다.,https://recipe1.ezmember.co.kr/cache/recipe/2015/08/16/b94448979c39071d91fb89c8f734e59d1.jpg,,,
6832044,6,오이에 필러대면 부드럽게~ 한번에 벗겨진답니다.,https://recipe1.ezmember.co.kr/cache/recipe/2015/08/16/ce43e8a70aaea4a8863187c4b076cdd31.jpg,,,
6832044,7,"밥1공기도 준비해주고요, 그냥 사용해도 무방하나 참기름, 소금으로 살짝 간해주면 더 맛있게 먹을 수 있어요.",https://recipe1.ezmember.co.kr/cache/recipe/2015/08/16/ed0e9a262a1ca9c02ad33cbe20f276851.jpg,,,
6832044,8,도마위에 오이를 펼쳐놓고 주먹밥을 만들듯 밥을 뭉쳐서 오이 너비에 맞춰 손으로 빚고 올려줍니다.,https://recipe1.ezmember.co.kr/cache/recipe/2015/08/16/ffcd4bf906d7cbf94058edc16bed05f61.jpg,,,
6832044,9,그리고 돌돌 말아주세요.,https://recipe1.ezmember.co.kr/cache/recipe/2015/08/16/71af7f47fa9a7ef5ec0750e39a09d1241.jpg,,,
6832044,10,오이 수분으로 인해 자동접착이 되니 그냥 말아주기만 하면 되구요~ 이렇게 놔두면 오이롤초밥 완성인데요~,https://recipe1.ezmember.co.kr/cache/recipe/2015/08/16/c4096f5c7b862d8acd731cab7d730f041.jpg,,,
6832044,11,더 맛있게 먹기 위해 참치샐러드를 올려주어 참치오이롤초밥을 완성합니다.,https://recipe1.ezmember.co.kr/cache/recipe/2015/08/16/3abea8d79383bae8ca6e2c598e7727ea1.jpg,,,
7041117,1,"돼지고기 다짐육 200g , 소고기 다짐육 200g에 볶은 다진 양파 2T, 빵가루 2T, 간장 1T, 케첩 1T, 달걀 1개, 소금, 후추 조금 넣고. 볼 , 계량스푼 양파는 잘게 썰어 기름 두른 팬에 카라멜라이징될때까지 볶아 넣음.",https://recipe1.ezmember.co.kr/cache/recipe/2024/12/23/120a4a09fa220bc24ce757b36f4627cb1.jpg,,,
7041117,2,찰기가 생길 때까지 충분히 치대가며 섞어주세요.,https://recipe1.ezmember.co.kr/cache/recipe/2024/12/23/6aa5240f61437715ffef1c75fbcc77561.jpg,,,
7041117,3,반죽이 만들어지면 4등분으로 나눠 함박스테이크 모양대로 동그랗게 모양을 잡아주세요. 접시,https://recipe1.ezmember.co.kr/cache/recipe/2024/12/23/649b59d563f6e9e7dd49bba7cb6476f81.jpg,,,
7041117,4,예열된 팬에 식용유를 두르고 함박스테이크를 구워주세요. 프라이팬,https://recipe1.ezmember.co.kr/cache/recipe/2024/12/23/2307f0fe87fa4b9e86fe3bc2bcd7a5961.jpg,,,
7041117,5,겉면이 노릇해지면 불은 약불로 줄이고 물 1/3컵 넣고 뚜껑 닫아 수증기로 속까지 익혀주세요. 뒤집개 두께가 두껍다 보니 수증기로 익혀야 속까지 골고루 익힐 수 있어요.,https://recipe1.ezmember.co.kr/cache/recipe/2024/12/23/b239a723ac88cb8797164f6e2e8aa2db1.jpg,약불,,
7041117,6,젓가락으로 찔러보고 핏물이 올라오지 않으면 잘 익었다는 뜻!!,https://recipe1.ezmember.co.kr/cache/recipe/2024/12/23/ac187d987e4c407ed828f4260b8ebfd21.jpg,,,
7041117,7,"이번엔 함박스테이크 소스를 만들어 볼 차례. 양파와 양송이버섯을 준비해 적당한 크기로 썰어주세요. 도마 , 조리용나이프",https://recipe1.ezmember.co.kr/cache/recipe/2024/12/23/6c6154f7e82b9846a5dd2a7e1b0912791.jpg,,,
7041117,8,함박스테이크 구웠던 팬 그대로 버터 20g을 넣고 녹여주세요.,https://recipe1.ezmember.co.kr/cache/recipe/2024/12/23/c836f13dfc185872d4d0e4912e90a84d1.jpg,,,
7041117,9,"양파, 버섯 순서대로 넣고 달달 볶아주세요. 요리스푼",https://recipe1.ezmember.co.kr/cache/recipe/2024/12/23/7e7b47aa36a488029a406563de7730351.jpg,,,
7041117,10,"간장 1T(20g), 설탕 2.5T(40g), 케첩 3T(60g), 물 120g을 넣고 센 불에서 저어가며 끓여주세요.",https://recipe1.ezmember.co.kr/cache/recipe/2024/12/23/85c23a9820b2bb2d8594daf8f40b58401.jpg,,,
7041117,11,원하는 농도가 되었을 때 불을 꺼주세요. 식으면서 좀 더 걸쭉하게 변함.,https://recipe1.ezmember.co.kr/cache/recipe/2024/12/23/1fa48060ba877fabe87195cf707e42c01.jpg,,,
7041117,12,"삶은 감자는 부드럽게 으깨주고. 볼 , 매셔",https://recipe1.ezmember.co.kr/cache/recipe/2024/12/23/5d5721a932b785af5ee94ea76a165b321.jpg,,,
7041117,13,마요네즈 적당량 넣고 잘 섞어주세요.,https://recipe1.ezmember.co.kr/cache/recipe/2024/12/23/c07b1e1ea1dcfd5571467224b17f7f9b1.jpg,,,
7041117,14,눈사람 모양에 맞춰 동그랗게 빚어주고 파마산 치즈가루를 골고루 묻혀주세요.,https://recipe1.ezmember.co.kr/cache/recipe/2024/12/23/5632482973f64671e67b4be6b3d089db1.jpg,,,
7041117,15,"김, 당근, 검은깨로 눈사람 얼굴을 표현해 주고 체다치즈로 흐르는 눈 모양으로 잘라주었어요.",https://recipe1.ezmember.co.kr/cache/recipe/2024/12/23/9af49d574b726e58f6cadc53aeda194f1.jpg,,,
7041117,16,접시 위로 함박스테이크 소스를 붓고 함박스테이크를 올리고,https://recipe1.ezmember.co.kr/cache/recipe/2024/12/23/bd02adf41c5784b2c47eec3ab16c5acf1.jpg,,,
7041117,17,체다치즈를 올려준 후 눈사람 감자샐러드까지 올려주면 눈사람 함박스테이크 완성!!,https://recipe1.ezmember.co.kr/cache/recipe/2024/12/23/a06d50f51ceccfd3a7e82f9820486a131.jpg,,,
6952146,1,"돼지고기 400g, 감자 3개, 애호박 1개, 양파(1개)를 깍둑썰기로 잘라서 넓은 냄비 바닦에 깔아 줍니다.",https://recipe1.ezmember.co.kr/cache/recipe/2021/01/27/32a71c20ac933a83b45e7babd18949b01.jpg,,,
6952146,2,"청양고추 3개, 당근 1/3개를 슬라이스 쳐서 올려 담아 줍니다.",https://recipe1.ezmember.co.kr/cache/recipe/2021/01/27/020c8cea388ceee4bdf2c8ff8276b72f1.jpg,,,
6952146,3,"고추장 3스푼, 설탕 2스푼, 다진 마늘 1스푼, 간장 1스푼, 소금 0.5스푼, 고춧가루 2스푼, 넣어주면 준비는 끝입니다.",https://recipe1.ezmember.co.kr/cache/recipe/2021/01/27/d93e28b03ddeafbda87137a134f336021.jpg,,,
6952146,4,식용유를 3스푼 둘러주고 바닥에 눌어붙지 않도록 잘 뒤적여 주면서 센 불에 5분간 볶아 줍니다.,https://recipe1.ezmember.co.kr/cache/recipe/2021/01/27/c9a53e9188afd038194cf39e2779d07a1.jpg,,300,
6952146,5,야채에서 물이 나오기 때문에 끓일 때에는 물 0.5컵 정도만 담아서 끓여주시면 됩니다. 대략 10분 정도 끓여주시면 되는데 불의 세기에 따라서 고기가 완전히 익을 정도 만 조리하시면 두꺼운 야채도 충분히 익힌 상태가 됩니다.,https://recipe1.ezmember.co.kr/cache/recipe/2021/01/27/4cf14657b0c7061e0bedec758df71cec1.jpg,,600,
6954484,1,숙주는 흐르는 물에 깨끗하게 씻고 체에 밭쳐 물기를 제거합니다.,https://recipe1.ezmember.co.kr/cache/recipe/2021/03/03/473c48d993348f8b9da414501dc31fae1.jpg,,,
6954484,2,우는 흐르는 물에 깨끗하게 씻고 체에 밭쳐 물기를 제거합니다.,https://recipe1.ezmember.co.kr/cache/recipe/2021/03/03/f5d97c9feda9cb391274f711b7d386351.jpg,,,
6954484,3,"그다음 볼에 새우, 미림 1T, 후춧가루 1꼬집을 넣고 골고루 섞어 밑간을 합니다.",https://recipe1.ezmember.co.kr/cache/recipe/2021/03/03/875d8636386e91581e970f6c3da5006f1.jpg,,,
6954484,4,"볼에 계란 2개, 소금 1꼬집을 넣고 원하는 조리도구를 사용해서 곱게 풀어 준비합니다.",https://recipe1.ezmember.co.kr/cache/recipe/2021/03/03/732f098ff93c2265fbd9bb3528fbdfc61.jpg,,,
6954484,5,"볼에 굴소스 2T, 간장 1T, 다진마늘 1T를 넣고 골고루 섞어 양념을 만듭니다.",https://recipe1.ezmember.co.kr/cache/recipe/2021/03/03/aea2b4a7c0f09f4c2b320cb4aa6e81a31.jpg,,,
6954484,6,대파는 0.3cm 간격으로 송송 썰어 준비합니다.,https://recipe1.ezmember.co.kr/cache/recipe/2021/03/03/3112f5df4558058a99915c9b96c394481.jpg,,,
6954484,7,양파는 0.3cm 간격으로 채 썰어 준비합니다.,https://recipe1.ezmember.co.kr/cache/recipe/2021/03/03/65406a1cf37754434d0f20a29ce293f91.jpg,,,
6954484,8,예열된 팬에 식용유 2T를 두르고 풀어 놓은 계란을 넣어 스크램블 에그 만드는 것처럼 휘저으면서 익힙니다.,https://recipe1.ezmember.co.kr/cache/recipe/2021/03/03/13bebaaf88d5cef77e59147432b858411.jpg,,,
6954484,9,그다음 원하는 그릇에 담아 따로 보관합니다.,https://recipe1.ezmember.co.kr/cache/recipe/2021/03/03/c76bb00e8e25fe1a9fccd6b7c6975f0e1.jpg?w=1000,,,
6954484,10,"예열된 팬에 식용유 2T를 두르고 대파, 양파를 넣고 볶습니다.",https://recipe1.ezmember.co.kr/cache/recipe/2021/03/03/c40ca8023e6a55313363fb1ffe0760c61.jpg,,,
6954484,11,"대파, 양파의 은은한 향이 올라올 때 새우를 넣고 볶습니다.",https://recipe1.ezmember.co.kr/cache/recipe/2021/03/03/f0391fc9f6512d5a5f09611627e651261.jpg,,,
6954484,12,"새우가 알맞게 익었을 때 숙주, 계란, 양념을 넣고 볶습니다.",https://recipe1.ezmember.co.kr/cache/recipe/2021/03/03/833d3fea10ca7b2034b2d42b383d85291.jpg,,,
6954484,13,모든 재료가 알맞게 익었을 때 참기름 1T를 넣고 볶습니다.,https://recipe1.ezmember.co.kr/cache/recipe/2021/03/03/fb10d6ae2b2da4032b92fcba7a62d2b91.jpg,,,
6954484,14,참기름의 고소한 향이 올라올 때 마무리로 볶은참깨 1T를 뿌리면 새우숙주볶음 완성.,https://recipe1.ezmember.co.kr/cache/recipe/2021/03/03/7389c60bd749b125848b6dece68a48e21.jpg,,,
4197710,1,"참치는 위생비닐을 끼고, 손으로 으깨어 주세요.",https://recipe1.ezmember.co.kr/cache/recipe/2015/06/26/25721a560e86881920b576dbabd4ed971.jpg,,,
4197710,2,양파. 당근. 대파 뿐만 아니라 냉장고안의 자투리 야채를 아무거나 사용하셔도 되요.,https://recipe1.ezmember.co.kr/cache/recipe/2015/06/26/60def1037295f25c23adc358660d2e021.jpg,,,
4197710,3,"양파는 수분이 많으므로, 잘게 썰은뒤에 마른 후라이팬에 넣고 중불에서 살짝 볶아주세요.",https://recipe1.ezmember.co.kr/cache/recipe/2015/06/26/f548168d93d173780f857bdc6158bf581.jpg,중불,,
4197710,4,분량의 재료를 모두 볼에 담은후에 골고루 섞어가며 치대어 줍니다. 반죽이 너무 질 경우에는 빵가루나 전분으로 되기를 맞춰주세요.,https://recipe1.ezmember.co.kr/cache/recipe/2015/06/26/74e7eb30e7a42d459a236f90443638d91.jpg,,,
4197710,5,많이 치댄후 반죽은 두툼하게 원형모양으로 모양을 만들어 주세요.,https://recipe1.ezmember.co.kr/cache/recipe/2015/06/26/ee54f2a08bd951d251f1ba3133a580a51.jpg,,,
4197710,6,밀가루 혹은 부침가루. 계란. 빵가루 순으로 반죽에 옷을 입혀 주세요.,https://recipe1.ezmember.co.kr/cache/recipe/2015/06/26/6657f693d88b6e4fcff689016ece87ac1.jpg,,,
4197710,7,"이렇게 만드셔서 냉동실 보관하며 가끔 반찬으로 굽거나, 튀겨서 주면 돈가스 인기 못지 않아요.",https://recipe1.ezmember.co.kr/cache/recipe/2015/06/26/c3278599ed88149ab5c3d131b5c3ccdf1.jpg,,,
4197710,8,튀기는 것보다 후라이팬에서 앞뒤로 노릇노릇~ 익혀주면 기름기를 훨씬 덜 흡수하겠죠?,https://recipe1.ezmember.co.kr/cache/recipe/2015/06/26/eaf815db3dd19cca0c4ee3db258ac9581.jpg,,,
4197710,9,취향껏~ 소스를 뿌려 드시면 되요.,https://recipe1.ezmember.co.kr/cache/recipe/2015/06/26/15e731c3bed2d2c6f10f16f6a4c6166e1.jpg,,,
6847884,1,"재료를 준비해 주세요. 숙주는 깨끗이 씻어 준비하고 양파, 청양고추, 쪽파는 적당한 크기로 썰어주세요. 달걀은 잘 풀어서 준비해주세요.",https://recipe1.ezmember.co.kr/cache/recipe/2016/05/10/ebeed3d631c20cb81d8f6f1b7cfc064e1.jpg,,,
6847884,2,분량의 양념장을 모두 잘 섞어 준비해주세요. 단맛을 위해 설탕이나 올리고당 살짝 추가하셔도 좋아요,https://recipe1.ezmember.co.kr/cache/recipe/2016/05/10/628ac6bf9ee8521ba16ffd0dfe48f23e1.jpg,,,
6847884,3,"새우는 청주 1T, 소금, 후추를 조금씩 넣어 버물버물 해주세요.",https://recipe1.ezmember.co.kr/cache/recipe/2016/05/10/966dfc463a3ca7ee5057e98b526affba1.jpg,,,
6847884,4,팬에 기름을 두르고,https://recipe1.ezmember.co.kr/cache/recipe/2016/05/10/f4dd52a66ffe73a3ee4c31d252809ff91.jpg,,,
6847884,5,약불에서 달걀물을 부어 스크램블을 만들어 주세요. 살짝만 익힌 후 접시에 따로 담아두세요.,https://recipe1.ezmember.co.kr/cache/recipe/2016/05/10/e5a60a6915475ff8a23e9675df2da0f11.jpg,약불,,
6847884,6,스크럼블 만든 팬에 그대로 기름을 조금 추가하고 양파 넣고 약 1분간 센불에서 볶아주세요.,https://recipe1.ezmember.co.kr/cache/recipe/2016/05/10/d58e4a491c53393d3cc6fce1e90365251.jpg,강불,60,
6847884,7,그 다음 새우를 넣어 약 4-5분간 새우가 익을때까지 볶아주세요.,https://recipe1.ezmember.co.kr/cache/recipe/2016/05/10/1860e1e81a07676296f7224b8d283cf31.jpg,,300,
6847884,8,새우가 익으면 숙주를 듬뿍 올리고 양념장을 넣어주세요.,https://recipe1.ezmember.co.kr/cache/recipe/2016/05/10/98320361235d7c8aa7bfd9dbdb9fd86c1.jpg,,,
6847884,9,"그리고 아까 만들어둔 스크럼블 에그, 대파, 청양고추를 넣어 약 1-2분간 뒤적거리다 불을 꺼주세요. 간보고 싱거우면 소금을 살짝 추가해주세요.",https://recipe1.ezmember.co.kr/cache/recipe/2016/05/10/43fb8276482403d46b0dcea39eed7fa61.jpg,,120,
6865340,1,재료를 준비합니다,https://recipe1.ezmember.co.kr/cache/recipe/2017/02/15/507bc4377cfe3ef4294b090cd6e8849a1.jpg,,,
6865340,2,우선 몽쉘을 그릇에 넣고 으깨줍니다.,https://recipe1.ezmember.co.kr/cache/recipe/2017/02/15/107aa1ae898d69608e27715981ddf5ed1.jpg,,,
6865340,3,"우유도 넣고 비벼줘요. 우유는 +,- 가능해요 우유가 많으면 좀 더 부드러운 느낌이고 우유가 적으면 더 쫀득한 느낌입니다!",https://recipe1.ezmember.co.kr/cache/recipe/2017/02/15/7b3ba6d54393b60255d1ac4d42fb2a3d1.jpg,,,
6865340,4,컵에 반을 채워주세요 :D,https://recipe1.ezmember.co.kr/cache/recipe/2017/02/15/1e16099e174ac0533a758f70fadb1ba21.jpg,,,
6865340,5,중간에 초콜릿을 넣어주세요 (생략가능),https://recipe1.ezmember.co.kr/cache/recipe/2017/02/15/6eb563018b3537a78018c9cb26faed441.jpg,,,
6865340,6,윗부분도 반죽으로 덮어줍니다.,https://recipe1.ezmember.co.kr/cache/recipe/2017/02/15/acde72aba4a0e3452644494276d97b1d1.jpg,,,
6865340,7,전자렌지에 돌려주세요. 전자레인지 전자렌지 사양에 따라 달라서 우선 저는 1분 + 1분 30초 돌려줬는데요 여러분들은 1분 돌리시고 상태보시면서 30초씩 추가해보세요 그게 제일 안전합니다! 당연히 양이 늘어나면 돌리는 시간도 늘어나겠죠? (사양이 다 다르니까 콕 집어서 말해드리기가 애매하네요 ㅠㅠ),https://recipe1.ezmember.co.kr/cache/recipe/2017/02/15/3341990a3966397ad355cbf0d554acdf1.jpg,,90,
6835071,1,제시 된 양념을 그릇에 모두 넣어 설탕이 녹을정도로 잘 섞어주세요,https://recipe1.ezmember.co.kr/cache/recipe/2015/09/24/9591ae088b7cea0c202d7cb6de872b861.jpg?w=1000,,,
6835071,2,기름을 적당히 두른 팬에 냉동만두를 앞뒤로 노릇하게 구워줍니다,https://recipe1.ezmember.co.kr/cache/recipe/2015/09/24/8890d9379465032a63e10bf6981026051.jpg?w=1000,,,
6835071,3,"다른팬에 기름을 살짝 넣고 냉장고 속 자투리 채소를 다져 볶아주세요 (저는 양파, 당근, 송송 썰어놓은 대파를 넣었어요)",https://recipe1.ezmember.co.kr/cache/recipe/2015/09/24/2bc02a159618117f339fd6c530409dba1.jpg?w=1000,,,
6835071,4,채소가 반정도 익었을 때 미리 만들어 놓은 양념을 모두 부어서 약불에서 살짝 졸여주시면 되요 (걸죽한 소스가 좋으신 분들은 전분가루를 이용해 전분물을 만들어 1T 넣어주시면 되요),https://recipe1.ezmember.co.kr/cache/recipe/2015/09/24/1760f1dd18a05f30660b86ddbd5172001.jpg?w=1000,약불,,
6835071,5,적당히 졸아든 깐풍소스를 맛있게 구워진 만두 위에 스~윽 뿌려주면 완성!,https://recipe1.ezmember.co.kr/cache/recipe/2015/09/24/a0e19ae123e00219db694caac883c3051.jpg?w=1000,,,
7003814,1,애호박은 씻어서 도톰하게 썰어 주세요 도톰해야 씹을 때 식감이 있어요,https://recipe1.ezmember.co.kr/cache/recipe/2023/06/10/eb9ed71de37957f59654c7c59058e7b81.jpg,,,
7003814,2,식용유를 약간만 두르고 구워 주세요 식용유는 조금만 넣어 주세요 넣지 않을 경우는 약불에서 천천히 구워 주시면 된답니다,https://recipe1.ezmember.co.kr/cache/recipe/2023/06/10/970ba3416b8fe3c6e105c59d400f44321.jpg,약불,,
7003814,3,한쪽 면이 익었으면 뒤집어 주시고 앞뒤를 뒤집어 가면서 노릇노릇하게 구워 주세요,https://recipe1.ezmember.co.kr/cache/recipe/2023/06/10/e492bc2b6abce98854db8de9784f027b1.jpg,,,
7003814,4,파프리카 단면만 자르고 채 썰어서 잘게 잘게 썰어 주세요,https://recipe1.ezmember.co.kr/cache/recipe/2023/06/10/9426ac8d20c63c362ec3fcfa01599be31.jpg,,,
7003814,5,"양념장을 준비해 주세요 들기름 1 큰 술 ,간장 2수저 반 큰술 ,마늘 1t 스푼, 설탕 약간, 통깨를 넣어서 양념장을 만들어 주세요 만든 양념장을 채 썬 파프리카에 넣어서 버무려주세요",https://recipe1.ezmember.co.kr/cache/recipe/2023/06/10/797913668fd57adf2533fa65820a09d41.jpg,,,
7003814,6,만든 양념장을 애호박에 한 수저씩 예쁘게 올려주세요^^,https://recipe1.ezmember.co.kr/cache/recipe/2023/06/10/0dabfeee4feb9a13093471ce40be107c1.jpg,,,
7003814,7,애호박 구이와 파프리카 양념장! 아삭아삭한 파프리카 양념장과 부드러운 애호박 구이 조화가 잘 이루어지네요 보기에도 예쁘지 않나요?ㅎㅎ,https://recipe1.ezmember.co.kr/cache/recipe/2023/06/10/ba266c86407506678e38f54500d4f28c1.jpg,,,
6975626,1,통새우 약 20마리 찬물 가득 붓고 미림 1큰술 넣기 맛술 또는 청주 1큰술 넣어주면 통새우 비릿내 안녕!,https://recipe1.ezmember.co.kr/cache/recipe/2022/02/24/f6087545f6941c4f6ee7223a5216c5a21.jpg?w=1000,,,
6975626,2,통새우 수분 쫙 빼주기,https://recipe1.ezmember.co.kr/cache/recipe/2022/02/24/d36cbf181e3bd879fedb1b1d595ad5251.jpg?w=1000,,,
6975626,3,체망에 스위트콘 5~6큰술 퍼서 국물 제거,https://recipe1.ezmember.co.kr/cache/recipe/2022/02/24/e30445c56d486dc8a1514556a30a4e9e1.jpg?w=1000,,,
6975626,4,달군 팬 버터 반스푼 녹여주고 스위트콘 붓고 달달달 버터 듬뿍 금지! 기름이 둥둥~ 느끼느끼 우려,https://recipe1.ezmember.co.kr/cache/recipe/2022/02/24/1242fb04e54324b3f721fb90a2a2aec41.jpg?w=1000,,,
6975626,5,설탕 1스푼 뒤적뒤적,https://recipe1.ezmember.co.kr/cache/recipe/2022/02/24/4b0ea2cec62def3c9c0a4cb6de3cc5591.jpg?w=1000,,,
6975626,6,마요네즈 2바퀴 빙빙 통새우 넣고 분홍빛이 돌때까지 노릇노릇 볶기,https://recipe1.ezmember.co.kr/cache/recipe/2022/02/24/8c979a54ccf52504211576160f50d84e1.jpg?w=1000,,,
6975626,7,고소함이 코끝을 찌르면 모짜렐라치즈 듬뿍,https://recipe1.ezmember.co.kr/cache/recipe/2022/02/24/844ef3328a60cbf592e0c0f7be4eced21.jpg?w=1000,,,
6975626,8,(약불 유지) 뚜껑을 덮고 치즈가 꾸덕꾸덕 녹을 때까지 기다림,https://recipe1.ezmember.co.kr/cache/recipe/2022/02/24/fda68397ebf3d1d7ed8e35d9008f8b351.jpg?w=1000,약불,,
6975626,9,파슬리가루 톡톡 최고의 안주 및 간식 완성,https://recipe1.ezmember.co.kr/cache/recipe/2022/02/24/d5e9c44d1b27d5a6eeb03786b3ae83b91.jpg?w=1000,,,
7074078,1,시금치는 깨끗이 씻어준다 끓는물에 양념을 넣어준다,https://recipe1.ezmember.co.kr/cache/recipe/2026/04/03/2471b975c16b480396eec9f0e0bf48851.jpg?w=1000,,,
7074078,2,양념넣은물이끓으면 시금치를넣어준다,https://recipe1.ezmember.co.kr/cache/recipe/2026/04/03/bb351decfc660f935b26cb5764b964071.jpg?w=1000,,,
7074078,3,시금치는 오래끓여야 더맛있다 살짝익힌거 좋아하시는분은 끓으면 불끄지만 저는푹익는거좋아해서 약불에뚜겅닫고20분은끓여준다,https://recipe1.ezmember.co.kr/cache/recipe/2026/04/03/de98afc8b74633a2f9f324087b7e82441.jpg?w=1000,약불,1200,
6868392,1,통조림 햄은 채썰어 준비한다.,https://recipe1.ezmember.co.kr/cache/recipe/2017/04/19/8d60172d91b2e5761dbd7f87d7ab88a81.jpg,,,
6868392,2,양파가 있음 좋겠지만 냉장고에 파프리카뿐이라 이것으로 준비. 채썰어준다.,https://recipe1.ezmember.co.kr/cache/recipe/2017/04/19/aca8ceebb7a8ae9f62f68cedde2ad8991.jpg,,,
6868392,3,다진마늘 한스푼과 청양고추 한두개를 다져서 기름을 두르고 먼저 볶아주고. 햄을 넣고 볶다가 파프리카를 넣고 볶는다.,https://recipe1.ezmember.co.kr/cache/recipe/2017/04/19/e812da5093dbff5db6d33891c76cac5e1.jpg,,,
6868392,4,"여기에 고춧가루 2T, 간장4T, 설탕1.5T, 굴소스1T를 넣고 섞어준다. 간장은 백종원 맛간장이면 더 좋다~^^(백종원 신봉자.ㅋ)",https://recipe1.ezmember.co.kr/cache/recipe/2017/04/19/66a336ca84e86c8b49db91cc97c7de121.jpg,,,
6868392,5,부추는 듬뿍.. 어차피 숨죽으면 얼마 없는 것 같은 비주얼일테니.. 부추는 원하는 만큼 넣기.,https://recipe1.ezmember.co.kr/cache/recipe/2017/04/19/ee9ef7f4e691ece41308abea8472410c1.jpg,,,
6868392,6,마무리로 참기름만 살짝 둘러주기. 금새 완성..^^,https://recipe1.ezmember.co.kr/cache/recipe/2017/04/19/3b2fe8d8ba9356fab7f92ae2d3cafa491.jpg,,,
6910228,1,먼저 속배추 10장정도를 너무 얇지 않은 사이즈로 잘라주세요,https://recipe1.ezmember.co.kr/cache/recipe/2019/04/10/5d34b65a09a8d173cef3b04c8741b5621.jpg,,,
6910228,2,그리고 살짝 데쳐줄거에요 너무 많이 데치면 식감이 떨어지기 때문에 살짝 데쳐주면 된답니다:),https://recipe1.ezmember.co.kr/cache/recipe/2019/04/10/8d56002853aac63539b28edd5ac8dab51.jpg,,,
6910228,3,배추가 부드러워지면 체에 건져내어 물기를 빼줍니다 체에 받혀 놓고 조금만 시간이 지나면 물기가 빠지는데요 일부러 손으로 짜지 마세요 뭉개져서 맛이 없어요^^;;,https://recipe1.ezmember.co.kr/cache/recipe/2019/04/10/f9332f87208a045d8f98fe342e2d06ce1.jpg,,,
6910228,4,"물기를 뺀 배추를 볼에 담고 이제 양념을 해주면 되는데요 소금 1ts과 국간장 1ts, 참기름 1t을 넣어서 조물 조물 해주세요",https://recipe1.ezmember.co.kr/cache/recipe/2019/04/10/c069b77d691a659711f9d139d0cd9b7e1.jpg,,,
6910228,5,마지막으로 통깨 1ts을 넣어 마무리 해 줍니다:),https://recipe1.ezmember.co.kr/cache/recipe/2019/04/10/9c3c88c31d7da9703f224018faa999011.jpg,,,
6910228,6,너무 쉽고 간단해서 10분이면 만드실 수 있으실거에요 ㅎㅎ 보통 배추는 겉절이를 많이들 해 드시잖아요 그런데 이렇게 데쳐서 무쳐 먹으면 아이들도 잘 먹고 다이어트에도 참 좋아요:),https://recipe1.ezmember.co.kr/cache/recipe/2019/04/10/6be82e945ff1a9cedef5ba2c4c55def11.jpg,,600,
7074045,1,먼저 모닝빵을3 등분으로 칼집을 내주세요,https://recipe1.ezmember.co.kr/cache/recipe/2026/04/03/f67356bf5da2a5e2c5ae49a66daf55821.jpg?w=1000,,,
7074045,2,칼집낸곳에 피자치즈를 듬뿍 넣어주세요 꽉꽉 채워서,https://recipe1.ezmember.co.kr/cache/recipe/2026/04/03/407cdedc41b51cd39077f801409c23201.jpg?w=1000,,,
7074045,3,소스를 만들어주세요 실온에있던 버터와 다진마늘1숟가락.파슬리2/1숟가락.치즈가루1숟가락.넣고섞어주세요,https://recipe1.ezmember.co.kr/cache/recipe/2026/04/03/50db1067a0e7737870d043a3cfade2381.jpg?w=1000,,,
7074045,4,치즈넣은빵위에 소스를 발라주세요,https://recipe1.ezmember.co.kr/cache/recipe/2026/04/03/ae11dc74e8d4f164141b3bfb092551901.jpg?w=1000,,,
7074045,5,에어프라이어 170도에서 10분구워주세요,https://recipe1.ezmember.co.kr/cache/recipe/2026/04/03/24312214ca96d2e949020196e9064a261.jpg?w=1000,,600,
7074045,6,전체적으로 타지않고 치즈가녹으면서 노릇하게 되었을때 꺼내시면됩니다 오븐에구워진 빵위에 올리고당을 뿌려주시면 융기가 쫙 나면서 달콤하고 맛있습니다,https://recipe1.ezmember.co.kr/cache/recipe/2026/04/03/6b3dfd25ad19bacc04ecf0f6649484c91.jpg?w=1000,,,
6886567,1,"양파와 애호박은 채 썰어 준비해 주세요. 양파 1/3개, 애호박 1/2개 전 애호박을 넉넉하게 준비했어요~ 취향껏 양을 조절해주세요.",https://recipe1.ezmember.co.kr/cache/recipe/2018/04/02/82664caa395c0bd67994d9803cc6701d1.jpg,,,
6886567,2,"분량의 양념 재료를 섞어 양념장을 만들어 주세요. 고춧가루 1T, 고추장 0.5T, 간장 2T, 물 2T, 굴소스 1T, 다진마늘 0.5T, 후추 톡톡 양념 재료는 취향에 따라 가감해주세요.",https://recipe1.ezmember.co.kr/cache/recipe/2018/04/02/a22ad7fc879eecb9c2234c7bc02e45ec1.jpg,,,
6886567,3,"팬에 기름 1T, 고추기름 1T를 넣고 다진파 한줌 넣어 약불에서 파기름을 만들어 주세요. 기름 1T, 고추기름 1T, 다진파 한줌 약불 고추기름이 없다면 그냥 기름을 사용하셔도 좋아요.",https://recipe1.ezmember.co.kr/cache/recipe/2018/04/02/81acf1854c6fd454305d2ef27c1b3d131.jpg,약불,,
6886567,4,"파향이 올라오면 센불로 올리고 양파와 애호박을 넣어 약 2-3분간 볶아주세요. 양파, 애호박 센불",https://recipe1.ezmember.co.kr/cache/recipe/2018/04/02/f1def1a011afb9c6333872b67981bc491.jpg,강불,180,
6886567,5,그 다음 양념장을 넣어 약 2-3분간 볶아주세요. 양념장 센불 양념장이 튈 수 있으니 조심하세요. 양념장은 넣기 전에 맛을 보고 너무 짜다 싶으면 다 넣지 말고 입맛에 맞게 넣어주세요.,https://recipe1.ezmember.co.kr/cache/recipe/2018/04/02/9988b077c5de27118fde693c90585a9f1.jpg,강불,180,
6886567,6,채소가 다 익으면 불을 끄고 마무리로 참기름 1t를 넣으면 완성입니다. 참기름 1t 혹시 부족한 간은 소금으로 맞춰주세요.,https://recipe1.ezmember.co.kr/cache/recipe/2018/04/02/9c12707591c1315c9f6ace27878225841.jpg,,,
6886567,7,그릇에 밥과 애호박볶음을 올리고 취향에 따라 달걀후라이를 하나 함께 곁들이시면 완성업니다:),https://recipe1.ezmember.co.kr/cache/recipe/2018/04/02/eeda3f6ec8e31ea416d3cb2333ecaa6c1.jpg,,,
7023485,1,시든 잎은 제거하고 뿌리의 잔털과 흙은 칼등으로 살살 긁어주세요. 조리용나이프 냉이 손질법 레시피,https://recipe1.ezmember.co.kr/cache/recipe/2024/04/02/bba7acb4b1afe2ebeb129f256b089c6c1.jpg?w=1000,,,
7023485,2,"끓는 물에 소금을 넣고 손질할 냉이를 1분 30초간 데쳐주세요. 냄비 , 조리주걱",https://recipe1.ezmember.co.kr/cache/recipe/2024/04/02/d6376bb9d15c2e8b1877d8cfdef53a8b1.jpg?w=1000,,90,
7023485,3,"분량의 양념을 섞어 양념장을 만들어주세요. 소스볼 , 스푼",https://recipe1.ezmember.co.kr/cache/recipe/2024/04/02/1bfe2fa1c58096c59657112937eb14331.jpg?w=1000,,,
7023485,4,양념과 참기름을 넣고 무쳐 완성해주세요. 믹싱볼,https://recipe1.ezmember.co.kr/cache/recipe/2024/04/02/8f1bd204fc90a2061bd0239952ba755b1.jpg?w=1000,,,
6867306,1,닭고기살은 먹기 좋은 크기로 잘라주세용 저는 껍질과 지방을 발라냈어요,https://recipe1.ezmember.co.kr/cache/recipe/2017/03/23/eb19cddf6c92f7e90a04d002aeb8a8441.jpg,,,
6867306,2,"간장 2.5T, 올리고당 1T, 맛술 1T, 참기름 0.5T, 케찹 0.5T, 고추장 1T, 마진마늘 0.5T, 후추조금 넣고 잘 섞어주세용 15분간 재워줍니다 간장 2.5T, 올리고당 1T, 맛술 1T, 참기름 0.5T, 케찹 0.5T, 고추장 1T, 마진마늘 0.5T, 후추조금",https://recipe1.ezmember.co.kr/cache/recipe/2017/03/23/28da53f3a29a5f459f5223fe7eed4cfe1.jpg,,900,
6867306,3,야채는 채썰어서 준비해요 파는 얇은 부분을 잘게 썰어서 준비하고 반은 볶을 때 쓰고 나머지 반은 데코용으로 쓰기로! 냉장고 속 남은 짜투리 야채를 활용해보세요,https://recipe1.ezmember.co.kr/cache/recipe/2017/03/23/51cd30f3a4c42ba5679bc57d08f80c781.jpg,,,
6867306,4,웍에 식용유를 두르고 썰어둔 양파와 파를 볶아요 센불,https://recipe1.ezmember.co.kr/cache/recipe/2017/03/23/e89f820045cc0ebf7e29a94c1b7017db1.jpg,강불,,
6867306,5,양파가 투명해질 때쯤 재워둔 닭고기를 투하합니다,https://recipe1.ezmember.co.kr/cache/recipe/2017/03/23/ffbc620a6b4f8344b46e9cdc9a17269c1.jpg,,,
6867306,6,양념이 많이 들어갔기 때문에 늘러붙지 않도록 잘 섞어주면서 볶아요 익는데 은근히 오래걸려요,https://recipe1.ezmember.co.kr/cache/recipe/2017/03/23/da8936820a607299de21c650025919671.jpg,,,
6867306,7,닭다리살을 찢어봐서 속까지 익었을 때 밥을 넣어줍니다 바닥에 늘러붙을 수 있으니 밥은 불을 끄거나 약불로 놓고 넣어주세요,https://recipe1.ezmember.co.kr/cache/recipe/2017/03/23/eeb8fd839545d4edc9d440b7ae6149df1.jpg,약불,,
6867306,8,밥을 닭다리살과 잘 섞어주고 다시 센불에 고슬고슬하게 볶아줍니다 뜨거운밥을 넣는 것보다 한김 식힌 밥을 넣으면 훨씬 더 잘 볶아져요,https://recipe1.ezmember.co.kr/cache/recipe/2017/03/23/e90b286b50aa85fc493d0bba8c1d699c1.jpg,강불,,
6867306,9,잘 볶아졌으면 불을 끄고 잔열에 살짝 놔두어 불맛을 더해줍니다,https://recipe1.ezmember.co.kr/cache/recipe/2017/03/23/a2c8eacb8d9358b8c294b9012388c1761.jpg,,,
6867306,10,그라탕용기에 볶음밥을 옮기고 모짜렐라치즈를 양껏 뿌려주세요 전자렌지에 2분정도 (700W 기준) 돌려주면 완성! 전자레인지 웍에 올릴 수 있는 뚜껑이 있다면 굳이 그라탕용기를 사용하지 않아도 되요,https://recipe1.ezmember.co.kr/cache/recipe/2017/03/23/91d077a8342d5bf254855d07e09aebb51.jpg,,120,
6867306,11,데코용 대파를 뿌려서 완성해요,https://recipe1.ezmember.co.kr/cache/recipe/2017/03/23/5784ffc5ddc325644ca2c4471b8733941.jpg,,,
7029194,1,"재료를 준비해 주세요. 감자 1개, 계란 1개, 양파 1/4개, 대파 약간",https://recipe1.ezmember.co.kr/cache/recipe/2024/06/26/0a0d765af86e7d61e8d2a951161895ac1.jpg,,,
7029194,2,"감자 1개는 껍질을 감자 필러로 벗겨주시고 약 1cm 정도 두께로 썰어 찬물에 3번 정도 씻어 전분을 제거해 주세요. 감자칼 , 도마 , 조리용나이프 , 볼 , 채반 감자 손질법",https://recipe1.ezmember.co.kr/cache/recipe/2024/06/26/a1f3c8ca17baf181c46c55f1dd676dd51.jpg,,,
7029194,3,양파는 감자와 비슷한 크기로 썰어주세요. 양파 손질법,https://recipe1.ezmember.co.kr/cache/recipe/2024/06/26/7aba4bc3bd08b677933c5f4d034aa2441.jpg,,,
7029194,4,대파는 쫑쫑쫑 썰어주세요. 대파 손질법,https://recipe1.ezmember.co.kr/cache/recipe/2024/06/26/a2060f065a889e3cd72ad42fb64592bc1.jpg,,,
7029194,5,계란은 알끈을 제거하고 풀어주세요. 볼,https://recipe1.ezmember.co.kr/cache/recipe/2024/06/26/87d2a052394a95e8464a3ba28437c64e1.jpg,,,
7029194,6,물 700ml에 코인 육수 1개를 넣어 주세요. 감자를 넣고 찬물에서부터 5분 끓여주세요. 냄비,https://recipe1.ezmember.co.kr/cache/recipe/2024/06/26/565f5018a2b02cb1938b9d3e442486831.jpg,,300,
7029194,7,양파를 넣어주시고 양념을 해주세요.,https://recipe1.ezmember.co.kr/cache/recipe/2024/06/26/22a279a81243112d7aea591ea10db6ff1.jpg,,,
7029194,8,"다진 마늘 0.5, 국간장 0.5를 넣고 간을 보신 후 부족한 간은 소금으로 해주세요. 저는 소금 0.3 정도 넣어주었어요. 요리스푼",https://recipe1.ezmember.co.kr/cache/recipe/2024/06/26/b3843fdb46f58f8b2dae30871c4fd9a71.jpg,,,
7029194,9,계란물을 냄비 가에 쪽으로 둘러서 넣어주세요. 끓어오를 때까지 잠시 두신 후 저어주세요. 계란이 얇고 모양이 예쁘게 익어요.,https://recipe1.ezmember.co.kr/cache/recipe/2024/06/26/eb1ca56206aecdd576ab305417b2cfc51.jpg,,,
7029194,10,대파를 넣어주시고 후추도 약간 넣어주세요.,https://recipe1.ezmember.co.kr/cache/recipe/2024/06/26/ac99532764fe7ce39c882b290693d9fe1.jpg,,,
7029194,11,"저어주고 불 끄고 국그릇에 담아 맛있게 드시면 됩니다. 국자 , 대접",https://recipe1.ezmember.co.kr/cache/recipe/2024/06/26/723c7bcd8f8f82a4d3d0d70a0750f9751.jpg,,,
6892442,1,굴소스 이용한 초간단 반찬이에요. 아이들 반찬으로 만드신다면 굴소스 1큰술만! 어른들 드신다면 2수저 넣어 짭조름해도 괜찮아요.,https://recipe1.ezmember.co.kr/cache/recipe/2018/07/12/e517ada16238b429c447d8cc0e8a150a1.jpg,,,
6892442,2,파프리카버섯볶음 재료 재료 샷 찰칵~! 흐르는 물에 씻어주고요.,https://recipe1.ezmember.co.kr/cache/recipe/2018/07/12/51efc07af1a510bf0183afe51534cf761.jpg,,,
6892442,3,대파는 손가락 길이 정도로 잘라주세요.,https://recipe1.ezmember.co.kr/cache/recipe/2018/07/12/035b4f1a4d0d53ffe2767b3e0cdc42451.jpg,,,
6892442,4,파프리카도 손가락 길이 정도로 잘라주세요.,https://recipe1.ezmember.co.kr/cache/recipe/2018/07/12/a4664cd5f8c93f1fd1484b88568046321.jpg,,,
6892442,5,이때 파프리카 위아래 꽁다리 부분은,https://recipe1.ezmember.co.kr/cache/recipe/2018/07/12/9762bda1f95ec4ad6e2098cbc22d68dd1.jpg,,,
6892442,6,다져서 냉동실에 넣어놓으면 다양하게 쓰여요.,https://recipe1.ezmember.co.kr/cache/recipe/2018/07/12/4b744b78cbae736db556041ff62651eb1.jpg,,,
6892442,7,"요렇게 담아두면 볶음밥, 짜장, 카레, 계란찜 등에 넣어 활용 가능해요! 요거 활용하는 레시피도 조만간 바로 올리도록 하죠^^",https://recipe1.ezmember.co.kr/cache/recipe/2018/07/12/75f0c15b423518f7cfdba43fdcca7c981.jpg,,,
6892442,8,느타리버섯은 흐르는 물에 가볍게 씻어주고 잘게 찢어 준비했어요.,https://recipe1.ezmember.co.kr/cache/recipe/2018/07/12/94bf31ec48e478151ac71b386c07bcb01.jpg,,,
6892442,9,올리브유를 두른 팬에 중불로 파프리카를 먼저 볶아주세요.,https://recipe1.ezmember.co.kr/cache/recipe/2018/07/12/1a5fb52f98b5ee7a04afc8dd561ea84b1.jpg,중불,,
6892442,10,파프리카를 볶다가 느타리버섯을 넣어주고~,https://recipe1.ezmember.co.kr/cache/recipe/2018/07/12/8fd33cec57418de930bbbe4de55a88e21.jpg,,,
6892442,11,굴 소스 1 큰 술 넣어주었어요. 느타리버섯에서 물이 생기지 않게 센 불로 휘리릭 볶아주는 게 포인트!,https://recipe1.ezmember.co.kr/cache/recipe/2018/07/12/7c401e61a37aa08c1307386de54a06591.jpg,,,
6892442,12,굴 소스가 잘 버무려지면,https://recipe1.ezmember.co.kr/cache/recipe/2018/07/12/d0dac0191ef55bbcd9164417e4e6f3641.jpg,,,
6892442,13,막으로 대파를 넣어 볶아줍니다.,https://recipe1.ezmember.co.kr/cache/recipe/2018/07/12/1cd48f82a912b03c180e32ad40cca9761.jpg,,,
6892442,14,숨만 죽을 정도로!,https://recipe1.ezmember.co.kr/cache/recipe/2018/07/12/b74628d25cd988716ef66048847c772c1.jpg,,,
6892442,15,깨 1 작은 수저 넣어 마무리~!,https://recipe1.ezmember.co.kr/cache/recipe/2018/07/12/adc901eafd7f124b5b7d4e8c496e2d651.jpg,,,
6892442,16,색감 이쁜 파프리카 버섯볶음 완성~! 대파 대신 부추를 넣어도 맛있어요. 아이들 반찬으로 만들었는데~맛있고요. 가끔은 여기다 당면을 불려 함께 볶아주기도 하는데 유리가 좋아해요.,https://recipe1.ezmember.co.kr/cache/recipe/2018/07/12/9f5860f8bb987dfdae7eace7353986a51.jpg,,,
7073523,1,"애호박 1/3개, 양파 1/4개, 두부 200g 그리고 손질한 냉이 60g을 준비합니다.",https://recipe1.ezmember.co.kr/cache/recipe/2026/03/24/bd0af5a2777254c8153911fc0fae5aa01.jpg,,,
7073523,2,재료들은 비슷한 크기로 깍둑썰기해 주세요.,https://recipe1.ezmember.co.kr/cache/recipe/2026/03/24/373f5c9894f98f1f31a2617a70ecf51f1.jpg,,,
7073523,3,물 500ml에 된장 2.5T를 풀어주세요. 그리고 여기에 코인육수 한 알을 넣어주면 따로 멸치 육수를 내지 않아도 감칠맛이 자연스럽게 올라와요.,https://recipe1.ezmember.co.kr/cache/recipe/2026/03/24/6731b8b0b4e9d2b3eaad42f1d27acea71.jpg,,,
7073523,4,코인육수가 모두 풀어지면 잘라둔 애호박과 양파를 넣어 야채가 살캉하게 익을만큼만 끓여주세요. 된장국에는 채소가 먼저 들어가야 국물이 자연스럽게 달큰해져요.,https://recipe1.ezmember.co.kr/cache/recipe/2026/03/24/5a73f5a188818610b2960a5f209fad671.jpg,,,
7073523,5,깨끗하게 손질한 냉이를 넣고 다진마늘 1/2T를 넣어주세요. 냉이는 오래 끓이면 향이 줄어들기 때문에 이 단계에서 넣는 게 좋아요. 냄비에 냉이를 넣는 순간 냉이 특유의 향이 은근하게 올라와요.,https://recipe1.ezmember.co.kr/cache/recipe/2026/03/24/22a06482de1c09c0ca4ce353634e8a291.jpg,,,
7073523,6,냉이의 숨이 살짝 죽으면 두부와 고춧가루 1/2T를 넣고 한소끔 끓여주세요.,https://recipe1.ezmember.co.kr/cache/recipe/2026/03/24/18fb7c5c934db11f242a03a8998a41a41.jpg,,,
7073523,7,국물에 칼칼함을 추가하고 싶으면 청양고추 1~2개를 넣어 마무리해 주세요.,https://recipe1.ezmember.co.kr/cache/recipe/2026/03/24/16036b3e51555d128063a74fb8fb955f1.jpg,,,
6983253,1,"계란, 양배추, 감자, 치즈를 제외하고는 냉장고 파먹기 가능해요. 감자나 치즈도 없으면 생략가능하지만 훨씬 맛이 좋아 필수에 넣었어요.",https://recipe1.ezmember.co.kr/cache/recipe/2022/07/11/03620d59121a231e452ed9691cb029241.jpg?w=1000,,,
6983253,2,양배추는 식초 넣은 물에 5분 정도 담가두어 잔류농약과 불순물을 제거 세척해요.,https://recipe1.ezmember.co.kr/cache/recipe/2022/07/11/bb9b37f3406074dac8ffdb99bb4687df1.jpg?w=1000,,300,
6983253,3,재료들은 크지 않은 크기로 썰어줘요. 계란으로 덮을 거라 너무 크면 모양내기 힘들어요. 특히 익는데 오래 걸리는 감자는 채를 썰거나 작게 썰어주세요.,https://recipe1.ezmember.co.kr/cache/recipe/2022/07/11/6569e8c653a550dd025c90c44a4adb3a1.jpg?w=1000,,,
6983253,4,계란도 잘 풀어주고 소스도 준비했어요. 입맛 따라 소금만 넣어 간을 하거나 하지 않아도 좋아요.,https://recipe1.ezmember.co.kr/cache/recipe/2022/07/11/6037faf015a2b7f4a7133dad3d52a4591.jpg?w=1000,,,
6983253,5,재료들과 선택한 소스를 넣고 한번 볶아줘요. 감자가 들었기 때문에 감자가 익을 정도로 볶아요.,https://recipe1.ezmember.co.kr/cache/recipe/2022/07/11/520f48b213804d643a68ed5805c72e811.jpg?w=1000,,,
6983253,6,계란물을 넓게 펴고 아랫부분만 먼저 익혀요.,https://recipe1.ezmember.co.kr/cache/recipe/2022/07/11/1eff4400c728b6aa886cfb711d41dbaa1.jpg?w=1000,,,
6983253,7,윗부분이 아직 익지 않은 촉촉한 상태의 계란 위에 볶아준 재료들을 올려요.,https://recipe1.ezmember.co.kr/cache/recipe/2022/07/11/45167bb006ce7ff67f73e8f9e48e70411.jpg?w=1000,,,
6983253,8,치즈도 올려줘요.,https://recipe1.ezmember.co.kr/cache/recipe/2022/07/11/e0a5f2a1f5ae8e972bf49202ca82fd641.jpg?w=1000,,,
6983253,9,계란의 한쪽면을 들어 재료들을 덮고 치즈가 녹을 정도로만 구워주면 완성이예요.,https://recipe1.ezmember.co.kr/cache/recipe/2022/07/11/45e09e4e5e5554a87c60edf2ccdee0181.jpg?w=1000,,,
6989529,1,"무1/4개, 애호박 1/2개(생략가능), 청양고추3개(선택가능) 준비해주세요! 양파도 넣어주면 좋습니다!!",https://recipe1.ezmember.co.kr/cache/recipe/2022/10/14/90eabf216aec061c5b1c2ac274ce055c1.jpg,,,
6989529,2,"무는 나박썰기 애호박, 청양고추 송송송 썰어줍니당 양파도 송송 먹기좋은 크기로 썰어주욤!!",https://recipe1.ezmember.co.kr/cache/recipe/2022/10/14/100dbb65decb10439d147595e939d6401.jpg,,,
6989529,3,오징어도 준비해줍니다 ✔️마트에 손질된 오징어 팔면 더 편해유~!! 전 그냥 냉동오징어 사서 내장빼낸다고 손에 오징어 냄..새가 오징어 손질법 레시피,https://recipe1.ezmember.co.kr/cache/recipe/2022/10/14/232b774c4f63ca95cf49aa4115a52bed1.jpg,,,
6989529,4,오징어도 먹기좋은 크기로 썰어줍니당 오징어무국은 딱히 다른 재료들이 없으니 오징어와 무만 손질해서 잘라주면 거의 준비 끝입니댱,https://recipe1.ezmember.co.kr/cache/recipe/2022/10/14/2c189eb3a9506beee3a7cd38560a65c71.jpg,,,
6989529,5,"냄비에 썰어둔 오징어, 무 넣고 들기름3스푼 둘러서 볶아뽂아~~!!~! 들기름이 들어가면 오징어 향을 뽑아내고, 오징어의 깊은 맛이 난다고 합니동",https://recipe1.ezmember.co.kr/cache/recipe/2022/10/14/2e4093316e8a29adbc1edae562a533531.jpg,,,
6989529,6,기름을 넣지 않아도 오징어와 무에서 수분이 나와 달라붙지 않고 볶기 가능!!,https://recipe1.ezmember.co.kr/cache/recipe/2022/10/14/198fab537eb1bbebfd8e9c7599685b111.jpg,,,
6989529,7,국간장2스푼 넣고 무가 살짝 투명해질때까지 볶아줍니동,https://recipe1.ezmember.co.kr/cache/recipe/2022/10/14/822bf0ded97cc5e653b6a310a5000d411.jpg,,,
6989529,8,오징어와 무가 잠길정도로 물을 부어줍니당,https://recipe1.ezmember.co.kr/cache/recipe/2022/10/14/2183e7acafec92bdc911280c3c6bd4211.jpg,,,
6989529,9,"고춧가루1,다진 마늘1,액젓2 넣기 (숟가락 기준)",https://recipe1.ezmember.co.kr/cache/recipe/2022/10/14/07284af36945dce5f344f62008a17cb11.jpg,,,
6989529,10,중간 중간 거품 거둬내면서 끓여주기,https://recipe1.ezmember.co.kr/cache/recipe/2022/10/14/172fa814452c1dd6eda098824ffc84ee1.jpg,,,
6989529,11,준비해놓은 야채 우르르르르넣고 와장창 끓여주면 끝‼️,https://recipe1.ezmember.co.kr/cache/recipe/2022/10/14/723e25158e3b02d178b0b5d00255c9e91.jpg,,,
6989529,12,오징어무국 완성,https://recipe1.ezmember.co.kr/cache/recipe/2022/10/14/e0ca09515f2bd0414267dae062fd5d581.jpg,,,
6913806,1,"양배추, 당근, 오이를 깨끗하게 씻어주세요. 파프리카나 양배추를 채썰어 사용해도 좋아요. 즐겨먹는 야채 듬뿍듬뿍!",https://recipe1.ezmember.co.kr/cache/recipe/2019/06/11/250e12ff18d73aa0fb4ad224de6c1dd01.jpg?w=1000,,,
6913806,2,양배추가 너무 흐물흐물 거리지 않도록 약 7분~10분정도 쪄줍니다. 아삭함이 조금 사라질 만큼 돌돌 잘 말릴 정도로만 찌기!,https://recipe1.ezmember.co.kr/cache/recipe/2019/06/11/9dfec72fba38da1bca35f06a1c44ffda1.jpg?w=1000,,420,
6913806,3,양배추가 익는동안 오이랑 당근은 채를 썰어 준비.,https://recipe1.ezmember.co.kr/cache/recipe/2019/06/11/3c291759502b4b5e7791e66f66e51b691.jpg?w=1000,,,
6913806,4,먹을 수 있는 만큼 양배추 잎을 한장한장 떼어주세요. 남은 양배추는 된장에 밥이랑 싸드셔도 좋아요. 일명 양배추쌈밥 추천!,https://recipe1.ezmember.co.kr/cache/recipe/2019/06/11/2e5a1252f3cf29d4eed276212632ccd51.jpg?w=1000,,,
6913806,5,"양배추 잎에 오이, 당근, 닭가슴살을 올려 돌돌돌 말아주세요.",https://recipe1.ezmember.co.kr/cache/recipe/2019/06/11/d4b301a565c959d3c2f5e1fa85de85241.jpg?w=1000,,,
6913806,6,먹기 좋은 크기로 잘라주세요.,https://recipe1.ezmember.co.kr/cache/recipe/2019/06/11/35eb55f2812fd65a158e130dd84e95531.jpg?w=1000,,,
6913806,7,"요즘은 양배추가 달아서 그냥 드셔도 좋겠지만, 야채만 먹기 거북하다면 칠리소스에 살짝 찍어 냠냠! 모두 건강한 S라인 만들기 성공하세요 ♡~",https://recipe1.ezmember.co.kr/cache/recipe/2019/06/11/dbeca1cf6a8f79f430996405863ce4bf1.jpg?w=1000,,,
6842114,1,-달군 팬에 식용유 약간 두르고 굵게 채썬 양파를 볶는다,https://recipe1.ezmember.co.kr/cache/recipe/2016/01/26/465a1793cd832327119a5d8e69dfc1281.jpg,,,
6842114,2,-팽이버섯은 밑둥 잘라내고 가볍게 헹궈 물기를 짜내고 3-4등분 한다,https://recipe1.ezmember.co.kr/cache/recipe/2016/01/26/4b790c8017d4bf80093e175e1e7563321.jpg,,,
6842114,3,-팽이버섯을 볶다가 숨이 죽으면 양조간장+맛술+육수(물)을 넣어 조린다,https://recipe1.ezmember.co.kr/cache/recipe/2016/01/26/e35ceaab5ff9cad6b7b1aadca9dd0c301.jpg,,,
6842114,4,그릇에 따뜻한 밥을 담고-> 그 위에 계란프라이를 올리고->계란흰자 위로 팽이버섯조림 돌려담고-> 마지막에 참기름을 한두방울 떨어뜨려준다,https://recipe1.ezmember.co.kr/cache/recipe/2016/01/26/f7c05d7547f68a72aeb789deeb3c2c0e1.jpg,,,
7042252,1,"주 재료인 베이컨과 잘 익은 김치를 송송 썰어 준비합니다. 1인분 기준으로 김치는 1컵 분량으로 준비하면 적당한데요. 조금 더 넣어 김치의 진한 맛으로 볶아주었어요. 베이컨은 100g 한 팩을 잘게 썰어 주었어요. 도마 , 조리용나이프",https://recipe1.ezmember.co.kr/cache/recipe/2025/01/09/d35f9f6db2d800b5bf7e0e94c03d5ddf1.jpg,,,
7042252,2,파기름 내기 위한 파를 송송 썰어줍니다. 1/2대로 풍성하게 준비해 주면 맛있게 볶을 수 있어요.,https://recipe1.ezmember.co.kr/cache/recipe/2025/01/09/fea3ff11d08e4d477693618b8e1f7aba1.jpg,,,
7042252,3,"달군 팬에 식용유 2바퀴가량 넣어준 뒤 파를 넣어주세요. 노릇해질 때까지 볶아줍니다. 볶음팬 , 요리스푼",https://recipe1.ezmember.co.kr/cache/recipe/2025/01/09/c425e7629ad3e6e04976899f4f14edb31.jpg,,,
7042252,4,다음 베이컨도 추가해 넣어주세요.,https://recipe1.ezmember.co.kr/cache/recipe/2025/01/09/fa3e6a9b43d7686f7911fe56918907411.jpg,,,
7042252,5,1~2분가량 간단히 먼저 파와 함께 어우러지도록 볶아줍니다.,https://recipe1.ezmember.co.kr/cache/recipe/2025/01/09/e526d4352e6870f07523bf1a318bb0211.jpg,,120,
7042252,6,다음 묵은김치와 설탕 0.5 큰 술을 함께 넣어 김치의 신맛을 잡으러 감칠맛 나도록 볶아줍니다. 김치가 살짝 투명해지도록 맛있게 볶아줍니다. 계량스푼,https://recipe1.ezmember.co.kr/cache/recipe/2025/01/09/107b87cdbf007bba99964af04f28f1961.jpg,,,
7042252,7,잘 볶은 재료는 한쪽으로 살짝 밀어 놓고 간장 0.5 큰 술을 넣고 잠시 뒤에 지글지글 끓여주세요. 간장의 풍미를 살려 맛있게 볶을 수 있는 방법이고요. 그다음 재료와 함께 섞어줍니다.,https://recipe1.ezmember.co.kr/cache/recipe/2025/01/09/8ce70b5a998453579576a9f9ab6ab9e81.jpg,,,
7042252,8,잘 볶아진 베이컨김치볶음에 밥을 넣어줍니다. 밥의 흰 부분이 보이지 않을 때까지 고루 섞이도록 볶아주면 되어요.,https://recipe1.ezmember.co.kr/cache/recipe/2025/01/09/e2c42dcd8304319d546bfbc6cb803b2e1.jpg,,,
7042252,9,"그 사이 완성된 볶음밥 위에 살포시 얹어 단백하게 곁들여줄 달걀프라이를 구워줍니다. 에그팬 , 뒤집개",https://recipe1.ezmember.co.kr/cache/recipe/2025/01/09/c311d634848fc9ffe4f72105ac8a692e1.jpg,,,
7042252,10,"밥까지 모두 섞어 볶아주었다면 불을 끄고 참기름 1.5 큰 술 가량 넣어 고소한 맛 추가해 맛있게 완성합니다. 취향에 따라 좋아하는 재료는 조금 더 넣어 풍성하게 만들어도 좋아요. 저희는 아삭한 식감으로 볶으면 더욱 맛있는 깔끔한 묵은지 좀 더 추가해 깊은 맛으로 만들었어요. 잘 익은 묵은지 냉장고에 자리 잡고 있을 텐데요. 묵은지를 활용한 메뉴로 오늘은 아이들이 좋아하는 베이컨과 함께 맛있게 볶아 완성해 보세요. 1인분의 양으로 계랑 하였지만 더 많은 양으로 만들 땐 위 재료에서 계량을 추가해 더 많은 양으로 만들어 온 가족 맛있게 즐겨보세요. 완성접시 , 밥공기",https://recipe1.ezmember.co.kr/cache/recipe/2025/01/09/fa8bb199aa6975ebbeacf386e2ce8a811.jpg,,,
6907784,1,에어프라이어에 만두 13개를 넣고 200도에서 15분 정도 돌려줍니다. 에어프라이어,https://recipe1.ezmember.co.kr/cache/recipe/2019/03/05/cb54977abc5c0d1240e90e95866f978e1.jpg,,900,
6907784,2,"대파 1/3, 홍고추 1/2를 송송 썰어 준비하고",https://recipe1.ezmember.co.kr/cache/recipe/2019/03/05/916590dfa738b70be47e6141f129d9071.jpg,,,
6907784,3,"달군 팬에 식용유 1을 두르고 다진 마늘 1, 썰어 놓은 대파, 홍고추를 넣어 달달 볶다",https://recipe1.ezmember.co.kr/cache/recipe/2019/03/05/4757a74499e87e601f6d994837f3a3571.jpg,,,
6907784,4,"깐풍 소스 재료인 간장 2, 올리고 당 1, 식초 1, 맛술 1, 설탕 1, 후춧가루 적당량을 넣어 바글바글 끓여주세요.",https://recipe1.ezmember.co.kr/cache/recipe/2019/03/05/9f377ed35fcb782d07b8ee5254d41e0e1.jpg,,,
6907784,5,그리고 에어프라이어에 튀긴 만두를 넣고,https://recipe1.ezmember.co.kr/cache/recipe/2019/03/05/217f5107317ac5181a1b4b7a8f271ce01.jpg,,,
6907784,6,양념을 고루 묻혀 마무리해주세요.,https://recipe1.ezmember.co.kr/cache/recipe/2019/03/05/51dca3c6edeca27e2ddf6bd9b72f22351.jpg,,,
6907784,7,깐풍만두 완성 ^^,https://recipe1.ezmember.co.kr/cache/recipe/2019/03/05/200e384a38a3f5fe785445d6fb17f8531.jpg,,,
6867736,1,재료를 준비한다.,https://recipe1.ezmember.co.kr/cache/recipe/2017/03/31/ba10b05722f64e501a44c8d9b2f4f18b1.png,,,
6867736,2,먼저 닭에 밑간을 해 준다. 닭은 다리살이나 가슴살을 준비해주세요.,https://recipe1.ezmember.co.kr/cache/recipe/2017/03/31/8024689cd43160d538a76e23e9c8043e1.png,,,
6867736,3,파를 한 입 크기로 썰어준다.,https://recipe1.ezmember.co.kr/cache/recipe/2017/03/31/0741a17d0611500553634ac87ce562261.png,,,
6867736,4,손질한 닭과 파를 꼬치에 골고루 꽂아준다.,https://recipe1.ezmember.co.kr/cache/recipe/2017/03/31/5523d67be6c7f11c23affc43192dcc001.png,,,
6867736,5,"양념장을 만든다. 맛술 있으면 맛술도 2T, 없으면 생략!",https://recipe1.ezmember.co.kr/cache/recipe/2017/03/31/f63d133fa5bd0a34b0c429a2e52a4de81.png,,,
6867736,6,팬에 기름을 두르고 꼬치를 구워준다.,https://recipe1.ezmember.co.kr/cache/recipe/2017/03/31/9f79b2d94938aee9e9e873663feeb5ec1.png,,,
6867736,7,고기가 익으면 약불로 줄이고 양념을 발라준다.,https://recipe1.ezmember.co.kr/cache/recipe/2017/03/31/10483c8a14ed3e90046963d3a36eee561.png,약불,,
6867736,8,뒤집어가며 골고루 양념을 발라 구워준다.,https://recipe1.ezmember.co.kr/cache/recipe/2017/03/31/c9dde92e10ac955d3bb8a0953d90cad81.png,,,
6984865,1,당면을 30분간 물에 불려요.,https://recipe1.ezmember.co.kr/cache/recipe/2022/08/05/4ed6835d971239348504d73dc86a9d891.jpg?w=1000,,1800,
6984865,2,준비한 채소를 잘게 다져요.,https://recipe1.ezmember.co.kr/cache/recipe/2022/08/05/de8d44ba1280cc96b0f9e151b973e6af1.jpg?w=1000,,,
6984865,3,달군 팬에 현미유를 두르고 다진 채소를 볶아요.,https://recipe1.ezmember.co.kr/cache/recipe/2022/08/05/2a1ef040f6ba0793c39979d5898919bb1.jpg?w=1000,,,
6984865,4,끓는 물에 4분간 당면을 삶아 찬물에 헹군 후 체에 받쳐 물기를 빼 줘요.,https://recipe1.ezmember.co.kr/cache/recipe/2022/08/05/96d28c3b0cececd55e190ee23ba595001.jpg?w=1000,,240,
6984865,5,익은 당면을 가위로 잘게 잘라요.,https://recipe1.ezmember.co.kr/cache/recipe/2022/08/05/3b814a6b7c0822168b87905c4be0ac6f1.jpg?w=1000,,,
6984865,6,당면에 아기간장과 참기름으로 간을 해요.,https://recipe1.ezmember.co.kr/cache/recipe/2022/08/05/1815d25326ceb0074dfe561bde11d8871.jpg?w=1000,,,
6984865,7,"볼에 당면, 볶은 채소, 달걀을 넣고 섞어요. 간을 하는 아기라면 소금으로 살짝 간을 해도 좋아요.",https://recipe1.ezmember.co.kr/cache/recipe/2022/08/05/048055f61f717401597a18bf057605491.jpg?w=1000,,,
6984865,8,"중약불로 달군 팬에 현미유를 두르고 반죽을 올려요. 이 때, 얇게 펴 올려야 나중에 반으로 쉽게 접혀요.",https://recipe1.ezmember.co.kr/cache/recipe/2022/08/05/594f8bedb7cbfea138078d8a4bcd156f1.jpg?w=1000,약불,,
6984865,9,밑면이 익으면 반으로 접어 앞뒤 노릇하게 익혀요.,https://recipe1.ezmember.co.kr/cache/recipe/2022/08/05/d38709dfd922566ed50d5d2c76b348fc1.jpg?w=1000,,,
6977567,1,"이미 손질이 다 돼 있는 상태의 삼치를 구입했거든요? 깨끗하게 씻어서 먹기 좋은 크기로 잘랐어요. 요즘은 손질된 생선을 마트에서 쉽게 살 수 있으니, 굳이 손질할 필요가 없는 것 같아요. 참 좋은 세상이네요.ㅎㅎㅎ 손질된 삼치라도 가운데 뼈는 있거든요? 가운데 뼈는 제거해 주시고요. 삼치살 사이사이에 박힌 큰 뼈도 뽑아주세요. 뼈 제거 정도만 하면 손질 끝이에요. 삼치 손질법 레시피",https://recipe1.ezmember.co.kr/cache/recipe/2022/04/09/4bb1bfb91db91a75abba4497065908971.jpg?w=1000,,,
6977567,2,"삼치를 키친타올에 올려서 물기를 제거해 주시고요. 살부분이 위로 오게 한 다음, 소금, 후추로 밑간을 해 주세요. 밑간을 할 때에는 소금의 양은 약간만 사용해 주세요. 간장양념에 넣고 졸일 거기 때문에 지금 너무 많이 간을 하면 짜요. 삼치의 잡내를 잡기 위해 맛술도 뿌려주시고요. 밑간하는 시간은 10분 정도면 충분해요.",https://recipe1.ezmember.co.kr/cache/recipe/2022/04/09/403baffe323fbb6f1f10ab0d845417b01.jpg?w=1000,,600,
6977567,3,위생봉지에 전분을 4스푼 넣어주세요. 밑간해 둔 삼치를 넣고 봉지를 이리저리 뒤집으며 삼치에 전분을 골고루 묻혀주세요.,https://recipe1.ezmember.co.kr/cache/recipe/2022/04/09/6c11a838e9d3af8b119cb6b8ca65e6b41.jpg?w=1000,,,
6977567,4,기름을 좀 넉넉하게 두른 후 전분 묻힌 삼치를 올려주세요. 앞뒤로 노륵노륵 구워주세요.,https://recipe1.ezmember.co.kr/cache/recipe/2022/04/09/a6efa36bda5eed9d90a926a2e59b7a3c1.jpg?w=1000,,,
6977567,5,"진간장 2스푼, 굴소스 1스푼, 맛술 2스푼, 설탕 1/2스푼, 참기름 1스푼, 깨 1/2스푼 여기에 물 3스푼 넣어서 잘 섞어주세요.",https://recipe1.ezmember.co.kr/cache/recipe/2022/04/09/a84473d2816dfcb0e42261d06ed7a1581.jpg,,,
6977567,6,"대파 5cm, 홍고추 1개, 청고추 1개 송송 썰어주세요.",https://recipe1.ezmember.co.kr/cache/recipe/2022/04/09/82d9dd2516a9953065635b1b62769be71.jpg?w=1000,,,
6977567,7,"팬에 간장양념을 넣고 다진마늘 1/2스푼 넣어주세요. 다진 대파, 홍고추, 청고추도 넣고 잠시만 졸여주세요.",https://recipe1.ezmember.co.kr/cache/recipe/2022/04/09/2aee11ad3738a501ab0e671d71f4b65c1.jpg?w=1000,,,
6977567,8,전분 묻혀 구워 둔 삼치를 넣어주시고요. 간장양념을 골고루 묻혀 주세요.,https://recipe1.ezmember.co.kr/cache/recipe/2022/04/09/b9f149e22d9e431fceaee004802e19ed1.jpg?w=1000,,,
6977567,9,"비린내 없이 담백한 삼치! 전분 묻혀 구워낸 후 양념감장에 넣고 졸인 삼치조림이 완성됐어요. 삼치를 전분 묻혀 미리 구워서 양념에 졸였더니, 그냥 삼치조림을 한 것보다 훨씬 고소하고 맛있네요. 뼈는 다 제거하고 한입 크기로 썰어서 만들었잖아요? 밥반찬으로도 술안주로도 딱 좋은 한입 사이즈의 삼치조림! 정말 맛있어요! 앞으로 자주 만들어 먹을 것 같은 예감이 드네요.",https://recipe1.ezmember.co.kr/cache/recipe/2022/04/09/e25406dce4fb71f4688f0c3527bad2da1.jpg?w=1000,,,
6895266,1,먼저 야채와 햄을 잘게 썰어 준 뒤 달궈진 팬에 식용유 약간 둘러 볶아 줍니다.,https://recipe1.ezmember.co.kr/cache/recipe/2018/09/04/7b7bf97cb586b90884925e76edd4a63c1.jpg,,,
6895266,2,밥에는 계란1개를 깨서 잘 섞어 둡니다.,https://recipe1.ezmember.co.kr/cache/recipe/2018/09/04/e4e37df3d36859832bb9b3c09c5d796b1.jpg,,,
6895266,3,달궈진 팬에 버터 1스푼을 둘러 녹여 주시구요 약불,https://recipe1.ezmember.co.kr/cache/recipe/2018/09/04/68c9296f4a52bb9c443aa121aaf881861.jpg,약불,,
6895266,4,계란 섞은 밥을 넓게 펴서 올린 뒤 이 상태로 타지않게 약불에서 3분정도 익혀줍니다. 약불,https://recipe1.ezmember.co.kr/cache/recipe/2018/09/04/926b3ad77b754af7ea3d70bfdb8089071.jpg,약불,180,
6895266,5,밥이 어느정도 익으면 볶아둔 재료 올리고 스파게티 소스를 얇게 발라 줍니다. 불은 계속 약불 유지!,https://recipe1.ezmember.co.kr/cache/recipe/2018/09/04/fd1104f56233c4a210d4d5ab39d7f4191.jpg,약불,,
6895266,6,"피자치즈, 파슬리가루를 뿌린뒤 뚜껑을 덮어 약불에서 치즈 녹여주시면 끝! 타지 않게 약불에서 치즈를 녹여 주셔요.",https://recipe1.ezmember.co.kr/cache/recipe/2018/09/04/5af5d87ecc83c0f8edf28c9efd980cd71.jpg,약불,,
6895266,7,밀가루가 없어 속이 편한 밥피자 완성입니다!,https://recipe1.ezmember.co.kr/cache/recipe/2018/09/04/0197c04a61cc18cee904df559e9d13fe1.jpg,,,
6895266,8,"한조각 먹어보니 밥은 약간 누룽지처럼 바삭하면서 야채,햄, 고소한 치즈가 어우러져 진짜 맛있어요! 밀가루 없어 속이 편하면서도 든든해서 한끼 식사대용으로도 좋아요",https://recipe1.ezmember.co.kr/cache/recipe/2018/09/04/52fbf65ec1629894c215929e1aa9ec651.jpg,,,
6994439,1,순두부는 1~2cm 두께로 썬다.,https://recipe1.ezmember.co.kr/cache/recipe/2022/12/28/56d1e2f1b2c668f3d9c787c1d7dc4c191.jpg?w=1000,,,
6994439,2,표고버섯은 약 0.5cm 두께로 슬라이스한다.,https://recipe1.ezmember.co.kr/cache/recipe/2022/12/28/bd24990da70b9c3ee9c803f9b789ae151.jpg?w=1000,,,
6994439,3,양파는 약 0.5cm 두께로 채 썬다.,https://recipe1.ezmember.co.kr/cache/recipe/2022/12/28/22644baf30096b3760297a228a17258d1.jpg?w=1000,,,
6994439,4,대파는 어슷썬다.,https://recipe1.ezmember.co.kr/cache/recipe/2022/12/28/c1032cf0309aa734329cb7e303d0b8581.jpg?w=1000,,,
6994439,5,청양고추는 송송 썬다.,https://recipe1.ezmember.co.kr/cache/recipe/2022/12/28/be0b29d93dba9f4647a9fe9ccadde7221.jpg?w=1000,,,
6994439,6,볼에 양념재료를 모두 넣고 섞는다.,https://recipe1.ezmember.co.kr/cache/recipe/2022/12/28/cac18eea86707627a0b9cfa8855eee701.jpg?w=1000,,,
6994439,7,"팬에 양파, 표고버섯을 깔고 순두부, 대파, 청양고추를 올린다.",https://recipe1.ezmember.co.kr/cache/recipe/2022/12/28/6f6cb9eee3b7cf53b352a23ee0df24031.jpg?w=1000,,,
6994439,8,섞어둔 양념과 물을 넣고 끓인다.,https://recipe1.ezmember.co.kr/cache/recipe/2022/12/28/108f794bb8d0a044ed7e306117ae27911.jpg?w=1000,,,
6994439,9,"국물이 자작해지면 참기름, 통깨를 뿌려 마무리한다.",https://recipe1.ezmember.co.kr/cache/recipe/2022/12/28/fa04717fe23da2bd6a35e9a7cdc04e8d1.jpg?w=1000,,,
6857754,1,"새우 밑간 재료를 넣어 잘 버무려 주세요. 청주 1T, 소금 한꼬집, 후추",https://recipe1.ezmember.co.kr/cache/recipe/2016/10/01/ff9fc1de4431f2dd42c59457aeca9b981.jpg,,,
6857754,2,"팬에 기름 1T 두르고 마늘을 넣어 약불에서 약 2-3분간 볶아주세요. 기름 1T, 마늘 10알 약불 마늘은 도톰하게 썰어주세요.",https://recipe1.ezmember.co.kr/cache/recipe/2016/10/01/bb4a00ccc837f596b914ab86591f186c1.jpg,약불,180,
6857754,3,"그 다음 중불로 올려 양파, 당근을 넣어 약 2분간 볶아주세요. 양파, 당근 중불 양파와 당근은 작은 크기로 깍뚝 썰어주세요.",https://recipe1.ezmember.co.kr/cache/recipe/2016/10/01/1e6580cef1545d50c3b9e3a30d8e66af1.jpg,중불,120,
6857754,4,"약 2분 후, 새우를 넣어 약 2분간 볶아주세요. 새우 중불",https://recipe1.ezmember.co.kr/cache/recipe/2016/10/01/4729e053f3380e8b56d6768f1ce01e941.jpg,중불,120,
6857754,5,볶아진 재료들을 한 쪽으로 치우고 버터 작은 한 조각을 넣어 잘 녹여주세요. 버터 1t 중불,https://recipe1.ezmember.co.kr/cache/recipe/2016/10/01/1a636ae8fe3afeaf5344be2fc27f2c6c1.jpg,중불,,
6857754,6,"녹인 버터와 재료를 잘 섞은 다음 송송 썬 청양고추를 넣어 한번 더 섞은 후 불을 끄고 카레가루를 넣어 주세요. 청양고추, 카레가루 0.5T",https://recipe1.ezmember.co.kr/cache/recipe/2016/10/01/d062360cab15061acf0d45752e9752161.jpg,,,
6857754,7,"그 다음 후추 넣어 잘 섞으면 완성입니다. 부족한 간은 소금으로 맞춰주세요. 후추, 소금",https://recipe1.ezmember.co.kr/cache/recipe/2016/10/01/0d229d9f330576144abd6b906b044aeb1.jpg,,,
6893218,1,버터 3큰술 다진마늘1.5큰술 파아슬리가루 1큰술 팬에서 바터를 녹이며 파이슬리 가루를 섞어가며 마늘을 볶아줍니다. 중불 마늘이 타지 않도록 집중해주세요.,https://recipe1.ezmember.co.kr/cache/recipe/2018/07/28/7f5ace199f9501a7b4812c89840531951.jpg,중불,,
6893218,2,"해동 된 칵테일 새우 (중간크기) 30마리를 얼음물에 한번 헹군 후 맛술1큰술,소금 세꼬집에 밑간을 해두었어요.",https://recipe1.ezmember.co.kr/cache/recipe/2018/07/28/963802e4e29cc7952607e0c30759c3491.jpg,,,
6893218,3,버터가 다 녹고 마늘향이 올라오면 칵테일 새우를 넣습니다. 칵테일 새우는 이미 익혀진 상태기 때문에 양념에 버무리는 느낌으로 재빨리 볶아줍니다. 새우는 오래 볶으면 질겨져요.,https://recipe1.ezmember.co.kr/cache/recipe/2018/07/28/45af55075de01461bf9ffa162f89da671.jpg,,,
6893218,4,레몬즙 1큰술을 넣어줍니다. 새콤한 레몬즙이 들어가야 제맛!!! (라임즙도 괜찮아요),https://recipe1.ezmember.co.kr/cache/recipe/2018/07/28/9f99185ec4c36cf2a9647bb86f3cefad1.jpg,,,
6893218,5,꿀을 한큰 술을 넣어주고 잘 섞어준 후 불을 끕니다. 마지막으로 간은 소금으로 맞춰주세요. 단맛은 입맛에 맞게 조절해 주세요.,https://recipe1.ezmember.co.kr/cache/recipe/2018/07/28/0c60e32134c9abd9901c4c0397eae1011.jpg,,,
6893218,6,새우박스 처럼 밥위에 새우랑 양념을 덮어주고 레몬 한조각 올리니 나를 위한 근사한 요리가 탄생합니다. 혼밥도 충분히 즐기는 우리가 되자구요!,https://recipe1.ezmember.co.kr/cache/recipe/2018/07/28/a415f2488ba7414664a0e5d2d97c31811.jpg,,,
6898369,1,먼저 대파를 잘게 썰어 줍니다.,https://recipe1.ezmember.co.kr/cache/recipe/2018/10/21/20f8bf3bd4dba19ca1d38ef76a6996801.jpg,,,
6898369,2,달궈진 팬에 들기름3스푼 둘러 주세요 *들기름 양은 사용하는 계란 갯수만큼 맞쳐 주시면 적당할것 같아요 (예:계란5개-들기름5T),https://recipe1.ezmember.co.kr/cache/recipe/2018/10/21/fa430fa257f926699e89a854e7539f511.jpg,,,
6898369,3,들기름에 대파를 달달 볶아 줍니다. 대파향이 어느 정도 나게 볶아 주세요,https://recipe1.ezmember.co.kr/cache/recipe/2018/10/21/964541e7ce7f04dca2916598c265a4691.jpg,,,
6898369,4,대파위에 계란3개를 깨서 반숙으로 익혀 주셔요 반숙 싫으시면 노른자 톡 터트려 주세요,https://recipe1.ezmember.co.kr/cache/recipe/2018/10/21/fd8e3377bc3d6e475e1ff4f805e042621.jpg,,,
6898369,5,계란후라이 담을 접시에 국간장 1/2스푼 뿌려 주시구요. 이제 접시 위에 계란 후라이 담아주고 통깨 솔솔 뿌려주심 끝! 국간장을 계란후라이 위에 뿌리셔도 되는데 깔끔한게 좋아 아래에 뿌렸어요,https://recipe1.ezmember.co.kr/cache/recipe/2018/10/21/eeaf078045c5ae34dba8205b1baeba891.jpg,,,
6898369,6,고소함이 남다른 밥도둑 반찬 백주부님 '들기름계란후라이'완성입니다. 한입 먹어보니 고소한 들기름에 대파향이 쏴악 감돌면서 넘 맛있어요. 김가루 좀 넣고 슥슥 비벼도 고소함 가득하니 꿀맛입니다,https://recipe1.ezmember.co.kr/cache/recipe/2018/10/21/31fff9c986fdd6c50185d4a6ae46bbaf1.jpg,,,
6855421,1,계란을 볼에 넣어 풀어준다~!,https://recipe1.ezmember.co.kr/cache/recipe/2016/08/30/27f5b1be5930766e4e428648ea4b10231.jpg,,,
6855421,2,소금 반 수저를 넣어 풀어준다~!,https://recipe1.ezmember.co.kr/cache/recipe/2016/08/30/a901d5b89412ce23ed6ad538fb04a3041.jpg,,,
6855421,3,연두부 2개를 넣어 섞어주고~!,https://recipe1.ezmember.co.kr/cache/recipe/2016/08/30/163696e2bba0122d31b8200f86c1bdfe1.jpg,,,
6855421,4,약불에서 스크램블 만들듯이 뭉근해지면 한번 젖고~ 뭉근해지면 한 번 젖고~!,https://recipe1.ezmember.co.kr/cache/recipe/2016/08/30/09188a2923e934a536db9a0b898c64261.jpg,약불,,
6855421,5,계란이 살짝 익을 때쯤에 치즈도 찢어 넣어준다~! 마지막에 후추 살짝~!,https://recipe1.ezmember.co.kr/cache/recipe/2016/08/30/da42a4cbab0f4e734053e016d30ba2be1.jpg,,,
6855421,6,밥공기에~ 밥을 담고 그 위에 소복이 계란을 덮어주고 들기름 살짝 뿌려주면 완성~! 계란덮밥도 부드럽지만 연두부가 들어가서 훨씬 촉촉하고 부드럽다.율양은 평소보다 많은 양을 뚝딱해치워주셨다~이쁜 내 새끼 ♥ 연두부를 넣어서 왠지 더 몸에 좋을 것 같은 든든한 한 끼!,https://recipe1.ezmember.co.kr/cache/recipe/2016/08/30/48d7e0f79cacf6689af80c43bd2bed9a1.jpg,,,
6879543,1,먼저 두부를 포장 그대로 냉동실에 얼려줍니다.(하루),https://recipe1.ezmember.co.kr/cache/recipe/2017/11/14/1b63219b29e0420e9981fe14a29a39871.png?w=1000,,,
6879543,2,그리고 찬물에 담아 해동해서 준비합니다. 얼린 두부는 꾹꾹 눌러도 안 부서져요!,https://recipe1.ezmember.co.kr/cache/recipe/2017/11/14/6550584837f5ce49b0994c25eacc05cb1.png?w=1000,,,
6879543,3,키친타올을 덮고 접시나 손으로 눌러 물을 짜주세요!,https://recipe1.ezmember.co.kr/cache/recipe/2017/11/14/ea9aea3e5aced1f1f95731a466a45e101.png?w=1000,,,
6879543,4,탕수육 고기 크기로 두부를 잘라줍니다.,https://recipe1.ezmember.co.kr/cache/recipe/2017/11/14/9302f5cb6773c1da9187ae50331e96611.png?w=1000,,,
6879543,5,비닐팩에 전분가루와 두부를 넣고 흔들어요!,https://recipe1.ezmember.co.kr/cache/recipe/2017/11/14/a9f8c90f408f22e23a0eceda9d5c922d1.png?w=1000,,,
6879543,6,기름에 튀겨줍니다. 중불,https://recipe1.ezmember.co.kr/cache/recipe/2017/11/14/7c63869e67e303f126eff1ba38d989eb1.png?w=1000,중불,,
6879543,7,"팬에 물과 양념들을 넣어줍니다. 물 300ml(종이컵 1컵반 정도), 식초 4T, 간장 3T, 설탕 5T, 굴소스 1T",https://recipe1.ezmember.co.kr/cache/recipe/2017/11/14/661e9e4e88b8654250987ebd31da7e941.png?w=1000,,,
6879543,8,끓으면 야채도 취향껏 넣어주세요.,https://recipe1.ezmember.co.kr/cache/recipe/2017/11/14/65660d6a00c9b0c74f231e66657ca7e21.png?w=1000,,,
6879543,9,또 끓으면 전분물을 조금씩 넣어가며 농도를 맞춰주세요! 전분물은 물과 전분가루를 1:1로 섞으면 됩니다.,https://recipe1.ezmember.co.kr/cache/recipe/2017/11/14/d30409b84a47ac6ab124cc876a15f89f1.png?w=1000,,,
6841290,1,"분량만큼의 양념장을 준비합니다. ◆ 양념장 ◆ 굴소스 0.5숟갈, 간장 1숟갈, 다진마늘 0.3숟갈, 청주3숟갈, 물5숟갈, 들기름1숟갈, 후추 약간, 설랑(올리고당)조금 소스볼 , 숟가락",https://recipe1.ezmember.co.kr/cache/recipe/2016/01/08/ef5121f2a4fe63adc27f5b7866751cd11.jpg,,,
6841290,2,기름을 살짝 두르고 새우를 넣고 볶다가 감자가 반쯤 익을떄까지 더 볶아줍니다. 감자는 얇게 썰어서 생각보다 금방 익기 때문에 새우가 거의 익었을 때 넣어줍니다 :) 후라이팬 냉동 새우일 경우 약한 불에서 구으면 물이 나오기 때문에 처음엔 센 불에 단숨에 익혀주어야 맛있는 성분이 덜 용출 됩니다 :),https://recipe1.ezmember.co.kr/cache/recipe/2016/01/08/d01da238e7e6d2957dc4c774d66292a01.jpg,,,
6841290,3,"새우, 감자를 볶던 팬에 양념장을 넣어줍니다. 그리고 녹말물을 부어 졸이듯이 조금 더 조리합니다. 녹말물은 숟가락으로 잘 풀어서 녹말이 완전히 녹은 다음에 팬에 부어주셔야 해요 !",https://recipe1.ezmember.co.kr/cache/recipe/2016/01/08/6cd51f53cf8965c16c1a58a0d222ef0b1.jpg,,,
6841290,4,감자가 말랑말랑한 식감으로 휘어질 정도로 익으면 완성입니다. 흰 밥과 함께 내어 한그릇 요리로 대접합니다 :),https://recipe1.ezmember.co.kr/cache/recipe/2016/01/08/d5c1bbf529fd503de01931e3484cfe0b1.jpg,,,
6871815,1,계란 10분 정도 삶아 주세요,https://recipe1.ezmember.co.kr/cache/recipe/2017/06/26/8c89cb58165b88024b3640ca5c6154941.jpg?w=1000,,600,
6871815,2,껍질을 벗겨주세요,https://recipe1.ezmember.co.kr/cache/recipe/2017/06/26/96c5186494cff23fb08f064344f111ea1.jpg?w=1000,,,
6871815,3,계란을 삶을 동안 당근 오이 얇게 채 썰어 준비합니다,https://recipe1.ezmember.co.kr/cache/recipe/2017/06/26/1178860da164fa3fad97abb9c67fd3bb1.jpg?w=1000,,,
6871815,4,삶은 계란은 반을 잘라주세요,https://recipe1.ezmember.co.kr/cache/recipe/2017/06/26/b1ff07ac8b331119026d0e27d2d064791.jpg?w=1000,,,
6871815,5,준비한 오이 당근 조금씩 올려주세요,https://recipe1.ezmember.co.kr/cache/recipe/2017/06/26/78639dae377aa65b66764df8ea3984b81.jpg?w=1000,,,
6871815,6,마지막으로 초고추장 조금 올려주시고 통깨 뿌려주면 초 간단 계란 초 만들기 끝,https://recipe1.ezmember.co.kr/cache/recipe/2017/06/26/f150c7158e3286ccdf01df814d188f5e1.jpg?w=1000,,,
6882435,1,각각의 재료를 준비한다.,https://recipe1.ezmember.co.kr/cache/recipe/2018/01/10/b2b41bd1ace8fcbe104d13073ca8d7551.png,,,
6882435,2,"닭가슴살을 깍둑썰기해서 준비한 후, 잡내를 제거하기 위해 맛술 미림을 부어주세요!",https://recipe1.ezmember.co.kr/cache/recipe/2018/01/10/a1711ea2c510a426c2ab8bf076fd53c21.png,,,
6882435,3,"간장, 다진 마늘, 후추 등 양념 재료를 다 넣어주고 10분 정도 조물조물 재워둡니다.",https://recipe1.ezmember.co.kr/cache/recipe/2018/01/10/27e57775f3b189a3f45981229c8e41881.png,,600,
6882435,4,"닭가슴살을 재울 동안, 고구마를 준비해볼까요? 고구마는 껍질째 먹을 거니깐 깨끗하게 씻은 뒤, 닭가슴살과 비슷한 크기로 썰어주세요.",https://recipe1.ezmember.co.kr/cache/recipe/2018/01/10/4297ac47e0fb6abd22a64703e122f9c11.png,,,
6882435,5,대파도 대충 썰어 미리 준비해둡니다.,https://recipe1.ezmember.co.kr/cache/recipe/2018/01/10/cbe8beb44a9c340db942e5cbffce50481.png,,,
6882435,6,"팬에 기름을 2숟가락 정도 두른 후, 고구마를 약 5분 동안 볶아주세요.",https://recipe1.ezmember.co.kr/cache/recipe/2018/01/10/fa9a313071da9019a41fbb7a7288ebbb1.png,,300,
6882435,7,"약 5분 후, 닭가슴살을 넣고 같이 볶아줍니다. 뚜껑을 덮은 채로 고구마를 푹 익혀주세요~",https://recipe1.ezmember.co.kr/cache/recipe/2018/01/10/1ad222a94a526176b48244368b7a8c831.png,,300,
6882435,8,"고구마가 어느 정도 익었을 때, 썰어놓은 대파를 넣고 센 불에 볶아주세요!",https://recipe1.ezmember.co.kr/cache/recipe/2018/01/10/3677bda5669b784221b027f994ee2a1c1.png,,,
6882435,9,"대파까지 볶고 준비해놓은 그릇에 옮겨 담으면, 달달하면서 짭조름한 고구마 닭가슴살 볶음 완성!!",https://recipe1.ezmember.co.kr/cache/recipe/2018/01/10/7c070e6d20b9564f6eee44efc7a490bd1.png,,,
6904864,1,"먼저 그릇에 버터2T,마늘1T,설탕1/2T,파슬리가루1/2T를 넣고 전자렌지에 15초 녹여 줍니다.본인기호에 맞게 설탕은 뺴셔도 되요 전자레인지 T:성인숟가락 기준",https://recipe1.ezmember.co.kr/cache/recipe/2019/01/20/3eaa125f93189cad4f6397c3f27f463c1.jpg,,15,
6904864,2,녹인 갈릭버터 소스를 식빵 2장 모두 한쪽면만 발라줘요.,https://recipe1.ezmember.co.kr/cache/recipe/2019/01/20/408290dcb473d68a7883b30d8946fe7d1.jpg,,,
6904864,3,"갈릭버터 소스 바른 쪽을 아래로 가게 해서 체다치즈2장, 모짜렐라 치즈를 원하시는 만큼 잔뜩 올려줍니다.",https://recipe1.ezmember.co.kr/cache/recipe/2019/01/20/c7f230ecf22a67f9cc1776515992e3751.jpg,,,
6904864,4,그 다음 남은 식빵을 위에 올려 치즈가 잘 녹을수 있도록 약불에서 구워 주시다가 한쪽면이 익으면 반대로 뒤집어 또 구워주심 끝! 주의사항은 모짜렐라 치즈가 살짝 녹고 뒤집어야 접착제 역활을 해서 떨어지지 않아요,https://recipe1.ezmember.co.kr/cache/recipe/2019/01/20/b48652e4b49ee605ccb3cd51cb06952c1.jpg,약불,,
6904864,5,치즈덕후 설레는 마늘빵+치즈의 꿀 조합 '갈릭치즈 토스트'가 완성되었어요.,https://recipe1.ezmember.co.kr/cache/recipe/2019/01/20/e24c1ca3fb07c3f54270f230826a3c2e1.jpg,,,
6904864,6,"한입 먹어보니! 고소한 버터에 알싸한 마늘맛, 고소한 치즈가 한데 어우러져 정말 맛있더라구요.계속 먹다보면 살짝 느끼할 수는 있으나 커피와 함께 먹으면 참 잘어울려요",https://recipe1.ezmember.co.kr/cache/recipe/2019/01/20/7e8c69823f0bcb61486d40a29d6b882a1.jpg,,,
6860598,1,"그릇에 버터1,다진마늘0.5,파슬린가루0.5,꿀1 또는 시럽 마늘 좋아하심 양을 늘려주세요. 버터는 전자렌지 또는 중탕으로 녹여주세요. 전 미리 실온에 꺼내 두었답니다. 잘 섞어주세요. 전자레인지",https://recipe1.ezmember.co.kr/cache/recipe/2016/11/13/7c6d487c3d73036c2f26b3c108c030bf1.jpg,,,
6860598,2,또띠아 위에 마늘소스를 고루 펴주고,https://recipe1.ezmember.co.kr/cache/recipe/2016/11/13/94dc417ad7bce9911932d574951b6a8f1.jpg,,,
6860598,3,가위를 이용해 적당한 크기로 잘라 줍니다. 오븐 180도 5분~8분정도 구워주면 완성 중간 중간 체크해주세요. 오븐,https://recipe1.ezmember.co.kr/cache/recipe/2016/11/13/dd334fa5b0342cc849174cd3b216e1161.jpg,,300,
6860598,4,또띠아마늘칩 완성,https://recipe1.ezmember.co.kr/cache/recipe/2016/11/13/4cfb7b0808019410ab0f9c4cc4782c141.jpg,,,
7013057,1,"대파는 송송 썰고 양파는 채 썰어주세요. 도마 , 조리용나이프",https://recipe1.ezmember.co.kr/cache/recipe/2023/11/08/d0b46de5a69678848b0334793f9b9e201.jpg,,,
7013057,2,"계란을 부드럽게 풀어서 준비하시고요. 볼 , 요리젓가락",https://recipe1.ezmember.co.kr/cache/recipe/2023/11/08/ee12c842da61a55cca7f1dbaf3b4c7e41.jpg,,,
7013057,3,"물 1L, 국간장 2스푼, 멸치 액젓 2스푼을 넣고 끓여주세요. 냄비 센 불에 조리를 시작해 주세요.",https://recipe1.ezmember.co.kr/cache/recipe/2023/11/08/8bd2469125710b86518a21b51184f9dd1.jpg,,,
7013057,4,센 불에 물이 끓으면 중불로 줄이고 다진 마늘 1스푼과 양파를 넣어주세요.,https://recipe1.ezmember.co.kr/cache/recipe/2023/11/08/ddcfa3785a0d5c6a948471eac345cbef1.jpg,중불,,
7013057,5,다시 끓어오르면 계란물을 빙- 둘러서 넣어준 뒤 적당히 익으면 저어주세요. 계란물을 넣고 바로 저으면 국물이 탁해져요.,https://recipe1.ezmember.co.kr/cache/recipe/2023/11/08/49bc15c4f975490194dbd056347a1aa51.jpg,,,
7013057,6,순두부를 반으로 자른 뒤 통으로 넣고 적당한 크기로 듬성듬성 잘라주세요.,https://recipe1.ezmember.co.kr/cache/recipe/2023/11/08/4c7f679be4d933db943828d05f5f39a71.jpg,,,
7013057,7,모자란 간은 소금을 추가해서 입맛에 맞게 맞추세요.,https://recipe1.ezmember.co.kr/cache/recipe/2023/11/08/1cc8c28bf7cb772f62912b5560a545c51.jpg,,,
7013057,8,대파를 넣고 한소끔 더 끓인 뒤 불을 끄고 취향껏 참기름과 후추를 넣어 마무리하세요. 참기름과 후추를 추가하면 맛이 더욱 풍부해진답니다.,https://recipe1.ezmember.co.kr/cache/recipe/2023/11/08/1a83e7a79089cb4de1e7a208dc7a00bb1.jpg,,,
6839363,1,"-냄비나 웍에 물200밀리,양조간장1큰술,야채스톡1/3큰술,전맛술1,분1큰술,설탕1큰술을넣고 거품이로 재료가 잘 섞이도록 저어준다 *야채스톡 대신 치킨스톡이나 굴소스,이도저도 없으면 국간장을 반숟갈 넣어주면 됩니다",https://recipe1.ezmember.co.kr/cache/recipe/2015/12/08/84289a46a82399fce45a4fb0c30a2f741.jpg,,,
6839363,2,-불을 켜고 소스를 끓이는데 중간중간 전분이 뭉치지 않도록 저어주어야 한다,https://recipe1.ezmember.co.kr/cache/recipe/2015/12/08/513eb2fae4ef62609b88cc9afde17ac31.jpg,,,
6839363,3,-소스가 다 끓으면 식초를 넣고 불을 끈다,https://recipe1.ezmember.co.kr/cache/recipe/2015/12/08/9d194116826ccb086b5e90a4c2974bc21.jpg,,,
6839363,4,-크래미맛살을 찢어넣고 계란에 소금 약간 뿌려 계란물을 만든다,https://recipe1.ezmember.co.kr/cache/recipe/2015/12/08/7538cb2db9cab2a2c104cd028cc703f51.jpg,,,
6839363,5,-팬에 식용유를 두르고 계란물을 붓은 후 다진파를 넣어 약불에서 익힌다,https://recipe1.ezmember.co.kr/cache/recipe/2015/12/08/d63d9aa362f85d0f5a9c01801a52f8681.jpg,약불,,
6839363,6,-계란이 익기 시작하면스크램블드에그 하듯이 젓가락으로 휘~휘~왔다갔다 계란물을 섞어준 후 완전히 익기 전에 불을 끈다,https://recipe1.ezmember.co.kr/cache/recipe/2015/12/08/d669d37dd1fb3b2f53e0bc3f80d08a161.jpg,,,
6839363,7,-밥을 접시에 담는다 *밥을 그릇이나 모양틀에 눌러 담으면 좋아요,https://recipe1.ezmember.co.kr/cache/recipe/2015/12/08/da7e46c99ab86001df7aafc84b2da6371.jpg,,,
6839363,8,-계란부침을 밥 위에 얹는다,https://recipe1.ezmember.co.kr/cache/recipe/2015/12/08/4f71dc12c10829ab437703564b7afc2d1.jpg,,,
6839363,9,-소스를 계란 위에 넉넉히 뿌린다,https://recipe1.ezmember.co.kr/cache/recipe/2015/12/08/34392a06b7f33b7816916846b8767fd21.jpg,,,
6922432,1,"박력분, 베이킹파우더를 체에 내린다. 체",https://recipe1.ezmember.co.kr/cache/recipe/2019/11/18/85c3c0540d314fce322a513c9c670a431.jpg?w=1000,,,
6922432,2,"소금, 설탕을 넣고 주걱으로 섞는다. 주걱",https://recipe1.ezmember.co.kr/cache/recipe/2019/11/18/ce7e21b3c8487f0f962a1d863678933b1.jpg?w=1000,,,
6922432,3,버터를 넣고 잘라 주듯이 섞어 보슬보슬하게 만든다. 버터는 차거운 상태로 준비해주세요,https://recipe1.ezmember.co.kr/cache/recipe/2019/11/18/29cd94835217ce46bc936028d591f6181.jpg?w=1000,,,
6922432,4,우유를 넣고 한 덩어리가 되도록 섞는다.,https://recipe1.ezmember.co.kr/cache/recipe/2019/11/18/002d67256f80bbed63a9399579ff97f91.jpg?w=1000,,,
6922432,5,비닐팩에 담아 냉장고에서 30분간 휴지시킨다. 비닐팩,https://recipe1.ezmember.co.kr/cache/recipe/2019/11/18/c37265b18e80d32bed37c45e684530d61.jpg?w=1000,,1800,
6922432,6,"반죽을 3~4개로 일정하게 분할하여 190도로 예열된 오븐에 25분간 구워 완성한다. 오븐 오븐에 사양에 따라 시간, 온도는 조절해주세요",https://recipe1.ezmember.co.kr/cache/recipe/2019/11/18/fd7e3bb966d81c108f4845455c5342fe1.jpg?w=1000,,1500,
7017631,1,고구마 크키에 따라 전분가루 양은 가감해 주세요.,https://recipe1.ezmember.co.kr/cache/recipe/2024/01/12/b3f7734eef11f884bf09d6ca732151b51.jpg?w=1000,,,
7017631,2,"고구마는 깨끗하게 씻어서 작은 큐브모양으로 썰어요. 도마 , 조리용나이프",https://recipe1.ezmember.co.kr/cache/recipe/2024/01/12/229c32ef6217c001333f677c1025c95b1.jpg?w=1000,,,
7017631,3,"고구마에 달걀, 전분가루를 넣어서 골고루 섞어요. 볼 , 요리스푼",https://recipe1.ezmember.co.kr/cache/recipe/2024/01/12/fb6a73b65ca002495efa83c57eefad061.jpg?w=1000,,,
7017631,4,"꿀은 따뜻한 물 반스푼을 넣고 풀어서 시럽을 만들어요. 소스볼 , 계량스푼 기호에 따라 알룰로스나 올리고당을 사용해도 좋아요.",https://recipe1.ezmember.co.kr/cache/recipe/2024/01/12/81e6bac4ef91b24fcf4827158b60a29b1.jpg?w=1000,,,
7017631,5,"종이호일이나 쿠킹팬에 쿠키 반죽을 한 스푼씩 떠서 모양을 잡아 180도 15-20분 구워요. 종이호일 , 쿠킹팬 , 에어프라이어 종이컵을 잘라 동그랗게 모양을 잡아서 넣어줘도 좋아요.",https://recipe1.ezmember.co.kr/cache/recipe/2024/01/12/d9e0d7b4ced620e94e6446548b53a8e11.jpg?w=1000,,1200,
7017631,6,만들어둔 시럽을 발라서 3-5분 더 구워요.,https://recipe1.ezmember.co.kr/cache/recipe/2024/01/12/66f936128482a55b4efd445adcbfd6391.jpg?w=1000,,300,
7017631,7,식혀서 먹으면 더 쫀득하고 맛있어요.,https://recipe1.ezmember.co.kr/cache/recipe/2024/01/12/03ea1887651d2db55b2cce73b67b30231.jpg?w=1000,,,
6957721,1,양파는 0.3cm 간격으로 채 썰어 준비합니다.,https://recipe1.ezmember.co.kr/cache/recipe/2021/05/03/ae2f667cce6be024fd5e383447cad91e1.jpg,,,
6957721,2,부추는 5cm 간격으로 썰어 준비합니다.,https://recipe1.ezmember.co.kr/cache/recipe/2021/05/03/79bad3f9a64d90290470b9b78f2479ac1.jpg,,,
6957721,3,"볼에 고춧가루 1T, 설탕 1T, 매실청 1T, 간장 2T, 식초 2T, 참기름 1T, 볶은참깨 1T를 넣고 골고루 섞어 양념을 만듭니다.",https://recipe1.ezmember.co.kr/cache/recipe/2021/05/03/2fc06bbd95d92274dbe23af675d952071.jpg,,,
6957721,4,"그다음 양파, 부추를 넣고 무칩니다.",https://recipe1.ezmember.co.kr/cache/recipe/2021/05/03/e7baf15df3a8e6505b51c3ec6ee87b961.jpg,,,
6957721,5,예열된 팬에 훈제오리를 넣어 앞뒤 노릇노릇하게 익힙니다.,https://recipe1.ezmember.co.kr/cache/recipe/2021/05/03/29f4b452d7a4efe0dbe261a93fbf36f01.jpg,,,
6957721,6,"원하는 접시에 훈제오리, 부추무침을 알맞게 담으면 훈제오리 부추무침 완성.",https://recipe1.ezmember.co.kr/cache/recipe/2021/05/03/87575948359395990b2e41fa7e8bc8241.jpg,,,
6953644,1,재료 준비를 해주세요. 대파를 파기름 용으로 송송 썰어주고 닭가슴살과 양배추는 먹기좋은 크기로 썰어줍니다.,https://recipe1.ezmember.co.kr/cache/recipe/2021/02/17/b30051924de5624b7b70adc249e07f6d1.jpg,,,
6953644,2,올리브유와 고추기름을 넣고 가열해줍니다. 중불,https://recipe1.ezmember.co.kr/cache/recipe/2021/02/17/9fff69198cd55064ffc4b70b40c7fe0a1.jpg,중불,,
6953644,3,썰어놓은 대파를 넣어줍니다. 중불,https://recipe1.ezmember.co.kr/cache/recipe/2021/02/17/4e68e830718db24f26698f57e948ca4d1.jpg,중불,,
6953644,4,파기름을 내줍니다. 중불 중불에 파기름을 볶아야 기름에 파향이 잘 베어요.,https://recipe1.ezmember.co.kr/cache/recipe/2021/02/17/37b9a19e0e8746d81f913ed0f87f326e1.jpg,중불,,
6953644,5,닭가슴살을 넣어 볶아줍니다. 중불,https://recipe1.ezmember.co.kr/cache/recipe/2021/02/17/1e7cb70f0bed9b12893ba0193d9a7a0e1.jpg,중불,,
6953644,6,"닭가슴살에 고추기름, 파기름 향이 베면",https://recipe1.ezmember.co.kr/cache/recipe/2021/02/17/797680f31e5ffa68527a31aad9c8948d1.jpg,,,
6953644,7,양배추를 넣어 볶아줍니다. 강불 양배추를 넣고 쎈불에 볶아주세요.,https://recipe1.ezmember.co.kr/cache/recipe/2021/02/17/1a20d6c8c363e0064e7174f6d656fdc91.jpg,강불,,
6953644,8,굴소스를 넣고 볶아줍니다. 굴소스가 없다면 진간장을 태우듯이 넣어 볶아줘도 됩니다.,https://recipe1.ezmember.co.kr/cache/recipe/2021/02/17/0875267c8e5ed08f9dc17f272bd8bbe01.jpg,,,
6953644,9,양배추 숨이 죽을때까지 볶아줍니다.,https://recipe1.ezmember.co.kr/cache/recipe/2021/02/17/9138be96befa1e1df8553c908291eedc1.jpg,,,
6953644,10,후추를 조금 넣어 볶아주면 완성!,https://recipe1.ezmember.co.kr/cache/recipe/2021/02/17/5816c635e4f1bf9f373a5a001d9cf65c1.jpg,,,
6953644,11,접시에 현미밥과 닭가슴살 양배추볶음을 올리고 깨를 뿌려줍니다.,https://recipe1.ezmember.co.kr/cache/recipe/2021/02/17/5e0ce59f9b0ba78b1ecc227895fd6c2b1.jpg,,,
6953644,12,비주얼을 원한다면 반숙 달걀후라이 하나를 올려주면 더 색감이 이뻐요:),https://recipe1.ezmember.co.kr/cache/recipe/2021/02/17/7130c56909f0ba24f91f09632914b0e11.jpg,,,
6844208,1,닭가슴살을 준비합니다 .,https://recipe1.ezmember.co.kr/cache/recipe/2016/03/07/7aa5911237277f2459ef9d530e00867a1.jpg,,,
6844208,2,먹기좋게 썰어줍니다,https://recipe1.ezmember.co.kr/cache/recipe/2016/03/07/925f97ccbca75d8e9f96e74075e195941.jpg,,,
6844208,3,간장2맛술2.다짐마늘1.설탕1.후춧가루조금.참기름한방울 넣고 양념장준비합니다.,https://recipe1.ezmember.co.kr/cache/recipe/2016/03/07/318bbedcbec40218cfffb87d642a32131.jpg,,,
6844208,4,닭가슴살에10분정도 재어둡니다.,https://recipe1.ezmember.co.kr/cache/recipe/2016/03/07/56e093738c04c68d8303a5cb9c4d3e291.jpg,,600,
6844208,5,양파잘게썰어준비하고,https://recipe1.ezmember.co.kr/cache/recipe/2016/03/07/533021d51ec28ff1894f4de795cd73a21.jpg,,,
6844208,6,깻잎도 잘게썰어 준비합니다.,https://recipe1.ezmember.co.kr/cache/recipe/2016/03/07/d75d632b3188e4c6457ed3ecac6e0c7f1.jpg,,,
6844208,7,팬에 닭가슴살을 굽습니다.,https://recipe1.ezmember.co.kr/cache/recipe/2016/03/07/ad6d3d6a3084882a0c7e1b0d0fa6f5561.jpg,,,
6844208,8,오일을 안둘러도 됩니다.,https://recipe1.ezmember.co.kr/cache/recipe/2016/03/07/13a484783af24b0305d73e79603fe7341.jpg,,,
6844208,9,깻잎을 넣어주고,https://recipe1.ezmember.co.kr/cache/recipe/2016/03/07/9550c4a7b0026357b888a61bea08c8ef1.jpg,,,
6844208,10,뚜껑닫고 숨을죽인후ㅡ이과정은 깻잎은 금방숨죽어서 패스해도 됩니다 .,https://recipe1.ezmember.co.kr/cache/recipe/2016/03/07/7d509b14d15ecca7c97e784700b679d21.jpg,,,
6844208,11,바로 양파넣고 볶다가 (2분정도 )통깨뿌립니다 .,https://recipe1.ezmember.co.kr/cache/recipe/2016/03/07/23f77fac6ed11412bca7f1221f8d343d1.jpg,,120,
6844208,12,양상추 씻어둔것을,https://recipe1.ezmember.co.kr/cache/recipe/2016/03/07/5e6d7f9cd4abf4c9f4723257142bf7731.jpg,,,
6844208,13,접시에담고,https://recipe1.ezmember.co.kr/cache/recipe/2016/03/07/4c5df4e49b53c2e2098a6154e82dd0171.jpg,,,
6844208,14,볶은닭가슴살 얹어주고,https://recipe1.ezmember.co.kr/cache/recipe/2016/03/07/019a3c63197d1b956341a1fd20d6c0661.jpg,,,
6844208,15,그위 다시깻잎을 썰어 놓아줍니다 . 깻잎대신 파채놓아줘도 좋아요~,https://recipe1.ezmember.co.kr/cache/recipe/2016/03/07/7322cdc0dc744e09099f36b9bdd5b69e1.jpg,,,
6992204,1,재료들을 준비 합니다 집에있는 야채들을 이용 하시면 좋아요,https://recipe1.ezmember.co.kr/cache/recipe/2022/11/17/f3ec39bce80ca8e1a10f22f2df6528731.jpg,,,
6992204,2,삶은 닭가슴살 적당히 준비 합니다 (만드는 양에 따라 달라집니다),https://recipe1.ezmember.co.kr/cache/recipe/2022/11/17/fd67180963d71e6747b839c70e50a8f61.jpg,,,
6992204,3,"파프리카,오이는채썰어 주고 아보카도는 반으로 자른 후 씨룰 빼고 모양대로 잘라 줍니다 닭가슴살은 결 대로 찢어 줍니다",https://recipe1.ezmember.co.kr/cache/recipe/2022/11/17/753932ac4e67dbfb2bbb397b6c89212d1.jpg,,,
6992204,4,또띠아는 훌팬에 살짝 데워 줍니다 (많이 데우면 딱딱 해 져요),https://recipe1.ezmember.co.kr/cache/recipe/2022/11/17/4fa9ac352458d682aa68a7b6975038b91.jpg,,,
6992204,5,또띠아 위에 치즈를 올려 줍니다,https://recipe1.ezmember.co.kr/cache/recipe/2022/11/17/1c068c4dc1919773b5f5da55c57b8fc31.jpg,,,
6992204,6,준비한 야채를 중앙에 올려주고 홀그레인 머스타드를 올려줍니다 기호에 맞게 소스를 넣으세요,https://recipe1.ezmember.co.kr/cache/recipe/2022/11/17/6d832bb9d8a090af6ccce3ccd535e8431.jpg?w=1000,,,
6992204,7,또띠아를 김밥말듯 말아 주면서 양 옆을 접어서 말아 주세요,https://recipe1.ezmember.co.kr/cache/recipe/2022/11/17/b88f27c0a8afe3e6108fe921783a4cde1.jpg?w=1000,,,
6992204,8,또띠아 중간 부분에서 어슷 썰어 줍니다,https://recipe1.ezmember.co.kr/cache/recipe/2022/11/17/a3871a0188f7cc1d2c4fcf668bb3c7a81.jpg?w=1000,,,
6992204,9,또띠아 완성 입니다 다이어트로 한끼식사로 아이들 간식으로 아주 좋아요,https://recipe1.ezmember.co.kr/cache/recipe/2022/11/17/4527a5e8fc854b6f62e24c5ccc7c490f1.jpg?w=1000,,,
7032267,1,"팽이버섯은 밑둥을 제거 하고 흐르는 물에 가볍게 씻어 준후 1~2cm 간격으로 썰어 줍니다. 팽이버섯 한봉지 (150g) 도마 , 조리용나이프 팽이버섯 손질법",https://recipe1.ezmember.co.kr/cache/recipe/2024/08/10/084af007a57519f631e1397fc4b45ebd1.jpg,,,
7032267,2,"야채들의 크기가 너무 크면 잘 뭉쳐지지 않고, 원하는 모양을 만들기 힘들기 때문에 양파, 대파, 당근은 최대한 잘게 잘라 줍니다 양파1/2 대파 흰부분 10cm1개 당근1/3 양파,대파,당근 이외 에도 냉장고에 있는 자투리 야채들을 넣어 줘도 됩니다. ​",https://recipe1.ezmember.co.kr/cache/recipe/2024/08/10/48fc313e26c3237db429ec1940bad2a41.jpg,,,
7032267,3,단백하게 먹기 위해서 참치기름은 제거 해줍니다. 채반에 받쳐 기름을 최대한 제거 해주세요. 참치1캔 ( 150g) 채반,https://recipe1.ezmember.co.kr/cache/recipe/2024/08/10/fa01e12665e3565da46cdf3bc6be79f01.jpg,,,
7032267,4,"양파, 대파, 당근, 팽이버섯 손질해두었던 재료들을 볼에 담아 줍니다. 볼",https://recipe1.ezmember.co.kr/cache/recipe/2024/08/10/be96b04f6e12051ebeda4523edb9f4e11.jpg,,,
7032267,5,"기름을 뺀 참치와 계란 2개를 넣어 주고, 소금소량과 후추 소량 넣어 준후 전분가루 2T를 넣어 줍니다. 계란2개소금,후추소량 전분가루2T 조리용스푼",https://recipe1.ezmember.co.kr/cache/recipe/2024/08/10/b2552a7357ebc91b05be17122e7511471.jpg,,,
7032267,6,재료들을 잘 섞어 줍니다.,https://recipe1.ezmember.co.kr/cache/recipe/2024/08/10/cae06374cd447daa2fa87ed806afc0721.jpg,,,
7032267,7,"팬에 식용유를 두른 후 반죽을 올려 줍니다. 모양이나 크기는 취향껏 조절 해주시면 되지만 , 김치전이나 해물파전 처럼 큰 모양으로는 뒤집기 어렵고, 부서 질수 있기 때문에 작게 부쳐주는것을 추천드립니다. 프라이팬 중불",https://recipe1.ezmember.co.kr/cache/recipe/2024/08/10/ea4c6b7b16ec8163670e2d89355e68161.jpg,중불,,
7032267,8,"앞,뒤로 노릇노릇 하게 구워주면 간단한 밥 반찬인 참치전 완성입니다. 중불",https://recipe1.ezmember.co.kr/cache/recipe/2024/08/10/68c22df64f94d5245d31151d8f6dfc651.jpg,중불,,
7074659,1,연두부는 포장 비닐을 벗기고 뒤집은 채로 두어 물기를 빼 주세요. 수분을 빠지는 동안 양념장을 만들어 줍니다.,https://recipe1.ezmember.co.kr/cache/recipe/2026/04/13/cf1c90332edf1b56b55c8c84f68dcd441.jpg,,,
7074659,2,대파나 쪽파는 송송 썰어 주세요. 간장 양념에 대파나 쪽파를 넣으면 개운한 맛이 더해져 양념장이 더욱 맛있습니다.,https://recipe1.ezmember.co.kr/cache/recipe/2026/04/13/90c41ea5eec63eb892c91ad8ab4e32211.jpg,,,
7074659,3,소스볼에 양념 재료를 모두 넣은 뒤 다진 대파나 쪽파를 넣고 섞어 연두부 양념장을 만들어 주세요.,https://recipe1.ezmember.co.kr/cache/recipe/2026/04/13/ea7b6d58af1902af9d4bcfe40d8f49f91.jpg,,,
7074659,4,그릇에 연두부를 담고 먹기 전에 양념장을 올려 드세요.,https://recipe1.ezmember.co.kr/cache/recipe/2026/04/13/aaea7a9b00d4b974f9747d64c93f652b1.jpg,,,
7030722,1,"손질한 가지는 반으로 자르고 다시 반으로 갈라서 준비해주세요. 가지 3개 도마 , 조리용나이프 가지 손질법",https://recipe1.ezmember.co.kr/cache/recipe/2024/07/17/6e46a78004d6a48bf1c2a0fd3b9168331.jpg?w=1000,,,
7030722,2,"냄비에 물과 삼발이 찜기를 올리고 센 불에서 5분 찐 뒤 불을 끄고, 뜸을 1분 들여요. 냄비 , 삼발이",https://recipe1.ezmember.co.kr/cache/recipe/2024/07/17/63a61fb8cd4312926fa422cb842112991.jpg?w=1000,,300,
7030722,3,뜸을 들인 후 삼발이 찜기를 들어내서 식혀주세요.,https://recipe1.ezmember.co.kr/cache/recipe/2024/07/17/08337f22d09fbff406fc2994b0a66e9d1.jpg?w=1000,,,
7030722,4,완전히 식힌 가지는 양푼이에 담아 먹기 좋은 크기로 찢어주세요. 믹싱볼,https://recipe1.ezmember.co.kr/cache/recipe/2024/07/17/1ac12cbf4fc1c5755f1c228b54b31d701.jpg?w=1000,,,
7030722,5,"찢어 놓은 가지에 마늘, 쪽파, 깨소금, 국간장, 소금, 참기름을 넣고 조심스럽게 버무려주세요. 마늘 1/2스푼, 쪽파 3줄기, 깨소금 2스푼, 국간장 2스푼, 소금 2꼬집, 참기름 1스푼",https://recipe1.ezmember.co.kr/cache/recipe/2024/07/17/5dd660ac6203153d7e10bb1532d2e2e61.jpg?w=1000,,,
7030722,6,담백하고 고소한 가지나물이 완성되었어요.,https://recipe1.ezmember.co.kr/cache/recipe/2024/07/17/7670bda3dfb9ea559c521fd6dfebec6c1.jpg?w=1000,,,
7037873,1,얼갈이 1키로 준비합니다. 손질전 무게입니다(누런잎 없었습니다),https://recipe1.ezmember.co.kr/cache/recipe/2024/11/05/147ecc9926b4e1239d50e2011f95ecfe1.png,,,
7037873,2,"얼갈이의 밑둥만 제거하고 세척해줍니다. 저는 밑둥만 제거하고 데쳤는데요 먹기 좋게 썰어서 데쳐도 됩니다. 니트릴장갑 , 믹싱볼 , 조리용나이프",https://recipe1.ezmember.co.kr/cache/recipe/2024/11/05/2e152cb920eeb8438ff5d4c9c86fdba71.jpg,,,
7037873,3,"끓는물에 굵은소금 소량(1T정도) 넣고요~ 얼갈이를 넣은후 한번 골고루 뒤적인후 바글바글 끓어오르면 바로 건져줍니다. 냄비 , 조리주걱",https://recipe1.ezmember.co.kr/cache/recipe/2024/11/05/fe0f894f664938186fad78a3aed2aca61.jpg,,,
7037873,4,데친 얼갈이를 찬물에 헹궈주시고요~체에 받쳐 물기를 빼줍니다. 채반,https://recipe1.ezmember.co.kr/cache/recipe/2024/11/05/ac4d7042a75e142f2f192d3587101bb21.jpg,,,
7037873,5,"데친 얼갈이를 손으로 물기를 짠후 먹기 좋게 썰어줍니다. 도마 , 조리용나이프",https://recipe1.ezmember.co.kr/cache/recipe/2024/11/05/922de5f69e5f37a914cfc7cb0cd01c081.jpg,,,
7037873,6,그릇에 손질한 얼갈이배추 넣고요~ 가닥가닥 풀어준후~ 다진마늘2/3T.국간장1T.갈은깨1T반.들기름1T반.고운소금1/2T정도 넣고 조물조물 무치면 완성입니다.,https://recipe1.ezmember.co.kr/cache/recipe/2024/11/05/71baddeea56175c835bb0b28a33b79ae1.jpg,,,
6914310,1,"간장 2큰술,올리브오일 2큰술,식초 2큰술,레몬즙 1큰술,참기름 1큰술,설탕 1큰술,다진마늘 1/2큰술을 넣고 양념장을 만들어 주세요 (오리엔탈드레싱은 4인분 정도 입니다)",https://recipe1.ezmember.co.kr/cache/recipe/2019/06/20/0377a40f1df2d9eb1a503235573f2c9e1.jpg?w=1000,,,
6914310,2,어린 새싹을 접시에 깔고 그위에 연두부는 물기를 빼고 올려 주세요.,https://recipe1.ezmember.co.kr/cache/recipe/2019/06/20/3e192457d306b286f6f8d5a6ae2abdfa1.jpg?w=1000,,,
6914310,3,연두부 위에 오리엔탈드레싱 1큰술을 올리고 깨소금을 뿌려 주세요.,https://recipe1.ezmember.co.kr/cache/recipe/2019/06/20/6b03a09aac3c681432068d6adc53d5dc1.jpg?w=1000,,,
6914310,4,완성된 모습입니다.,https://recipe1.ezmember.co.kr/cache/recipe/2019/06/20/d22810220da2f9a4b0120198ec5f25791.jpg?w=1000,,,
6857631,1,표고버섯은 채썰어 주고 달걀은 2개 풀어서 준비,https://recipe1.ezmember.co.kr/cache/recipe/2016/09/29/e1bb047ebed1e6d2c213b1719fb6c56d1.jpg,,,
6857631,2,냄비에 참기름1을 두르고 표고버섯을 2분정도 달달 볶아주고 그 뒤 공기밥1을 넣어 볶고,https://recipe1.ezmember.co.kr/cache/recipe/2016/09/29/70a592e13cfa7642bc35aa918ce402601.jpg,,120,
6857631,3,멸치육수 5컵을 부어주고 바닥에 눌러 붙지 않게 저어가며 끓여주고 불은 중불로~,https://recipe1.ezmember.co.kr/cache/recipe/2016/09/29/0872b4d8ac473fc1be857b61e893a0811.jpg,중불,,
6857631,4,밥 알이 퍼지면,https://recipe1.ezmember.co.kr/cache/recipe/2016/09/29/356e5ccafc197f4a547c7f492ff0c7261.jpg,,,
6857631,5,달걀물을 돌려가며 넣어주고 고루 섞어 줍니다. 2분정도,https://recipe1.ezmember.co.kr/cache/recipe/2016/09/29/986023ecf510c7c7fa22b6694ae7900e1.jpg,,120,
6857631,6,국간장1으로 간을 하고 부족한 간은 소금으로 해주심 되요. 마지막으로 참기름1을 넣어 마무리 해주세요.,https://recipe1.ezmember.co.kr/cache/recipe/2016/09/29/8473b04d0a86c208f6b5582d3666e2301.jpg,,,
6922734,1,양념장 재료들을 넣고 잘 섞어주세요.,https://recipe1.ezmember.co.kr/cache/recipe/2019/11/27/e841c68ebcf0db0c48b7ec667578e9ce1.png?w=1000,,,
6922734,2,프라이팬에 식용유를 넉넉하게 붓고 미니 돈까스를 기름에 튀겨주세요.,https://recipe1.ezmember.co.kr/cache/recipe/2019/11/27/99a4acbcfe7594a3e37a4a5c974690ef1.png?w=1000,,,
6922734,3,돈까스가 다 익으면 키친타올을 준비해서 기름을 닦아주세요.,https://recipe1.ezmember.co.kr/cache/recipe/2019/11/27/626255e12cc1acd59afacc6c8ca2f1601.png?w=1000,,,
6922734,4,소스를 붓고 자작하게 졸여주면 완성입니다.,https://recipe1.ezmember.co.kr/cache/recipe/2019/11/27/72d741dde24246211ff7d4bfa838d3af1.png?w=1000,,,
7000439,1,"파는 송송 썰고 양파와 당근, 파프리카는 길게 썰어서 준비해요. 버섯은 느타리버섯을 준비했어요. 파, 양파, 당근, 파프리카, 느타리버섯",https://recipe1.ezmember.co.kr/cache/recipe/2023/04/10/955894421006b2b80e28c3a7925101741.jpg,,,
7000439,2,당면은 500원 동전크기 1인분을 준비해서 물에 20분 담궈 준비해요. 당면 1인분,https://recipe1.ezmember.co.kr/cache/recipe/2023/04/10/b8f260b47959a59a2ad800f5dd5c415a1.jpg,,1200,
7000439,3,"소고기에 간장6스푼, 올리고당 1스푼, 설탕 반스푼, 다진마늘 1스푼, 참기름 1스푼, 깨 1스푼을 넣고 조물조물 양념이 스며들게 한 후 손질한 야채도 같이 살짝 조물조물 해요. 간장 6스푼, 올리고당 1스푼, 설탕 반스푼, 다진마늘 1스푼, 참기름 1스푼, 깨 1스푼, 손질한 야채",https://recipe1.ezmember.co.kr/cache/recipe/2023/04/10/5b2a09b457312bd204829bec3d4f3e6b1.jpg,,,
7000439,4,뚝배기에 고기를 담고 고기가 잠길 정도로 물을 넣은 후 끓여요. 물 뚝배기 중불,https://recipe1.ezmember.co.kr/cache/recipe/2023/04/10/0fed6573848990a6e140bef6ed558dc41.jpg,중불,,
7000439,5,고기가 반쯤 익었을때 불린 당면을 넣고 당면이 익을동안 끓여요. 당면을 물에 오래 불렸다면 빠르게 끓일 수 있어요. 당면 1인분 약불,https://recipe1.ezmember.co.kr/cache/recipe/2023/04/10/0f657c5313c11e836a3b591c3be1ff001.jpg,약불,,
7000439,6,"소고기와 야채에서 나온 육수가 시원한 맛을 느끼게 해요. 뜨끈한 국물과 호로록 당면, 맛있는 소고기가 한그릇에 들어있는 오늘의 요리 뚝배기 당면 소불고기 완성됐어요.",https://recipe1.ezmember.co.kr/cache/recipe/2023/04/10/fb769bd2db92847fbe518c830f4d0e321.jpg,,,
6952367,1,삶아진 닭가슴살1팩을 준비해주시고 작게 잘라주세요,https://recipe1.ezmember.co.kr/cache/recipe/2021/01/30/e91b73cc3a0463ab622d07c6f4155d711.jpg?w=1000,,,
6952367,2,브로콜리/당근도 준비후에 작게 잘라주세요,https://recipe1.ezmember.co.kr/cache/recipe/2021/01/30/147f37ecbcd03879ae9792c6857ff8761.jpg?w=1000,,,
6952367,3,계란2개에 소금 1꼬집을 넣고 잘풀어주세요,https://recipe1.ezmember.co.kr/cache/recipe/2021/01/30/8bc69faa8731d8a0e1d59b6eec29ac5b1.jpg?w=1000,,,
6952367,4,팬에 올리브유를 넣고 닭가슴살/당근/브로콜리를 넣고 3~5분을 달달 볶아주세요,https://recipe1.ezmember.co.kr/cache/recipe/2021/01/30/8c580fb103499fca685b861b8679bf4b1.jpg?w=1000,,300,
6952367,5,풀어둔 계란물을 고루 부어주세요 *채소는 센불에서 계란물을 넣고는 중약불에서 조리합니다,https://recipe1.ezmember.co.kr/cache/recipe/2021/01/30/d91e4fde1f33ee128592edfbc68fa4f21.jpg?w=1000,약불,,
6952367,6,계란물이 눌러붙지않게 살살 섞어가면서 볶아주세요,https://recipe1.ezmember.co.kr/cache/recipe/2021/01/30/37376f0f3c560a6efd29370b61dca0311.jpg?w=1000,,,
6952367,7,채소와 단백질이 골고루 섞여진 맛있는한끼~다이어트식단으로 전혀 손색이 없는 그런 스크램블이네요 채소를 저보다 더 작게 썰어서 만들어주시면 아이들반찬으로도 손색이 없을듯하네요ㅎ,https://recipe1.ezmember.co.kr/cache/recipe/2021/01/30/08428fb65b8a9ca005d07a59ad9995711.jpg?w=1000,,,
7033699,1,"콩나물을 볼에 담아 준비하고 콩나물이 잠길 정도의 물을 받아서 손으로 살살 흔들어가면서 3~4번 정도 물을 바꿔가며 세척하고 채반에 담아 물기를 빼 줍니다. 볼 , 채반",https://recipe1.ezmember.co.kr/cache/recipe/2024/08/27/630f5c922579e1aacf8bcd20cda50b481.jpg,,,
7033699,2,"대파와 홍고추는 세척하고 송송 썰어서 준비하고, 다진 마늘 1큰술, 동전 육수 2개를 준비합니다. 도마 , 조리용나이프 큰술: 어른 밥 숟가락 기준",https://recipe1.ezmember.co.kr/cache/recipe/2024/08/27/2f0ca5f6cf3b1cebccee20d9f2637fba1.jpg,,,
7033699,3,"냄비에 세척한 콩나물과 물 1.2리터를 넣고 동전 육수 2개를 넣어줍니다.(동전 육수가 없다면 멸치다시마 육수 1.2리터를 넣고 끓여주시면 되세요) 냄비 , 조리용스푼",https://recipe1.ezmember.co.kr/cache/recipe/2024/08/27/1f30367dbdf4e5f1f2336b84cd6058561.jpg,,,
7033699,4,보글보글 끓어오르면 가스불 센불에서 5분간 끓여줍니다.(일정 시간에 맞춰서 끓여주면 콩나물이 아삭하게 익으면서 재료 본연의 시원한 맛이 우러나와요),https://recipe1.ezmember.co.kr/cache/recipe/2024/08/27/63a410631f31499f27ce884bdc6723751.jpg,강불,300,
7033699,5,끓어오르면서 위로 올라오는 거품은 숟가락으로 걷어내줍니다.,https://recipe1.ezmember.co.kr/cache/recipe/2024/08/27/211261395f018ba3445a40638e3e94ab1.jpg,,,
7033699,6,"까나리액젓 1.5큰술, 큰술: 어른 밥 숟가락 기준",https://recipe1.ezmember.co.kr/cache/recipe/2024/08/27/c313bb8b198392b5632ac38c83a4d7a31.jpg,,,
7033699,7,참치액 1.5큰술을 넣고 뒤적여줍니다.(참치액이 없다면 까나리액젓이나 멸치액젓을 넣어도 상관없어요),https://recipe1.ezmember.co.kr/cache/recipe/2024/08/27/42bb2fd0ea323642d370fdf4cc1b8b831.jpg,,,
7033699,8,뚜껑을 살짝 열어 놓은 상태에서 가스불 중불에서 5분간 끓여줍니다.(뚜껑을 완전히 열어 놓고 끓이면 증발되는 물의 양이 많으니 뚜껑을 살짝만 열어 놓은 상태에서 끓여주세요),https://recipe1.ezmember.co.kr/cache/recipe/2024/08/27/266b5e8df14e676b6ebca555171f3aa31.jpg,중불,300,
7033699,9,시간이 경과 후 맑은 콩나물국 국물 맛을 보고 싱겁게 느껴지면 소금을 살짝 추가하고 국물 양이 부족하면 물을 추가하고 다시 간을 조절해주시면 되세요.,https://recipe1.ezmember.co.kr/cache/recipe/2024/08/27/8a0f230fd14db1ff54168e99ef6836ff1.jpg,,,
7033699,10,"대파, 홍고추, 다진 마늘을 넣고 뒤적여줍니다.",https://recipe1.ezmember.co.kr/cache/recipe/2024/08/27/0867f5897e4dd60fd57b5a73bfb35c381.jpg,,,
7033699,11,마지막으로 콩나물국을 한소끔 끓여주면 간단 맑은 콩나물국 레시피 완성입니다.,https://recipe1.ezmember.co.kr/cache/recipe/2024/08/27/7da484facf77da104797b67d1da92dbe1.jpg,,,
6955759,1,안심 끓는물에 삶기 끓는물에 넣고 다시팔팔 끓으면 저어가며 10분더 익히기 찬물에 씻어내기,https://recipe1.ezmember.co.kr/cache/recipe/2021/03/24/db44647b1704262f0377c6aadc594c721.jpg?w=1000,,600,
6955759,2,채소(양파.당근.오이.파프리카)를 5cm정도 길이로 채썰어줍니다,https://recipe1.ezmember.co.kr/cache/recipe/2021/03/25/2f58baaa221cbd295abfde78ab0cc0161.jpg?w=1000,,,
6955759,3,그릇에 가지런히 담습니다,https://recipe1.ezmember.co.kr/cache/recipe/2021/03/25/f8d76ec1d415797aab572504f256cbb61.jpg?w=1000,,,
6955759,4,소스를 만듭니다 양념장 레시피대로 모두 섞어준비합니다,https://recipe1.ezmember.co.kr/cache/recipe/2021/03/25/135f641947d36baae8004d56b7eacef41.jpg?w=1000,,,
6955759,5,저희가족은 앞접시에 먹을만큼 골고루 덜어 취향에 맞게 소스를 넣는답니다 맛있게 드세요~♡♡,https://recipe1.ezmember.co.kr/cache/recipe/2021/03/25/d2d874e7ee4e76826a48d2287cb73d6f1.jpg?w=1000,,,
6918300,1,버섯과 채소는 모두 한입 크기로 썬다.,https://recipe1.ezmember.co.kr/cache/recipe/2019/08/23/faec92945ed40278e3b44cd4d841db581.jpg?w=1000,,,
6918300,2,"볼에 버섯, 채소를 담고 소금, 후추, 올리브오일을 뿌려 섞는다. 볼",https://recipe1.ezmember.co.kr/cache/recipe/2019/08/23/e917d249170aaa770285f859120daf4c1.jpg?w=1000,,,
6918300,3,"에어프라이어 바스켓에 섞은 재료를 담고 180도 온도에서 10분간 돌려 완성한다. 에어프라이어 중간중간 뒤적여주면 고루 익어요,",https://recipe1.ezmember.co.kr/cache/recipe/2019/08/23/ec682ce688439c87ec1a030690a2ab171.jpg?w=1000,,600,
6904793,1,"우선 파프리카를 준비, 흐르는 물에 깨끗하게 씻어서 꼭지를 살짝만 남기고 잘라줍니다.",https://recipe1.ezmember.co.kr/cache/recipe/2019/01/19/19e610a7151e2a42d96f60f4a1c74cbc1.jpg,,,
6904793,2,"파프리카 윗부분을 잘라서 뚜껑을 만들어 주고요~ 파프리카 속은 과도를 이용, 깨끗하게 파내주세요.",https://recipe1.ezmember.co.kr/cache/recipe/2019/01/19/f7bb766cac509a28dd34f00766d93a631.jpg,,,
6904793,3,계란2개를 잘 풀어서 준비합니다.,https://recipe1.ezmember.co.kr/cache/recipe/2019/01/19/495913af8bd21f544a99581422ee7e8e1.jpg,,,
6904793,4,"애호박, 당근, 대파를 각각 잘게 다져서 1스푼 정도씩의 양이 나오게 준비하구요~",https://recipe1.ezmember.co.kr/cache/recipe/2019/01/19/2159829913ae39e64946ace039b1ee7e1.jpg,,,
6904793,5,미리 풀어놓은 계란물에 다진채소들을 넣고 소금간을 살짝 한 후에 잘 섞어주세요.,https://recipe1.ezmember.co.kr/cache/recipe/2019/01/19/d170a07c6b7a998e03f7782d22dbbe371.jpg,,,
6904793,6,그리고 숟가락으로 떠가며 파프리카 안에 계란물을 채워줍니다. 계란찜은 익으면서 부풀기 때문에 가득채우지 않고 파프리카 안 7~80%만 채워줍니다.,https://recipe1.ezmember.co.kr/cache/recipe/2019/01/19/789d0e655a09fbb655157dc9c8c72a3d1.jpg,,,
6904793,7,계란물을 넣고 나면 파프리카 뚜껑을 그대로 덮어줍니다.,https://recipe1.ezmember.co.kr/cache/recipe/2019/01/19/680ce1f54e1a8fdc526ff4a8bf8cfbc61.jpg,,,
6904793,8,접시째 그대로 옮겨 전자렌지에 넣어주고요~ 5분간 나눠 돌려줍니다. 전자레인지 전자렌지 사양에 따라 집마다 차이가 있기 때문에 3분 먼저 돌리고 상태를 확인 후 추가로 더 돌려주면 됩니다. 5분이 정해진건 아니니 상태봐가며 돌리세요.,https://recipe1.ezmember.co.kr/cache/recipe/2019/01/19/d28a5c2bf07051ec0aed94435728c2541.jpg,,300,
6904793,9,완성된 파프리카 계란찜!!!,https://recipe1.ezmember.co.kr/cache/recipe/2019/01/19/a99d11319f8c96a233386f27b2e19a691.jpg,,,
6904793,10,한 김 식혔다가 4등분해서 핑거푸드 마냥 그냥 손으로 잡고 맛나게 먹어주면 됩니다.,https://recipe1.ezmember.co.kr/cache/recipe/2019/01/19/69a371d64df37dd18eed4cd8918b69c21.jpg,,,
6904793,11,파프리카 자체 수분가득한 채소의 아삭달콤함과 계란찜을 부드러움이 만나 최고랍니다.,https://recipe1.ezmember.co.kr/cache/recipe/2019/01/19/025ee787e0349d2f4364154ad7a46ae41.jpg,,,
7072351,1,껍질을 깐 무를 깨끗하게 씻은 다음 반으로 잘라주고 도톰하게 반달 모양으로 썰어줍니다.,https://recipe1.ezmember.co.kr/cache/recipe/2026/02/28/ecfee56c6387f7da0406e2626cc6fec11.jpg,,,
7072351,2,"참치 무 조림에 같이 들어갈 홍고추, 풋고추, 대파도 작게 썰어주세요",https://recipe1.ezmember.co.kr/cache/recipe/2026/02/28/aee8bcc8f1061e70258e35469e347dc51.jpg,,,
7072351,3,"고춧가루 1T, 참치 액 1T, 진간장 2T 꿀 1.5T, 다진 마늘 1T, 후추 1t를 골고루 섞어서 양념장으로 만들어 줍니다.",https://recipe1.ezmember.co.kr/cache/recipe/2026/02/28/f91d11d1bdfa77b2685423c0ba5a8f131.jpg,,,
7072351,4,냄비에 썰어둔 무를 담아준 다음 물을 500ml 넣고 강불로 끓여주세요 물이 끓어오르면 중불로 줄여서 무가 부드럽게 반 정도 익을 때까지 10분간 끓여줍니다.,https://recipe1.ezmember.co.kr/cache/recipe/2026/02/28/41ca59d583e77e756d73bb4af884b11e1.jpg,중불,600,
7072351,5,참치캔 1개를 모두 넣어주고 만들어둔 양념장도 같이 넣어준 다음 골고루 섞어서 어우러지도록 끓여주세요,https://recipe1.ezmember.co.kr/cache/recipe/2026/02/28/6646c3076b07791f1c69ba5c1b2ae9a31.jpg,,,
7072351,6,"대파, 홍고추, 풋고추도 넣어준 다음 뚜껑을 덮고 5분간 무를 푹 익혀줍니다.",https://recipe1.ezmember.co.kr/cache/recipe/2026/02/28/e9f4dab5625a79da67c391274e9bda071.jpg,,300,
7072351,7,마지막으로 고소하게 참기름을 둘러주고 한소끔만 더 끓여주면 참치 무 조림이 완성이에요^^,https://recipe1.ezmember.co.kr/cache/recipe/2026/02/28/d712b6fbae9bf977d6c2ff54a805dd231.jpg,,,
6835355,1,"재료는 식빵 6장, 슬라이스치즈 4장, 슬라이스햄 4장, 계란 두 알, 머스타드, 쨈",https://recipe1.ezmember.co.kr/cache/recipe/2015/10/01/46678ced81ca6dd7a8ec225de7fc800d1.jpg,,,
6835355,2,식빵테두리를 잘라주세요.,https://recipe1.ezmember.co.kr/cache/recipe/2015/10/01/be35d3c51687fdf1bce3e0e7a2d375291.jpg,,,
6835355,3,요렇게 잘라주면 준비 끝,https://recipe1.ezmember.co.kr/cache/recipe/2015/10/01/e71419c29163184ab70ff18a12e591831.jpg,,,
6835355,4,"식빵 한 장 놓고 그 위에 머스타드를 펴 바르고 그 위에 슬라이스햄, 슬라이스치즈 순으로 올려주세요. 다른 식빵 하나에 쨈을 발라서 쨈 바른 부위가 슬라이스치즈 쪽으로 가게 올려주세요. 그 위에 또다시 쨈을 바르고 슬라이스치즈와 슬라이스햄을 올려주세요. 또 다른 식빵에 머스타드를 펴 바르고 머스타드 바른 쪽을 슬라이스햄 쪽으로 덮어주면 몬테크리스토 만들기 90% 완성",https://recipe1.ezmember.co.kr/cache/recipe/2015/10/01/9145f6e8ef34747aff5911fa47cc21111.jpg,,,
6835355,5,"다시 한 번 요약 정리, 식빵→머스타드→슬라이스치즈→→슬라이스햄→쨈→식빵→쨈→슬라이스치즈→슬라이스햄→머스타드→식빵",https://recipe1.ezmember.co.kr/cache/recipe/2015/10/01/a90b55efbffb22e01f89f0151dbd91ae1.jpg,,,
6835355,6,계란 두알에 소금한고집 넣고 계란을 잘 풀어주세요.,https://recipe1.ezmember.co.kr/cache/recipe/2015/10/01/bcb114a17174ccf69693641da83fb4801.jpg,,,
6835355,7,전체적으로 계란물을 잘 입혀 주세요.,https://recipe1.ezmember.co.kr/cache/recipe/2015/10/01/c0c3201e135b8e15fe6eb768e256d21a1.jpg,,,
6835355,8,프라이팬에 기름을 두르고 약불에서 익혀주세요.,https://recipe1.ezmember.co.kr/cache/recipe/2015/10/01/f50a6a6e4eac110d5d9a9ace124c12571.jpg,약불,,
6835355,9,앞뒤옆 골고루 익혀주세요.,https://recipe1.ezmember.co.kr/cache/recipe/2015/10/01/5a56f9523794aee58a88c52182a63fbb1.jpg,,,
6835355,10,골고루 구워주면 끝,https://recipe1.ezmember.co.kr/cache/recipe/2015/10/01/8137f18774fd7a97a4f0c24fa96f65541.jpg,,,
6835355,11,몬테크리스토 완성,https://recipe1.ezmember.co.kr/cache/recipe/2015/10/01/1962aff03b290fd95d71ef055872faad1.jpg,,,
6968567,1,"팽이버섯은 밑동을 잘라 흐르는 물에 씻은 뒤 물기를 탈탈 털어줍니다. 기본적인 버섯 하나만 준비해 주었는데 기호에 따라 부추, 파프리카 등 다른 재료를 같이 준비해도 좋아요.",https://recipe1.ezmember.co.kr/cache/recipe/2021/11/09/66423e89cce6d451e9f173901a1120bd1.jpg,,,
6968567,2,길이가 긴 베이컨은 반으로 잘라주었어요. 길이에 따라 등분하여 주면 됩니다.,https://recipe1.ezmember.co.kr/cache/recipe/2021/11/09/5d99a859a7a7b11dd02e110980ddd2c21.jpg,,,
6968567,3,베이컨 위에 버섯을 올려 돌돌 말아줍니다.,https://recipe1.ezmember.co.kr/cache/recipe/2021/11/09/cf2163017d9687f95136aaaf38f9d8cc1.jpg,,,
6968567,4,너무 크게 집어서 말면 하나씩 먹기 불편하니 한입에 집어먹기 좋은 정도로만 말아주어요.,https://recipe1.ezmember.co.kr/cache/recipe/2021/11/09/29e6d323931db49c9d9a75e3bbb7302a1.jpg,,,
6968567,5,베이컨 팽이버섯말이는 바로 구워서 먹어야 맛있기 때문에 저녁에 먹을 것이라면 말아두는 과정까지 만들어두어 냉장고에 넣어두고 구워 먹으면 간편하고 좋아요.,https://recipe1.ezmember.co.kr/cache/recipe/2021/11/09/d9705e93d39aedfca238a183062e29081.jpg,,,
6968567,6,팬에 식용유 약간을 두르고 팽이버섯말이를 올려줍니다.,https://recipe1.ezmember.co.kr/cache/recipe/2021/11/09/f100025d042e0fff0405e66c9a3d7a2a1.jpg,,,
6968567,7,"불은 중불로 해주고, 이음새 부분을 먼저 바닥면에 놓고 구워준 뒤 돌돌 굴려가며 익혀주어요. 이음새 부분이 먼저 구워지면 고정이 되어서 모양이 잡혀요.",https://recipe1.ezmember.co.kr/cache/recipe/2021/11/09/9aebef62fda34307abbb6dcaf40772f41.jpg,중불,,
6968567,8,노릇노릇 구워질 수 있도록 돌돌 굴려가며 구워줍니다. 느끼함을 잡아주기 위해 약간의 후추도 톡톡 뿌려주었어요.,https://recipe1.ezmember.co.kr/cache/recipe/2021/11/09/5f14e7b1d2f33219a27593353ec787641.jpg,,,
6968567,9,뜨거울 때 그릇에 담아서 맛있게 먹음 씹는 맛과 풍미가 참 좋아요.,https://recipe1.ezmember.co.kr/cache/recipe/2021/11/09/d67c908ba07c1c7e8e61aba28c7ef8d91.jpg,,,
6874871,1,감자는 먹기 좋은 크기로 썰어서 물에 헹궈주세요.양파도 적당한 크기로 썰어주세요,https://recipe1.ezmember.co.kr/cache/recipe/2017/08/17/b8552be9898b9c1c920eeedc94040fb31.jpg,,,
6874871,2,팬에 기름을 두르고 다진마늘 1/2을 넣고 마늘기름을 만들어주세요.약불로 해야 타지않아요,https://recipe1.ezmember.co.kr/cache/recipe/2017/08/17/2388d656deda13748215bd171a1eb7381.jpg?w=1000,약불,,
6874871,3,"마늘향이 올라오면 감자,양파를 넣고 볶아주세요",https://recipe1.ezmember.co.kr/cache/recipe/2017/08/17/2080197dbbc01ebc40dc1a2ad71206bd1.jpg?w=1000,,,
6874871,4,"3에 굴소스 1,맛간장 3,설탕 1을 넣고 볶아줍니다",https://recipe1.ezmember.co.kr/cache/recipe/2017/08/17/0a6e220485e97bb9ca1c72b0ac05f96d1.jpg?w=1000,,,
6874871,5,뚜껑을 덮고 약불로 익혀주세요.이렇게하면 따로 물을 추가하지 않아도됩니다,https://recipe1.ezmember.co.kr/cache/recipe/2017/08/17/db85acb22700b334df6fcfa09ee29a671.jpg?w=1000,약불,,
6874871,6,감자가 거의 익었을때 올리고당 1을 넣고 조금 더 조려줍니다,https://recipe1.ezmember.co.kr/cache/recipe/2017/08/17/3eb0a4c024785acc96c4fbd39d01073b1.jpg?w=1000,,,
6874871,7,불을 끄고 통깨 솔솔 뿌려줍니다,https://recipe1.ezmember.co.kr/cache/recipe/2017/08/17/e0cc67d819230804359c80a23cba0fa11.jpg?w=1000,,,
6937841,1,곤약면은 찬물에 헹궈 준비했어요 뜨거운물에 살짝 데치면 특유의 향이 날아간다고 하네요,https://recipe1.ezmember.co.kr/cache/recipe/2020/07/29/0d36221fb2389bb33232b94b189e8c231.jpg,,,
6937841,2,"청양고추와 쪽파를 손질하고, 숙주도 깨끗하게 씻어놨어요 쪽파 손질법 레시피",https://recipe1.ezmember.co.kr/cache/recipe/2020/07/29/62840e052727c08bf1801ceea5748cf61.jpg,,,
6937841,3,양념장 미리 만들어두기,https://recipe1.ezmember.co.kr/cache/recipe/2020/07/29/0cf3411af4f4cd146852d18fef615a921.jpg,,,
6937841,4,"올리브유두르고 닭가슴살, 다진마늘 넣고 볶아주세요",https://recipe1.ezmember.co.kr/cache/recipe/2020/07/29/c1643e1c99fa389bda196798341698301.jpg,,,
6937841,5,닭가슴살이 볶아지면 숙주를 넣고 빠르게 볶아주세요,https://recipe1.ezmember.co.kr/cache/recipe/2020/07/29/d592231a2a12f1f10582c55e301058311.jpg,,,
6937841,6,"숙주의 숨이 살짝 죽으면 곤약면, 쪽파, 고추, 양념장넣고 볶아요",https://recipe1.ezmember.co.kr/cache/recipe/2020/07/29/ca93c7def2c5cd8767ec843b52575fbe1.jpg,,,
6937841,7,양념이 잘 어울어지고 적당하게 졸아들면 참기름1넣고 마무리~,https://recipe1.ezmember.co.kr/cache/recipe/2020/07/29/c3e839dc0956cf65379b984b2704f45d1.jpg,,,
7069129,1,칵테일 새우는 해동해서 준비한다.,https://recipe1.ezmember.co.kr/cache/recipe/2026/01/01/41b21aad05f91de0e875a4add621b4c01.jpg?w=1000,,,
7069129,2,새우의 등 쪽에 반으로 칼집을 넣는다.,https://recipe1.ezmember.co.kr/cache/recipe/2026/01/01/343f4f1354d987024e4cb16616357de11.jpg?w=1000,,,
7069129,3,"칼집은 넣은 새우에 소금, 후춧가루로 밑간한다.",https://recipe1.ezmember.co.kr/cache/recipe/2026/01/01/24bf33234767cc317c4c1127aca99ee11.jpg?w=1000,,,
7069129,4,밑간 한 새우에 감자전분을 넣고 버무린다.,https://recipe1.ezmember.co.kr/cache/recipe/2026/01/01/933c7112512d5eb51617e2a11e2e05f51.jpg?w=1000,,,
7069129,5,160도 온도로 노릇하게 튀긴다.,https://recipe1.ezmember.co.kr/cache/recipe/2026/01/01/b1484fa77dc5665eec499e9c7cd5c6731.jpg?w=1000,,,
7027628,1,"양배추 300g을 큼직하게 잘라 준비해주세요 도마 , 조리용나이프",https://recipe1.ezmember.co.kr/cache/recipe/2024/06/05/ae8d8f73939e6aa45445d74de31027131.jpg,,,
7027628,2,"양배추가 잠길만큼의 물을 붓고 식초 2큰술 넣어 5분가량 담가둔 후 흐르는 물에 휘리릭 씻어내주세요. 그리고 물기를 탈탈 털어 주세요 볼 , 채반",https://recipe1.ezmember.co.kr/cache/recipe/2024/06/05/c59b1d50154fd28f28add5b766f045101.jpg,,300,
7027628,3,"양파 1개, 당근 65g을 먹기 좋은 크기로 잘라주세요",https://recipe1.ezmember.co.kr/cache/recipe/2024/06/05/17b89bd3abd4cdc54318646d32e0b0b21.jpg,,,
7027628,4,"순대는 두께감 있게 잘라주고 대파 1/2대, 깻잎 10장도 큼직하게 잘라주세요. 순대는 냉장상태 그대로 사용해주시면 됩니다",https://recipe1.ezmember.co.kr/cache/recipe/2024/06/05/6506c7d0eaab38eeba6134b9546d7cdd1.jpg,,,
7027628,5,"고춧가루 2큰술, 고추장 1큰술, 진간장 2큰술, 다진마늘 1큰술, 설탕 1.5큰술, 맛술 2큰술 그리고 물 50ml를 부어 양념장을 만들어 주세요 계량컵 , 스푼",https://recipe1.ezmember.co.kr/cache/recipe/2024/06/05/6f0357c7ef5d3a3746c0fc78240857a81.jpg,,,
7027628,6,"팬에 기름을 넉넉히 두르고 대파부터 넣고 중불로 볶아주세요 볶음팬 , 요리스푼",https://recipe1.ezmember.co.kr/cache/recipe/2024/06/05/3404a26b629271a7396d577121069da01.jpg,중불,,
7027628,7,대파향이 솔솔 올라오기 시작하면 양파와 당근을 넣고 볶아주세요,https://recipe1.ezmember.co.kr/cache/recipe/2024/06/05/99680241cb5f0b6e17bbac6dfe0abb561.jpg,,,
7027628,8,양파의 숨이 살짝 죽기 시작하면 양배추와 양념장을 넣고 중강불로 볶아주세요,https://recipe1.ezmember.co.kr/cache/recipe/2024/06/05/bb9f0dea6d8e027ced8e03b5cbc3543f1.jpg,강불,,
7027628,9,양배추의 숨이 반정도 죽으면 순대를 모두 넣고 고춧가루 1큰술 추가해 주세요. 그리고 살짝씩만 뒤적여 볶아주세요,https://recipe1.ezmember.co.kr/cache/recipe/2024/06/05/07b34ced5a5a986b8187af5c4a6cc7aa1.jpg,,,
7027628,10,"순대가 부드럽게 익으면 들깨가루 2큰술, 깻잎 10장을 넣어 휘리릭 섞 듯 볶아주세요",https://recipe1.ezmember.co.kr/cache/recipe/2024/06/05/1a52f4c1e41410af47b60d2189b4d9ec1.jpg,,,
7027628,11,마무리는 들기름 2큰술로 해주시면 됩니다,https://recipe1.ezmember.co.kr/cache/recipe/2024/06/05/1c7c368f849e44301ed0380085e9b42d1.jpg,,,
7027628,12,깻잎과 들깨가루의 은은한 향이 매력인 순대볶음 완성입니다 접시,https://recipe1.ezmember.co.kr/cache/recipe/2024/06/05/77165917fc0776aaff2a1fba632dd2ab1.jpg,,,
6920397,1,"두부를 전자레인지에 1분정도 돌려 물기를 빼준뒤, 먹기좋은 크기로 잘라주세요. 전자레인지",https://recipe1.ezmember.co.kr/cache/recipe/2019/10/10/9909f9a3a0d7eedd0e9091eacfe1123a1.jpg?w=1000,,60,
6920397,2,들깨가루를 제외한 양념을 넣어 들기름과 섞어주세요. -약불로 뒤적뒤적 30초정도,https://recipe1.ezmember.co.kr/cache/recipe/2019/10/10/dd9774318fa564370940beda016a36671.jpg?w=1000,약불,30,
6920397,3,두부를 넣고 양념과 볶다가 들깨가루를 넣어주세요. -약불로 30초~1분,https://recipe1.ezmember.co.kr/cache/recipe/2019/10/10/81553f77ea02054cc66b8f58050715531.jpg?w=1000,약불,90,
6920397,4,들깨가루가 잘섞이도록 볶아주세요 -30초정도 볶다가 불을끄고 나머지 잔열로 볶아주세요.,https://recipe1.ezmember.co.kr/cache/recipe/2019/10/10/3440d50a33d023076c0e59740f6901ef1.jpg?w=1000,,30,
6946032,1,재료를 손질해 주세요. - 양파는 채썰어 준비해주세요. - 마늘종은 4~5cm로 먹기 좋은 크기로 잘라주세요. - 대파는 총총 썰어 준비해주세요.,https://recipe1.ezmember.co.kr/cache/recipe/2020/11/10/9ec93a162a03f1d5a2b1ab66fec4f1051.jpg,,,
6946032,2,프라이팬에 식용유 2T를 두르고 손질한 대파를 넣은 뒤 파기름을 만들어 주세요. 중간 불 대파 표면이 노릇해질 정도로 볶아주세요.,https://recipe1.ezmember.co.kr/cache/recipe/2020/11/10/0a884c820453fe6dc977ff802a77ee121.jpg,,,
6946032,3,만들어진 파기름에 채썰은 양파를 넣고 30초 정도 볶아 파기름을 입혀줍니다. 중간 불,https://recipe1.ezmember.co.kr/cache/recipe/2020/11/10/c52cf503336f20d1c60bf7bebc5c3cc51.jpg,,30,
6946032,4,볶아진 양파에 마늘종을 넣고 30초 정도 볶아주세요. 중간 불,https://recipe1.ezmember.co.kr/cache/recipe/2020/11/10/6fd3a0e64cd96ec5cee7886dc7c24b5f1.jpg,,30,
6946032,5,볶아진 양파와 마늘종에 다진 마늘을 넣고 30초 정도 골고루 볶아주세요. 중간 불,https://recipe1.ezmember.co.kr/cache/recipe/2020/11/10/fb2bf905cc0470b69d893e244c2ddb2b1.jpg,,30,
6946032,6,프라이팬 가장자리나 가운데에 공간을 비워두고 진간장 2T를 2번에 나눠 부운 뒤 재료와 골고루 섞어가며 30초 정도 볶아주세요. 중간 불 간장을 조리듯이 끓이다가 양이 반으로 줄었을 때 재료와 섞어서 볶아주세요.,https://recipe1.ezmember.co.kr/cache/recipe/2020/11/10/5304effa407625e8707183d2604614a71.jpg,,30,
6946032,7,간장에 볶아진 재료에 올리고당 1T를 넣고 골고루 어우러지도록 30초 정도 볶아줍니다. 약한 불,https://recipe1.ezmember.co.kr/cache/recipe/2020/11/10/fdf4d5e4e51c72f33f9f9ba8bfaca26c1.jpg,,30,
6946032,8,불을 끄고 참기름 1/2T를 두르고 통깨를 뿌려 마무리해줍니다.,https://recipe1.ezmember.co.kr/cache/recipe/2020/11/10/796918021c0be056370f68e4c13135bf1.jpg,,,
6946032,9,먹기 좋은 그릇에 담으면 아삭한 식감이 매력적인 단짠 매력 반찬 마늘종 볶음이 완성됩니다.,https://recipe1.ezmember.co.kr/cache/recipe/2020/11/10/2e4214efc2aa10275178763330a2b7f21.png,,,
7008869,1,재료를 준비 한다,https://recipe1.ezmember.co.kr/cache/recipe/2023/08/28/9883f76078b69ac1709b79e777d8ba7b1.jpg,,,
7008869,2,양념장을 준비 한다,https://recipe1.ezmember.co.kr/cache/recipe/2023/08/28/d966658050b32b18f6f7b1e6e750fc9c1.jpg,,,
7008869,3,먹기 좋게 썬 두부 팬에 식용유 2큰술을 두르고 겉면이 단단해지도록 진한 갈색이 돌도록 중강불에서 바싹 굽는다,https://recipe1.ezmember.co.kr/cache/recipe/2023/08/28/f7986e77bb22ee8dcdf1f5db56cac5b11.jpg,강불,,
7008869,4,"다른 팬에 식용유 1큰술 두르고 파,마늘,고추를 넣고 중불에서 향이 나도록 볶는다",https://recipe1.ezmember.co.kr/cache/recipe/2023/08/28/9c134d706ab1b47ea9c9dc65d3d58d821.jpg,중불,,
7008869,5,먹기 좋은 크기로 자른 양배추를 넣고 1~2분 정도 더 볶는다,https://recipe1.ezmember.co.kr/cache/recipe/2023/08/28/258912d2095b299f6249ef265592cf1f1.jpg,,120,
7008869,6,양배추에 숨이 살짝 죽으면 밥을 넣고 간장과 굴소스로 간한 뒤 골고루 볶는다,https://recipe1.ezmember.co.kr/cache/recipe/2023/08/28/6c635f152f2a49c57099475a1cab0f491.jpg,,,
7008869,7,"마지막에 두부를 넣고 들깨가루와 참기름,후추를 넣은 뒤 한번 더 골고루 볶는다",https://recipe1.ezmember.co.kr/cache/recipe/2023/08/28/010d4b2a493d3b79356bdbfce57eb69e1.jpg,,,
7044128,1,"새송이 버섯을 3-4등분 한다. 도마 , 조리용나이프",https://recipe1.ezmember.co.kr/cache/recipe/2025/02/05/f51a4aec4cc3cc220338b9d7380b6e8b1.png,,,
7044128,2,양면에 격자무늬 칼집을 내준다.,https://recipe1.ezmember.co.kr/cache/recipe/2025/02/05/7e519e3b89fe0e5c3ad85d7ffead608e1.png,,,
7044128,3,"간장 3스푼, 굴소스 1.5스푼, 물엿 1스푼, 미림 1스푼을 넣어 양념장을 만든다. 소스볼 , 숟가락",https://recipe1.ezmember.co.kr/cache/recipe/2025/02/05/64eb14670e030d4112b1324e1cd3342a1.png,,,
7044128,4,마늘 2스푼과 청양고추를 썰어 섞어준다. 주방가위,https://recipe1.ezmember.co.kr/cache/recipe/2025/02/05/049e7b98fcbca4b7852f08d2430564701.png,,,
7044128,5,팬에 버터를 두르고 버섯을 구워준다. 프라이팬,https://recipe1.ezmember.co.kr/cache/recipe/2025/02/05/c3d1c7ec65a1a2bd697552e9db6529ca1.png,,,
7044128,6,준비해둔 청양고추를 볶아 섞어준다. 요리스푼,https://recipe1.ezmember.co.kr/cache/recipe/2025/02/05/242693854c2fa84a446fb0d7f1e25aba1.png,,,
7044128,7,양념장을 넣어 조려주면 완성!,https://recipe1.ezmember.co.kr/cache/recipe/2025/02/05/399ac76bf20813f2ee938c8fb2b6105f1.png,,,
6885808,1,브로콜리는 송이송이 먹기 좋게 나눠주고 끓는 물에 굵은소금 0.5를 넣고 살짝 데쳐주세요. 브로콜리 1송이를 모두 데쳐 일부는 전에 넣어 사용했고요. 나머지는 무침 해서 먹었는데요 브로콜리 무침 레시피도 곧 올릴게요.,https://recipe1.ezmember.co.kr/cache/recipe/2018/03/20/07ceb14cd2455cb0d576ba32ab504ddf1.jpg,,,
6885808,2,"데친 브로콜리 1줌, 양파 1/4, 파프리카 노랑, 빨간색을 모두 다져서 주고 달걀 1개, 참치 1캔을 준비합니다. * 어른이 드실 때는 청양고추를 송송 썰어 함께 넣어도 좋아요.",https://recipe1.ezmember.co.kr/cache/recipe/2018/03/20/a44fd848208febc25b230fea0ded1fb41.jpg,,,
6885808,3,"볼에 다진 채소와 참치를 넣고 달걀 1개, 부침가루 1.5 그리고 양념재료인 소금, 후춧가루를 넣어 간을 하고 재료를 고루 섞어주세요. .",https://recipe1.ezmember.co.kr/cache/recipe/2018/03/20/f51ecb2225adb919420704a8484a1d8d1.jpg,,,
6885808,4,부침가루를 너무 많이 넣으면 퍽퍽해요. 그리고 참치 캔 기름은 너무 꽉 짜서 버리지 말고 조금 있게 넣어주세요,https://recipe1.ezmember.co.kr/cache/recipe/2018/03/20/c84d881b90260de79335f8cc6bae474a1.jpg,,,
6885808,5,팬에 숟가락을 이용해 반죽을 올려주고 동글납작하게 모양을 만들어 주세요.,https://recipe1.ezmember.co.kr/cache/recipe/2018/03/20/d5bfc575a34c62e406ea21cb5dc95ea81.jpg,,,
6885808,6,앞뒤로 노릇하게 부쳐주면 끝!,https://recipe1.ezmember.co.kr/cache/recipe/2018/03/20/e565b985f6c2d130205ed31c4422a22c1.jpg,,,
6885808,7,브로콜리 참치 전 완성 ^^,https://recipe1.ezmember.co.kr/cache/recipe/2018/03/20/336a96d44142c9792a4ce1132943f1931.jpg,,,
6829153,1,"간장, 설탕, 미림, 생강은 섞어둔다.",https://recipe1.ezmember.co.kr/cache/recipe/2015/06/22/d5218c6812bead6b899cf9a3ec14231b1.jpg,,,
6829153,2,"두부는 그릇에 담아,",https://recipe1.ezmember.co.kr/cache/recipe/2015/06/22/b0d379a5d82ed0c54ca2c7b2a8aa1cdc1.jpg,,,
6829153,3,전자레인지에 2분간 돌리면 요렇게 수분이 나온다. 물기는 따라 버리고 준비. 전자레인지,https://recipe1.ezmember.co.kr/cache/recipe/2015/06/22/befebb0c9d0f73a1a9c293a68e17b0b21.jpg,,120,
6829153,4,"팬에 참기름을 두르고 파 다진 것을 넣고 향을 내고,",https://recipe1.ezmember.co.kr/cache/recipe/2015/06/22/31c8b2891544b1fdcae929c58b91e6c51.jpg,,,
6829153,5,두부를 넣고 으깨가며 볶는다. (미리 손으로 으깨서 넣어도 됨),https://recipe1.ezmember.co.kr/cache/recipe/2015/06/22/e118fd24140ddf4ad8c0e8fa7a2b35b71.jpg,,,
6829153,6,불은 중불 정도로.,https://recipe1.ezmember.co.kr/cache/recipe/2015/06/22/c11d96c92582659e3f4e20b25a9a14281.jpg,중불,,
6829153,7,볶볶.,https://recipe1.ezmember.co.kr/cache/recipe/2015/06/22/4dc297f4134beec7b4e31dce7506661e1.jpg,,,
6829153,8,요렇게 물기가 웬만큼 날아가고 두부가 적당한 크기가 되면,https://recipe1.ezmember.co.kr/cache/recipe/2015/06/22/25c1138ff1072ca88af4bd8bc3fcd7d71.jpg,,,
6829153,9,만들어둔 소스를 붓고 조린다. 나는 두반장 넣을거라 소스를 덜 넣음.,https://recipe1.ezmember.co.kr/cache/recipe/2015/06/22/3ea05a9ad46ab37e4de4e275893ecc141.jpg,,,
6829153,10,잘 뒤적거리면서 볶는다.,https://recipe1.ezmember.co.kr/cache/recipe/2015/06/22/ec4a1b194f3b65935b0258d9b9fe12311.jpg,,,
6829153,11,"두반장 넣을 사람은 넣고,",https://recipe1.ezmember.co.kr/cache/recipe/2015/06/22/7c0bdaf1e4897e0f5606ad89fb7eeb011.jpg,,,
6829153,12,후추 넣어 마무리!,https://recipe1.ezmember.co.kr/cache/recipe/2015/06/22/38c6f8b88405f34aa215c2807939c9df1.jpg,,,
6829153,13,요렇게 물기가 없어질 때까지 볶으면 된다.,https://recipe1.ezmember.co.kr/cache/recipe/2015/06/22/28c7aaeb5e85299faf53126afe2b445c1.jpg,,,
6829153,14,그릇에 밥!,https://recipe1.ezmember.co.kr/cache/recipe/2015/06/22/d690058a02abd87cf61acd6c63ae7e991.jpg,,,
6829153,15,두부 소보로!,https://recipe1.ezmember.co.kr/cache/recipe/2015/06/22/e23dfb3f162924337a040a2a497ec22b1.jpg,,,
6829153,16,"온천달걀, 초생강, 파를 고명으로 올렸다.",https://recipe1.ezmember.co.kr/cache/recipe/2015/06/22/8f387bf58f0f06e79015ef76c40abcd61.jpg,,,
6924357,1,재료 중간에 양념을 만들면 급해서 가슴이 너무 뛰니까 먼저 양념 레시피를 다 섞어서 잠시 놓아둡니다,https://recipe1.ezmember.co.kr/cache/recipe/2020/01/01/a04401e4532c697e362265ba1ffb0d201.jpg?w=1000,,,
6924357,2,"두툼한 삼겹살입니다. 신혼부부 2명 먹을거면 이 정도. 요새는 핏기 흡수제 같은게 있어서 안닦아도 되지만, 동네 정육점에서 사셨으면 키친타올로 조금 닦아주세요 아이들이 있다고 하면 한 근(600g)이 조금 안되게 고기를 사시면 될 거 같아요. 소스가 묻기 때문에 생각보다 포만감이 듭니다.",https://recipe1.ezmember.co.kr/cache/recipe/2020/01/01/e1650fd2ac04717290b9a0ca4da76d9d1.jpg?w=1000,,,
6924357,3,"그래도 강정인데, 1-2cm정도로 썰어주시면 좋습니다. (남편 엄지손가락 1개정도의 너비)",https://recipe1.ezmember.co.kr/cache/recipe/2020/01/01/7652860a01c82376e32cb3a3e9f461d31.jpg?w=1000,,,
6924357,4,"도마에 부침가루, 튀김가루를 적절히 뿌려주세요. 다른 그릇 쓰면 설겆이 거리가 늘어납니다.",https://recipe1.ezmember.co.kr/cache/recipe/2020/01/01/58339a1eb25da7953657028d9b4b72c81.jpg?w=1000,,,
6924357,5,주변에 튀지 않게 손으로 조물 조물 해주시면 이 요리의 2/3이 끝납니다. 튀면 혼납니다.,https://recipe1.ezmember.co.kr/cache/recipe/2020/01/01/bd8b5c07350330e39bdf7402d8aa60f31.jpg?w=1000,,,
6924357,6,"식용유는 아껴야 하니까 조금만 써주세요. 돼지고기에서 기름이 많이 나오겠지만, 처음에 늘러붙지 않게 하기 위함입니다. 잘 둘러주세요 중불입니다",https://recipe1.ezmember.co.kr/cache/recipe/2020/01/01/3edc48fe6802b6973a0985c79bde574d1.jpg?w=1000,중불,,
6924357,7,"후라이팬 위 허공에 손을 가져갔을 때, 살짝 따듯한 기운이 돌면 살살 내려놓습니다. (손이 후라이팬에 닿으면 혼납니다) 중불입니다.",https://recipe1.ezmember.co.kr/cache/recipe/2020/01/01/89ddf066e6399d986b42d502acc54d5d1.jpg?w=1000,중불,,
6924357,8,"고기의 4면을 돌려가면서 갈색빛으로 익혀줍니다. 이때 기름이 많이 튈수 있으므로, 고기를 한쪽으로 몰아서 키친 타올로 닦아주세요. 많이 튀면 혼납니다. 중불에서 약불로 갑니다 고기는 한쪽으로 몰아가면서 기름을 닦아주면 됩니다. 괜히 고기 건지지 마세요.",https://recipe1.ezmember.co.kr/cache/recipe/2020/01/01/f6f0e4e90e0928f4d0e6213d639e79861.jpg?w=1000,약불,,
6924357,9,기름을 닦아내시고 최대한 약불에서 그냥 소스 부으세요. 최대한 약불입니다!! 표면이 우퉁퉁한 후라이팬은 소스가 탈 위험이 있으니 주의하세요.,https://recipe1.ezmember.co.kr/cache/recipe/2020/01/01/71a2502587a377800ca73bb1b30649a51.jpg?w=1000,약불,,
6924357,10,쉐킷쉐킷 섞어주세요. 소스 튀면 혼납니다. 계속 약불입니다.,https://recipe1.ezmember.co.kr/cache/recipe/2020/01/01/c7e0dfd43bdee54547ae98ce351d96f91.jpg?w=1000,약불,,
6924357,11,접시에 답고 필터 넣지 않고 찍어주시면 완성. 보기 좋게 향신료 좀 뿌려주시면 사랑받습니다.,https://recipe1.ezmember.co.kr/cache/recipe/2020/01/01/140a405931f49c8a33d9842ec8e530221.jpg?w=1000,,,
6909721,1,스팸을 크게 4등분으로 나눈뒤 다시 2등분으로 나눠 줍니다. 스팸을 한번 데쳐주면 불순물이 제거됩니다.,https://recipe1.ezmember.co.kr/cache/recipe/2019/04/02/a64f7a1b146b1996f773382edbe842401.jpg,,,
6909721,2,깻잎 앞뒷면에 밀가루를 얇게 발라줍니다.그 다음 스팸을 깻잎으로 잘 감싸줍니다.,https://recipe1.ezmember.co.kr/cache/recipe/2019/04/02/01226844c0b5830d59d8602b2b9bf0c31.jpg,,,
6909721,3,넓은 그릇에 계란물을 만들어 깻잎을 충분히 적셔줍니다. 스팸이 짭짤해서 계란에는 간을 하지 않아요.,https://recipe1.ezmember.co.kr/cache/recipe/2019/04/02/bcbb3a93caf7a81a8410d68daf33edb81.jpg,,,
6909721,4,깻잎 말린 끝이 바닥으로 가게 해서 달궈진 팬에 기름을 두르고 약불에서 구워주심 끝!!!,https://recipe1.ezmember.co.kr/cache/recipe/2019/04/02/ec8ff69f6a3d7ac74de1ab27ad8c0b731.jpg,약불,,
6909721,5,초간단 밥도둑반찬 깻잎스팸전 완성입니다^^,https://recipe1.ezmember.co.kr/cache/recipe/2019/04/02/4d46aa3458292500c77fea03b3ac54851.jpg,,,
6909721,6,"한개 먹어보니 깻잎의 향과 스팸,계란이 만나 넘 맛있어요. 반찬으로도 좋고 술안주로도 좋을듯 하네요",https://recipe1.ezmember.co.kr/cache/recipe/2019/04/02/b58f981bef2417c6d6f2bd8b960ba5d01.jpg,,,
7070322,1,건미역 한줌 (취향껏) 물에 불려두고 두부 반모 미리 잘라놓기,https://recipe1.ezmember.co.kr/cache/recipe/2026/01/22/4e04b01f2a3b9b880ef2f5c3cfc6faea1.jpg?w=1000,,,
7070322,2,"물 800ml에 코인육수 1개, 재래식 된장 2숟가락 넣고 잘 풀어서 끓여준다.",https://recipe1.ezmember.co.kr/cache/recipe/2026/01/22/2f8af9aa0eeeff7690e6ab762d9179111.jpg?w=1000,,,
7070322,3,바글바글 끓어오르면 불린 미역과 두부를 넣고 더 끓인다.,https://recipe1.ezmember.co.kr/cache/recipe/2026/01/22/07fba83dcfbbe997193807c875449f6e1.jpg?w=1000,,,
7070322,4,"고춧가루 반숟가락 넣고 더 끓입니다. *고춧가루 안넣고 그대로 드셔도 되고, 취향껏 청양고추나 고춧가루 넣으셔서 칼칼하게 드셔도 됩니다^^",https://recipe1.ezmember.co.kr/cache/recipe/2026/01/22/3e5fee1f7de49a4563c066ac0fd8f6da1.jpg?w=1000,,,
7070322,5,고춧가루가 잘풀릴때까지 끓이면 완성!,https://recipe1.ezmember.co.kr/cache/recipe/2026/01/22/0c3a390d4c45fa0bd4a650102a33e6051.jpg?w=1000,,,
4145941,1,감자를 2등분으로 썬 다음 3~4조각의 웨지가 나오도록 썹니다.,https://recipe1.ezmember.co.kr/cache/recipe/2015/07/14/014a43d9681cbfa92de5acb0b2c4bd701.jpg,,,
4145941,2,물에 10분 정도 담구어 두었다가 키친타월에 대강 물기를 닦아 줍니다.,https://recipe1.ezmember.co.kr/cache/recipe/2015/07/14/d70e49dddc140ea9a5cc0962e93e1c661.jpg,,600,
4145941,3,"팬에 버터 10g, 기름 2큰술을 두르고 감자를 놓습니다. 버터 없으시면 기름을 한큰술 더 넣어 주세요.",https://recipe1.ezmember.co.kr/cache/recipe/2015/07/14/2466f8c82190ab9a0390f1b96b1c34711.jpg,,,
4145941,4,뚜껑 닫고 한면을 익힙니다. 한쪽면이 다 익으면 다른쪽 면도 익힌다음 감자 등쪽도 마저 익혀 주세요.,https://recipe1.ezmember.co.kr/cache/recipe/2015/07/14/7eb27e6bfa38296e9dd59580c75837591.jpg,,,
4145941,5,이제 부터는 소스를 만들어 볼까 합니다. 팬에 기름을 두른 후 다진마늘 1+ 1;/2큰술을 넣고 볶습니다. 마늘 향이 코끝을 찌르면 우유를 넣고 끓어 오르면 치즈를 넣고 졸여 줍니다. 다 졸여지면 베이컨을 뿌려 같이 섞어 줍니다.,https://recipe1.ezmember.co.kr/cache/recipe/2015/07/14/04c3ffe4b6a58293b5dba889cd1bee531.jpg,,,
4145941,6,웨지감자를 놓은 후 소스를 주르르 부어 주세요. 맛나게 드시면 Ok.,https://recipe1.ezmember.co.kr/cache/recipe/2015/07/14/892a4383a2042b0858cab55d9ea893641.jpg,,,
6910980,1,먼저 식빵과 치즈를 한 장당 이등분 해서 각각 4조각씩 만들어요.,https://recipe1.ezmember.co.kr/cache/recipe/2019/04/22/0d0c3fac7ef2de1cc25dee3d42c77fc31.jpg,,,
6910980,2,식빵 한쪽면에 딸기쨈->치즈 순으로 놓고 다른 식빵 조각을 덮어 줍니다.그 다음 베이컨으로 식빵 겉면을 돌돌 말아줍니다.,https://recipe1.ezmember.co.kr/cache/recipe/2019/04/22/ae4fb9ab3cfe0c556eb57856e363f49f1.jpg,,,
6910980,3,계란을 깨서 파슬리 가루와 섞어줍니다.소금간은 따로 하지 않았습니다,https://recipe1.ezmember.co.kr/cache/recipe/2019/04/22/a2fe690175dfca2c68f92215cbb5c02f1.jpg,,,
6910980,4,계란물로 샤워 해 줍니다.,https://recipe1.ezmember.co.kr/cache/recipe/2019/04/22/7f0c2f3a3a1f20e2803c171941d7f3a21.jpg,,,
6910980,5,"달궈진 팬에 올리브유를 두르고 식빵 앞면, 뒷면, 옆면을 노릇노릇하게 골고루 구워 줍니다.",https://recipe1.ezmember.co.kr/cache/recipe/2019/04/22/a9a787d00042d621865132f5b71a61ec1.jpg,,,
6910980,6,쨔자자자잔!!! 베이컨에그토스트 완성입니다.,https://recipe1.ezmember.co.kr/cache/recipe/2019/04/22/09740d20d8c89d405eb24970caaab5da1.jpg,,,
6910980,7,"한입 먹어보니 달달한 딸기잼과 고소한 치즈, 계란, 베이컨 조합이 넘나 맛있더라구요.정말 커피에다 맛있는 토스트 먹고 있으니 카페가 부럽지 않더라구요ㅎ",https://recipe1.ezmember.co.kr/cache/recipe/2019/04/22/9539e5468ec6b92c49c3c3e2f35c17181.jpg,,,
6837731,1,재료를 준비해주세요^^,https://recipe1.ezmember.co.kr/cache/recipe/2015/11/08/80346d6e7ad151522b084d8a049da1e51.jpg?w=1000,,,
6837731,2,후라이판에 기름 넣으시구 양파와 파를 넣고 볶아주세요^^,https://recipe1.ezmember.co.kr/cache/recipe/2015/11/08/6a8123328666314d84af66e1340e5fff1.jpg?w=1000,,,
6837731,3,계란을 하나 풀어서 스크램블 해주고여^^,https://recipe1.ezmember.co.kr/cache/recipe/2015/11/08/350cce91c01da1cc9cea3bdf96f3610f1.jpg?w=1000,,,
6837731,4,남은 야채도 넣어서 볶아주세요^^,https://recipe1.ezmember.co.kr/cache/recipe/2015/11/08/2642299a0c1092f0859c99b105aed76a1.jpg?w=1000,,,
6837731,5,밥을 넣고 굴소스 한숟가락 넣고 볶아주시고여^^,https://recipe1.ezmember.co.kr/cache/recipe/2015/11/08/1a247be06205fb0a4dac195bfc352c9b1.jpg?w=1000,,,
6837731,6,마지막으로 카레가루 한숟가락 넣어서 잘볶아주시면 되요^^,https://recipe1.ezmember.co.kr/cache/recipe/2015/11/08/545be9050dd24aa2564225faea6827ba1.jpg,,,
6837731,7,완성~^^,https://recipe1.ezmember.co.kr/cache/recipe/2015/11/08/8635992afb44422c607ac3f94e6a02991.jpg?w=1000,,,
6998777,1,"섬초는 손질해서 준비하고 끓는물에 굵은소금넣고 데쳐 줄게요 냄비 , 나무스푼",https://recipe1.ezmember.co.kr/cache/recipe/2023/03/13/ef83b5b7956a48dce8e0927d26ec01811.jpg,,,
6998777,2,흐르는 물로 재빨리 헹궈 열기 식히고 서너번 헹궈 줍니다 볼,https://recipe1.ezmember.co.kr/cache/recipe/2023/03/13/1966ba5c1ae22542d56cec5d273f24f31.jpg,,,
6998777,3,찬물에 5분 담궜다가 사용 할게요,https://recipe1.ezmember.co.kr/cache/recipe/2023/03/13/e5930100094abb0e0cf44f1caeb09fb21.jpg,,300,
6998777,4,"저염이라 더 좋은 찰보리고추장 듬뿍 1.5T 넣어요 다진마늘, 소금, 깨, 참기름넣고 양념 만들게요 요리용스푼",https://recipe1.ezmember.co.kr/cache/recipe/2023/03/13/04920fab922f48dd94e9e65849990e621.jpg,,,
6998777,5,섬초넣고 무쳐무쳐~~,https://recipe1.ezmember.co.kr/cache/recipe/2023/03/13/74e5de0b42b40e944dba6f84e2573c351.jpg,,,
6998777,6,조물조물 무쳐 줍니다 위생장갑,https://recipe1.ezmember.co.kr/cache/recipe/2023/03/13/b40cad3ac70a99c69445fda9c6ec31a71.jpg,,,
6843348,1,"돼지고기는 먹기좋게 길쭉하게 잘라 밑간해주세요. (돼지고기, 청주 1T, 생강가루 1/2t, 허브솔트 1/2T 넣고 버무려 10분간 재우기)",https://recipe1.ezmember.co.kr/cache/recipe/2016/02/19/954171ccd1d1ca38162262323db0600c1.jpg,,600,
6843348,2,"그동안 간장 3T, 설탕 1T, 올리고당 2T, 다진마늘 1/2T, 굴 소스 1T, 맛술 2T, 참기름 1T, 물 1/4컵 을 넣고 양념장을 만들어 줍니다",https://recipe1.ezmember.co.kr/cache/recipe/2016/02/19/2848faef22a579b73c178ad7a2484b2e1.jpg,,,
6843348,3,달군 팬에 식용유를 두르고 통마늘을 볶아주세요,https://recipe1.ezmember.co.kr/cache/recipe/2016/02/19/c7d374f51f7118f3940a34431dfa34d61.jpg,,,
6843348,4,어느정도 향이 올라오면 재워놓은 돼지고기를 넣어 마늘향이 스며들게 함께 볶아주세요,https://recipe1.ezmember.co.kr/cache/recipe/2016/02/19/67c6166016024d9c646b568ea85b08321.jpg,,,
6843348,5,섞어 놓은 양념장을 넣어 같이 볶아주세요,https://recipe1.ezmember.co.kr/cache/recipe/2016/02/19/64aebc30e4c877d9add95b5445bf92e61.jpg,,,
6843348,6,약불에서 뚜껑을 닫고 15분간 조려주세요,https://recipe1.ezmember.co.kr/cache/recipe/2016/02/19/f139893bf2b4c742b1751fdd813ba5611.jpg,약불,900,
6843348,7,양념장이 잘 스며들었다면 뚜껑을 열어 강불에서 국물이 남지 않게 더 조려주세요. 자박한 양념장들이 진득해져요.,https://recipe1.ezmember.co.kr/cache/recipe/2016/02/19/60f977a7bcc55be9383e92a45248ded91.jpg,강불,,
6843348,8,마지막으로 깨를 솔솔 뿌려주면 완성.~,https://recipe1.ezmember.co.kr/cache/recipe/2016/02/19/5fae65ee0790af878eb73cad4bf5b2721.jpg,,,
6831988,1,"부침용 두부를 준비, 깍둑썰기를 해줍니다. 키친타올을 이용해서 수분을 살짝 제거해주고요~",https://recipe1.ezmember.co.kr/cache/recipe/2015/08/15/e38750b392d3458fe7fc0c0de90a99531.jpg,,,
6831988,2,후라이팬에 아무것도 넣지 않은 상태로 두부만 먼저 넣어서 구워주기 시작합니다. 식용유없이 두부를 굽기 시작하면 물기가 쉽게 제거됩니다.,https://recipe1.ezmember.co.kr/cache/recipe/2015/08/15/88a612186ede1f6e1c655458c728cd8f1.jpg,,,
6831988,3,두부표면이 말라가는게 보이면 이때 식용유를 넉넉하게 넣어주고요.,https://recipe1.ezmember.co.kr/cache/recipe/2015/08/15/d37a92457f0ff3986dccf92a86dcb68f1.jpg,,,
6831988,4,두부를 앞뒤로 노릇노릇 구워줍니다. 한면을 오래도록 익혀서 쫄깃하게 만들어주세요.,https://recipe1.ezmember.co.kr/cache/recipe/2015/08/15/f2dd1e222b20840b965d65f16dccd30e1.jpg,,,
6831988,5,"두부가 구워지고 나면 잠시 식히는동안, 양파, 당근을 잘게 다져서 한스푼 정도씩 준비하고.. 아몬드슬라이스와 호두도 잘게 다져서 한스푼 정도씩 준비합니다.",https://recipe1.ezmember.co.kr/cache/recipe/2015/08/15/35e4574cdd046b41b83554f3300d85851.jpg,,,
6831988,6,다른 후라이팬을 하나 더 꺼내어 역시 아무것도 넣지 않은 상태에서 당근과 양파만 넣어서 볶아주기 시작합니다.,https://recipe1.ezmember.co.kr/cache/recipe/2015/08/15/d4be4802d854b54622720939f86e64ac1.jpg,,,
6831988,7,야채 수분을 날린다 생각하고 바싹 볶아주세요.,https://recipe1.ezmember.co.kr/cache/recipe/2015/08/15/c3fc129764cfdd7a7eb6baa93d09c3551.jpg,,,
6831988,8,"두부강정에 쓰일 양념을 준비, 후라이팬에 바로 넣어주세요.",https://recipe1.ezmember.co.kr/cache/recipe/2015/08/15/ebb7a9d0d49ef303b0c57dc4df2311f41.jpg,,,
6831988,9,가스불은 약하게 해두고 양념을 잘 섞어가며 한번 끓여줍니다.,https://recipe1.ezmember.co.kr/cache/recipe/2015/08/15/e6deef98b90f195679c48031c4caee431.jpg,,,
6831988,10,"미리 구워놓은 두부와 아몬드, 호두 다진거를 넣어주세요.",https://recipe1.ezmember.co.kr/cache/recipe/2015/08/15/a4f721d2eb20e849daa04c64a0cf00e31.jpg,,,
6831988,11,양념이 잘 섞이도록 볶아줍니다.,https://recipe1.ezmember.co.kr/cache/recipe/2015/08/15/0b4a422177d21d38f123f25ee764b20d1.jpg,,,
6831988,12,양념의 농도가 찐득해지는게 보이면 가스불을 끄고 깨를 뿌려서 마무리합니다. 그러면 두부강정이 완성됩니다.,https://recipe1.ezmember.co.kr/cache/recipe/2015/08/15/7319a56c1115c8497d6c00da158695981.jpg,,,
6904080,1,양송이 버섯은 꼭지를 제거하고 불순물을 털어 흐르느물에 살짝 씻어주세요,https://recipe1.ezmember.co.kr/cache/recipe/2019/01/11/37618932c6414ad760be04d826e5de641.jpg?w=1000,,,
6904080,2,닭가슴살을 잘게 다지고,https://recipe1.ezmember.co.kr/cache/recipe/2019/01/11/17314d6a6800d31446025d473f35fbc51.jpg?w=1000,,,
6904080,3,파프리카와 양파도 잘게 다져줍니다 피클이나 다른 채소들을 이용해도 좋아요~,https://recipe1.ezmember.co.kr/cache/recipe/2019/01/11/34efcd6b31bcab289ae29a255cf4fdb71.jpg?w=1000,,,
6904080,4,볼에 다진재료를 넣고 후추를 살짝 뿌려 간을 합니다,https://recipe1.ezmember.co.kr/cache/recipe/2019/01/11/92742ae9967bc4220fce8672927ca8661.jpg?w=1000,,,
6904080,5,양송이버섯 속에 다진재료들을 넣어주고,https://recipe1.ezmember.co.kr/cache/recipe/2019/01/11/67923d63bac1179fbdba479243d1c8be1.jpg?w=1000,,,
6904080,6,치즈를 잘라 올려줍니다 피자치즈를 이용해도 좋아요,https://recipe1.ezmember.co.kr/cache/recipe/2019/01/11/766bd1fa770e0ffd7fb4a006fc6df7851.jpg?w=1000,,,
6904080,7,전자레인지에 치즈가 녹을때까지 돌려주세요 전자레인지,https://recipe1.ezmember.co.kr/cache/recipe/2019/01/11/27b04e1a0ac27220e1d3b7a2f410f6771.jpg?w=1000,,,
6904080,8,한입에 쏙쏙 먹는재미도 있는 양송이 타파스 완성입니다,https://recipe1.ezmember.co.kr/cache/recipe/2019/01/11/6a8776a53df063fb302b64f598b621a91.jpg?w=1000,,,
7021205,1,"고추장 1, 고춧가루 2, 국간장 3, 액젓 2, 다진마늘 1, 후추 약간넣어서 양념장을 만들어줍니당 소스볼 , 조리용스푼",https://recipe1.ezmember.co.kr/cache/recipe/2024/03/03/49fadd8537b66d2f0aa4623129a0aa381.jpg,,,
7021205,2,"전골냄비에 콩나물깔고 느타리버섯, 팽이버섯도 깔아줍니당 전골냄비",https://recipe1.ezmember.co.kr/cache/recipe/2024/03/03/4f785c6b79d7077b98e2394e9c9dbe1d1.jpg,,,
7021205,3,그 위에 당면도 얹고,https://recipe1.ezmember.co.kr/cache/recipe/2024/03/03/6793930d5ca49bb57d74e467ea9aa9461.jpg,,,
7021205,4,소고기도 얹고,https://recipe1.ezmember.co.kr/cache/recipe/2024/03/03/5698d851ed783ac983ae1e86224b5ad21.jpg,,,
7021205,5,만들어둔 양념장 얹고 물 750ml 넣고 끓이면 ‼️끝‼️ 완전 초간단 맛있게 끓여지길 기다리기만 하면 됨 ✔️끓이면서 양념장이 잘 풀리게 풀어주세요 휙휙,https://recipe1.ezmember.co.kr/cache/recipe/2024/03/03/7e2550cfdbf494095ee55456d6340b261.jpg,,,
7021205,6,크으,https://recipe1.ezmember.co.kr/cache/recipe/2024/03/03/d4d132b76295de3e8728762e7f4cb4521.jpg,,,
7021205,7,고기가득 야채가득 넘나 내스탈 ✔️모자란 간은 맛소금이나 액젓으로 맞춰주세요,https://recipe1.ezmember.co.kr/cache/recipe/2024/03/03/393f150a89872354799ccfbc0c895eef1.jpg,,,
7021205,8,고기+콩나물+당면 다 내가 좋아하는거당 헿,https://recipe1.ezmember.co.kr/cache/recipe/2024/03/03/5dcd63337d5cb1545b2025ee4d84e81a1.jpg,,,
7021205,9,얼큰하게 먹으려고 청양고추도 썰어넣기,https://recipe1.ezmember.co.kr/cache/recipe/2024/03/03/91a2436aa254d684e0428274e8d803161.jpg,,,
7021205,10,소고기당면전골 완성!!! 평소에 좋아하시는 재료 가득 넣어 먹으면 좋을 거같아요! 재료준비만 해서 모두 넣고 끓이기만 하면되니 넘 쉽져 맛있게 끓여드세요,https://recipe1.ezmember.co.kr/cache/recipe/2024/03/03/d7d5fab6ffef77179f0e5dc2970147ab1.jpg,,,
6998798,1,"달군 팬에 기름을 두르고 다진 닭가슴살을 볶아줍니다. 닭가슴살 40g, 식용유 1큰술 볶음팬 , 요리스푼",https://recipe1.ezmember.co.kr/cache/recipe/2023/03/13/dc427d04fb4993bfc437e95afdfefadf1.jpg,,,
6998798,2,"닭가슴살이 익으면 잠시 불을 끄고 다진 마늘 1큰술, 물 1작은술, 청주 1작은술, 올리고당 1작은술, 후춧가루 약간, 된장 1작은술, 고추장 1작은술을 넣은 후 다시 불을 켜고 잘 섞어가며 조려줍니다. 다진 마늘 1큰술, 물 1작은술, 청주 1작은술, 올리고당 1작은술, 후춧가루 약간, 된장 1작은술, 고추장 1작은술",https://recipe1.ezmember.co.kr/cache/recipe/2023/03/13/d9858c0cd2b20a721bbc52130f653c4d1.jpg,,,
6998798,3,"볼에 밥을 담은 후 통깨 1작은술, 참기름 1작은술, 소금 약간을 넣어 잘 섞어줍니다. 밥 1공기, 통깨 1작은술, 참기름 1작은술, 소금 약간 믹싱볼",https://recipe1.ezmember.co.kr/cache/recipe/2023/03/13/36995275b3cf033125c1cca152094b671.jpg,,,
6998798,4,양념한 밥을 둥글게 뭉쳐준 후 상추로 감싸줍니다. 상추 1장 위생장갑,https://recipe1.ezmember.co.kr/cache/recipe/2023/03/13/c958b9dc3fd165447dd1d3d40354ec431.jpg,,,
6998798,5,만들어놓은 닭가슴살 쌈장을 올려줍니다.,https://recipe1.ezmember.co.kr/cache/recipe/2023/03/13/231346e0fc341d701ee2fd0e4c0d30751.jpg,,,
6831876,1,먼저 두부는 물기를 따라내고 숫가락으로 대충 으깨 주시구요.,https://recipe1.ezmember.co.kr/cache/recipe/2015/08/13/60be2680885610b78aa03f409ad406851.jpg,,,
6831876,2,카레한스푼 반을 넣고,https://recipe1.ezmember.co.kr/cache/recipe/2015/08/13/c2131023421e3eed40f3b84d8041bf7b1.jpg,,,
6831876,3,우유를 5스푼 넣고 섞어 줍니다.,https://recipe1.ezmember.co.kr/cache/recipe/2015/08/13/dbbd6217781a279d212a88864d56308f1.jpg,,,
6831876,4,기름을 두르지 않은 후라이팬에 3의 재료를 넣고 볶아줍니다 기름을 두르면 칼로리가 올라가니까요 ㅋㅋ 눌러붙지 않는 후라이팬을 사용 하세요 아님 기름을 최소한으로 둘러주세요,https://recipe1.ezmember.co.kr/cache/recipe/2015/08/13/e35422ad8e5fc0d250d60fd55eb163bb1.jpg,,,
6831876,5,어느정도 볶다가 밥 반공기 투하 -,https://recipe1.ezmember.co.kr/cache/recipe/2015/08/13/74485d3133c930928c38151d160e50b01.jpg,,,
6831876,6,모냥새를 위해 부추도 조금 넣어줬어요 호박이나 파를 잘게 다져 넣어주셔도 됩니다 카레가루가 들어가기때문에 따로 간은 하지 않아도 되요~ 싱겁게 느껴지시는분들은 소금을 조금 넣어주세요,https://recipe1.ezmember.co.kr/cache/recipe/2015/08/13/9d49bb8a643e5fd6ac9d05e9469031641.jpg,,,
6880341,1,"감자 먹기 좋은 크기로 썰어주고 양파는 채 썰어준다 대파,고추 어슷 썰어 준비합니다",https://recipe1.ezmember.co.kr/cache/recipe/2017/12/01/e0d6cf454132ae6c27a47b21af1c5f801.jpg?w=1000,,,
6880341,2,먹기 좋게 썬 감자 냄비에 담아요,https://recipe1.ezmember.co.kr/cache/recipe/2017/12/01/59e2605372f8e03386745cac954596c71.jpg?w=1000,,,
6880341,3,"양파,참치 담고 (참치 국물 선택)",https://recipe1.ezmember.co.kr/cache/recipe/2017/12/01/8c48c33f9fb45eace76d81a7dcf942e71.jpg?w=1000,,,
6880341,4,"대파,고추 얹어줍니다",https://recipe1.ezmember.co.kr/cache/recipe/2017/12/01/b70eeb8014fbc4dff69ae4f4d5c701c31.jpg?w=1000,,,
6880341,5,분량의 양념을 모두 볼에 담고 물 조금 부은 후,https://recipe1.ezmember.co.kr/cache/recipe/2017/12/01/7bc997222aee644d7c8968591aeed91a1.jpg?w=1000,,,
6880341,6,양념을 골고루 섞어줍니다,https://recipe1.ezmember.co.kr/cache/recipe/2017/12/01/2d99e7d6b60dcc44083d4c68373737ef1.jpg?w=1000,,,
6880341,7,물 또는 육수 2.5 컵(종이컵) 정도 부어주고 준비한 양념을 골고루 얹어주세요,https://recipe1.ezmember.co.kr/cache/recipe/2017/12/01/8423a20c8b82851b07073e806ed480541.jpg?w=1000,,,
6880341,8,센불에서 보글보글 끓여 주다가,https://recipe1.ezmember.co.kr/cache/recipe/2017/12/01/d58fe2ae2972605f0e9f0f8a6ade0fb51.jpg?w=1000,강불,,
6880341,9,약불로 자박하게 졸여주면 완성입니다,https://recipe1.ezmember.co.kr/cache/recipe/2017/12/01/e19b7aa54541d200490cda904e4d07cd1.jpg?w=1000,약불,,
6894872,1,먼저 식빵을 가위로 잘게 잘라 줍니다.,https://recipe1.ezmember.co.kr/cache/recipe/2018/08/27/723c5067ddad0cc5ecf493b570b5e8111.jpg,,,
6894872,2,"양파,햄,캔옥수수등 토핑재료도 잘게 썰어 준비합니다 토핑재료는 버섯이나 파프리카등 본인 기호에 맞게 추가해주세요",https://recipe1.ezmember.co.kr/cache/recipe/2018/08/27/02dcd2764cd36eccea2a217b50de61681.jpg,,,
6894872,3,"머그컵 밑부분에 식빵을 깔아 주고 그 위에 양파,햄,콘옥수수를 깔아 줍니다.",https://recipe1.ezmember.co.kr/cache/recipe/2018/08/27/767fbfe3806bfec2d3430e4505659d1d1.jpg,,,
6894872,4,토마토 스파게티 소스를 골고루 펴 발라주시고 모짜렐라 치즈를 올리고 파슬리가루 솔솔 뿌려줍니다. 이 상태로 전자렌지에서 치즈가 녹을때까지 약 2-3분 돌려주심 끝! 전자레인지,https://recipe1.ezmember.co.kr/cache/recipe/2018/08/27/40957a80d35ee757e44e3ef6bac288fd1.jpg,,180,
6894872,5,냉파요리로 좋은 5분완성 떠먹는 컵피자 완성입니다^^,https://recipe1.ezmember.co.kr/cache/recipe/2018/08/27/2f2dbd9ee02f2437a4785751eae6bf6a1.jpg,,300,
6894872,6,"한입 먹어보니 고소한 치즈에 스파게티 소스,토핑 재료들이 한데 어우려져 넘 맛있어요!특히 냉장고속 자투리 재료들을 맛있게 처리할수 있어 참 좋습니다!",https://recipe1.ezmember.co.kr/cache/recipe/2018/08/27/21367b4c79147e8eae3df5a9386577511.jpg,,,
6874797,1,"마늘은 밑둥 부분을 칼로 잘라주시고 먹기좋은 크기로 잘라주시면 되는데요, 저는 반정도만 잘라주고 좀 더 큰건 세번정도 나눠서 잘라 준비해줬어요",https://recipe1.ezmember.co.kr/cache/recipe/2017/08/16/16fa742cc5f84bb9c0962b7f2e78bb061.jpg,,,
6874797,2,그리고 팬에 식용유 2큰술 정도 둘러주시고 마늘 겉면이 노릇노릇해질 정도로 볶아주세요 ~,https://recipe1.ezmember.co.kr/cache/recipe/2017/08/16/9ad90a0d0f658da0be911c0653de4cb21.jpg,,,
6874797,3,마늘 겉면이 노릇하게 변하면 참기름을 제외한 나머지 분량의 양념을 넣어주시면 되요 물 3큰술,https://recipe1.ezmember.co.kr/cache/recipe/2017/08/16/268e0b0a7cb70787365ce5d147f50df61.jpg,,,
6874797,4,간장 3큰술,https://recipe1.ezmember.co.kr/cache/recipe/2017/08/16/f8ab4e128fb3ef546154c4416b29de501.jpg,,,
6874797,5,꿀 1.5큰술을 넣어주세요 단거 싫어하시면 1큰술만 넣으셔도되요,https://recipe1.ezmember.co.kr/cache/recipe/2017/08/16/030bc695ad33dc04d4830a0a944a9d0d1.jpg,,,
6874797,6,그리고 마늘에 색이 어느정도 베일정도로 졸여주세요,https://recipe1.ezmember.co.kr/cache/recipe/2017/08/16/457013e6188758c5ce5e75be8e27e86c1.jpg,,,
6874797,7,양념이 어느정도 졸아들었을때 마지막 참기름 1/2큰술을 넣고 통깨 톡톡 뿌려 마무리 해주시면 된답니다 ^^,https://recipe1.ezmember.co.kr/cache/recipe/2017/08/16/b5a60afe3e0e5c3f258fed28e01cff471.jpg,,,
6874797,8,통깨 톡톡 뿌려 마무리 해주시면 된답니다 ^^,https://recipe1.ezmember.co.kr/cache/recipe/2017/08/16/f17772ccc0e412d4a024525d025b0e6d1.jpg,,,
7007929,1,깨끗이 씻은 오이는 얇게 썰어 줍니다. 오이가 얇을수록 수분이 빠져서 오독오독하니 식감도 좋고 맛있더라고요,https://recipe1.ezmember.co.kr/cache/recipe/2023/08/11/681455beaa9170a5ead7ce4614b52db51.jpg,,,
7007929,2,얇게 썬 오이는 소금 1 작은 술을 넣고 골고루 무쳐 20분 정도 절여 줍니다.,https://recipe1.ezmember.co.kr/cache/recipe/2023/08/11/f1632a4a64c841357cfc2168630b979d1.jpg,,1200,
7007929,3,소고기는 70g쯤 되는 양인데요. 채 썬 소고기 말고 다진 소고기를 준비해도 됩니다,https://recipe1.ezmember.co.kr/cache/recipe/2023/08/11/fd1babe39c8b869c5b47b18c20b2d3f31.jpg,,,
7007929,4,대파 흰 대 부분은 다져서 1/2 큰 술 준비합니다.,https://recipe1.ezmember.co.kr/cache/recipe/2023/08/11/4dece57d627a77eb82464b1b6b8c62ed1.jpg,,,
7007929,5,마늘은 다져서 1 큰 술 준비합니다.,https://recipe1.ezmember.co.kr/cache/recipe/2023/08/11/63c1645e190bc05507ff23f4b38721581.jpg,,,
7007929,6,"소고기에 다진 대파 1/2 큰 술, 설탕 1/2 큰 술, 진간장 1 큰 술, 맛술 1 큰 술, 후춧가루 조금 넣고 골고루 무쳐 재워 놓습니다. 대파 1/2 큰 술, 설탕 1/2 큰 술, 진간장 1 큰 술, 맛술 1 큰 술, 후춧가루 조금",https://recipe1.ezmember.co.kr/cache/recipe/2023/08/11/5205736a549174d074a1b21622be6cc11.jpg,,,
7007929,7,20 분 절인 오이에서 물이 많이 나왔지요.,https://recipe1.ezmember.co.kr/cache/recipe/2023/08/11/1bfa58317e4edfd34e9e923a565c9fcb1.jpg,,1200,
7007929,8,요건 헹구지 말고 그대로 물기만 최대한 꼭 짜서 준비합니다,https://recipe1.ezmember.co.kr/cache/recipe/2023/08/11/1fb3d34076f31c4d18a6a1bee6f59c4e1.jpg,,,
7007929,9,팬에 식용유 1 큰 술을 넣고 향이 오르게 마늘을 볶아 줍니다,https://recipe1.ezmember.co.kr/cache/recipe/2023/08/11/4384896ea177530f87edc1671e782e6e1.jpg,,,
7007929,10,양념에 재워둔 소고기를 넣고 완전히 익도록 볶아 줍니다,https://recipe1.ezmember.co.kr/cache/recipe/2023/08/11/a86b70e1d0039cd66e7f89bf352c1e511.jpg,,,
7007929,11,소고기가 다 익으면 소금에 절여 물기 꼭 짠 오이를 넣고요,https://recipe1.ezmember.co.kr/cache/recipe/2023/08/11/44c80567a94894a6670f518c56f5e5631.jpg,,,
7007929,12,오이와 소고기를 섞이도록 골고루 볶아줍니다. 오이 절일때 소금을 넣었고 헹구지않고 물기만 짰고 소고기에 양념도 되어있어서 추가 간을 하지않아도 됩니다. 혹시 간을 보시고 모자라면 소금 조금 넣어주세요,https://recipe1.ezmember.co.kr/cache/recipe/2023/08/11/ad7bb9a40f752f636e8b605e069986b11.jpg,,,
7007929,13,참기름 1/2 큰 술을 넣고요,https://recipe1.ezmember.co.kr/cache/recipe/2023/08/11/20fdba60d3e88a932d42679ea328b5de1.jpg,,,
7007929,14,통깨 1 큰 술을 넣고 골고루 섞어 마무리합니다.,https://recipe1.ezmember.co.kr/cache/recipe/2023/08/11/8ef489e48b808424bc4c6f4d9557558b1.jpg,,,
7007929,15,"오이 소고기볶음, 소고기 오이볶음 완성입니다.",https://recipe1.ezmember.co.kr/cache/recipe/2023/08/11/442e4d810867f183ed005aee5938188e1.jpg,,,
6989786,1,"양파, 당근은 잘게 썰어 준비하고 대파, 홍고추는 송송 썰어주세요 야채는 냉장고 사정에 맞게 준비합니다",https://recipe1.ezmember.co.kr/cache/recipe/2022/10/18/9fd1db0ed59e09daae62808c47ef8ff21.jpg?w=1000,,,
6989786,2,"고추장 2큰술, 고춧가루 4큰술, 진간장 2큰술, 된장 1/2 작은술, 다진마늘 1.5큰술, 설탕 1.5큰술 모두 잘 섞어주세요.",https://recipe1.ezmember.co.kr/cache/recipe/2022/10/18/c97965e50db9bfa107c4518deb65fa421.jpg?w=1000,,,
6989786,3,"팬에 기름 넉넉히 두른 후 예열 후 대파를 넣어 파기름을 내어줍니다. 볶아가 양파도 추가로 넣어 볶아주세요. 당근, 홍고추 넣어 모두 볶아냅니다.",https://recipe1.ezmember.co.kr/cache/recipe/2022/10/18/6075f17a6352207bd26d995d5aaa945b1.jpg?w=1000,,,
6989786,4,다진돼지고기 넣은 후 맛술 2큰술 넣어 볶아주세요.,https://recipe1.ezmember.co.kr/cache/recipe/2022/10/18/c154e032c8270a26a08c4feb2ec426051.jpg?w=1000,,,
6989786,5,고기의 붉은기가 사라지면 양념장을 넣어 볶다가 쌀뜨물 1컵을 넣어 센불에서 바글바글 끓여줍니다,https://recipe1.ezmember.co.kr/cache/recipe/2022/10/18/f2165a5e252be3332d3b6542d4f10c581.jpg?w=1000,강불,,
6989786,6,"순두부 뚝뚝 썰어 넣은 후 뚜껑을 덮은 후 약불에서 1~2분 더 익혀주면 완성입니다. 마지막으로 참기름 1큰술, 통깨 솔솔 뿌려줍니다~",https://recipe1.ezmember.co.kr/cache/recipe/2022/10/18/eaaff6d0f2a03600b7b6db0aafadd5591.jpg?w=1000,약불,120,
6887551,1,밥에 소금과 후추로 밑간을 해줍니다.,https://recipe1.ezmember.co.kr/cache/recipe/2018/04/19/ca88adc3845379aff4574500b69c6bd11.png,,,
6887551,2,참기름과 깨를 약간 넣고 먹기 좋은 크기로 뭉쳐줍니다.,https://recipe1.ezmember.co.kr/cache/recipe/2018/04/19/9e0e2fb1536f0a9466e29ac2c5938ec21.png,,,
6887551,3,슬라이스 치즈를 반으로 칼집을 내어 주세요.,https://recipe1.ezmember.co.kr/cache/recipe/2018/04/19/8cb8c39dbf40c6011069c29ee389e98b1.png,,,
6887551,4,"베이컨을 깔고 그 위로 치즈,밥을 올리고 말아줍니다.",https://recipe1.ezmember.co.kr/cache/recipe/2018/04/19/9cfd81b4505c2120fab93156323100871.png,,,
6887551,5,팬에 돌돌 돌려가면서 노릇하게 구워줍니다.,https://recipe1.ezmember.co.kr/cache/recipe/2018/04/19/15413b273c330d862c12ce506eab1f201.png,,,
6887551,6,접시에 담으면 베이컨치즈 밥말이 완성~~!!,https://recipe1.ezmember.co.kr/cache/recipe/2018/04/19/d72ead831b5f92ad08b29d1cf14067681.png,,,
1135209,1,먼저 호두(70g)는 칼로 잘게 다지고..... 다소 시간을 많이 잡아 먹는 부분이죠...ㅋㅋ 호두를 칼로 잘게 다지는 시간이 생각보다 많이 걸릴 수 있어요... 블랜더로 기름기가 나오지 않는 선(?)까지 보슬보슬하게 갈아 주셔도 좋아요....,https://recipe1.ezmember.co.kr/cache/recipe/2016/08/12/400ca9261bce0e226fe939ffef0e07db1.jpg,,,
1135209,2,달걀흰자(1개분)에 설탕(40g)을 넣고.....,https://recipe1.ezmember.co.kr/cache/recipe/2016/08/12/2a613a84e95f7b05763be59e9343aabc1.jpg,,,
1135209,3,거품기를 이용해서 저어주기....... 살짝만 저어주면 금세 이렇게 설탕이 녹으면서 뿌옇게 변해요~~,https://recipe1.ezmember.co.kr/cache/recipe/2016/08/12/fc10767feb457a8b92203b95705761931.jpg,,,
1135209,4,호두 다진것과 밀가루(1큰술)을 넣고......,https://recipe1.ezmember.co.kr/cache/recipe/2016/08/12/4211cf0825b5ba2741273ac643122d5e1.jpg,,,
1135209,5,그냥 섞어주기만 하면 이런 상태가 되지요....,https://recipe1.ezmember.co.kr/cache/recipe/2016/08/12/fe97d9883c6a69a1bfb1d09ef0d9a4a11.jpg,,,
1135209,6,반죽을 숟가락을 이용해서 둥글넙적하게 펴주고.... 이때 주의할 건... 아무리 오븐 팬이 좋다고 하더라도~~ 이 얇고 바삭한 비스킷을 구울 때는 그냥 오븐팬 바닥에 굽지 말고.. 반드시 테프론 시트(실리콘 페이퍼)나 종이호일 같은 것을 깔고 구우시라는 거.....,https://recipe1.ezmember.co.kr/cache/recipe/2016/08/12/1f5b3a5be5be2ec0a6e803e0158a4a0b1.jpg,,,
1135209,7,170도로 미리 예열한 오븐에 넣고 15~18분 정도 구워주면 끝..... 오븐,https://recipe1.ezmember.co.kr/cache/recipe/2016/08/12/0fd57ee13a8650d2df7b141f6b5d30cc1.jpg,,1080,
6930572,1,"감자를 담은 볼에 물을 약간 넣고, 랩핑하여 전자레인지에 9분 돌립니다. 전자레인지",https://recipe1.ezmember.co.kr/cache/recipe/2020/04/13/15c78cdadf88d268c7e692d3a52ab6db1.jpg?w=1000,,540,
6930572,2,익은 감자를 으깨 준비해 주세요.,https://recipe1.ezmember.co.kr/cache/recipe/2020/04/13/1484c98a021075288c24db07492d2fd21.jpg?w=1000,,,
6930572,3,"박력분과 소금, 설탕을 한데 섞고",https://recipe1.ezmember.co.kr/cache/recipe/2020/04/13/95f8f74655d9deb92fa534edd7acce051.jpg?w=1000,,,
6930572,4,오일을 넣어 부슬부슬하게 섞어 줍니다.,https://recipe1.ezmember.co.kr/cache/recipe/2020/04/13/cb477609db61e658b7b5e95ba963bb681.jpg?w=1000,,,
6930572,5,반죽에 으깬감자를 넣고 섞어주며 재료가 한 덩어리가 되도록 뭉치듯 반죽합니다.,https://recipe1.ezmember.co.kr/cache/recipe/2020/04/13/01c9958d66f956a050b9031495c33c411.jpg?w=1000,,,
6930572,6,반죽에 종이호일을 깔고 밀대로 밀어 얇게 펴주세요.,https://recipe1.ezmember.co.kr/cache/recipe/2020/04/13/10b672625d75c17ee6784107ffe2f13c1.jpg?w=1000,,,
6930572,7,반죽을 원하는 형태로 잘라 팬닝 합니다.,https://recipe1.ezmember.co.kr/cache/recipe/2020/04/13/a2e1bbccbfa0dab15fceb1ba7829b0de1.jpg?w=1000,,,
6930572,8,팬닝한 반죽에 포크로 구멍을 내고 설탕을 뿌려주세요.,https://recipe1.ezmember.co.kr/cache/recipe/2020/04/13/90a6edb77972e6f4cd227315d9a74b791.jpg?w=1000,,,
6930572,9,170도 예열된 오븐에서 15-20분 가량 구워 냅니다. [오븐 사양마다 차이가 있으니 구움색을 반드시 확인합니다.] 오븐,https://recipe1.ezmember.co.kr/cache/recipe/2020/04/13/273666f86935102c837ef7d658100da81.jpg?w=1000,,1200,
6900423,1,두부반모를 준비합니다,https://recipe1.ezmember.co.kr/cache/recipe/2018/11/19/ee338b67fa3faf46fe06c9bd2828e8d51.jpg?w=1000,,,
6900423,2,좀작은듯 깍두기모양으로 썰어줍니다,https://recipe1.ezmember.co.kr/cache/recipe/2018/11/19/0f765d6e9b3c5a24009082675b6110e51.jpg,,,
6900423,3,볼에넣고 끓인물을 부어줍니다~ 5분정도 담구어 주었다가 채반에 물기를 빼줍니다,https://recipe1.ezmember.co.kr/cache/recipe/2018/11/19/b0411e28e9c784617348f57c494d27171.jpg?w=1000,,300,
6900423,4,달걀을 5개정도 깨주시고 소금조금넣고 잘섞어주신다음 가위로 잘라주세요,https://recipe1.ezmember.co.kr/cache/recipe/2018/11/19/521b30934a59d310f4bd10d39ae93f4b1.jpg?w=1000,,,
6900423,5,크래미 한봉지를 적당한 크기로 찢어주세요,https://recipe1.ezmember.co.kr/cache/recipe/2018/11/19/cbf9fd1f73e071d1b1b73936561a00601.jpg?w=1000,,,
6900423,6,양파기름 2스푼을 넣고 바로두부를 넣고 살살 볶아줘요,https://recipe1.ezmember.co.kr/cache/recipe/2018/11/19/a147c3d1a39a4e2dfc0be13a48441df61.jpg?w=1000,,,
6900423,7,2분정도 두부볶으시다가 그위에 크래미와 당근을 넣고 볶아줍니다 다른야채를 넣고 하셔도 되요,https://recipe1.ezmember.co.kr/cache/recipe/2018/11/19/ce3f541e887bad90a4befe8f54e142fe1.jpg,,120,
6900423,8,살살볶으신거에 풀어놓은 달걀물을 부어주세요,https://recipe1.ezmember.co.kr/cache/recipe/2018/11/19/e1e0f00703a7d9ace4da9f564409f1071.jpg,,,
6900423,9,불은 중불로 낮추시고 후추가루를 조금뿌리신다음 살살 저어가면서 볶아주세요 이때 소금을 살짝뿌려주세요,https://recipe1.ezmember.co.kr/cache/recipe/2018/11/19/a71f82ec9ca05e76ef6234ad54bd80e11.jpg,중불,,
6900423,10,달걀물이 다 익으면 불을 끄시고 참기름조금과 통깨로 마무리 합니다,https://recipe1.ezmember.co.kr/cache/recipe/2018/11/19/0daec707338908ef4581dec09ebdcf9a1.jpg,,,
7073021,1,재료 준비,https://recipe1.ezmember.co.kr/cache/recipe/2026/03/13/25c61a64820d38e026c27ae23a044aaa1.jpg,,,
7073021,2,계란 1개는 풀어 주시고 대파는 씻어 준비해 주세요. 떡국떡은 물에 두어 번 씻고 냉동이라면 10분 정도는 담가 두셔야 부드러워요.,https://recipe1.ezmember.co.kr/cache/recipe/2026/03/13/c374c39faca76912190d395df7d455201.jpg,,600,
7073021,3,냄비에 식용유 1T 넣고 대파를 넣어 향이 날 정도만 볶아주세요.,https://recipe1.ezmember.co.kr/cache/recipe/2026/03/13/bcdd08eff38f1e551f3b5e3f9096f5cf1.jpg,,,
7073021,4,고춧가루 1T를 넣어 약불로 타지 않게 가볍게 볶아주세요.,https://recipe1.ezmember.co.kr/cache/recipe/2026/03/13/63e5dbe1964b6b0003cc2d8d3f54c3b11.jpg,약불,,
7073021,5,"코인 육수 1개, 물 450ml를 넣고 팔팔 끓여주세요. 국물을 많이 안 드신다면 물은 400ml 넣어주셔도 좋아요.",https://recipe1.ezmember.co.kr/cache/recipe/2026/03/13/a0dfc99d6781c33740b15d4edcea96541.jpg,,,
7073021,6,물이 끓으면 떡국떡을 넣고 3~4분 정도 끓여주시면서 간을 해주시면 돼요. 중간에 떡이 눌어붙지 않게 가끔 저어주세요.,https://recipe1.ezmember.co.kr/cache/recipe/2026/03/13/bc20d15d0e8c6f6485f6357f2b2c89301.jpg,,240,
7073021,7,"국간장 0.5T, 참치 액젓 0.5T, 다진 마늘 0.3T를 넣어주세요. 부족한 간은 소금으로 국간장 대신 참치 액젓만도 참치 액젓 대신 국간장만도 좋아요.",https://recipe1.ezmember.co.kr/cache/recipe/2026/03/13/cb8b28630fc6c2b037d7aa696ae93a2a1.jpg,,,
7073021,8,계란 물을 둘러 넣어주고 바로 젓지 마시고 두셔야 국물이 깔끔해요. 오래 끓이지 말고 끓어오르면 불을 꺼주세요.,https://recipe1.ezmember.co.kr/cache/recipe/2026/03/13/e20c3277bea356eef5a687b452a8a2c81.jpg,,,
7073021,9,기호에 따라 후추를 넣고 가볍게 섞어주시면 매콤하게 즐기는 얼큰 떡국 완성이에요.,https://recipe1.ezmember.co.kr/cache/recipe/2026/03/13/82fa089a5514c35b1f9ffc3ec51c2c5e1.jpg,,,
7053625,1,"볼에 삶은 고구마는 껍질을 까서 으깨고 우유1/3컵를 넣고 고구마무스로 부드럽게 만들어줍니다. 믹싱볼 , 스푼",https://recipe1.ezmember.co.kr/cache/recipe/2025/05/25/37ed50e30e200cba8ddadca614f065191.jpg,,,
7053625,2,우유는 한번에 다 넣지 말고 고구마가 골고루 흡 수할 수 있도록 조금 씩 나눠서 넣어줍니다.,https://recipe1.ezmember.co.kr/cache/recipe/2025/05/25/6991b33b4f01556422137274980836e01.jpg,,,
7053625,3,"계란1개는 잘 풀어줍니다. 볼 , 스푼",https://recipe1.ezmember.co.kr/cache/recipe/2025/05/25/8df90343c05917f18175ebe3c9f1eff91.jpg,,,
7053625,4,토르띠야 위에 고구마무스를 펴 발라줍니다.가장 자리를 1~2cm남겨 줍니다.,https://recipe1.ezmember.co.kr/cache/recipe/2025/05/25/f056dacf109df5d4349996b0d9f461b71.jpg,,,
7053625,5,고구마무스 위에 모차렐라치즈 120g을 올리고,https://recipe1.ezmember.co.kr/cache/recipe/2025/05/25/6eba51453afd974b126484c029b4ac291.jpg,,,
7053625,6,계란물로 토르티야 테두리를 발라줍니다.,https://recipe1.ezmember.co.kr/cache/recipe/2025/05/25/25be30fe8eed6e3e706c753fc7748d8e1.jpg,,,
7053625,7,새 토르티야 한장을 덮어줍니다. 이때 계란물이 접착 제 역할을해서 토르 티야가 붙도록 꾹꾹 눌러서 고구마파이 모양을 만들어줍니다.,https://recipe1.ezmember.co.kr/cache/recipe/2025/05/25/66d063e4c8fba874a862ea72f5f5aa901.jpg,,,
7053625,8,남은 계란물을 토르띠야 위에 발라줍니다.,https://recipe1.ezmember.co.kr/cache/recipe/2025/05/25/216e77eb257e2f00498bcb9a3ec324bb1.jpg,,,
7053625,9,"에어프라이어 에180도 6~7분 구워줍니다. 종이호일 , 에어프라이어",https://recipe1.ezmember.co.kr/cache/recipe/2025/05/25/74ecb818d51248cdea83997f776ebd171.jpg,,420,
7053625,10,"예열된 오븐에 180도 5분, 프라이팬은 달군 후 앞뒤로 2분씩 약불 에서 구워줍니다.",https://recipe1.ezmember.co.kr/cache/recipe/2025/05/25/266fd94f144b259e411aa5eba5bb2ec41.jpg,약불,300,
7053625,11,초간단 고구마파이 완성! 접시,https://recipe1.ezmember.co.kr/cache/recipe/2025/05/25/b7c5ce371d48d57c6f8e582c50f3d4e11.jpg,,,
7053625,12,바삭한 토르티야에 촉촉 하고 부드러운 고구 마우스와,https://recipe1.ezmember.co.kr/cache/recipe/2025/05/25/2c0fc0f19089d4692e179220d66890741.jpg,,,
7053625,13,쭉~늘어 나는 모차렐라 조합 이 맛이 없을 수 없어요.,https://recipe1.ezmember.co.kr/cache/recipe/2025/05/25/6508ff789ebf7f58d44f556c552cc46a1.jpg,,,
6894538,1,"먼저 볼에 계란2개, 참치 2T 넣고 대파는 가위로 쫑쫑 썰어 줍니다. T:성인 숟가락 기준",https://recipe1.ezmember.co.kr/cache/recipe/2018/08/22/5cdfd7e49ba38827e2f633027b6f9ec31.jpg,,,
6894538,2,"계란과 참치, 대파를 골고루 잘 섞어 줍니다. 이따 간장으로 간을 할 거라서 따로 소금간은 하지 않으셔도 됩니다.",https://recipe1.ezmember.co.kr/cache/recipe/2018/08/22/d17d0501029e9349c75a925f2e348ed91.jpg,,,
6894538,3,달궈진 팬에 기름 살짝 두르고 방금 만든 참치계란물로 스크램블 에그를 만듭니다.,https://recipe1.ezmember.co.kr/cache/recipe/2018/08/22/d02fcfa6632bbf7bff0aa7304067a8ec1.jpg,,,
6894538,4,"넓은 그릇에 밥1공기,방금 만든 스크럼블 에그 간장, 참기름,깨를 넣고 잘 비벼주시면 끝!",https://recipe1.ezmember.co.kr/cache/recipe/2018/08/22/c081b6fa7803f64232127c632e7ec0401.jpg,,,
6894538,5,바쁜 출근길 한끼 식사로 추천 드리고 싶은 초초간단 '참치계란간장밥'완성입니다.,https://recipe1.ezmember.co.kr/cache/recipe/2018/08/22/e558b6c55ebb9a4560d172cefacd4f681.jpg,,,
6894538,6,"한입 먹어보니 참치와, 깨, 참기름의 고소한 맛에 대파향이 어우러져 넘 맛있어요",https://recipe1.ezmember.co.kr/cache/recipe/2018/08/22/4d9e7b282fdef8a0d3b283ed20b975211.jpg,,,
6739157,1,파스타면을 제일 먼저 삶습니다. 물을 넉넉하게 담아 끓여주시고 파스타를 넣어주세요. 7분 : 단단한 식감을 원할때 8분 : 쫄깃하고 탄력있는 식감 9분 : 부드럽고 통통한 면을 원할때,https://recipe1.ezmember.co.kr/cache/recipe/2015/05/06/aa4f0eef67623b3c27b27abc6eb7fda51.jpg,,420,
6739157,2,"마늘은 편으로 썰고 양파도 적당히, 고추도 얇게 썰어주세요. 특히 고추는 얇게 썰어주셔야 입에서 겉돌지 않고 면에 착착 감깁니다.",https://recipe1.ezmember.co.kr/cache/recipe/2015/05/06/a6e784f322e226a432555b36c8a127211.jpg,,,
6739157,3,"간장 2숟갈, 굴소스 1숟갈, 맛술 1숟갈, 다진마늘 1숟갈, 후추약간을 넣어 소스를 만들어주세요. 다 삶아진 면은 건져서 올리브유를 살짝 넣어 비벼놓으시면 됩니다.",https://recipe1.ezmember.co.kr/cache/recipe/2015/05/06/b1b66d7c336a9aa484d770db140964cb1.jpg,,,
6739157,4,재료 준비가 끝났다면 기름을 두른팬에 마늘과 고추를 먼저 넣어 볶아 향을 내주세요. 그다음 양파도 넣어주세요.,https://recipe1.ezmember.co.kr/cache/recipe/2015/05/06/0707d63d02a855009d22afe031c508ac1.jpg,,,
6739157,5,"차돌박이까지 넣어 반 정도 볶은뒤, 면을 넣고 미리 만들어둔 소스를 넣고 함께 볶아주시 면됩니다. 소스는 입맛에 따라 약간씩 넣으며 가감하세요.",https://recipe1.ezmember.co.kr/cache/recipe/2015/05/06/8b96bdb426e8f3eb6c23dd60c9167c351.jpg,,,
6911766,1,먼저 고구마를 익혀줄껀데 깨끗이 씻은 고구마를 180도 15-20분 돌려주세요 에어프라이어,https://recipe1.ezmember.co.kr/cache/recipe/2019/05/07/043c7fd3512ac091429d8b26d3a8b7921.jpg,,1200,
6911766,2,다익은 고구마는 칼로 반나눠 썰어 주시는데요. 칼이 끝가지 가지 않게 위에만 살짝 썰어주신 뒤 손으로 벌려 주시면 됩니다.,https://recipe1.ezmember.co.kr/cache/recipe/2019/05/07/b406f22673a965c38edb1b9f78e845111.jpg,,,
6911766,3,버터 한조각 가운데 올리고 꿀 살짝 뿌려줍니다,https://recipe1.ezmember.co.kr/cache/recipe/2019/05/07/dee392c81dfa8bbb9f3e5104f2646bcf1.jpg,,,
6911766,4,그 다음 그 위에 모짜렐라 치즈를 뿌리고 파슬리가루를 솔솔 뿌려주신뒤 170도에 5분 돌려 주시면 끝!!! *에어프라이어마다 화력이 약간씩 다르니1-2분 추가해주시면 됩니다,https://recipe1.ezmember.co.kr/cache/recipe/2019/05/07/18d15308d058ea7bf73822dd58e1a4cc1.jpg,,300,
6911766,5,에어프라이어로 만든 허니버터고구마 완성되었어요^^,https://recipe1.ezmember.co.kr/cache/recipe/2019/05/07/3a1ba6f7f5f1be21c4e672361fc022ae1.jpg,,,
6911766,6,노릇노릇하니 정말 맛있어 보이지 않나요?한입 먹어보니 우왕!버터향 솔솔 나면서 달콤+고소하니 너무나 맛있어요.패밀리 레스토랑 부럽지 않은 맛이에용ㅎ,https://recipe1.ezmember.co.kr/cache/recipe/2019/05/07/5d33d94e104aada0367a5d470a2151541.jpg,,,
6863792,1,재료를 준비해주세요.,https://recipe1.ezmember.co.kr/cache/recipe/2017/01/11/679fee7a2601907c563b059f71328d041.png,,,
6863792,2,우선 양파를 한입 크기로 썰어줍니다 :) 취향껏 채썰어도 좋아요,https://recipe1.ezmember.co.kr/cache/recipe/2017/01/11/69fe892b30e9a7292d17267e3bfef1b51.png,,,
6863792,3,양배추도 같은 크기로 썰어주세요,https://recipe1.ezmember.co.kr/cache/recipe/2017/01/11/fa3967c213cfd5c9c6c1aa3c2a215e641.png,,,
6863792,4,"모든 양념을 넣고 섞어주세요 고추장2T, 고춧가루3T, 간장1T, 설탕2T, 다진마늘1T",https://recipe1.ezmember.co.kr/cache/recipe/2017/01/11/a548486f8a6c7b658604cb206bd2dcd91.png,,,
6863792,5,"팬에 닭가슴살, 야채, 양념을 모두 넣어주세요",https://recipe1.ezmember.co.kr/cache/recipe/2017/01/11/6949461be8eb3af760501367778f14bb1.png,,,
6863792,6,볶다보면 야채에서 물이 나오지만 물을 조금 첨가해 주셔도 좋아요. 중불,https://recipe1.ezmember.co.kr/cache/recipe/2017/01/11/1df9478794c86682964f04060686f8071.png,중불,,
6863792,7,이제 기름을 두르고 센불에 마무리로 볶아주세요 센불,https://recipe1.ezmember.co.kr/cache/recipe/2017/01/11/93b30e16864cbd0aaada030fe7fca8141.png,강불,,
6863792,8,이대로 먹어도 좋지만 저는 치즈를 추가해볼게요.,https://recipe1.ezmember.co.kr/cache/recipe/2017/01/11/38dcb91b45c3ec8c9c5f37e18722fc531.png,,,
6863792,9,전자레인지에 돌려주면 끝! 전자레인지,https://recipe1.ezmember.co.kr/cache/recipe/2017/01/11/82d41d8668b37bac85cee8bd76112ce11.png,,,
6838102,1,"대파, 애호박,당근,양파는 잘게 다져주세요(냉장고 속 자투리 채소를 이용해주세요)",https://recipe1.ezmember.co.kr/cache/recipe/2015/11/14/1ae3d7acaa8512b23856e95308bc23881.jpg,,,
6838102,2,기름을 살짝 두른 팬에 딱딱한 재료인 당근과 양파먼저 볶아주세요,https://recipe1.ezmember.co.kr/cache/recipe/2015/11/14/0dbd852264c3e83dcac97c03b68f0fa71.jpg,,,
6838102,3,"양파가 투명해지면 애호박, 다진대파를 넣어주시고 통조림 안에 있는 기름을 살짝 버린 후 참치도 모두 넣어주세요(굳이 참치의 기름을 쫘-악 제거 할 필요는 없어요)",https://recipe1.ezmember.co.kr/cache/recipe/2015/11/14/42194115d7973cae22289d3c4576378b1.jpg,,,
6838102,4,모든 재료를 넣고 볶아주다가 고추장을 넣고 1차로 볶아줍니다,https://recipe1.ezmember.co.kr/cache/recipe/2015/11/14/793c2f79d26a75f06d6b8126938395191.jpg,,,
6838102,5,고추가루와 올리고당을 넣고 재료에서 나온 수분으로 인한 질척거림이 없을정도로 중불에 볶아주세요,https://recipe1.ezmember.co.kr/cache/recipe/2015/11/14/6bf3cad2322960c2000c074573aa3bb91.jpg,중불,,
6838102,6,질척임이 없을정도로 볶아졌으면 통깨를 으깨서 넣어주시면 완성입니다,https://recipe1.ezmember.co.kr/cache/recipe/2015/11/14/37d078f1b408305b1efc06c752eb0dfa1.jpg,,,
6838102,7,이렇게 만들어놓으면 여러가지 유용하게 사용할 수 있어서 좋아요,https://recipe1.ezmember.co.kr/cache/recipe/2015/11/14/49be91fb950780277c62c8662c88cca71.jpg,,,
6838102,8,아무것도 없이 밥이랑만 먹어도 맛있고 주먹밥 속재료로 넣어도 좋아요,https://recipe1.ezmember.co.kr/cache/recipe/2015/11/14/9e85739ec7a47b077ddbc6624d0467bc1.jpg,,,
6838102,9,끓는물에 소금을 넣고 케일잎을 살짝 데쳐 찬물에 헹궈 꼭 짜낸 후 뒷면에 밥과 고추장참치볶음을 조금 올려 양쪽을 잘 옹그려서 예쁘게 싸주시면 도시락메뉴로도 너무 좋아요,https://recipe1.ezmember.co.kr/cache/recipe/2015/11/14/e57cf65944acd15c7171869e2354b9ff1.jpg,,,
6975041,1,"계란 2개를 찬물에 넣은 후 삶아주세요. 소금 1큰술, 식초 1큰술을 넣고 삶으면 잘 터지지 않고 껍질도 잘 까진답니다. 끓기 시작하면 8~10분 정도 삶아냅니다.(완숙)",https://recipe1.ezmember.co.kr/cache/recipe/2022/02/23/6cff212b5a80c0122fb52a88ac81cafe1.png,,600,
6975041,2,어묵을 팔팔 끓는 물에 한번 데쳐 낸 후 (어묵은 얇은 어묵이 더 맛있어요.),https://recipe1.ezmember.co.kr/cache/recipe/2022/02/23/1071455a9209ca072c57cb567b3600d51.png,,,
6975041,3,찬물에 헹궈주세요. 어묵을 끓는 물에 한번 데쳐내면 기름기도 제거되면서 양념이 쏙쏙 잘 베어 들어요.,https://recipe1.ezmember.co.kr/cache/recipe/2022/02/23/2d14f90f99be17b68425b850121567d41.png,,,
6975041,4,찬물에 헹궈 물기를 제거한 어묵을 3등분으로 접은 후 꼬치에 잘 끼워주세요.,https://recipe1.ezmember.co.kr/cache/recipe/2022/02/23/3f316ab5aa5b816feace3b38785a4cc41.png,,,
6975041,5,"분량의 양념을 넣은 후 잘 섞어 양념장을 만들어 주세요. 고추장 2큰술, 고춧가루 1큰술, 진간장 1큰술, 올리고당1큰술, 설탕 1큰술, 맛술 1큰술, 다진마늘 1큰술, 후춧가루 톡톡, 참치액젓 1큰술 (이나 멸치액젓, 국간장 가능)",https://recipe1.ezmember.co.kr/cache/recipe/2022/02/23/a8ed2e589156e492209844f59885fd701.png,,,
6975041,6,널찍한 냄비에 멸치육수 종이컵으로 2.5컵을 넣은 후 양념장을 넣고 잘 섞어주세요. 그리고 센 불에 팔팔 끓여주세요. (멸치육수 대신 쌀뜨물이나 물 가능합니다),https://recipe1.ezmember.co.kr/cache/recipe/2022/02/23/8758e7592526e76409a386341490c6a91.png,,,
6975041,7,양념장이 센 불에 끓기 시작하면 꼬치어묵을 넣은 후 중약 불로 줄인 후 10분간 더 끓여주세요. 그리고 삶은계란까지 넣어줍니다 : ),https://recipe1.ezmember.co.kr/cache/recipe/2022/02/23/c04b75ccc9a299f61154a96b61e87a561.png,,600,
6975041,8,양념이 골고루 잘 베어들 수 있게 약불상태에서 양념을 어묵에 끼얹으며 국물이 줄어들 때까지 10분간 더 졸여주세요.,https://recipe1.ezmember.co.kr/cache/recipe/2022/02/23/1efc09d93be2f450df9139b633e878021.png,약불,600,
6902807,1,"떡은 끓는 물에 넣어 끓인 후, 말랑말랑하게 준비해주세요. 말랑말랑한 떡이라면 끓이는 과정은 생략해주셔도 좋아요.",https://recipe1.ezmember.co.kr/cache/recipe/2018/12/25/8f98c64d65957d44b9cd679342d5b2e11.jpg,,,
6902807,2,베이컨은 적당한 크기로 잘라줬어요.,https://recipe1.ezmember.co.kr/cache/recipe/2018/12/25/c33312d79ef444831d2b41add03beab21.jpg,,,
6902807,3,"베이컨으로 떡을 말아서 꼬치에 끼워주세요. 팬을 달군 후, 앞뒤로 노릇노릇 구워주세요.",https://recipe1.ezmember.co.kr/cache/recipe/2018/12/25/b290b5ba19de3b88deb5ad6c0c76f2f71.jpg,,,
6902807,4,케첩과 머스터드소스를 뿌려서 완성해주세요. (짤주머니에 넣고 얇게 뿌려줬어요.),https://recipe1.ezmember.co.kr/cache/recipe/2018/12/25/8650f38755abd7f650c1e826649fe0711.jpg,,,
7027181,1,"표고버섯은 0.5cm 간격으로 썰어 준비합니다. 도마 , 조리용나이프 표고버섯 손질법",https://recipe1.ezmember.co.kr/cache/recipe/2024/05/28/80b6a73bc89c05088d8b7112276722591.jpg,,,
7027181,2,"볼에 고추장 2T, 고춧가루 2T, 올리고당 2T, 간장 1T를 넣어 양념을 만듭니다. 소스볼",https://recipe1.ezmember.co.kr/cache/recipe/2024/05/28/1d8a23f4c54311b1a6b0d19277893eeb1.jpg,,,
7027181,3,"예열된 팬에 식용유 3T를 두르고 마늘을 넣어 볶습니다. 프라이팬 , 요리스푼 마늘 손질법",https://recipe1.ezmember.co.kr/cache/recipe/2024/05/28/a313beb531c53d2a00ea314a1ca974fc1.jpg,,,
7027181,4,마늘이 알맞게 익었을 때 표고버섯을 넣어 볶습니다.,https://recipe1.ezmember.co.kr/cache/recipe/2024/05/28/22a67e2d03c88acb6b1b256d1fe7e5b71.jpg,,,
7027181,5,표고버섯이 알맞게 익었을 때 양념을 넣어 볶습니다.,https://recipe1.ezmember.co.kr/cache/recipe/2024/05/28/1fdcf109e272e5c9920172f9c023113f1.jpg,,,
7027181,6,모든 재료가 알맞게 익었을 때 참기름 1T를 넣어 볶습니다.,https://recipe1.ezmember.co.kr/cache/recipe/2024/05/28/f90393e8d75ec481379995be9a52e11c1.jpg,,,
7027181,7,참기름의 고소한 향이 올라올 때 볶은참깨 1T를 뿌리면 통마늘 표고버섯볶음 완성.,https://recipe1.ezmember.co.kr/cache/recipe/2024/05/28/62d34baa896133ba65fb426e2b2d3e1f1.jpg,,,
6872474,1,"냉동 새우 한줌을 해동 시켜주세요. 그냥 실온에 두셔서 해동시키셔도 되고, 전자렌지 해동기능을 사용하셔도 되요. 전 좀 느지막히 꺼내놓아서 전자렌지에 해동했어요. 전자레인지",https://recipe1.ezmember.co.kr/cache/recipe/2017/07/10/1b8f291e7406230d43a4c578fb50758e1.jpg,,,
6872474,2,"전자렌지에 냉동새우를 잠깐 돌리는 동안 분량의 양념을 섞어서 만들어주세요. 마요네즈 4큰술, 다진마늘 1큰술, 설탕 1큰술 조금 더 매콤하게 드시고 싶은 분들은 다져서 양념에 추가시키시면되요~",https://recipe1.ezmember.co.kr/cache/recipe/2017/07/10/d403e42ebac64fa8faf09d5aca44db8e1.jpg,,,
6872474,3,해동이 끝난 냉동새우는 후추와 소금을 뿌려서 잠깐 재워두었어요.,https://recipe1.ezmember.co.kr/cache/recipe/2017/07/10/2ef18e0610cfc304075ec57be24dc9511.jpg,,,
6872474,4,20분 정도 지나고 물기를 어느정도 제거해주고 기름을 두른 팬에 밑간한 새우를 넣고 앞뒤로 살짝 뒤집어 가며 익혀주세요~,https://recipe1.ezmember.co.kr/cache/recipe/2017/07/10/620a00cebaac5caa47d50271822fdfe61.jpg,,1200,
6872474,5,어느정도 노릇노릇해지면 섞어놓은 양념을 넣고 같이 섞어주시면 되요,https://recipe1.ezmember.co.kr/cache/recipe/2017/07/10/98c2fbab344964bf9922c912137d7fef1.jpg,,,
6872474,6,양념이 어느정도 노릇해 지면 불꺼서 마무리~!! 완성된 갈릭마요새우예요~~!!,https://recipe1.ezmember.co.kr/cache/recipe/2017/07/10/f77c937a572d7a8b8566be3298b705611.jpg,,,
7052509,1,"무를 껍질을 벗겨주신후 일반무채보다 조금은 두껍게 무채를 썰어주신후 소금을 넣어 잘 섞어주신후 10분정도 절여서 물기를 짜주세요 도마 , 조리용나이프 , 볼",https://recipe1.ezmember.co.kr/cache/recipe/2025/05/12/181e5d5102faa4fed4269f358f122a621.jpg?w=1000,,600,
7052509,2,순두부를 뜯어 먹기좋게 잘라주시고 대파를 쫑쫑썰어서 준비해주세요,https://recipe1.ezmember.co.kr/cache/recipe/2025/05/12/e235ed5a06925ab7e854047c754a297a1.jpg?w=1000,,,
7052509,3,"절여 물기짜준 무채를 들기름이나 참기름을 넣어서 1~2분간 살짝 볶아주시다가 무채가 살짝 잠기듯이 물이나 육수를 부어서 끓여주세요 궁중팬 , 조리용스푼",https://recipe1.ezmember.co.kr/cache/recipe/2025/05/12/bd95374be68477fd906a2c610d4a81f21.jpg?w=1000,,120,
7052509,4,"자른 순두부를 조심히 넣어주시고 자른대파를 넣어주세요. 10분정도 펄펄 끓여주시면서 다진마늘,참치액을 넣어 국물의 밑간을 해주세요",https://recipe1.ezmember.co.kr/cache/recipe/2025/05/12/4010bdcb85a1c80b2555d34ffb07e3181.jpg?w=1000,,600,
7052509,5,들깨가루를 취향껏 넣어주시고 5분정도 끓여주시면 완성이네요,https://recipe1.ezmember.co.kr/cache/recipe/2025/05/12/4f71c1a50996ba9de143540fcf18de9a1.jpg?w=1000,,300,
7052509,6,완성후에 국물의간을 보시고 부족하시면 소금을 추가해주시면 되세요,https://recipe1.ezmember.co.kr/cache/recipe/2025/05/12/5e801b6cc7a112bc65df36dfa0bb14461.jpg?w=1000,,,
7039682,1,일단 가지는 2개 준비해주세요.,https://recipe1.ezmember.co.kr/cache/recipe/2024/12/01/96819ffbaf0d7daae387a4225bbb3c771.jpg,,,
7039682,2,"가지는 이렇게 잘라주시고, 도마 , 조리용나이프",https://recipe1.ezmember.co.kr/cache/recipe/2024/12/01/d070f8f484c82c248deaf8da06fa43e01.jpg,,,
7039682,3,안에 양념이 베도록 칼집을 내주신 후,https://recipe1.ezmember.co.kr/cache/recipe/2024/12/01/aa00aa089eed3515635d26b3953066e81.jpg,,,
7039682,4,위에 소금을 뿌려주시고 안에 잘 베도록 문질문질해주신 후 15분정도 절여주세요~,https://recipe1.ezmember.co.kr/cache/recipe/2024/12/01/10180503ff030ce0be50dd136422dd671.jpg,,900,
7039682,5,절여주시고 나면 위에 물이 나오는데 키친타올로 꾹꾹 눌러서 물기를 닦아주신 후 키친타올,https://recipe1.ezmember.co.kr/cache/recipe/2024/12/01/9e4424d0433090ce0f0a6735420c69711.jpg,,,
7039682,6,이제 반죽물을 만들어줄게요~ 물 60ml에 믹싱볼,https://recipe1.ezmember.co.kr/cache/recipe/2024/12/01/b0bbb08b9eb6c745cd15fc37b2c285d31.jpg,,,
7039682,7,밀가루 2T을 넣고 섞어주신 후 숟가락,https://recipe1.ezmember.co.kr/cache/recipe/2024/12/01/f90b33caf87aba8be1b93cd77263b4b11.jpg,,,
7039682,8,가지에 골고루 입혀주시고,https://recipe1.ezmember.co.kr/cache/recipe/2024/12/01/c34d5587e97efcb8071190d3024c8c061.jpg,,,
7039682,9,프라이팬에 식용유를 넉넉히 둘러주시고 프라이팬,https://recipe1.ezmember.co.kr/cache/recipe/2024/12/01/b4960edee7c5168d1bd69de6a092c6941.jpg,,,
7039682,10,앞뒤가 노릇노릇해지도록 구워주세요~,https://recipe1.ezmember.co.kr/cache/recipe/2024/12/01/73932b267fb7e30056cae53c80955c491.jpg,,,
7039682,11,구워졌으면 일단 접시에 따로 덜어놔주세요. 접시,https://recipe1.ezmember.co.kr/cache/recipe/2024/12/01/d01735ce2a274b587ae47e8777750cd71.jpg,,,
7039682,12,"이제 양념을 만들어줄게요~ 꿀 2T 소스볼 , 숟가락",https://recipe1.ezmember.co.kr/cache/recipe/2024/12/01/7c9a2b45f6fdbcfea1140b576b08bf201.jpg,,,
7039682,13,진간장 2T,https://recipe1.ezmember.co.kr/cache/recipe/2024/12/01/972fc0e5107886b9a0ba1fb87f82e39a1.jpg,,,
7039682,14,식초 1T,https://recipe1.ezmember.co.kr/cache/recipe/2024/12/01/160e72f7057bb412a8d2dc4519cd46071.jpg,,,
7039682,15,다진마늘 1/2T,https://recipe1.ezmember.co.kr/cache/recipe/2024/12/01/de52b1f5acaeec3e4d8cd397770b53811.jpg,,,
7039682,16,청양고추 조금,https://recipe1.ezmember.co.kr/cache/recipe/2024/12/01/87b9c02fe9146621b1aca939905bf5111.jpg,,,
7039682,17,물 3T을 넣고 섞어주신 후,https://recipe1.ezmember.co.kr/cache/recipe/2024/12/01/e62e7d83ba79c2f9b1eaca5836e72e361.jpg,,,
7039682,18,후라이팬에 양념을 붓고 살짝 끓여주신 주세요~,https://recipe1.ezmember.co.kr/cache/recipe/2024/12/01/b874edd3a03f6e4b2a02d39305981faf1.jpg,,,
7039682,19,구워놓은 가지를 올려주신 후,https://recipe1.ezmember.co.kr/cache/recipe/2024/12/01/88177c9e144f255c84518692f8dad01c1.jpg,,,
7039682,20,양념을 골고루 묻혀주시면서 다시 한번 구워주시면~!,https://recipe1.ezmember.co.kr/cache/recipe/2024/12/01/b6ec010af2f26ca2783fb900310ed9fd1.jpg,,,
7039682,21,아주아주 간편하고 맛있는 '가지양념구이' 완성~!! 접시,https://recipe1.ezmember.co.kr/cache/recipe/2024/12/01/c1ca35c6d05ec88514ce25b9c80254521.jpg,,,
6847733,1,버터를 푼다.,https://recipe1.ezmember.co.kr/cache/recipe/2016/05/09/9edeef007accf7bcf389376bc37e99e51.jpg,,,
6847733,2,설탕을 넣고 섞는다.,https://recipe1.ezmember.co.kr/cache/recipe/2016/05/09/91b405d25c390449a290f7f53ceef2871.jpg,,,
6847733,3,계란은 노른자만 넣고 섞는다.,https://recipe1.ezmember.co.kr/cache/recipe/2016/05/09/f6f702b2e4ddce42eabf90849c38e5761.jpg,,,
6847733,4,박력분과 아몬드가루를 체쳐넣고 섞은 후,https://recipe1.ezmember.co.kr/cache/recipe/2016/05/09/71206f2cb84ec73008354f194d217bdf1.jpg,,,
6847733,5,박력분과 아몬드가루를 체쳐넣고 섞은 후 모양을 잡아 2시간냉동한다.,https://recipe1.ezmember.co.kr/cache/recipe/2016/05/09/6ad7e0b1ac155a2b326134cedee2e9ed1.jpg,,7200,
6847733,6,설탕을 묻혀,https://recipe1.ezmember.co.kr/cache/recipe/2016/05/09/e070b433787e900eae96cdc1e09651731.jpg,,,
6847733,7,일정하게 잘라주세요. 설탕을 묻히고 자르든 자르고나서 묻히든. 저는 묻히고 잘랐다가 굽기전에 한번 더 묻혀줬어요. 자르고 나면 설탕 다떨어짐.,https://recipe1.ezmember.co.kr/cache/recipe/2016/05/09/46315f9ed789ac424360cbb1119a665e1.jpg,,,
6847733,8,오븐(180℃)에서 13~15분간 굽기. 아몬드 슬라이스를 하나씩 올려줬어요. 반으로 짤라서 꽃모양으로 올려도 이쁠듯. 오븐,https://recipe1.ezmember.co.kr/cache/recipe/2016/05/09/096ff62de131ac091780dce3ff791b091.jpg,,900,
6847733,9,폭신폭신하며 부드러운 식감. 아몬드 샤브레 완성이에요. 기존의 샤브레보다 아몬드슬라이스 하나 올린것뿐인데 뭔가 멋스러운게 꼭 선물하고 싶은 쿠키네요.,https://recipe1.ezmember.co.kr/cache/recipe/2016/05/09/9c4fdddea0628d9177c06cd367b366841.jpg,,,
7068538,1,"세척 전 콩나물 머리 부분에 검게 변했거나 상한 곳이 있다면 깔끔하게 떼어내 주세요. 지저분한 뿌리 끝부분만 살짝 정리해 주면 되는데, 너무 많이 자르지 않는 것이 좋아요. 콩나물 뿌리에는 숙취 해소에 좋은 아스파라긴산 등 영양분이 풍부하기 때문이에요. 손질한 콩나물은 찬물에 담가 2~3번 가볍게 흔들어 씻으며 남아 있는 콩 껍질을 제거해 주세요.",https://recipe1.ezmember.co.kr/cache/recipe/2025/12/22/d0ddc8f9e36df7f44c819463dd3f4d491.jpg,,,
7068538,2,"콩나물 자체에서 수분이 나오기 때문에 물을 많이 넣지 않는 것이 중요해요. 콩나물이 잠길 정도로 물을 붓게 되면 맛있는 성분이 빠져나가 밍밍해져요. 냄비에 콩나물과 물 100ml, 소금 한 꼬집을 넣고 뚜껑을 닫아주세요.",https://recipe1.ezmember.co.kr/cache/recipe/2025/12/22/87179621f848412571a49a821202697e1.jpg,,,
7068538,3,센 불에서 끓이다가 물이 끓고 김이 올라오기 시작하면 중불로 줄여 딱 3분만 더 익혀주세요. 중간에 절대 뚜껑을 열지 마세요. 비린내가 날 수 있어요. 불을 끈 뒤 바로 열지 말고 30초간 뜸을 들이면 속까지 고르게 익어요.,https://recipe1.ezmember.co.kr/cache/recipe/2025/12/22/2cb9bd5d557be7fa17709c04ab988a571.jpg,중불,210,
7068538,4,"삶아진 콩나물은 즉시 넓은 쟁반에 펼쳐 주세요. 찬물에 헹구면 맛이 빠져나가고, 그대로 두면 잔열 때문에 질겨질 수 있어요. 부채질이나 선풍기 바람처럼 차가운 바람으로 빠르게 식히는 것이 아삭함의 비결이에요. 볼에 식힌 콩나물을 담고 고춧가루를 먼저 넣어 색을 입혀주세요.",https://recipe1.ezmember.co.kr/cache/recipe/2025/12/22/6561628d19933ffdb8611afc7c1b58ea1.jpg,,,
7068538,5,"그다음 액젓, 간장, 다진 마늘, 설탕을 넣고 손끝에 힘을 빼고 살살 버무려 주세요. 마지막으로 송송 썬 대파, 참기름, 통깨를 넣어 한 번 더 가볍게 섞어주면 완성.",https://recipe1.ezmember.co.kr/cache/recipe/2025/12/22/9463d661f3f218996c2e82b6cd38d8701.jpg,,,
7068538,6,"아삭한 식감에 매콤한 감칠맛이 살아있는 빨간 콩나물무침! 갓 무쳐낸 콩나물을 김에 싸서 따끈한 밥과 함께 먹으면 그야말로 밥도둑이 따로 없어요. 늘 먹는 기본 반찬이지만, 오늘 알려드린 정확한 삶는 시간이라는 작은 포인트만 지켜주면 식당 못지않은 맛을 낼 수 있어요.",https://recipe1.ezmember.co.kr/cache/recipe/2025/12/22/952fc2cc99504f4b7f560e6287fececb1.jpg,,,
6890570,1,냄비에 물을 2/3정도 채우고 소금을 약간 넣고 끓여준다 물이 끓으면 파스타면을 넣고8~10분간 익혀준다,https://recipe1.ezmember.co.kr/cache/recipe/2018/06/09/e3c394f787601f813fa7b89082cf285f1.jpg?w=1000,,600,
6890570,2,면이 다 익으면 면을 채반에 받친뒤 면수는 버리지말고 따로 받아둔다,https://recipe1.ezmember.co.kr/cache/recipe/2018/06/09/ea23d85523f13888e9f7b9f325b53bd11.jpg,,,
6890570,3,마늘과 고추는 작게 편썰어서 준비해둔다,https://recipe1.ezmember.co.kr/cache/recipe/2018/06/09/08d2a816abbc4f8eb482cf058e05886d1.jpg?w=1000,,,
6890570,4,새우는 날카로운 머리부분을 반 잘라 손질해놓는다 새우 손질법 레시피,https://recipe1.ezmember.co.kr/cache/recipe/2018/06/09/e3694c479ef4d646098ff392ca95b45a1.jpg?w=1000,,,
6890570,5,썰어둔 마늘과 고추를 기름두른팬에 볶아준다,https://recipe1.ezmember.co.kr/cache/recipe/2018/06/09/1c70a516f9db69531ec4d9ce76bd7a571.jpg?w=1000,,,
6890570,6,마늘이 어느정도 익으면 손질해놓은 새우와 버터를넣고 약한불에서 타지않게 볶아준다,https://recipe1.ezmember.co.kr/cache/recipe/2018/06/09/59801e0acd04a789ecee9ca2094ec8fe1.jpg?w=1000,,,
6890570,7,새우가 익어갈쯤 삶은파스타면을넣고 면수 한국자와 굴소스를넣고 섞어준다,https://recipe1.ezmember.co.kr/cache/recipe/2018/06/09/f221f1cd2c1b22129d832dedf5d66eb61.jpg?w=1000,,,
6890570,8,그릇에 예쁘게담아준다,https://recipe1.ezmember.co.kr/cache/recipe/2018/06/09/8a6eb09c0e81082bf165a4ad19bb035a1.jpg?w=1000,,,
6890570,9,완성된파스타에 파마산치즈가루를 솔솔뿌려 마무리해준다,https://recipe1.ezmember.co.kr/cache/recipe/2018/06/09/986d01eff5e460ddc41ba28f8b6cb7f61.jpg?w=1000,,,
7035725,1,"양파는 7mm 두께로 얇게 썰어 준비해 주세요. 양파 1/2개 칼 , 도마",https://recipe1.ezmember.co.kr/cache/recipe/2024/10/03/5241fbf56517fe88df101734642088f11.jpg,,,
7035725,2,"팬에 식용유 둘러 만두와 양파를 함께 익혀주세요. 식용유 1T, 만두 3개, 양파 프라이팬 , 요리용젓가락 중불",https://recipe1.ezmember.co.kr/cache/recipe/2024/10/03/54eda8431f7e44d521d45ef25c99b5841.jpg,중불,,
7035725,3,"양파가 투명해지면 STEP2에 모든 양념을 넣고 졸여주세요. 간장 1T, 미림 1T, 설탕 1t, 멸치 액젓 1t 중불",https://recipe1.ezmember.co.kr/cache/recipe/2024/10/03/dfb8e457159caf29aab5c0b74705c8491.jpg,중불,,
7035725,4,달걀물을 만들어 절반만 둘러 넣어주세요.,https://recipe1.ezmember.co.kr/cache/recipe/2024/10/03/d9747b79d525c536c17104bdecf646b61.jpg,,,
7035725,5,뚜껑 덮고 30초 익혀주세요. 약불,https://recipe1.ezmember.co.kr/cache/recipe/2024/10/03/947af64fda5f2c8dd4d6bcb91063328c1.jpg,약불,30,
7035725,6,남은 계란물을 전체적으로 둘러주세요.,https://recipe1.ezmember.co.kr/cache/recipe/2024/10/03/b4a5f8219eb06d10adac5a8be542fdac1.jpg,,,
7035725,7,기호에 맞게 달걀을 익혀주세요.,https://recipe1.ezmember.co.kr/cache/recipe/2024/10/03/4819ab02161ca2f469f50afaed9afb5e1.jpg,,,
7035725,8,밥 위에 얹어 기호에 따라 파슬리 뿌려 주면 더웃 멋진 플레이팅 완성입니다. 플레이팅접시 파슬리 대신 쪽파나 고추를 얇게 채 썰어 올려도 좋답니다.,https://recipe1.ezmember.co.kr/cache/recipe/2024/10/03/e04f6a8c1bb85b3e875e8a811e0c48031.jpg,,,
6882848,1,"시금치는 물에 씻어 주고, 큰 잎은 듬성듬성 큼지막하게 썰어주고, 통마늘은 얇게 썰고 베이컨은 먹기 좋은 크기로 썰어 준비해 줍니다. 저는 베이컨이 없어 슬라이스 햄 4장 사용했어요. 통마늘 좋아하심 더 넣어도 무관할 듯!",https://recipe1.ezmember.co.kr/cache/recipe/2018/01/25/72f5791b501633ae4e3fd9d54d557d111.jpg,,,
6882848,2,팬에 올리브유를 넉넉하게 두르고 마늘을 노릇노릇하게 볶아주세요.,https://recipe1.ezmember.co.kr/cache/recipe/2018/01/25/e00999823dbe19e0ec9d46695c79c92c1.jpg,,,
6882848,3,"마늘이 노릇노릇 튀겨지면 베이컨 또는 슬라이스 햄을 넣고 여기에 소금으로 솔솔 간을 해주세요. 베이컨, 햄에 기본적인 간이 되어있기에 소금은 많이 안 넣어도 돼요.",https://recipe1.ezmember.co.kr/cache/recipe/2018/01/25/cfd44c664bc906789d41ad2571d9220d1.jpg,,,
6882848,4,전체적으로 노릇하게 익어가면,https://recipe1.ezmember.co.kr/cache/recipe/2018/01/25/272682853a8868251a2f7eb384f702db1.jpg,,,
6882848,5,"준비해 놓은 시금치를 넣어주고 마늘, 햄과 잘 섞인다는 느낌으로 볶아주세요. 시금치는 원하는 만큼 넣으세요. 처음에는 많아 보이지만 막상 볶으면 숨이 죽어 그다지 많지 않아요. 그리고 너무 오래 볶으면 시금치에서 물이 나오기 때문에 가볍게 빠르게 볶아 줍니다.",https://recipe1.ezmember.co.kr/cache/recipe/2018/01/25/6c43cf0f7112841a8a5c6597e4affc2b1.jpg,,,
6882848,6,함께 곁들여 먹을 달걀 프라이도 해주고,https://recipe1.ezmember.co.kr/cache/recipe/2018/01/25/9f7e334078cf7a26bdcd0d8db6b4e7341.jpg,,,
6882848,7,버터 1조각 녹여 식빵도 노릇하게 구워 주세요,https://recipe1.ezmember.co.kr/cache/recipe/2018/01/25/983d161faf531d74fecd4c2c8571b3231.jpg,,,
6882848,8,"볶아놓은 시금치 올리고 구운 식빵은 반으로 잘라주고, 달걀 프라이, 잼, 과일 등을 올려주면 간단 간식, 식사 브런치 메뉴 시금치 베이컨 볶음 완성 ^^",https://recipe1.ezmember.co.kr/cache/recipe/2018/01/25/79d37c4b6c5e18407a70d1e2e2ede4231.jpg,,,
7036574,1,"냉동 칵테일 새우를 물에 담가 해동시켜줍니다. 칵테일 새우 10마리, 물 볼",https://recipe1.ezmember.co.kr/cache/recipe/2024/10/16/2e808fef34c83ce25c92bf4ba69647021.jpg?w=1000,,,
7036574,2,면 삶기 위해 물을 끓여볼게요. 냄비에 물 400ml 넣고 끓여줍니다. 물 400ml 냄비,https://recipe1.ezmember.co.kr/cache/recipe/2024/10/16/259ea71147bbc6f32b6cb3a030a639281.jpg?w=1000,,,
7036574,3,물이 끓어오르면 파스타면 1인분 넣고 삶아줍니다. 파스타면 1인분 요리집게 마트에서 가장 흔하게 볼 수 있는 스파게티면 사용하였습니다. 저는 5-6분 삶아주는 게 딱 좋더라고요.,https://recipe1.ezmember.co.kr/cache/recipe/2024/10/16/bccf9cffa2331c7537566d47554e421a1.jpg?w=1000,,360,
7036574,4,"파스타면이 거의 다 조리되었을 때쯤, 팬에 올리브오일 적당량 둘러 가열시켜줍니다. 올리브오일 적당량 프라이팬",https://recipe1.ezmember.co.kr/cache/recipe/2024/10/16/2da16428245461852529887d95516c751.jpg?w=1000,,,
7036574,5,해동시켰던 새우 물기 한 번 닦아서 팬에 넣고 볶아줍니다.,https://recipe1.ezmember.co.kr/cache/recipe/2024/10/16/71a06369cea76bb5840cdc34e94dfe331.jpg?w=1000,,,
7036574,6,"새우 볶은 팬에 파스타면, 치킨스톡 2-5g 넣고 볶아줍니다. 채망 *제가 사용한 치킨스톡은 PROMOLAC(프로모락) 큐브형 입니다. 1개 기준 10g 짜리고요, 1/3 정도 사용하였습니다. 치킨스톡은 제품에 따라 짠맛이 다를 수 있기 때문에, 조금씩 넣고 간 봐가며 넣어주시는 게 좋아요.",https://recipe1.ezmember.co.kr/cache/recipe/2024/10/16/fea0b7c9c679c1586177ff848b8b6a8b1.jpg?w=1000,,,
7036574,7,"중약불로 줄이고 면수 7-10T, 후추 적당량 넣고 볶아줍니다. 면수 7-10T, 후추 적당량 중약불",https://recipe1.ezmember.co.kr/cache/recipe/2024/10/16/1a39bec026a230778b414782e426cf201.jpg?w=1000,약불,,
7036574,8,"저는 통후추 갈아서 사용했는데, 마트에 파는 고운 후추 사용하셔도 좋아요!",https://recipe1.ezmember.co.kr/cache/recipe/2024/10/16/4172e0afeb893ad805a61a8a9ca54ee01.jpg?w=1000,,,
7036574,9,마지막으로 올리브오일 2-3T 넣고 볶아주면!? 올리브오일 2-3T 스푼,https://recipe1.ezmember.co.kr/cache/recipe/2024/10/16/33711cba9b8a8bcb99da78496c96d11d1.jpg?w=1000,,,
7036574,10,치킨스톡 새우볶음면 완성!! 완성그릇,https://recipe1.ezmember.co.kr/cache/recipe/2024/10/16/7893b14ccfe3f8b958db81452e3c583a1.jpg?w=1000,,,
7011422,1,황태포를 50g을 물에 담아 불려주세요,https://recipe1.ezmember.co.kr/cache/recipe/2023/10/11/3f4ab64f92148d6eb857a8ffd759634c1.jpg?w=1000,,,
7011422,2,무는 400g 정도를 나박썰기 해주세요,https://recipe1.ezmember.co.kr/cache/recipe/2023/10/11/c31ad31918b73f1e93715d6b98caa8c01.jpg?w=1000,,,
7011422,3,자른무를 담고 불린 포는 한입 크기로 잘라주세요,https://recipe1.ezmember.co.kr/cache/recipe/2023/10/11/77284e9e43cce3918bf817635cd4f3301.jpg?w=1000,,,
7011422,4,"참기름 1T, 멸치액젓 1T, 간장 1T를 넣고 중간불로 3분정도 볶아주세요",https://recipe1.ezmember.co.kr/cache/recipe/2023/10/11/718a38e781b871de213569e7bcfac5671.jpg?w=1000,,180,
7011422,5,다 볶은다음 물 1500ml 넣어주세요,https://recipe1.ezmember.co.kr/cache/recipe/2023/10/11/c3174cc979cd9469e62a7521ee7ba0c21.jpg?w=1000,,,
7011422,6,"다진마늘 1T, 국간장 2T, 멸치액젓 1T 넣고 센불로 끓여주세요",https://recipe1.ezmember.co.kr/cache/recipe/2023/10/11/ce765366eaac1e035d74d5964e3682771.jpg?w=1000,강불,,
7011422,7,끓어오르면 깔끔한 맛을 위해 거품을 걷어주시고 뚜껑 닫아 20분정도 졸여주세요,https://recipe1.ezmember.co.kr/cache/recipe/2023/10/11/548fa80c2b5dae276389b1258a0ac45a1.jpg?w=1000,,1200,
7011422,8,졸이고나서 계란 3개풀어서 넣고 파썰어서 넣고 훅 한번 더 끓으면 덜어드시면 됩니다 (싱거우신분은 국간장 더 넣으시면되요) (첨에는 싱거워도 졸이면 국물이 졸아서 맛있어요),https://recipe1.ezmember.co.kr/cache/recipe/2023/10/11/3a153ba0295d6aaa338ea77986ee245e1.jpg?w=1000,,,
6917038,1,옥수수콘는 체에 밭쳐 물기를 뺀다. 체,https://recipe1.ezmember.co.kr/cache/recipe/2019/08/05/07145f5e0980b7021e59e807d00be0c81.png,,,
6917038,2,"볼에 옥수수콘, 허니머스타드, 마요네즈, 모짜렐라치즈, 후추를 넣고 섞는다. 볼",https://recipe1.ezmember.co.kr/cache/recipe/2019/08/05/1f60d5e090e56e7eb973813f387a331e1.png,,,
6917038,3,모닝빵은 가운데를 파낸다.,https://recipe1.ezmember.co.kr/cache/recipe/2019/08/05/eb05453b94617cfc27750103494993ce1.png,,,
6917038,4,모닝빵에 2를 넣는다.,https://recipe1.ezmember.co.kr/cache/recipe/2019/08/05/e005bff73e43294eb93cf9dacfab53051.png,,,
6917038,5,에어프라이어 바스켓에 넣고 180도 온도에서 10분간 구워 완성한다. 에어프라이어,https://recipe1.ezmember.co.kr/cache/recipe/2019/08/05/ff03dbbf034ff8a609f4ec7db23e0dda1.png,,600,
6963204,1,"재료를 준비해 주세요.(Tip.수미네반찬 애호박두부탕은 청양고추는 넣지 않아요.) 애호박 1개, 두부 1모, 물 500ml, 쪽파 1대, 청양고추 1개, 홍고추 약간, 간마늘 1큰술, 새우젓 2큰술",https://recipe1.ezmember.co.kr/cache/recipe/2021/08/12/e4def685ae0ecaf16c4a1bf92fa5a43d1.jpg,,,
6963204,2,"애호박, 두부를 먹기 좋은 크기로 썰어 주세요. 애호박 1개, 두부 1모",https://recipe1.ezmember.co.kr/cache/recipe/2021/08/12/fd0f78186cc4137af5fcd58cd1abadad1.jpg,,,
6963204,3,"냄비에 물을 붓고 애호박을 담은 후 강중불에서 4~5분 정도 끓여 주세요. 애호박 1개, 물 500ml",https://recipe1.ezmember.co.kr/cache/recipe/2021/08/12/098218997b397aaf03e6f5c6fe20342d1.jpg,중불,300,
6963204,4,두부를 넣고 중불에서 1분 정도 끓여 주세요. 두부 1모,https://recipe1.ezmember.co.kr/cache/recipe/2021/08/12/71c91b07c88a7f07e455de35d876cd8a1.jpg,중불,60,
6963204,5,"간마늘, 새우젓을 넣고 중불에서 2~3분 정도 끓여 주세요. (Tip.간을 보신 후, 싱거우면 새우젓을 더 넣어 주시고 짜면 물을 좀 더 넣어 간을 맞춰 주세요.) 간마늘 1큰술, 새우젓 2큰술",https://recipe1.ezmember.co.kr/cache/recipe/2021/08/12/1a6223cd4f8c706530767cc3536a29331.jpg,중불,180,
6963204,6,"쪽파, 청양고추, 홍고추를 넣고 중약불에서 30초 정도 끓인 후 마무리해 주세요. 쪽파 1대, 청양고추 1개, 홍고추 약간",https://recipe1.ezmember.co.kr/cache/recipe/2021/08/12/baf4dcdcb6ea8b9d11ac0bb7a0ef6d001.jpg,약불,30,
6963204,7,애호박두부탕 완성~!!,https://recipe1.ezmember.co.kr/cache/recipe/2021/08/12/9c930916e3b9df18fdc0efdd97ba49241.jpg,,,
7014837,1,"감자는 깨끗이 씻어 껍질을 벗겨주세요. 그리고 적당한 크기로 썰어주세요. 도마 , 조리용나이프",https://recipe1.ezmember.co.kr/cache/recipe/2023/12/02/ce954a4c40df10c9509982db7ca1a5711.jpg,,,
7014837,2,"계란 2개를 그릇에 깨어 넣고 참치액 1스푼 넣고 잘 섞어주세요. 볼 , 숟가락",https://recipe1.ezmember.co.kr/cache/recipe/2023/12/02/73981b1953720805a234b4376a1364aa1.jpg,,,
7014837,3,다패는 쏭쏭 썰어 준비해주세요.,https://recipe1.ezmember.co.kr/cache/recipe/2023/12/02/67ede81092030c81bb2b3d7707e123f11.jpg,,,
7014837,4,육수 800ml를 넣어주세요. 냄비,https://recipe1.ezmember.co.kr/cache/recipe/2023/12/02/dd217d0510b953d958e74765853c22df1.jpg,,,
7014837,5,감자를 먼저 넣고 익혀주세요.,https://recipe1.ezmember.co.kr/cache/recipe/2023/12/02/b5af1d4febc4a2415814d2cc2ce8c0ad1.jpg,,,
7014837,6,"국간장 1스푼, 소금 1티스푼 넣고 계란물을 부어주세요. 부족한 간은 소금으로 해주세요.",https://recipe1.ezmember.co.kr/cache/recipe/2023/12/02/26cb9720054672b6d7b46955c9854a0d1.jpg,,,
7014837,7,대파넣고 한번 더 끓여서 마무리해주세요.,https://recipe1.ezmember.co.kr/cache/recipe/2023/12/02/17c5a96c9aa6b8a4ac303a7975d54f2d1.jpg,,,
6945735,1,먼저 감자는 깨끗하게 씻어 껍질을 제거한 다음 강판에 갈아주고,https://recipe1.ezmember.co.kr/cache/recipe/2020/11/05/e00f92983276cf84534afff4f2bc849d1.jpg,,,
6945735,2,갈아진 감자에 튀김가루1T,https://recipe1.ezmember.co.kr/cache/recipe/2020/11/05/0e920102e4b1e5e90cc4b6f3fa953f961.jpg,,,
6945735,3,카레가루1T,https://recipe1.ezmember.co.kr/cache/recipe/2020/11/05/a9a9e7ba11be92135b33a78aeaed4bdd1.jpg,,,
6945735,4,꽃소금 아주 조금을 넣어 섞어준다음,https://recipe1.ezmember.co.kr/cache/recipe/2020/11/05/47010c73af163b1b3ea7be0facee49031.jpg,,,
6945735,5,예열된 팬에 올리브유를 두르고 약불로 줄여 노릇노릇 구워주세요.,https://recipe1.ezmember.co.kr/cache/recipe/2020/11/05/96c81b1f3412ec61e2e70cf197eaf08d1.jpg,약불,,
6945735,6,겉은 바삭하면서 안은 촉촉한 감자카레전! 아이들도 너무 잘먹는 메뉴에요.,https://recipe1.ezmember.co.kr/cache/recipe/2020/11/05/0ee8b68d996a9265629dc022e5df5a971.jpg,,,
3595564,1,"그릇에 달걀을 깨은 다음 설탕 1/2작은술, 우유 1큰술을 넣고 저어 줍니다. (달달하게 드시고 싶으신분들은 설탕을 조금 더 넣어 주셔도 됩니다.)",https://recipe1.ezmember.co.kr/cache/recipe/2015/04/22/380927899ee396228a3a1c9e5047721d1.jpg,,,
3595564,2,"식빵의 갈색부분을 자른 다음 방망이로 밀어 주세요. 방망이로 밀은 식빵을 달걀물에 가볍게 앞,뒤로 담구어 줍니다.",https://recipe1.ezmember.co.kr/cache/recipe/2015/04/22/37fc5f2c6d90c966a4aff4b889abd2a41.jpg,,,
3595564,3,식빵을 놓고 그 위에 슬라이스치즈로 돌돌 말은 소시지를 놓은 다음 돌돌 말아 주세요. 말은 끝부분이 아래에 오도록 하여 놓아 주세요.,https://recipe1.ezmember.co.kr/cache/recipe/2015/04/22/8ac58618c44aef229451bbfa8d5e27111.jpg,,,
3595564,4,빵가루에 파슬리가루를 섞은 다음 돌돌 말은 식빵을 놓고 빵가루를 골고루 묻혀 줍니다.,https://recipe1.ezmember.co.kr/cache/recipe/2015/04/22/d72a2aff6a5fa5e7aecc711c607aaebe1.jpg,,,
3595564,5,"달구어진 팬에 기름을 두르고 식빵을 놓고 앞, 뒤, 옆면을 익혀 주세요. 불은 약불에 두고 천천히 익혀 주세요.",https://recipe1.ezmember.co.kr/cache/recipe/2015/04/22/bfb88001812ce878b0cf624637b5bfed1.jpg,약불,,
6895759,1,"비닐 봉지에 감자3개를 1cm두께로 썰고,소금.설탕 분량대로 넣어~~한번 흔든후 전자렌지에 4분 2번 돌리니 푹푹 부러지게 익어요 전자레인지",https://recipe1.ezmember.co.kr/cache/recipe/2018/09/12/6ed5ff00dec4411925ffb538b1cb6b021.jpg,,240,
6895759,2,베이컨은 채로 썰어 달군팬에,https://recipe1.ezmember.co.kr/cache/recipe/2018/09/12/01f3fc26e80918693a37ed6bcd80122b1.jpg?w=1000,,,
6895759,3,바삭하게 베이컨칩처럼 구워서 기름을 빼주어요,https://recipe1.ezmember.co.kr/cache/recipe/2018/09/12/5e6dca24b52782bbe5bea143debf87761.jpg?w=1000,,,
6895759,4,다 익은 감자가 양념덕분에 반짝거리죠~,https://recipe1.ezmember.co.kr/cache/recipe/2018/09/12/1294399e4136e4afee430288c9db32531.jpg?w=1000,,,
6895759,5,감자위에 스파게티소스 취향껏 얹고,https://recipe1.ezmember.co.kr/cache/recipe/2018/09/12/7308b8c313f2aa6dda9d806fb6cec0391.jpg?w=1000,,,
6895759,6,체다치즈 2장 얹고,https://recipe1.ezmember.co.kr/cache/recipe/2018/09/12/3986b453c05ba8d91835cb6697c895c21.jpg?w=1000,,,
6895759,7,베이컨칩 넉넉히 얹고,https://recipe1.ezmember.co.kr/cache/recipe/2018/09/12/3510e4555d5654604f7222b55208fdaf1.jpg?w=1000,,,
6895759,8,모짜렐라 얹은 후에 파슬리 솔솔~~,https://recipe1.ezmember.co.kr/cache/recipe/2018/09/12/1f9a46fcbf82265619c9b764eccb71bc1.jpg?w=1000,,,
6895759,9,전자렌지에 2분2번 돌렸더니 이렇게~~ 와~~우 ㅎㅎ,https://recipe1.ezmember.co.kr/cache/recipe/2018/09/12/e6efc37e43301af54ad3b5184a740cdf1.jpg,,120,
6895759,10,마구 뽐냈습니다~~,https://recipe1.ezmember.co.kr/cache/recipe/2018/09/12/78e3551caad02fae77ce83dc562b5ab01.jpg?w=1000,,,
6899367,1,밥그릇에 물을 7부 넣어준 후 소금을 넣어 줍니다,https://recipe1.ezmember.co.kr/cache/recipe/2018/11/05/633251be1b7bde95ccae42274f104f901.png?w=1000,,,
6899367,2,달걀을 깨서 넣어준 후 전자렌지에 1분 30초간 돌려줍니다. 전자레인지,https://recipe1.ezmember.co.kr/cache/recipe/2018/11/05/3fa541182eb065c473e27071bac65a0b1.png?w=1000,,90,
6899367,3,수란이 완성됬습니다.,https://recipe1.ezmember.co.kr/cache/recipe/2018/11/05/93b204dce7866af0c3f4497a40dadcd31.png?w=1000,,,
6899367,4,작은팬에 굴소스 1큰술을 넣은 후 한번 파르르 끓여줍니다.,https://recipe1.ezmember.co.kr/cache/recipe/2018/11/05/21fd4c8ca49e5d086df381539864a7f01.png?w=1000,,,
6899367,5,그릇에 밥을 담아줍니다.,https://recipe1.ezmember.co.kr/cache/recipe/2018/11/05/55f0d2f01448ab999bf5aa312cce1ef81.png?w=1000,,,
6899367,6,끓인 굴소스를 취향에 맞게 뿌려줍니다.,https://recipe1.ezmember.co.kr/cache/recipe/2018/11/05/809bb3b864e0c7c48a6bee0f068b0ba31.png?w=1000,,,
6899367,7,마요네즈를 올리고 참기름을 뿌려 완성합니다.,https://recipe1.ezmember.co.kr/cache/recipe/2018/11/05/697d6b0833be9b9d8077842576610f3a1.png?w=1000,,,
6934433,1,다진양파와 대파를 넣어주세요.,https://recipe1.ezmember.co.kr/cache/recipe/2020/06/16/1b346d71ef9e25cff84a72e45e8e54f21.jpg?w=1000,,,
6934433,2,닭가슴살을 네모네모 썰어 넣고 기름을 빙빙 해주세요.,https://recipe1.ezmember.co.kr/cache/recipe/2020/06/16/e230eaf40c585ba3bd1a6e0e81e4f4a61.jpg?w=1000,,,
6934433,3,다진마늘 반숟가락을 넣고 양파가 투명해질 까지 중약불에서 달달 볶아주세요.,https://recipe1.ezmember.co.kr/cache/recipe/2020/06/16/083020db7a911150e3f6a4f87667fc9b1.jpg?w=1000,약불,,
6934433,4,닭가슴살이 노릇노릇 익었을 때 밥 1공기를 넣어주세요.,https://recipe1.ezmember.co.kr/cache/recipe/2020/06/16/1ecbf7683cfa52fbc1a97772793920621.jpg?w=1000,,,
6934433,5,"(토마토,크림,로제 등)스파게티 소스를 크게 2큰술을 넣고 볶아주세요.",https://recipe1.ezmember.co.kr/cache/recipe/2020/06/16/ad3d5daab0a15328e471b0a2c07ef9611.jpg?w=1000,,,
6934433,6,오븐 그릇에 잘 볶아진 밥을 담고 옥수수콘이 있어서 넣어 봤는데 없어도 괜찮아요. 옥수수콘을 함께 넣어 볶아줘도 맛있어요.,https://recipe1.ezmember.co.kr/cache/recipe/2020/06/16/78a36c7abd861ea08ade878d03b2febd1.jpg?w=1000,,,
6934433,7,모짜렐라 치즈 듬뿍 뿌려주세요.,https://recipe1.ezmember.co.kr/cache/recipe/2020/06/16/5e2e82667c3be9b9dd85d6d9cbbe9d2f1.jpg?w=1000,,,
6934433,8,체다슬라이스치즈도 살며시 올려주세요.,https://recipe1.ezmember.co.kr/cache/recipe/2020/06/16/3f8bb5a11770ab8508d3d4cf9ec6ad3c1.jpg?w=1000,,,
6934433,9,"오븐기 속으로 180도 약 10분 정도 구워주거나 또는 전자레인지 4~5분 정도 데워주면 있어보이는 한그릇 식사 완성! 전자레인지 , 오븐 오븐기 성능마다 차이 있음~ 치즈가 노릇노릇 녹을 정도 적당!",https://recipe1.ezmember.co.kr/cache/recipe/2020/06/16/bc388b9341efef3618d9d05420ef1c861.jpg?w=1000,,600,
4803252,1,"느타리버섯은 적당한 두께로 찢어서 준비하고,",https://recipe1.ezmember.co.kr/cache/recipe/2015/06/16/985602c424c20d638438ecb3d33e26051.jpg,,,
4803252,2,표고버섯은 두툼하게 슬라이스해서 준비해요.,https://recipe1.ezmember.co.kr/cache/recipe/2015/06/16/9ef8f0d0bd81a22271e53423d5f91a831.jpg,,,
4803252,3,"끓는 물에 소금을 약간만 넣어서 느타리버섯을 데쳐내고, 표고버섯도 넣어서 살짝 데쳐내 물기를 빼주세요.",https://recipe1.ezmember.co.kr/cache/recipe/2015/06/16/57c724e257a9945cdbd93ad4079574351.jpg,,,
4803252,4,"체에 밭쳐 물기를 뺀 다음, 양념하기 전에 손으로 한번 더 물기를 짜주면 좋아요.",https://recipe1.ezmember.co.kr/cache/recipe/2015/06/16/1484023c51a55cc8a72541a4398d48331.jpg,,,
4803252,5,"멸치액젓 1Ts, 비정제 황설탕 1/2ts, 들기름 2ts을 잘 섞어서 준비하고",https://recipe1.ezmember.co.kr/cache/recipe/2015/06/16/d8cf79acf7460e7c53c56072017c173a1.jpg,,,
4803252,6,물기를 뺀 버섯에 양념을 넣어서 고루 섞어줍니다.,https://recipe1.ezmember.co.kr/cache/recipe/2015/06/16/e4b9b39f1cfbbc0d59c03fb066db0bc91.jpg,,,
4803252,7,"액젓과 양념들이 고루 배이면 들깻가루를 넣어서 섞어주고,",https://recipe1.ezmember.co.kr/cache/recipe/2015/06/16/646cb4adeba8fa20bbcad18c3e28e1cd1.jpg,,,
4803252,8,송송 썬 쪽파를 넣어서 섞어주고 마무리 해주세요.,https://recipe1.ezmember.co.kr/cache/recipe/2015/06/16/cff159df81feb642945caed3ad1dbbd91.jpg,,,
6930296,1,제일 먼저 당면은 완전 뜨거운물에 불려주세요. 그래야 재료손질하는동안 다 불어요^^ 볶기전 덜 불어도 걱정마세요. 볶을때 물좀 더 넣고 볶으면 됩니다. 시간여유있다면 찬물에 천천히 불려쓰면 더욱 좋습니다.^^,https://recipe1.ezmember.co.kr/cache/recipe/2020/04/08/dd6d69276bb5328f45a39e40435bb4801.jpg,,,
6930296,2,표고버섯은 기둥을 떼고 슬라이스해서 준비해 주세요.,https://recipe1.ezmember.co.kr/cache/recipe/2020/04/08/ee8342e361abe10188f00e547ba228021.jpg,,,
6930296,3,청양고추는 매콤한걸 좋아한다면 두개까지 가능한데 슬라이스 해서 준비해 주세요. 두개이상은 넣지마세요. 칼칼함이 올라와서 먹다가 사레걸려요.,https://recipe1.ezmember.co.kr/cache/recipe/2020/04/08/a287f7f0d53e0f8dda5ac868e466197f1.jpg,,,
6930296,4,대파도 원형 그대로 슬라이스 해서 준비해 주세요.,https://recipe1.ezmember.co.kr/cache/recipe/2020/04/08/5672508133611c9a294bfdc6d93c8fed1.jpg,,,
6930296,5,참기름을 제외한 양념장은 전부 한데 섞어 주세요.,https://recipe1.ezmember.co.kr/cache/recipe/2020/04/08/ea84fa359c37e248ed6e9fdc45d36a451.jpg,,,
6930296,6,"팬에 식용유 4T를 두르고 파하고, 마늘을 넣고 중불에서 볶아주세요.",https://recipe1.ezmember.co.kr/cache/recipe/2020/04/08/2f5b6ad70e4b401309ed67b5274157121.jpg,중불,,
6930296,7,대파와 마늘은 향이 우러나오도록 충분히 볶아 파기름을 만들어 주세요.,https://recipe1.ezmember.co.kr/cache/recipe/2020/04/08/83b05e03845bcb3d5ccc63f0301238f81.jpg,,,
6930296,8,어느정도 파기름이 익어가면 청량고추를 넣고 살짝만 볶아주세요.,https://recipe1.ezmember.co.kr/cache/recipe/2020/04/08/b0d98eb9fd8c628b80b599ed2d82735b1.jpg,,,
6930296,9,"슬라이스한 표고버섯을 넣고 불은 중불에서 볶아주세요. 쎈불에 볶으면 파,마늘만 타니 중불로 천천히 볶아주세요.",https://recipe1.ezmember.co.kr/cache/recipe/2020/04/08/43a1a0b68e6c74ea258b83be97851ac91.jpg,중불,,
6930296,10,"버섯은 충분히 볶아야 맛이 좋아요. 버섯자체에 윤기가 돌때까지, 흡수한 기름을 도루 뱉어낼때까지 볶아주세요.",https://recipe1.ezmember.co.kr/cache/recipe/2020/04/08/afddba1e447d5c7efbe1d1f4cb870d151.jpg,,,
6930296,11,버섯이 잘 볶아졌으면 당면과 양념장을 1/3만 남기고 물 반컵과 함께 볶아주세요. 센불로 볶아야 면이 불지 않아요.,https://recipe1.ezmember.co.kr/cache/recipe/2020/04/08/74d35ce024e048639fd67a90750f3b311.jpg,강불,,
6930296,12,면에 양념이 잘스며들고 면이 익으면 간을보아 남겨둔 양념장 을 추가하거나 괜찮다면 참기름을 넣고 마무리합니다.,https://recipe1.ezmember.co.kr/cache/recipe/2020/04/08/9440c0e8ff3dd8489fc89191606276751.jpg,,,
6930296,13,그릇에 면과함께 담고 깨는 기호에 맞게 추가해 주세요~,https://recipe1.ezmember.co.kr/cache/recipe/2020/04/08/c4d1e9b8e5eb6c9591bcc51cf548e8da1.jpg,,,
6929388,1,상추를 썰거나 손으로 뜯어주세요.,https://recipe1.ezmember.co.kr/cache/recipe/2020/03/26/15314abde3b26161d1da632519eba8ef1.jpg?w=1000,,,
6929388,2,"큰 볼에 고춧가루2, 다진마늘 1, 간장 1, 설탕1, 식초2, 참기름1, 통깨1을 넣고 섞어주세요.",https://recipe1.ezmember.co.kr/cache/recipe/2020/03/26/1b021c09d861f64aef20a9cc89b142bd1.jpg,,,
6929388,3,상추를 한쪽에 몰아준 다음 상추를 조금씩 잡아서 양념장을 조금씩 무침 반복! 그래야만 간 조절에 실패 없음! 한꺼번에 무쳐주면 편하지만 상추양에 따라 양념장이 많거나 부족할 상황 예방!,https://recipe1.ezmember.co.kr/cache/recipe/2020/03/26/de258a3da1dd22af115ce762fdcc82551.jpg?w=1000,,,
6929388,4,통깨 팍팍! 손목에 힘을 빼고 아주 살살살 버무려 주면 완성!,https://recipe1.ezmember.co.kr/cache/recipe/2020/03/26/cf786e218acf9527c7fc1fbc14f251fb1.jpg?w=1000,,,
6929388,5,"샐러드처럼 드셔도 좋고, 밥 넣고 상추 넣고 참기름 쪼르륵해서 비빔밥해서 드시면 이 또한 별미 중의 별미!",https://recipe1.ezmember.co.kr/cache/recipe/2020/03/26/6f2fa2777801eae0944c3adc4e7563d71.jpg?w=1000,,,
6866122,1,봄동은 잎이 연한것으로 고른다.,https://recipe1.ezmember.co.kr/cache/recipe/2017/03/02/da0586dba2ddc1c2381f27aac837dd831.jpg,,,
6866122,2,잎을 떼어 끓는 물에 소금을 넣고 데친다.,https://recipe1.ezmember.co.kr/cache/recipe/2017/03/02/06ed1a9915e576018adfa3102b9cd81c1.jpg,,,
6866122,3,찬물에 여러번 헹구어 씻어 물기를 꼭 짠다.,https://recipe1.ezmember.co.kr/cache/recipe/2017/03/02/4ddbb1d9c3129acfe8258ebad1cf41591.jpg,,,
6866122,4,파와 마늘은 다진다.,https://recipe1.ezmember.co.kr/cache/recipe/2017/03/02/1abe7a32107d3d744d20ba14e54ff0661.jpg,,,
6866122,5,봄동은 먹기좋은 크기로 자른다.,https://recipe1.ezmember.co.kr/cache/recipe/2017/03/02/7f53f438033797095a16b20b59b597481.jpg,,,
6866122,6,위의 양념으로 조물조물 무친다.,https://recipe1.ezmember.co.kr/cache/recipe/2017/03/02/e392c70de450b6243ac95928dcfe672d1.jpg,,,
6866122,7,접시에 담는다.,https://recipe1.ezmember.co.kr/cache/recipe/2017/03/02/e9583deaec38a3c34090b9537fc8b8211.jpg,,,
6862339,1,두부 반모는 칼등으로 잘게 으깨어준다.,https://recipe1.ezmember.co.kr/cache/recipe/2016/12/08/933aa9cc38efd78aa5ad8c1983c93ae11.jpg,,,
6862339,2,"참기름 1T, 간장 2T, 깨소금 1T, 설탕 0.5T 를 넣고 양념을 만들어 준다. - 부족한 간은 마지막에 소금으로 맞춰주세요 (소금 0.5t)",https://recipe1.ezmember.co.kr/cache/recipe/2016/12/08/b27fd4e5b123487916d983840308174b1.jpg,,,
6862339,3,팬에 으깬 두부를 넣고 만들어진 양념 1/2 분량을 부어 준 뒤 수분이 날아갈 때 쯤 꺼내어 볼에 담아둔다. - 꿀tip. 두부의 물기는 키친타올로 어느정도 제거할 수 는 있지만 시간이 지나면 물이 생기므로 맛이 없어지는데요. 팬에 한번 볶아주시면 금방 무친 것 처럼 간도 잘 유지되고 보송하게 드실 수 있어요.,https://recipe1.ezmember.co.kr/cache/recipe/2016/12/08/c5c98dd01e5554f992251dce62405abc1.jpg,,120,
6862339,4,시금치는 지저분한 잎을 떼어낸 뒤 흐르는 물에 깨끗하게 씻어 준다. - 시금치를 삶고 남은 물은 된장찌개 육수로 사용해도 감칠맛이 참 좋으니 시금치에 잔여물이 남지 않도록 바락바락 깨끗하게 잘 씻어주세요.,https://recipe1.ezmember.co.kr/cache/recipe/2016/12/08/3e4cd63dff909dda1f5ac2e33ec3724a1.jpg,,,
6862339,5,깨끗하게 씻은 시금치는 밑둥을 자르고 먹기좋은 크기로 2등분 한다.,https://recipe1.ezmember.co.kr/cache/recipe/2016/12/08/599d74d23917fdb418e33ef3cea5af2c1.jpg,,,
6862339,6,끓는 물에 소금 0.5t를 넣어준 뒤 시금치를 넣고 20초간 삶아준다. - 너무 푹 무르게 삶아버리면 영양소 파괴가 많아지니 1분이내로 꺼내어주세요 - 소금을 넣으면 초록빛깔의 예쁜 색감을 유지할 수 있어요,https://recipe1.ezmember.co.kr/cache/recipe/2016/12/08/5378bd2c2a29a43229bf9382db9f74591.jpg,,80,
6862339,7,시금치를 삶아낸 물은 버리지 마시구요 육수대신 사용하면 감칠맛이 좋아요. 저는 된장찌개를 만들었답니다 ^^,https://recipe1.ezmember.co.kr/cache/recipe/2016/12/08/b86600df2c9ee811fdb3936285bdd26b1.jpg,,,
6862339,8,데친 시금치는 찬물에 헹구어 손으로 물기를 꼭 짠다. 두부가 담긴 볼에 시금치를 넣고 나머지 양념을 다 넣어준 뒤 손으로 조물조물 무쳐준다. 부족한 간은 소금 (0.5t) 를 넣고 마무리한다.,https://recipe1.ezmember.co.kr/cache/recipe/2016/12/08/ee9808d1e8fedf029fbff292b95619d01.jpg,,,
6862339,9,부드럽고 고소하고 담백한 시금치두부무침. 박브라더스가 제일 좋아하는 반찬 중 하나예요. 참기름 냄새 솔솔나는 초록나물을 무치고 있을 때면 옹기종기 모여앉아 호로록~ 다 먹어버리는 효자반찬이랍니다. 맛있게 드세요~,https://recipe1.ezmember.co.kr/cache/recipe/2016/12/08/7380748a923911596a1a9f2a771998b51.jpg,,,
6842280,1,연두부를 접시에 뒤집어 올려줍니다.,https://recipe1.ezmember.co.kr/cache/recipe/2016/01/28/50f8135bd6888e128580e8f195cf6cdd1.jpg?w=1000,,,
6842280,2,어린잎채소나 새싹채소를 연두부위에 올려줍니다.,https://recipe1.ezmember.co.kr/cache/recipe/2016/01/28/490848631138d789d29079f1cfe1210a1.jpg?w=1000,,,
6842280,3,"분량의 양념장에 양파,파프리카를 다져넣고 연두부위에 뿌려주면 완성.",https://recipe1.ezmember.co.kr/cache/recipe/2016/01/28/ba36656d1d30339c264f6120c2f91c901.jpg,,,
7071602,1,종이 호일을 전자레인지 바닥에 맞게 잘라 주세요!,https://recipe1.ezmember.co.kr/cache/recipe/2026/02/14/9289b57291badfaf3de4014c536d5f911.jpg?w=1000,,,
7071602,2,치즈를 놓고 1분10초를 전자레인지에 돌려 줍니다!,https://recipe1.ezmember.co.kr/cache/recipe/2026/02/14/ea9495a0ca1d221e760d32a6034038841.jpg?w=1000,,70,
7071602,3,"전자레인지를 열어서 수증기를 날린 뒤,30초를 더 돌리면...",https://recipe1.ezmember.co.kr/cache/recipe/2026/02/14/7d58c534219b2a47a2bd2c2b4be131841.jpg?w=1000,,30,
7071602,4,완성!!!,https://recipe1.ezmember.co.kr/cache/recipe/2026/02/14/d77f0a1ff85a3ada3894af6fda7e6b2b1.jpg?w=1000,,,
6858529,1,"볼에 고기를 넣고 간장 1T , 다진마늘 1/2T , 맛술 1T 넣어 고기 밑간을 한다. 소고기 100g 볼",https://recipe1.ezmember.co.kr/cache/recipe/2016/10/17/6fe58a7fcf5bd2ea33c3807f2afa3b9b1.png,,,
6858529,2,"팬에 밑간 한 고기를 볶다가 채 썬 양파 , 채 썬 당근을 넣고 볶는다. 채 썬 양파1/2개, 채 썬 당근 1/5개 팬",https://recipe1.ezmember.co.kr/cache/recipe/2016/10/17/b8be19a29e6e60c325b38fe7137ad5b21.png,,,
6858529,3,양파가 투명해 지면 표고버섯을 넣어 볶는다. 채 썬 표고버섯 4개,https://recipe1.ezmember.co.kr/cache/recipe/2016/10/17/bea018814c0712b33da9365b156c8af91.png,,,
6858529,4,"버섯이 숨이 죽으면 간장 2T , 굴소스 1T , 설탕 1/2T 를 넣어 간을 한다.",https://recipe1.ezmember.co.kr/cache/recipe/2016/10/17/b83ec707ca9ce826037697faa63538561.png,,,
6858529,5,재료가 볶아지면 물 300ml를 넣어 한소끔 끓인다..,https://recipe1.ezmember.co.kr/cache/recipe/2016/10/17/6aaa214168918788c41bf977774062e51.png,,,
6858529,6,"볼에 전분 1T , 물 50ml를 넣고 전분 물을 만들어 넣어 뭉치지 않게 바로 섞는다. 볼",https://recipe1.ezmember.co.kr/cache/recipe/2016/10/17/376b5b7558936f32c97e124d49ed5e3e1.png,,,
6858529,7,마지막으로 불을 끈 후 후추 약간 과 참기름 1T를 넣어 완성한다.,https://recipe1.ezmember.co.kr/cache/recipe/2016/10/17/484c36804b7d32f9890ce0c15b00dbc01.png,,,
6902300,1,먼저 야채를 잘게 썰어 주시는데요. 이연복 쉐프님은 쥐똥고추를 말씀하셨는데 저는 없어서 매운 청양홍고추를 사용했습니다,https://recipe1.ezmember.co.kr/cache/recipe/2018/12/18/5d504d85a72fb4cf6e00d86c4b0d8a991.jpg,,,
6902300,2,후추를 제외한 양념은 미리 한곳에 섞어 줍니다,https://recipe1.ezmember.co.kr/cache/recipe/2018/12/18/ea6a839d13b94798d7ad18982caee27c1.jpg,,,
6902300,3,달궈진 팬에 기름 약간 두르고 만두를 약불에서 노릇하게 구워 주세요,https://recipe1.ezmember.co.kr/cache/recipe/2018/12/18/f679ec4e3a1d8fa8e7aafd251db990871.jpg,약불,,
6902300,4,"만두가 다 구워지면 한쪽에 밀어두고 다른 한켠에서 대파,다진마늘,매운홍고추를 넣고 볶다가 만두와 섞어 줍니다",https://recipe1.ezmember.co.kr/cache/recipe/2018/12/18/72d10b82153f1d5774d4c69f6e14a5f51.jpg,,,
6902300,5,준비해둔 양념에 후추약간과 물 3-4스푼을 넣어주고 재빨리 저어 살짝 졸여주면 끝!,https://recipe1.ezmember.co.kr/cache/recipe/2018/12/18/98bdccf1d7ac4389b9580924e48166331.jpg,,,
6902300,6,야식으로 추천드리고 싶은 이연복쉐프님 깐풍만두 완성입니다,https://recipe1.ezmember.co.kr/cache/recipe/2018/12/18/7813e811ce3fbf06a3e65cf948630e591.jpg,,,
6902300,7,"한입 먹어보니 고추의 매콤한 맛, 식초의 새콤한 맛, 설탕의 달달한 맛이 한데 어우려져 정말 맛있어요.맥주드시는 분들께는 간단한 술안주로도 좋을듯 합니다",https://recipe1.ezmember.co.kr/cache/recipe/2018/12/18/94a8d9abaee85aa4fef074a632feb1a71.jpg,,,
7045621,1,다이어트 건강식이라 쌀에 '파로' 30%를 넣고 밥을 했어요! (현미 대체 가능),https://recipe1.ezmember.co.kr/cache/recipe/2025/02/21/916d9981d85f086d60ad65468f4cf2891.png,,,
7045621,2,"씹히는 식감도 맛있고, 고소해요~ 혈당 관리에도 좋고 식이섬유가 풍부해서 체중 감량에 도움을 준답니다^^ 면기",https://recipe1.ezmember.co.kr/cache/recipe/2025/02/21/2709a22db49e1f13d3b3e9ac1449c34c1.png,,,
7045621,3,상추 5장 깨끗이 씻어 놓기. (기호에 따라 상추 양은 조절 하세요),https://recipe1.ezmember.co.kr/cache/recipe/2025/02/21/5d448f62d40bd7f6f8f121763545d10b1.png,,,
7045621,4,사조 생생 참치캔인데 덩어리로 들어 있어요~ 이거 강추!,https://recipe1.ezmember.co.kr/cache/recipe/2025/02/21/d0ac7f6e27db0fe5773af40effc3c6f21.png,,,
7045621,5,이렇게 참지살이 그대로 살려져 있어서 특히 비빔밥에 넣어 먹을 때 더욱 맛있어요!,https://recipe1.ezmember.co.kr/cache/recipe/2025/02/21/e088eb37c03072bd76abe0966f1629721.png,,,
7045621,6,"상추는 가위로 잘라서 밥 위에 올려 놓고, 고추장과 참기름 준비해서 기호에 따라 양 조절해 넣으세요~ 조리용가위 , 소스볼 , 스푼",https://recipe1.ezmember.co.kr/cache/recipe/2025/02/21/0c4a6cc567c83a5fc2fba39ba39701931.jpg?w=1000,,,
7045621,7,달걀 프라이 해서 밥위에 얻으시면 완성!! 정말 간단하죠?!^^ 맛도 최고!! 영양도 최고!!,https://recipe1.ezmember.co.kr/cache/recipe/2025/02/21/53f73442c92a1cc0db50d35772fd0cb11.jpg?w=1000,,,
6927971,1,팽이버섯 밑둥을 자르고 한입 크기 덩어리로 분리해줍니다,,,,
6927971,2,팬에 기름을 두르고 팽이버섯을 앞뒤로 30초씩 구워 줍니다 강불,,강불,30,
6927971,3,분량의 소스를 팽이버섯 위에 부어 줍니다,,,,
6927971,4,앞뒤로 30초씩 조려 주면 완성!,,,30,
7020587,1,"감자 2개는 껍질을 깎아서, 두껍지 않게 적당한 두께로 채 썰어주세요. 채 썰은 감자는 찬물에 30분 이상 담가서 전분기를 빼주고~",https://recipe1.ezmember.co.kr/cache/recipe/2024/02/22/8bf5e2584b2808a8918518ba837354461.jpg,,1800,
7020587,2,"끓는 물에 담아 3~5분정도 익혀 주세요~ 이 때, 너무 믹히게 되면 감자를 볶을 때 감자가 다 부숴지게 되니 살짝 덜 익히는게 포인트에요~!",https://recipe1.ezmember.co.kr/cache/recipe/2024/02/22/c48b3099c9831be360f4ad0af1d8cfb21.jpg,,300,
7020587,3,"감자가 어느정도 익었을 때, 채에 건져 물기 빼주고 대기~",https://recipe1.ezmember.co.kr/cache/recipe/2024/02/22/9c8325cad829197ba018d9dab35ed9ad1.jpg,,,
7020587,4,"다른 야채를 손질 할게요~ 당근 소량 채 썰어주고, 양파도 소량 채썰어주세요~ 1/2정도면 양파 양은 적당항 것 같아요. 스팸 100g도 먹기 좋은 두께로 길죽하게 썰어 준비해 줍니다",https://recipe1.ezmember.co.kr/cache/recipe/2024/02/22/b04c94c95e77f1c938b0fb16943c7ba61.jpg,,,
7020587,5,"이제 준비가 되었으면, 바로 볶을 준비에 들어갈게요~ 팬에 식용유를 넉넉히 두르고 다진마늘 1큰술 넣어 마늘기름이 충분히 나올 때 까지 볶아주세요.",https://recipe1.ezmember.co.kr/cache/recipe/2024/02/22/a04df6b643f087f7d88493703216ae001.jpg,,,
7020587,6,"마늘 기름이 충분히 나오면, 당근과 스팸을 넣어 볶아주세요~ 가볍게 휘휘 볶아주다가~",https://recipe1.ezmember.co.kr/cache/recipe/2024/02/22/f2448a2aef31c65e81382654a84b76671.jpg,,,
7020587,7,"물기 털은 감자를 넣고, 양파도 넣어 주세요~",https://recipe1.ezmember.co.kr/cache/recipe/2024/02/22/779201b1b716f736b1ccf6f873d46e401.jpg,,,
7020587,8,"이 때, 간을 맞추기 위한 소금을 넣고~ 함께 볶아 줍니다. 소금으로 간을 맞춰서 볶아 주고~",https://recipe1.ezmember.co.kr/cache/recipe/2024/02/22/902e857c6484059f61230290da33796e1.jpg,,,
7020587,9,"마지막에 불을 끈 후, 참기름 1큰술, 깨소금 듬뿍 넣어 잔열에 볶아주면 끝이에요~",https://recipe1.ezmember.co.kr/cache/recipe/2024/02/22/d26a6d11b8a7bad842841e01d0ca95671.jpg,,,
7020587,10,살살살 야채들이 부서지지 않게 볶아 주세요~,https://recipe1.ezmember.co.kr/cache/recipe/2024/02/22/9457c18efcbb5694766754f1d997cdb31.jpg,,,
7020587,11,"쨘~ 맛있는 감자볶음이 완성 되었어요~! 누구라도 부담 없이 편하게 먹을 수 있는 반찬~ 냉장고의 반찬 칸을 채우고 싶을 때, 휘리릭 볶아서 만들어 보세요~",https://recipe1.ezmember.co.kr/cache/recipe/2024/02/22/3dc1739a43d7101a8fff629ce93630bd1.jpg,,,
6861562,1,"저는 치킨너겟을 이용했어요 치킨너겟으로 하셔도 되는데, 미니돈까스로 하셔도 되고 그냥 돈까스로 하셔도 돼요! 달군 팬에 기름을 충분히 두르고 치킨너겟을 튀기듯이 구워주세요 바삭바삭하게 말이죠 피카츄돈까스의 생명은 튀겨내서 바삭했단 거죠",https://recipe1.ezmember.co.kr/cache/recipe/2016/11/24/994177a72180c9b5ca06307d7264fd841.jpg,,,
6861562,2,튀기듯이 바삭바삭하게 구워주세요 중불,https://recipe1.ezmember.co.kr/cache/recipe/2016/11/24/4885faacccb95ca7058ac52ff3d8474b1.jpg,중불,,
6861562,3,"소스를 만들어볼게요 볼에 올리고당 2T, 케찹 2T, 고추장 0.5T, 다진 마늘 0.5T를 넣고 잘 섞어주세요 떡꼬치, 순대 꼬지 등등 튀김요리 양념으로 좋으니 활용하셔도 좋아요",https://recipe1.ezmember.co.kr/cache/recipe/2016/11/24/a30bbcf13ae12fe4b119172e23b5373e1.jpg,,,
6861562,4,바삭하게 구워진 치킨너겟은 꼬지에 3개씩 꽂아주세요,https://recipe1.ezmember.co.kr/cache/recipe/2016/11/24/ec212b97247f97f24b07dad2d3d0140f1.jpg,,,
6861562,5,"그리고 양념을 앞, 뒤, 옆 구석구석 잘 발라줍니다 저는 양념 듬뿍~ 발랐어요",https://recipe1.ezmember.co.kr/cache/recipe/2016/11/24/f2db00b9f4ad8340760d62b58896f40f1.jpg,,,
6861562,6,달달한 양념이 듬뿍 발라진 바삭한 치킨너겟 꼬지 진짜 한입 먹는 순간 피카츄돈까스가 생각이 나요,https://recipe1.ezmember.co.kr/cache/recipe/2016/11/24/3afd53c02262f411e11f92d5a7c713721.jpg,,,
7056068,1,"대파 1대를 자르는 동안 도마 , 조리용나이프 대파 손질법",https://recipe1.ezmember.co.kr/cache/recipe/2025/06/23/7dd725f6302b46f353354b115e2723dc1.jpg,,,
7056068,2,"포도씨유 넉넉히 둘러 팬이 달궈지면, 프라이팬 , 요리스푼",https://recipe1.ezmember.co.kr/cache/recipe/2025/06/23/19d6c9f8a1b8bf11aef090d6e38a83361.jpg,,,
7056068,3,대파의 숨이 죽고 맛있는 향이 올라올 때까지 볶아주세요~,https://recipe1.ezmember.co.kr/cache/recipe/2025/06/23/c885d25065fce056802f80aa8374e7791.jpg,,,
7056068,4,달걀 5개를 터뜨려 중불에서 달걀의 아랫부분이 하얗게 변하도록 부쳐주시는 동안,https://recipe1.ezmember.co.kr/cache/recipe/2025/06/23/60ae3c5e696cb7537fdab509e6b1e75e1.jpg,중불,,
7056068,5,"진간장 2T, 청주 1T, 물 4T 소스볼 , 숟가락",https://recipe1.ezmember.co.kr/cache/recipe/2025/06/23/f05195948618cc184f06602592bcc1431.jpg,,,
7056068,6,"설탕 1T, 다진 마늘 1T 만들어 고르게 섞고,",https://recipe1.ezmember.co.kr/cache/recipe/2025/06/23/532c42c855803656c80db2944de14ffb1.jpg,,,
7056068,7,"양념장 모두 넣어,",https://recipe1.ezmember.co.kr/cache/recipe/2025/06/23/cf8d81a0fff5c948514ceb20e0562c3d1.jpg,,,
7056068,8,"뚜껑을 덮고, 약불에서 3분간 더 익혀 주신 후, 반숙으로 즐기고 싶은 분들은 2분만 익혀주시면 됩니닷~ ​",https://recipe1.ezmember.co.kr/cache/recipe/2025/06/23/0e9f4a0235f95926f397b948a1c5c20f1.jpg,약불,180,
7056068,9,따뜻한 밥 위에 완성접시,https://recipe1.ezmember.co.kr/cache/recipe/2025/06/23/f1518e0f506fce6efc8cbfa80b48c7021.jpg,,,
7056068,10,부쳐 놓은 달걀과 양념장 모두 올려 참기름 1T 휘휘~,https://recipe1.ezmember.co.kr/cache/recipe/2025/06/23/8470e9da8c2eba262bede37eab4bf30c1.jpg,,,
7056068,11,통깨 1t 올려 마무리해 주시면 끝!!,https://recipe1.ezmember.co.kr/cache/recipe/2025/06/23/24c7d2fdddf2df7a05fe48d452fca20b1.jpg,,,
7056068,12,이거 쉬운데!! 진짜 맛있어요.,https://recipe1.ezmember.co.kr/cache/recipe/2025/06/23/080e58a4220aabe835ffd07f17e470bd1.jpg,,,
7056068,13,맛있게 드세요:),https://recipe1.ezmember.co.kr/cache/recipe/2025/06/23/d95cf8ca0347cd82d4a7b07a3705c52c1.jpg,,,
5269045,1,벌교꼬막..그러니깐 참꼬막이 아니라면 저처럼 새꼬막의 경우에는 껍질이 조금 깨끗한 편이랍니다. 그래도 깨끗히 씻어내야겠지요. 흐르는 물에 굵은 소금을 조금 넣고 박박 문질러 껍질에 묻어있는 이물질을 제거해 주세요. 참고로 꼬막끼리 서로 문질러 씻어내면 훨씬 깨끗해져요.,https://recipe1.ezmember.co.kr/cache/recipe/2015/03/25/78af5741a4f97c8ffa371097ff90e4591.jpg,,,
5269045,2,씻어낸 꼬막은 끓는 물에 넣은 후 굵은 소금 약간을 넣어 데쳐주시는데요. 이 때 한쪽 방향으로 저어가며 데쳐주셔서 껍질의 한쪽으로 꼬막살이 쏠려 먹기가 편해요^^ 꼬막의 입이 벌어지기 시작하면 다~ 익은거랍니다. 전.. 아직 날이 많이 차가운 것이 아니라서 혹시나 하는 마음에 조금 더 오래 삶아주었어요. 꼬막의 대부분이 입을 벌릴 때까지~,https://recipe1.ezmember.co.kr/cache/recipe/2015/03/25/ef20e8bf57650505fcb8abb5c82cfa0d1.jpg,,,
5269045,3,생각했던 것보다 꼬막살이 토실토실하더라구요^^ 양념꼬막으로 만들어 먹을 꼬막은 2/3가량 한쪽 껍질만 제거해주고.. 나머지 1/3의 꼬막은 된장국에 넣으려고 살만 발라냈어요.,https://recipe1.ezmember.co.kr/cache/recipe/2015/03/25/dea595ddc762372c9ef208931f1691a71.jpg,,,
5269045,4,"[꼬막양념장 만들기] 고춧가루 1/2큰술, 간장 3큰술, 참기름 1/2큰술, 생강즙 1/2큰술, 설탕 1/2작은술, 다진마늘 1/2작은술, 다진 홍고추 1/2큰술, 다진 부추 1큰술, 다진양파 1큰술 그리고 참깨 분량의 양념을 섞어주세요. 홍고추, 부추, 다진마늘은 잘게 다져줍니다.",https://recipe1.ezmember.co.kr/cache/recipe/2015/03/25/1b5f92207105edc56ffd402c31601b1b1.jpg,,,
5269045,5,이대로~ 뜨끈한 밥위에 올려 쓱싹 비벼 먹어도 너무 맛있어요^^ 음... 콩나물밥의 양념으로도 좋겠지요. 만능양념장이네요^^,https://recipe1.ezmember.co.kr/cache/recipe/2015/03/25/ca305c64c247e834dd7466a9f01c9d591.jpg,,,
5269045,6,꼬막위에 적당량의 양념장을 올려 맛을 내 줍니다.,https://recipe1.ezmember.co.kr/cache/recipe/2015/03/25/cd89e404f244e62f38ad87cece3bff751.jpg,,,
5269045,7,먹기 좋게 꼬막살만 발라 양념장에 찍어 드셔도 좋고 조물조물 무쳐드셔도 좋지만 역시 양념꼬막은 이렇게 껍질째 들고 후루룩~ 해주어야 제 맛이지요^^,https://recipe1.ezmember.co.kr/cache/recipe/2015/03/25/5fda42f76fd4ad9fe3191cf7d8bd7c411.jpg,,,
6842110,1,김을 굽는 방법은 아주 간단해요 후라이팬을 가열한뒤 열이 올라오면 약불로 줄여준다음 김을 올려서 앞뒤로 구워주시면 됩니다.,https://recipe1.ezmember.co.kr/cache/recipe/2016/01/26/bca4a1b469851131c94a0b14bb73dd621.jpg,약불,,
6842110,2,왼쪽이 안구운쪽 오른쪽이 후라이팬에 구운쪽이예요 형광등에 비쳐봤을때 저렇게 거뭇거뭇했던 김이 초록초록해지면 김구이가 잘된거예요.,https://recipe1.ezmember.co.kr/cache/recipe/2016/01/26/98cabd69b9c33bd76747677d8f7285441.jpg,,,
6842110,3,구운김을 가지런히 놓고 칼이나 가위를 이용해서 먹기 좋게 잘라줍니다,https://recipe1.ezmember.co.kr/cache/recipe/2016/01/26/8feaed96f2c79d881b9339229580391c1.jpg,,,
6842110,4,구운김은 밀폐용기에 담아서 보관하면 오래두고 먹을수 있어요.,https://recipe1.ezmember.co.kr/cache/recipe/2016/01/26/06649b3516eaaee931e4adec644d09ee1.jpg,,,
6842110,5,자 이제 김이 다구워졌으니 김구이와 함께 먹을 달래양념장을 만들께요 마트가니까 저렇게 한묶음씩 팔더라구요~한줌보다는 반줌정도 되는양같아요~ 요거랑 홍고추1/2개를 준비합니다.,https://recipe1.ezmember.co.kr/cache/recipe/2016/01/26/e5041340b4e9b44e4d3c5bdabcc6b4b41.jpg,,,
6842110,6,달래는 처음사시면 고무줄로 묶어져 있는데 묶어져 있는 상태로 뿌리쪽을 물로 헹구어준다음 고무줄을 풀러서 흐르는물에 깨끗하게 헹구어 주세요.,https://recipe1.ezmember.co.kr/cache/recipe/2016/01/26/0288fc9c4b6914735aaa72cbd1ec62221.jpg,,,
6842110,7,"헹구어진 달래를 0.5cm정도 크기로 곱게 다져주시고, 홍고추도 씨를 제거후에 잘게 다져서 준비해주세요.",https://recipe1.ezmember.co.kr/cache/recipe/2016/01/26/2eb853bf16fd0192b4e1a004ebdc1e941.jpg,,,
6842110,8,"큰볼에 달래와 홍고추를 넣고,",https://recipe1.ezmember.co.kr/cache/recipe/2016/01/26/fe0a55db23debc47763f1847459962bb1.jpg,,,
6842110,9,"간장10스푼,참기름1스푼,매실청3스푼,고추가루1스푼,다진마늘1/2스푼,통깨1스푼을 넣고,",https://recipe1.ezmember.co.kr/cache/recipe/2016/01/26/3d31a25118c29d91f2af6fd6c127eda91.jpg,,,
6842110,10,잘섞어줍니다. (양이 꽤많이 나오므로 두고두고 드실수 있어요),https://recipe1.ezmember.co.kr/cache/recipe/2016/01/26/5b6526f84911447c564be0a05455af331.jpg,,,
6842110,11,달래양념장도 완성이 되었어요.,https://recipe1.ezmember.co.kr/cache/recipe/2016/01/26/3e0628ea3bcccb881f87279408115cfd1.jpg,,,
6842110,12,"미리 넉넉하게 김도 굽고, 양념장도 만들어 두었다가 ~ 아침에 먹고 가셔도 좋고~ 입맛없을때 요렇게만 해서 먹어도 참 맛있어요.",https://recipe1.ezmember.co.kr/cache/recipe/2016/01/26/ceed30cb9deff4b5fba07faccae1f3f71.jpg,,,
6899965,1,시리얼을 비닐팩에 넣고 반정도 닫은 후 평평하게 눌러주세요.,https://recipe1.ezmember.co.kr/cache/recipe/2018/11/12/0c686d5aebaba440ffbdbb012b58729e1.png?w=1000,,,
6899965,2,"냄비에 설탕, 올리고당을 넣고 강불에 끓여주세요.",https://recipe1.ezmember.co.kr/cache/recipe/2018/11/12/13d2428742b2b2d2d102d3a5703d86641.png?w=1000,강불,,
6899965,3,가장자리가 보글보글 끓으면 약불로 줄여 젓지말고 팬을 기울여 섞어주세요.,https://recipe1.ezmember.co.kr/cache/recipe/2018/11/12/ee7acb4f5a258564b3b0bf899c9a9e021.png?w=1000,약불,,
6899965,4,전체적으로 끓으면 불을 끄고 시리얼을 넣고 섞어주세요.,https://recipe1.ezmember.co.kr/cache/recipe/2018/11/12/48fb7fe21462d4ced559a598325986b21.png?w=1000,,,
6899965,5,골고루 섞이면 약불로 켜고 골고루 볶아주세요.,https://recipe1.ezmember.co.kr/cache/recipe/2018/11/12/a952b8dea4aabb7fdf6f5ce0af005c9d1.png?w=1000,약불,,
6899965,6,도마위에 종이호일을 깔고 시리얼을 부어주세요.,https://recipe1.ezmember.co.kr/cache/recipe/2018/11/12/bfc5e281c9136a52a70b0cd44d28d7191.png?w=1000,,,
6899965,7,손으로 눌러가며 모양을 잡아주세요. 꽉꽉눌러야 모양이 흐트러지지 않아요.,https://recipe1.ezmember.co.kr/cache/recipe/2018/11/12/d67609a70cdebc1d801a2f1aa042a6db1.png?w=1000,,,
6899965,8,냉장고에 5분간 굳혀줍니다.,https://recipe1.ezmember.co.kr/cache/recipe/2018/11/12/3dc3c86137c1037e1aa6a96940a7969a1.png?w=1000,,300,
6899965,9,칼로 잘라 완성합니다.,https://recipe1.ezmember.co.kr/cache/recipe/2018/11/12/c655f133331fcc8e35a6e3b7ef2430b91.png?w=1000,,,
7069741,1,재료 준비,https://recipe1.ezmember.co.kr/cache/recipe/2026/01/12/30d74641a33cc072d3edef2ee529485b1.jpg,,,
7069741,2,색감도 식감도 더 올려줄 당근은 잘게 썰어 준비해 주세요. 대파는 반 갈라 잘게 썰어주세요. 느타리버섯은 밑동을 잘라낸 뒤 듬성듬성 찢어서 가볍게 씻어 주세요.,https://recipe1.ezmember.co.kr/cache/recipe/2026/01/12/6e6c707a3c99b1bebfa5ed08660850ad1.jpg,,,
7069741,3,끓는 물에 30초 정도만 데쳐 찬물에 헹궈 물기를 꼭 짜주세요. 이 과정을 거쳐주시면 익을 때 수분이 나오지 않아 더 쫄깃한 식감을 즐길 수 있어요.,https://recipe1.ezmember.co.kr/cache/recipe/2026/01/12/314cc7247f5a019e38595e21c0f10a541.jpg,,30,
7069741,4,너무 굵지 않게 다져시면 재료 준비 끝!,https://recipe1.ezmember.co.kr/cache/recipe/2026/01/12/53d5eb6deae7e35ecda925ffa5d840831.jpg,,,
7069741,5,"볼에 느타리버섯, 당근, 대파를 넣고 계란 4개, 소금 1t, 후추 톡톡 넣어 주세요. 기호에 따라 후추는 생략하셔도 됩니다.",https://recipe1.ezmember.co.kr/cache/recipe/2026/01/12/c907ad98e7002074b61fec9636b2bc9e1.jpg,,,
7069741,6,계란과 재료가 골고루 섞이도록 잘 섞어주세요.,https://recipe1.ezmember.co.kr/cache/recipe/2026/01/12/1425fadfc70e137f0d79968c3f76620e1.jpg,,,
7069741,7,팬을 달군 후 식용유를 넉넉히 둘러주고 중약불로 줄여주세요. 반죽을 한 숟갈 듬뿍 떠서 모양을 잡고 가장자리가 익어가면 뒤집어 약불에서 노릇하게 부쳐주시면 완성이에요. 재료들을 오래 익히지 않아도 되니 계란만 익으면 충분하답니다.,https://recipe1.ezmember.co.kr/cache/recipe/2026/01/12/7777300acbf8c0ad7ae581197dedfaf11.jpg,약불,,
6894649,1,먼저 양념장 부터 만들어 주세요.,https://recipe1.ezmember.co.kr/cache/recipe/2018/08/22/bd278ab8c9a979f99acdf74d51f459d01.png?w=1000,,,
6894649,2,"﻿팬에 기름을 붓고 채썬 마늘, 양파를 달달 볶아주세요.",https://recipe1.ezmember.co.kr/cache/recipe/2018/08/22/155376b9022fc10c672204013d49382d1.png?w=1000,,,
6894649,3,마늘과 양파가 어느정도 익었으면 소고기도 같이 볶아줍니다.,https://recipe1.ezmember.co.kr/cache/recipe/2018/08/22/244731403aff0cb0cb0c112fd12fa74e1.png?w=1000,,,
6894649,4,고기의 핏기가 안보이면 바로 숙주도 얹습니다.,https://recipe1.ezmember.co.kr/cache/recipe/2018/08/22/f5c242c593482933d98b06720378d35c1.png?w=1000,,,
6894649,5,숙주의 숨이 죽을때까지 달달 볶다가 양념장을 부어줍니다.,https://recipe1.ezmember.co.kr/cache/recipe/2018/08/22/bbbeddbde7feac2887853597dbd8ffa01.png?w=1000,,,
6894649,6,그리고 부족한 간은 굴소스로 맞춰주시면 되요~,https://recipe1.ezmember.co.kr/cache/recipe/2018/08/22/054a202e3a33c45ce079d61cd101faa81.png?w=1000,,,
6894649,7,"덮밥, 술안주, 밥반찬으로도 좋은 소고기 숙주볶음 완성~ 간단한 레시피로 집에서도 빠르게 해먹을 수 있어요~",https://recipe1.ezmember.co.kr/cache/recipe/2018/08/22/835c036d6d18e3474562aa5b911f739e1.png?w=1000,,,
6896819,1,모든 재료는 채썰어 준비해 세요,https://recipe1.ezmember.co.kr/cache/recipe/2018/09/30/9998a785870b8fd843185d407835aaab1.jpg,,,
6896819,2,믹싱볼에 500ml 물을 붓고 설탕 4스푼을 넣고 잘 저어 주세요,https://recipe1.ezmember.co.kr/cache/recipe/2018/09/30/2276b2bae5ad6afb2db7a04071f8ee341.jpg,,,
6896819,3,소금 1스푼도 넣어 잘 녹여 주세요,https://recipe1.ezmember.co.kr/cache/recipe/2018/09/30/fb6c2e97df0471f1df060178af56899e1.jpg,,,
6896819,4,다진마늘 1스푼,https://recipe1.ezmember.co.kr/cache/recipe/2018/09/30/bdf64bf8315f83d0878461214e6ca0da1.jpg,,,
6896819,5,식초 6스푼,https://recipe1.ezmember.co.kr/cache/recipe/2018/09/30/ba32149d3ea51ccaf000324e50e67cb71.jpg,,,
6896819,6,진간장 반 작은술 넣고 잘 섞어 준비다 설탕과 소금이 잘 녹도록 섞어 주세요,https://recipe1.ezmember.co.kr/cache/recipe/2018/09/30/62fd01c354fbdb5d55bf28af4cabef411.jpg,,,
6896819,7,마지막으로 준비된 오이 당근 양파 고추 미역을 넣고 통깨 솔솔 뿌려주면 오이미역냉국 완성 ! !,https://recipe1.ezmember.co.kr/cache/recipe/2018/09/30/9d3b223048dd66d63512ad4deb164ae81.jpg,,,
6853260,1,"고춧가루2T, 설탕1T, 깨1T, 간장4T, 식초1.5T, 올리고당2T, 다진마늘 0.5T, 참기름2T, 다진파2T 를 넣고 양념장부터 만들거예요 ▶양념장을 먼저 만들어 놓고 시작하셔야 요리가 쉽습니다. 당면부터 삶고 양념장을 만들게 되면 당면이 불어버리는 사태가 벌어지기 때문이죠",https://recipe1.ezmember.co.kr/cache/recipe/2016/07/22/b36848619d7011d50d557a89adce545b1.jpg,,,
6853260,2,"깻잎과 당근은 깨끗이 씻어서 깻잎은 반으로 접어서 길고 얇게 채썰고, 당근도 얇게 채썰어주세요",https://recipe1.ezmember.co.kr/cache/recipe/2016/07/22/ab1297f975d347747f01c8b04f8cba781.jpg,,,
6853260,3,계란1개는 잘 풀어주세요,https://recipe1.ezmember.co.kr/cache/recipe/2016/07/22/8e59ee2a2ad00c7871592be9b3a03f0a1.jpg,,,
6853260,4,후라이팬에 기름을 두르고 계란물을 부어서 계란지단을 만들어줍니다 ▶ 어차피 길게 채썰꺼라서 모양은 이쁘게 안하셔도 됩니다,https://recipe1.ezmember.co.kr/cache/recipe/2016/07/22/837daadd25d81e9bdcfdce8a53062d6c1.jpg,,,
6853260,5,다 익은 계란지단은 길게 채썰어주세요,https://recipe1.ezmember.co.kr/cache/recipe/2016/07/22/683c7e9bc6b2435dd8be2793e1157af41.jpg,,,
6853260,6,당면을 삶아줍니다 ▶ 보통 7~8분정도 삶아주시는게 제일 적당해요,https://recipe1.ezmember.co.kr/cache/recipe/2016/07/22/e33267f1b1161c6888c53854d670beba1.jpg,,480,
6853260,7,다 삶아진 당면은 찬물로 헹궈주세요,https://recipe1.ezmember.co.kr/cache/recipe/2016/07/22/ae6468994d68d86db7c2a5a3e9cfabb61.jpg,,,
6853260,8,"그릇에 당면을 담고, 당근,계란,깻잎 고명을 얹어줍니다. 그리고 취향에 맞고 소스를 얹어줍니다 ▶당면은 미리 가위로 조금 잘라주세요",https://recipe1.ezmember.co.kr/cache/recipe/2016/07/22/4b53db38ea151c36d9c27af22fa8cc211.jpg,,,
7009401,1,"팽이버섯 한 줌을 송송 썰어 준비하고, 파도 송송 썰어 준비해요.",https://recipe1.ezmember.co.kr/cache/recipe/2023/09/06/c80d927956d68ffbe1b119eb7edc6db31.jpg,,,
7009401,2,계란은 1개 잘 풀어 준비해요.,https://recipe1.ezmember.co.kr/cache/recipe/2023/09/06/e0e1ffd7168edc4f88bbc510ca255ff21.jpg,,,
7009401,3,물 1300ml에 육수용 멸치를 넣고 바글바글 끓여요,https://recipe1.ezmember.co.kr/cache/recipe/2023/09/06/aa4b10c6f5f92b6279facdaa761690b41.jpg,,,
7009401,4,너무 오래 끓으면 육수의 비린맛이 나니 바글바글 끓으면 육수의 멸치를 건져요.,https://recipe1.ezmember.co.kr/cache/recipe/2023/09/06/df5730da483a6b6cb3ad34cd5ac5fe261.jpg,,,
7009401,5,국간장 2스푼반을 넣어요.,https://recipe1.ezmember.co.kr/cache/recipe/2023/09/06/7f4cf86862c59c6a2a6a27058734cea71.jpg,,,
7009401,6,송송 썬 팽이버섯을 넣고 끓여요.,https://recipe1.ezmember.co.kr/cache/recipe/2023/09/06/dcf32c019b9e71579795afb85a7ff1641.jpg,,,
7009401,7,팽이버섯이 바글바글 끓어 오르면 소금으로 부족한 간을 해줘요.,https://recipe1.ezmember.co.kr/cache/recipe/2023/09/06/ea9242a5fe973e2f1b5d0e6b42ad64bb1.jpg,,,
7009401,8,송송 썬 파도 넣어서 한번 더 끓여요. 후추도 톡톡 넣어주면 더 맛있어요,https://recipe1.ezmember.co.kr/cache/recipe/2023/09/06/62614e35b2eda22a42b98531416e11db1.jpg,,,
7009401,9,계란물을 마지막에 풀어주면 맛있는 팽이버섯 계란국이 완성됩니다.,https://recipe1.ezmember.co.kr/cache/recipe/2023/09/06/e9ed4a1792133a190899fb201b18e0d71.jpg,,,
7009401,10,식감이 좋은 팽이버섯 계란국이 완성됐어요.,https://recipe1.ezmember.co.kr/cache/recipe/2023/09/06/260c477714ace41ab779f5b06249375a1.jpg,,,
6909523,1,재료준비합니다,https://recipe1.ezmember.co.kr/cache/recipe/2019/03/30/4ce41532ccd19d17055da8dbba5ef1a71.jpg,,,
6909523,2,에어프라이어에 종이호일 깔고 냉동만두를 겹치지 않게 올려주세요 1차 170도에서 10분을 구워주세요 에어프라이어,https://recipe1.ezmember.co.kr/cache/recipe/2019/03/30/9c6a29e0605d37a72a9613542e8ee6881.jpg,,600,
6909523,3,"만두 굽는 동안에 양파 대파,고추 마늘을 잘게 다져요",https://recipe1.ezmember.co.kr/cache/recipe/2019/03/30/43ac7f5c7f9d5d8e73852f5691582a791.jpg,,,
6909523,4,1차로 구운 만두는 뒤집고 다시 2차로 구울거예요 170도에서 10분을 더 구워줍니다,https://recipe1.ezmember.co.kr/cache/recipe/2019/03/30/61590f62353414157ccba92a1546016c1.jpg,,600,
6909523,5,팬에 기름 약간 두르고 마늘을 볶다가 대파 양파 순으로 볶다가 소스를 넣고 끓어오르면 고추랑 구운 만두를 넣어 주세요,https://recipe1.ezmember.co.kr/cache/recipe/2019/03/30/b12226bed3768e8be8b74be685d292181.jpg,,,
6909523,6,빠르게 섞어주세요,https://recipe1.ezmember.co.kr/cache/recipe/2019/03/30/8ba0f5ef3513851ee91910b59139163f1.jpg,,,
6909523,7,맛이 없을 수 없는 맛있는 꿀조합 매콤 깐풍만두 완성입니다,https://recipe1.ezmember.co.kr/cache/recipe/2019/03/30/842bffc62f8ba7be2a7cd5117dcad4f61.jpg,,,
6902441,1,"· 멸치 다시 육수를 끓여줍니다 ( 저는 집에 다시팩이 있어서 넣어줬습니다 ) - 다시마 3장, 멸치 7~10개, 물 1L 넣고 끓이다가 물이 끓으면 다시마만 뻬 주고 7~10분간 더 끓여주세요",https://recipe1.ezmember.co.kr/cache/recipe/2018/12/20/7790fc759351b0d3adff6d2bffc2b62e1.jpg,,600,
6902441,2,· 냉동새우살은 흐르는 물에 2~3번 씻어내준 뒤 체에 밭쳐 물기를 빼 줍니다,https://recipe1.ezmember.co.kr/cache/recipe/2018/12/20/d99fd56c6bf3ca426b77c92175ec94531.jpg,,,
6902441,3,· 양파 채 썰고,https://recipe1.ezmember.co.kr/cache/recipe/2018/12/20/113adadf4ff1079277a52f634fe4613a1.jpg,,,
6902441,4,대파는 쫑쫑 썰어줍니다,https://recipe1.ezmember.co.kr/cache/recipe/2018/12/20/efbd00a882f765ff82308dfef988c5ab1.jpg,,,
6902441,5,· 애호박은 반달썰기로 썰어주고,https://recipe1.ezmember.co.kr/cache/recipe/2018/12/20/0816324fafdced192ba70db3ca367e651.jpg,,,
6902441,6,취향에 따라 청양고추도 썰어줍니다,https://recipe1.ezmember.co.kr/cache/recipe/2018/12/20/9a12a2406513fb141fc3de7749d4478f1.jpg,,,
6902441,7,· 육수가 준비가 되면 양파와 애호박 먼저 넣고,https://recipe1.ezmember.co.kr/cache/recipe/2018/12/20/3d2c24e318acac0da583624037fc3c7f1.jpg,,,
6902441,8,"· 된장 1 큰 술, 다진 마늘 1 큰 술, 고춧가루 2 큰 술 넣고 골고루 풀어주며 끓여주다가 양념이 골고루 풀어지면 새우와 대파, 청양고추를 넣어줍니다",https://recipe1.ezmember.co.kr/cache/recipe/2018/12/20/a8534ac169636be8e8b5fef6172314b81.jpg,,,
6902441,9,· 약 5분간 더 끓여주다가 간을 보고 액젓으로 간을 해줍니다 - 액젓 향을 싫어하시는 분들은 국간장으로 간해주세요,https://recipe1.ezmember.co.kr/cache/recipe/2018/12/20/605879063315bbf78535980158d330fe1.jpg,,300,
6902441,10,끓으면서 나오는 거품은 걷어주세요 :),https://recipe1.ezmember.co.kr/cache/recipe/2018/12/20/b7185f18553df807a8a1e2acc3bd9a2e1.jpg,,,
6902441,11,완성!!!,https://recipe1.ezmember.co.kr/cache/recipe/2018/12/20/d5365b05ff02a918f8da54e6fe1db09d1.jpg,,,
6902441,12,새우살로 만드는 간단하고 시원 얼큰한 새우탕,https://recipe1.ezmember.co.kr/cache/recipe/2018/12/20/2b2da444207b7400abba1f6bb703339d1.jpg,,,
7007156,1,미역과 황태의 양은 원하는 대로 조절하시면 된답니다. 저는 미역이 많은 미역국을 좋아해서 한 봉지 다 끓였고요. 황태는 한줌 정도만 넣어 주시면 좋을 것 같아요.,https://recipe1.ezmember.co.kr/cache/recipe/2023/08/02/e8fa2858eee0486bca8cd79d60332c341.jpg,,,
7007156,2,미역과 황태는 미리 불려 주세요. 건미역이 불고 나면 양이 엄청 많아진다는 거 아시죠? 충분히 넉넉한 볼에 불려 주시는 게 좋답니다.,https://recipe1.ezmember.co.kr/cache/recipe/2023/08/02/04299cd6882df1f4f120dd09ec88dd701.jpg,,,
7007156,3,충분히 불린 미역은 손으로 바락바락 주물러서 깨끗이 씻어 주세요. 요즘은 손질이 잘 되어서 말린 미역이라 깨끗하겠지만 간혹 돌이 나오는 경우가 있답니다. 그래서 여러 번 헹궈 내주시는 게 좋아요.,https://recipe1.ezmember.co.kr/cache/recipe/2023/08/02/916b7783346f452e0ceaad576a55710a1.jpg,,,
7007156,4,깨끗이 씻은 미역은 먹기 좋은 크기로 잘라 주세요. 그리고 체에 밭쳐 물기를 제거해 줍니다.,https://recipe1.ezmember.co.kr/cache/recipe/2023/08/02/3c3b67db2dbd1133ceeb567d8e3ba6961.jpg,,,
7007156,5,불린 황태는 가시가 있는지 한번 확인 후에 가시를 제거해 주고 먹기 좋은 크기로 잘라 주세요.,https://recipe1.ezmember.co.kr/cache/recipe/2023/08/02/0e54f940593ce517266a4549627b8a181.jpg,,,
7007156,6,냄비에 참기름을 3-4T 정도 둘러 주고 불려서 준비해 둔 황태를 넣고 센 불에서 1분 정도만 볶아 줍니다.,https://recipe1.ezmember.co.kr/cache/recipe/2023/08/02/36ea16e111af9051e411d0f9c8e134b61.jpg,,60,
7007156,7,황태가 금방 수분이 날아가면서 오그라드는 걸 볼 수 있어요. 이렇게 황태만 볶아서 소금이나 간장 간으로 양념을 한 후에 드셔도 맛있답니다. 오늘은 미역국을 위한 보조 역할인 황태지만요.,https://recipe1.ezmember.co.kr/cache/recipe/2023/08/02/842562a5d5cece839626df5f0e37f8621.jpg,,,
7007156,8,볶아진 황태에 손질해 둔 미역을 넣고 센 불에서 볶아 줍니다. 미역이 수분이 많이 날아가서 냄비에 붙는다 싶을 때까지 볶아 주세요. 5분 정도 볶아 주시면 될 것 같아요.,https://recipe1.ezmember.co.kr/cache/recipe/2023/08/02/cc1893dc7ea90087951441031e9c6b931.jpg,,300,
7007156,9,미역이 수분이 어느 정도 날아가면 물 한 컵을 넣어 준 후 5분 정도 볶아 줍니다.,https://recipe1.ezmember.co.kr/cache/recipe/2023/08/02/8654f48199d3a2735d81e51b59c3a46c1.jpg,,300,
7007156,10,벌써 뽀얗게 국물이 변하는 걸 볼 수 있답니다.,https://recipe1.ezmember.co.kr/cache/recipe/2023/08/02/44a23e46f7b8ff385467acb49b1c838c1.jpg,,,
7007156,11,물이 어느 정도 졸아들면 자작하게 물 2컵을 넣고 5분 정도 끓여 주세요.,https://recipe1.ezmember.co.kr/cache/recipe/2023/08/02/0e486d79508fcf2064dbdbaa3127fe0e1.jpg,,300,
7007156,12,"이때 다진 마늘 1T, 된장 1t를 넣고 같이 끓여 주세요. 된장은 티스푼으로 한 스푼입니다. 절대 많이 넣지 않아요. 된장맛이 느껴지진 않지만 비린내를 잡아줘서 더 맛있어진답니다.",https://recipe1.ezmember.co.kr/cache/recipe/2023/08/02/8dd024c75d1927dbf35064e5ccbff42f1.jpg,,,
7007156,13,물이 어느 정도 졸아들면 이제 원하는 만큼 물을 붓고 시간이 되는대로 끓여 주세요. 10분 정도만 끓여 주시면 뽀얗고 맛있는 국물이 될 거예요.,https://recipe1.ezmember.co.kr/cache/recipe/2023/08/02/c65565f2baa8094dbf8d08fc39e6b4db1.jpg,,600,
7007156,14,이때 간장 2T를 넣고 끓여 주세요. 간장으로만 간을 하게 되면 국물이 까맣게 변할 수 있어요. 간장 향만 주는 정도랍니다. 미역 양이 적다면 1T만 넣어 주세요.,https://recipe1.ezmember.co.kr/cache/recipe/2023/08/02/d84eb42b0686ab5b56e79eec4cd51a4e1.jpg,,,
7007156,15,"보글보글 끓여주고, 마지막으로 간을 본 후 입맛에 맞게 소금으로 간을 맞춰 주시면 된답니다.",https://recipe1.ezmember.co.kr/cache/recipe/2023/08/02/cdb274ed5a0cbc7423a72f358aa96db21.jpg,,,
7007156,16,총 30분이 걸리지 않는 시간인데요 이렇게 짧게 끓여도 아주 뽀얗게 국물이 만들어지고 구수하고 진한 미역국이 된답니다. 제가 미역국이나 다른 국을 끓일 때도 활용하는 방법인데요. 처음부터 물을 많이 넣지 않고 조금씩 넣어 끓이게 되면 더 진한 국물이 만들어진답니다. 국을 끓일 때 활용해 보시면 좋을 것 같아요.,https://recipe1.ezmember.co.kr/cache/recipe/2023/08/02/64045ee4d1170e94d074f2248dc5f2931.jpg,,1800,
6892138,1,재료도 간단하고 만드는법도 간단한 아이들 입맛사로잡는 두부요리 ! 두부강정 만드는법 알려드릴께요 :),https://recipe1.ezmember.co.kr/cache/recipe/2018/07/07/c003bfcb36214c679649899a4ca33f671.jpg,,,
6892138,2,두부는 부침가루에 골고루 묻혀줄껀데요 그 전에 두부에 있는 물기를 어느정도 제거해줘야 해요 키친타월이나 주방용 면보를 사용하셔서 두부에 묻어있는 물기를 제거해주세요,https://recipe1.ezmember.co.kr/cache/recipe/2018/07/07/c7c90e460644ccad8b693f0537d640bc1.jpg,,,
6892138,3,물기를 어느정도 제거해준뒤에는 먹기 좋은 크기로 잘라주세요 너무 작게 잘라서도 해봤는데 튀겨줄때 조금 귀찮더라고요 ㅎㅎ 그래서 저는 깍두기보다 조금 더 큰 크기로 잘라줬어요,https://recipe1.ezmember.co.kr/cache/recipe/2018/07/07/0b4514550e776f5d6f3806e89da331471.jpg,,,
6892138,4,그 다음은 두부에 부침가루를 골고루 묻혀줄 차례인데요 손으로 하나하나 묻혀주는것도 좋지만 제일 간단한 방법으로는 요렇게 위생봉투를 사용하는 것이지요 ! 위생봉투안에 부침가루를 적당량 넣어주고 썰어둔 두부를 몽땅 넣어 흔들흔들 흔들어주세요 ~ 그럼 손에 묻히지 않고도 두부에 부침가루를 골고루 입힐수 있어요,https://recipe1.ezmember.co.kr/cache/recipe/2018/07/07/acc1c125029d2ffdfe8327993fe5654d1.jpg,,,
6892138,5,부침가루 곱게 입은 두부들을 이제 튀겨줄꺼예요 프라이팬에 식용유를 적당히 둘러주세요 튀길때는 기름이 조금 많이 들어가니 넉넉하게 둘러주시면 좋겠지요 그리고 중간불 정도의 세기에 맞춰두고 두부를 올려주세요 부침가루가 너무 많이 묻어있는 두부는 한번씩 탈탈 털어서 올려주세요 ~,https://recipe1.ezmember.co.kr/cache/recipe/2018/07/07/746d9a4590359e12503e9fcb593c31371.jpg,,,
6892138,6,"두부가 노릇하게 익는동안 약간의 시간이 걸리는데요 이때 두.부.강.정 소스를 만들어 주면되요 케첩 3큰술, 간장 2큰술, 설탕 1큰술, 다진마늘 1큰술, 올리고당 2큰술 분량대로 넣어서 골고루 섞어서 준비해주세요 조금 매콤한걸 원하시면 고추장을 1큰술 정도 넣어주셔도 좋을듯해요",https://recipe1.ezmember.co.kr/cache/recipe/2018/07/07/fea92623d5ecddd16a67068dbd6025191.jpg,,,
6892138,7,두부는 요리조리 돌려줘가며 골고루 노릇노릇하게 익혀주세요 ~,https://recipe1.ezmember.co.kr/cache/recipe/2018/07/07/10b3dfc3a6299a4cb08c3e8ed4c437ab1.jpg,,,
6892138,8,하게 익혀준 두부들은 키친타월에 올려 기름기를 살짝 제거해주시고요,https://recipe1.ezmember.co.kr/cache/recipe/2018/07/07/ba3ed36da20a5f67b55cc5a50d4fa57d1.jpg,,,
6892138,9,아까 만들어뒀던 분량의 소스를 한번 끓여줄꺼예요 너무 팍 끓이면 안되고 은근한불에 살짝만 데운다는 느낌으로 끓여주세요,https://recipe1.ezmember.co.kr/cache/recipe/2018/07/07/163467b1fa415c54b77ad51000b0958b1.jpg,,,
6892138,10,소스가 파르르 끓어오르기 시작하면 불을 꺼주시고요 잘 튀겨준 두부들을 넣어서 골고루 섞어주세요,https://recipe1.ezmember.co.kr/cache/recipe/2018/07/07/4e40561a700cc0fe9e6ccaae4ed520bf1.jpg,,,
6892138,11,골고루 섞어주기만 하면 맛있는 두부강정 완성이예요 ! 평소 저희 아이들은 두부를 그리 좋아하진 않아요 근데 요거 해주면 잘 안먹던 두부도 너무 잘먹는답니다 새콤달콤한 소스가 아이들 입맛 사로잡는데 한몫더했겠죠 ㅎ,https://recipe1.ezmember.co.kr/cache/recipe/2018/07/07/950e495827a5f73beae88ce25c71be271.jpg,,,
6965550,1,두부 1모 먹기좋게 썬 뒤 키친타올로 물기를 어느정도 제거 후 후라이팬에 식용유 약간만 둘러 두부를 부친다.,https://recipe1.ezmember.co.kr/cache/recipe/2021/09/20/3caf1a73aaa7c6d3ca860138ee2918371.jpg?w=1000,,,
6965550,2,양파 1/4개 썰어주고(없으면 생략가능),https://recipe1.ezmember.co.kr/cache/recipe/2021/09/20/991143463d53571b8afa5790749630aa1.jpg?w=1000,,,
6965550,3,양념은 위에 적어놓은 대로 다 넣어 양념장을 만든 뒤 잘 섞어주고,https://recipe1.ezmember.co.kr/cache/recipe/2021/09/20/32b2e1a63f7acd913fe5ab39f16dbb511.jpg?w=1000,,,
6965550,4,두부가 노릇해졌다면,https://recipe1.ezmember.co.kr/cache/recipe/2021/09/20/157237dcf524f8dead5334059eb9d1b91.jpg?w=1000,,,
6965550,5,만들어놓은 양념장을 붓는다.,https://recipe1.ezmember.co.kr/cache/recipe/2021/09/20/ac4a7ea5dfa8d583f19faa1bfc23f76c1.jpg?w=1000,,,
6965550,6,그 뒤 썰어놓은 양파 투하시킨 뒤 물기가 아주 약간 남을때까지 졸여준다.,https://recipe1.ezmember.co.kr/cache/recipe/2021/09/20/182ecaec79204e9eb49cbb734188d1761.jpg?w=1000,,,
6965550,7,집에 대파가 있다면 불끄기 1분전 쯤 대파 송송 썰어서 위에 얹고,https://recipe1.ezmember.co.kr/cache/recipe/2021/09/20/a94a89e5fc251fbaf162f01c893da76b1.jpg?w=1000,,60,
6965550,8,밥 반공기에 두부 듬뿍 부어주면 달달하고 맛있는 굴소스 두부덮밥 완성이다.,https://recipe1.ezmember.co.kr/cache/recipe/2021/09/20/bb3844e896c7d7b3cb73e90f76bb248f1.jpg?w=1000,,,
6948579,1,새송이버섯은 약 2cm 두께로 도톰하게 썹니다.,https://recipe1.ezmember.co.kr/cache/recipe/2020/12/16/76879c2d2887c265f55d40410e5e09fc1.jpg,,,
6948579,2,도톰하게 썬 새송이버섯의 양면에 칼집을 냅니다. 칼집을 너무 깊게 내면 구운 뒤 흐물흐물 벌어져 오히려 모양이 안 예뻐요. 그러니 칼집의 깊이를 새송이버섯 두께의 1/4 정도가 되게 해 주세요.,https://recipe1.ezmember.co.kr/cache/recipe/2020/12/16/4e4bf87c1ba09a1a8645801552ddee9c1.jpg,,,
6948579,3,프라이팬에 식용유를 적당히 두르고 센 불로 달궈요.,https://recipe1.ezmember.co.kr/cache/recipe/2020/12/16/f6bbf3dbd311cd40667f5247e96dfe071.jpg,,,
6948579,4,그리고 새송이버섯을 올린 뒤 앞뒤로 뒤집어가며 굽습니다.,https://recipe1.ezmember.co.kr/cache/recipe/2020/12/16/d17c7dce305c36ed766223289029042e1.jpg,,,
6948579,5,새송이버섯이 노릇노릇하게 익으면 불을 약불로 줄이고 버터를 넣은 다음 버섯에 고루 묻게끔 잘 녹이며 구워 줍니다. 약불,https://recipe1.ezmember.co.kr/cache/recipe/2020/12/16/54a14938a75ce8ef884b2b4aa5e0a9641.jpg,약불,,
6948579,6,그리고 맛술 1.5큰술과 간장 1.5큰술을 넣은 다음 양념이 잘 배게끔 뒤집어 주며 구우면 완성이에요!,https://recipe1.ezmember.co.kr/cache/recipe/2020/12/16/70c17c2af4a098605959a7c60deedf8e1.jpg,,,
7057859,1,"물 250ml에 식초, 설탕을 넣어서 섞어요. 소스볼 , 계량컵 , 계량스푼 육수는 냉동실에 넣어 시원하게 준비해요.",https://recipe1.ezmember.co.kr/cache/recipe/2025/07/14/5380ac1e175b3d96169826a235c131ff1.png,,,
7057859,2,"끓는 물에 면을 넣어 1분30초 끓여요. 냄비 , 요리젓가락",https://recipe1.ezmember.co.kr/cache/recipe/2025/07/14/500808b8b928ef132152ebc14fc3944d1.png,,90,
7057859,3,콩나물을 넣어 1분간 더 끓여요. 콩나물 손질법,https://recipe1.ezmember.co.kr/cache/recipe/2025/07/14/f8c9182597577a50ed0de9f3da5a79f41.png,,60,
7057859,4,찬물에 면을 넣어 헹궈요. 채반,https://recipe1.ezmember.co.kr/cache/recipe/2025/07/14/9b570b861b117c883a0556b351f27a861.png,,,
7057859,5,"상추와 양파는 한입 크기로 썰어요. 도마 , 조리용나이프",https://recipe1.ezmember.co.kr/cache/recipe/2025/07/14/bde10baf594d7ba99285f784590181921.png,,,
7057859,6,그릇에 면을 넣어주고 육수를 부어요. 면기,https://recipe1.ezmember.co.kr/cache/recipe/2025/07/14/7bd46205babe007d53e5809316d49eff1.png,,,
7057859,7,상추와 양파를 올려주고 얼음을 넣어 완성해요.,https://recipe1.ezmember.co.kr/cache/recipe/2025/07/14/2a0313f136bd06890092b3abe35ef55c1.png,,,
7005355,1,양파는 큰 것으로 1개 준비하여 링 모양으로 두께는 2cm정도로 썰어줘요. 도마,https://recipe1.ezmember.co.kr/cache/recipe/2023/06/27/93b065fe04a9dc12997bbfbac8e800441.jpg,,,
7005355,2,두께 2cm 정도로 썬 것을 한 겹씩 떼어줘요. 이때 힘을 세게 주면서 떼어내면 링 모양의 양파가 끊어질 수 있으니 조심스럽게 떼어내줘요!,https://recipe1.ezmember.co.kr/cache/recipe/2023/06/27/698cbfef65b105b14ab8a563cca7a0ef1.jpg,,,
7005355,3,빵가루와 파슬리가루를 볼에 넣고 서로 잘 섞이도록 해줘요.,https://recipe1.ezmember.co.kr/cache/recipe/2023/06/27/276f6b95d131207bee232be9925ce0ee1.jpg,,,
7005355,4,달걀을 풀어 준비해줘요.,https://recipe1.ezmember.co.kr/cache/recipe/2023/06/27/7a67a2729d9f5969d66e28c3f6d475cd1.jpg,,,
7005355,5,링 모양의 양파를 튀김가루에 골고루 묻혀주세요.,https://recipe1.ezmember.co.kr/cache/recipe/2023/06/27/aa6b0ed2466003b52f761644b1973ff61.jpg,,,
7005355,6,계란물에 튀김가루 묻힌 양파를 넣어줘요.,https://recipe1.ezmember.co.kr/cache/recipe/2023/06/27/dd012451892b660bbff26ca9e7f2e7691.jpg,,,
7005355,7,빵가루와 파슬리가루 섞은 것을 마지막에 묻혀줘요.,https://recipe1.ezmember.co.kr/cache/recipe/2023/06/27/c7b86d87cb947eacb0d5c777dab1317f1.jpg,,,
7005355,8,"어니언링 하나하나 튀김옷을 입히는 동안 전골팬이나 웍에 식용유를 붓고 약 180도 정도로 예열해줘요. 웍 , 전골팬",https://recipe1.ezmember.co.kr/cache/recipe/2023/06/27/d5c94889f386d3852026014ecd062c491.jpg,,,
7005355,9,"예열된 기름에 튀김옷 입힌 양파를 넣고 노릇노릇하게 튀겨줘요. 다 튀긴 어니언링은 키친타월이나 채반에 잠시 놓아 기름이 빠지도록 잠시 놔두세요. 그래야 바삭함을 오래 유지할 수 있답니다. 180도 예열된 온도 양파는 금방 익기 때문에 색이 노릇해지면 앞, 뒤로 뒤집어 튀겨주면 돼요.",https://recipe1.ezmember.co.kr/cache/recipe/2023/06/27/1311a09a6d065958a34da837cd2fa1271.jpg,,,
7070392,1,"사각 어묵을 준비하여 먹기 좋도록 1cm 정도 두께로 썰어서 준비했지만, 오뎅의 두께나 모양은 취향껏 썰어서 준비하면 되세요.",https://recipe1.ezmember.co.kr/cache/recipe/2026/01/24/aaa46f942a5d654e4a1e562c0ef3495a1.jpg,,,
7070392,2,"양파와 당근은 3mm 정도 두께로 채 썰고, 대파는 송송 썰어서 준비하고, 다진마늘 0.8큰술을 준비합니다. 큰술: 밥 숟가락 기준",https://recipe1.ezmember.co.kr/cache/recipe/2026/01/24/b2e88d5a9ae65dd3b64cb8b18087b6721.jpg,,,
7070392,3,"팬에 대파, 다진마늘, 식용유 2큰술을 넣고 가스불 중불에서 대파의 향이 올라올 때까지 파기름을 만들어줍니다. 큰술: 밥 숟가락 기준",https://recipe1.ezmember.co.kr/cache/recipe/2026/01/24/ecaac3dc07d7ddb6a4b291191ffed3481.jpg,중불,,
7070392,4,파기름이 만들어졌으면 양파와 당근을 넣고 양파가 아삭하게 익을 정도록 볶아주다가 잠시 가스불을 꺼 줍니다.,https://recipe1.ezmember.co.kr/cache/recipe/2026/01/24/e82e5511e68f39cb1a0496c47c9482691.jpg,,,
7070392,5,어묵과 식용유 1큰술을 추가로 넣고,https://recipe1.ezmember.co.kr/cache/recipe/2026/01/24/14599ec6416ea2c1d2fa6cd72461d6541.jpg,,,
7070392,6,"진간장 2큰술, 굴소스 1큰술, 올리고당 1큰술, 큰술: 밥 숟가락 기준",https://recipe1.ezmember.co.kr/cache/recipe/2026/01/24/9314fbf0af398532bd213cd87a0b9bd21.jpg,,,
7070392,7,설탕 0.7큰술을 넣고 큰술: 밥 숟가락 기준,https://recipe1.ezmember.co.kr/cache/recipe/2026/01/24/fd67f7388abd3442367d4c83bea59da01.jpg,,,
7070392,8,가스불 중불 상태에서 어묵에 양념이 골고루 배이도록 뒤적이면서 오뎅에 부드러워 질 때까지 볶아주다가 가스불을 꺼 줍니다.,https://recipe1.ezmember.co.kr/cache/recipe/2026/01/24/c73dde9e6b77ceaff572da889973c52e1.jpg,중불,,
7070392,9,간장오뎅볶음 맛을 보고 싱겁게 느껴지면 진간장을 추가하여 간을 맞춰주면 되세요.,https://recipe1.ezmember.co.kr/cache/recipe/2026/01/24/757a370ac60c3c65f7e994fb90bf32fe1.jpg,,,
7070392,10,"참기름 0.5큰술, 큰술: 밥 숟가락 기준",https://recipe1.ezmember.co.kr/cache/recipe/2026/01/24/9aa7dee35e7e6b47d497f54e19d0d2591.jpg,,,
7070392,11,후춧가루를 톡톡톡 뿌리고 뒤적여준 다음에,https://recipe1.ezmember.co.kr/cache/recipe/2026/01/24/05eec490f73a400c44c218d8643af92f1.jpg,,,
7070392,12,마지막으로 통깨를 솔솔 뿌리고 마무리를 하면 간장 어묵볶음 레시피 완성입니다.,https://recipe1.ezmember.co.kr/cache/recipe/2026/01/24/da72ae810b42c82078797a79701b555c1.jpg,,,
4320507,1,애호박은 0.5cm크기로 송송 썰어 주세요. 그 후 키친타올로 수분을 살짝 제거해주었답니다,https://recipe1.ezmember.co.kr/cache/recipe/2015/06/29/506cebfcc71119a2cd6e56705fc497b41.jpg,,,
4320507,2,달궈진 팬에 기름을 두른 후 수분을 제거한 애호박을 둘러 올린 후 앞뒤로 노릇하게 구워주세요. 중불에서 익히는 게 좋더라구요.,https://recipe1.ezmember.co.kr/cache/recipe/2015/06/29/29a8b5ba3bcad852f53db62880bc1e2e1.jpg,중불,,
4320507,3,양념장 재료를 넣어 양념장을 만들어 줍니다.,https://recipe1.ezmember.co.kr/cache/recipe/2015/06/29/0c1e5ed69b3b4b7f86f85bcfd7b5425d1.jpg,,,
4320507,4,준비된 양념장을 구운 애호박과 함께 조물조물 무쳐주세요.,https://recipe1.ezmember.co.kr/cache/recipe/2015/06/29/1a7bb414c1611cecbf22a4cab9cb41be1.jpg,,,
6918734,1,베이컨은 2등분한다.,https://recipe1.ezmember.co.kr/cache/recipe/2019/09/03/eb78305b333af054d99a709335712e761.jpg?w=1000,,,
6918734,2,끓는 물에 떡볶이떡을 넣고 30초간 데친다.,https://recipe1.ezmember.co.kr/cache/recipe/2019/09/03/d1444a5980af1c7da5e81b156d3202191.jpg?w=1000,,30,
6918734,3,베이컨 위에 떡볶이떡을 올리고 돌돌 만 뒤 꼬치에 3개씩 꽂는다. 꼬치,https://recipe1.ezmember.co.kr/cache/recipe/2019/09/03/a818421e0153d90f5d222efaab9f3f9e1.jpg?w=1000,,,
6918734,4,에어프라이어에 베이컨떡꼬치를 넣고 180도에서 8분간 익힌다. 에어프라이어,https://recipe1.ezmember.co.kr/cache/recipe/2019/09/03/44a1de32a078bc3b82d6b432e333f90d1.jpg?w=1000,,480,
6918734,5,"팬에 소스 재료를 넣고 한소끔 약불로 끓인 후 베이컨떡꼬치에 발라 완성한다. 꼬치 , 팬 취향에 따라 머스터드소스나 다진 땅콩을 뿌려주세요.",https://recipe1.ezmember.co.kr/cache/recipe/2019/09/03/90a2be50459ca96a1f1ecf6e524cf0771.jpg?w=1000,약불,,
7041518,1,"물과 양념장을 넣어서 잘 섞어 주세요. (코인 육수도 넣어주시면 좋아요) 볼 , 계량스푼",https://recipe1.ezmember.co.kr/cache/recipe/2024/12/29/be991d2f9f121f14cb77d35c76c6a8a11.jpg?w=1000,,,
7041518,2,"양파(반개)를 채 썰어 준비해 주세요. 도마 , 조리용나이프",https://recipe1.ezmember.co.kr/cache/recipe/2024/12/29/3508001757e863de0a100598b029eea81.jpg?w=1000,,,
7041518,3,대파와 고추도 썰어서 준비해 주세요.,https://recipe1.ezmember.co.kr/cache/recipe/2024/12/29/592f00cabaf50eefbd7ac975f9ffbbb71.jpg?w=1000,,,
7041518,4,팬에 양파를 깔아주세요. 프라이팬,https://recipe1.ezmember.co.kr/cache/recipe/2024/12/29/377184d14ef46739a9da5461841551a61.jpg?w=1000,,,
7041518,5,그 위에 두부와 참치를 올려 주세요.,https://recipe1.ezmember.co.kr/cache/recipe/2024/12/29/c6dc1186d2af350ecd5656500a6b78791.jpg?w=1000,,,
7041518,6,미리 준비해 둔 양념장을 부어주세요.,https://recipe1.ezmember.co.kr/cache/recipe/2024/12/29/3e6a05d6f15977b7ecdedaace3ebf8ab1.jpg?w=1000,,,
7041518,7,대파와 고추도 가득 올리고 국물이 자작해질때까지 졸여주세요. (중불로 5분 정도 익히다가 약불로 익히기) 요리스푼,https://recipe1.ezmember.co.kr/cache/recipe/2024/12/29/dce4285750b96d4551ba84af6acf05d01.jpg?w=1000,약불,300,
6895112,1,양념들은 한군데 모두 넣고 잘 섞어주세요 여기서 간보시고 고추장이 많으면 케첩을 좀 더 넣어주세요!,https://recipe1.ezmember.co.kr/cache/recipe/2018/09/01/6ef091e6d85987d21d59985a6e46c24c1.jpg,,,
6895112,2,비엔나는 칼집을 내어줍니다,https://recipe1.ezmember.co.kr/cache/recipe/2018/09/01/68e09cdfc4300e5257993927d198dc671.jpg,,,
6895112,3,식용유를 약간 두른 팬에 비엔나를 넣고 구워주세요,https://recipe1.ezmember.co.kr/cache/recipe/2018/09/01/9277b9447eb2b99479fb4c2aa37540511.jpg,,,
6895112,4,비엔나가 거의 다 익을때쯤 메추리알과 청양고추를 넣고 같이 볶아줍니다,https://recipe1.ezmember.co.kr/cache/recipe/2018/09/01/c72b234db754eddd36183c5272bd765f1.jpg,,,
6895112,5,비엔나가 완전히 익으면 소스를 넣고 볶아주세요,https://recipe1.ezmember.co.kr/cache/recipe/2018/09/01/31f20660b7477f4c34f8ae3b47c197f21.jpg,,,
6895112,6,접시에 담아서 완성~!,https://recipe1.ezmember.co.kr/cache/recipe/2018/09/01/f339b49f25157e0c003fda8722c266241.jpg,,,
7035901,1,"오징어 다리는 손으로 쓸어내려 빨판을 제거하고 짧은 다리는 1개씩, 긴 다리는 반으로 잘라 준비한다. 도마 , 조리용나이프",https://recipe1.ezmember.co.kr/cache/recipe/2024/10/06/1fc3fc95e565b2eff3748707cb16eabd1.jpg,,,
7035901,2,오징어 몸통은 길게 반으로 자른 후 약 1.5cm 두께로 썬다.,https://recipe1.ezmember.co.kr/cache/recipe/2024/10/06/d2b53b6ec3c3cb8ddf35c45e9e2961111.jpg,,,
7035901,3,"오징어 1마리 기준으로 먼저 황설탕 1.5T를 넣고 버무린다. 믹싱볼 , 계량스푼",https://recipe1.ezmember.co.kr/cache/recipe/2024/10/06/c54048359561f9ce62e0ba0fc802876f1.jpg?w=1000,,,
7035901,4,"양파 반개 채썰기, 대파와 청양고추와 홍고추는 송송 썰거나 어슷 썰고, 통마늘 있으면 반으로 잘라 식감을 더해준다.",https://recipe1.ezmember.co.kr/cache/recipe/2024/10/06/548d170968e9e7e32a516761d93115df1.jpg?w=1000,,,
7035901,5,"3에 고춧가루 2.5T, 다진 마늘 0.5T, 맛술 3T, 진간장 3T, 고추장 1/2T, 참기름과 통깨를 넣고 버무린다.",https://recipe1.ezmember.co.kr/cache/recipe/2024/10/06/f368f8b1c1562a51dbc14d13077e038e1.jpg?w=1000,,,
7035901,6,"5에 준비한 채소 양파, 대파, 청양고추 통마늘을 넣고 버무린다.",https://recipe1.ezmember.co.kr/cache/recipe/2024/10/06/b9aa3531459d734ae3df4a8cf67450671.jpg?w=1000,,,
7035901,7,"삼겹살은 먹기 좋게 잘라 팬에 올려 중불에 노릇노릇 구워 충분히 기름이 나오게 한다. 그리들팬 , 요리집게 , 주방가위",https://recipe1.ezmember.co.kr/cache/recipe/2024/10/06/a7ca1490b8ec779bb8ee4ccd98fa0b5e1.jpg,중불,,
7035901,8,팬 가장자리로 삼겹살을 놓고 양념한 오징어를 가운데에 올린다.,https://recipe1.ezmember.co.kr/cache/recipe/2024/10/06/b235db39fb1dd79ccb74a4ddbd987f0a1.jpg,,,
7035901,9,노릇노릇 익은 삼겹살은 양념한 오징어 위에 올리고 전체적으로 골고루 섞어가며 볶는다.,https://recipe1.ezmember.co.kr/cache/recipe/2024/10/06/78eb25ce23271d6697f24548ffe383b91.jpg,,,
7035901,10,오징어가 완전히 익으면 쌈과 밥과 함께 먹는다. 접시,https://recipe1.ezmember.co.kr/cache/recipe/2024/10/06/80a0c005b171335606bfaa8e9ee32efb1.jpg,,,
6919453,1,새송이버섯은 양쪽을 잘라낸 후 3등분 한다. 남은 버섯은 찌개 끓이거나 볶음밥 재료에 사용해요.,https://recipe1.ezmember.co.kr/cache/recipe/2019/09/18/ab7f157d696412bcc47f9976256c3a1e1.png?w=1000,,,
6919453,2,통썰기 한 버섯 윗면에 칼집을 낸다.,https://recipe1.ezmember.co.kr/cache/recipe/2019/09/18/419cf934b6ef236c5a214119b19b16d41.png?w=1000,,,
6919453,3,볼에 양념 재료를 넣고 양념장을 만든다. 볼,https://recipe1.ezmember.co.kr/cache/recipe/2019/09/18/c1c2ccf9f9a031904b666723b1a09b831.png?w=1000,,,
6919453,4,달군 팬에 버터를 녹인 후 새송이버섯을 앞뒤로 굽는다. 팬,https://recipe1.ezmember.co.kr/cache/recipe/2019/09/18/d2b26061d4049da063bc80a04061bd2d1.png?w=1000,,,
6919453,5,꽈리고추와 양념장을 넣고 조린 뒤 통깨를 뿌려 완성한다.,https://recipe1.ezmember.co.kr/cache/recipe/2019/09/18/ced665d25026e5beaac0396a771539461.png?w=1000,,,
6933144,1,닭고기는 해동 후 우유에 30분 동안 재운다. 냉장 닭고기를 사용한다면 해동 과정 없이 바로 우유에 재워 주세요.,https://recipe1.ezmember.co.kr/cache/recipe/2020/05/22/2c04f11b386e01556539be76027d901d1.jpg,,1800,
6933144,2,"감자는 적당한 크기로 깍둑 썰고, 대파는 쫑쫑 썰어 준비한다.",https://recipe1.ezmember.co.kr/cache/recipe/2020/05/22/7e15d58d99dd4f881a15305265ceac831.jpg,,,
6933144,3,당면은 찬물에 불려 둔다.,https://recipe1.ezmember.co.kr/cache/recipe/2020/05/22/1b6e856cce970fb7bfce6ec1ca6545881.jpg,,,
6933144,4,우유에 재운 닭안심을 깨끗이 씻은 뒤 끓는 물에 10분간 데쳐 불순물을 제거한다.,https://recipe1.ezmember.co.kr/cache/recipe/2020/05/22/7b521a7f4c3796edf3a6c73814bbd5a31.jpg,,600,
6933144,5,"간장 소주잔 1컵, 설탕 소주잔 1/2컵, 생수 소주잔 1컵, 맛술 소주잔 1/2컵, 다진 마늘 1큰술, 참기름 1/2큰술, 통깨 적당량을 넣어 조림 간장을 만든다.",https://recipe1.ezmember.co.kr/cache/recipe/2020/05/22/aae492bb03a87103d0e5c802a8f231da1.jpg,,,
6933144,6,냄비에 초벌한 닭안심과 감자 그리고 조림 간장을 넣은 뒤 센불에 끓인다.,https://recipe1.ezmember.co.kr/cache/recipe/2020/05/22/c3fc907ca456928e28f521451ac61c9e1.jpg,강불,,
6933144,7,어느 정도 국물의 양이 줄면 중약불로 바꾼 뒤 계속 졸인다.,https://recipe1.ezmember.co.kr/cache/recipe/2020/05/22/51646cea017f7962753b0085440500811.jpg,약불,,
6933144,8,국물이 적당히 자박하게 남으면 불려둔 당면과 대파를 넣고 한소끔 더 끓여 준다. 당면은 물을 쫙 흡수하므로 국물이 적당히 남았을 때 넣어야 더 맛있게 먹을 수 있어요!,https://recipe1.ezmember.co.kr/cache/recipe/2020/05/22/7acf7bb291c8f850bd33f85159e3a0be1.jpg,,,
7031635,1,"물 500ml 넣고 보글 보글 끓면, 냉동 만두 5~6개 정도를 넣어줍니다. 냄비",https://recipe1.ezmember.co.kr/cache/recipe/2024/08/02/c654ce9f6e2b4283abd951a8ce9ae80a1.jpg?w=1000,,,
7031635,2,간장은 1큰술 넣어주고,https://recipe1.ezmember.co.kr/cache/recipe/2024/08/02/85fe8ee267bb17182a865136612d20ee1.jpg?w=1000,,,
7031635,3,"액젓 1.5 스푼 넣어주고, 수저",https://recipe1.ezmember.co.kr/cache/recipe/2024/08/02/ab4bd362a07b482cd1442806fb9e79e11.jpg?w=1000,,,
7031635,4,"다진마늘도 넣어줍니다. 도마 , 조리용나이프",https://recipe1.ezmember.co.kr/cache/recipe/2024/08/02/30eb837c65e626c73be04a9f482b7e151.jpg?w=1000,,,
7031635,5,"취향에 맞게 간은 소금으로 살짝만 해주세요! (이때, 다시다도 조금 넣으면 풍미가 좋습니다.)",https://recipe1.ezmember.co.kr/cache/recipe/2024/08/02/f781200195eb6ab796e1a9b840d7436b1.jpg?w=1000,,,
7031635,6,양파 조금 넣어주고,https://recipe1.ezmember.co.kr/cache/recipe/2024/08/02/8708bc2ef02a8a5498b091a404ba6c2d1.jpg?w=1000,,,
7031635,7,송송 썰어 놓은 대파와 청양고추까지 넣어줍니다.,https://recipe1.ezmember.co.kr/cache/recipe/2024/08/02/24cac8b5b5a65ec1e996390ead5f0b801.jpg?w=1000,,,
7031635,8,마무리로 잘 풀어놓은 계란을 뿌려줍니다. (계란 넣고 젓지 마세요) 그대로 두어 끓여줍니다.,https://recipe1.ezmember.co.kr/cache/recipe/2024/08/02/4089c5f490d6012c1177051f6efd6ba61.jpg?w=1000,,,
7031635,9,"바글바글 끓어오르면, 마무리고 후추 넣으면 끝",https://recipe1.ezmember.co.kr/cache/recipe/2024/08/02/0174a96beb5150ab235e7c6eb7ecba681.jpg?w=1000,,,
7031635,10,"이렇게 맑은 만둣국을 좋아하신다면 이대로 먹어도 좋고 국자 , 면기",https://recipe1.ezmember.co.kr/cache/recipe/2024/08/02/3fb6cdf16e66ccb2ae299fe8904235b21.jpg?w=1000,,,
7031635,11,"간을 살짝만해서, 조미김을 뿌려먹어도 끝내줍니다.",https://recipe1.ezmember.co.kr/cache/recipe/2024/08/02/9c8ba6afbf8373773e97d4ee45a8475e1.jpg?w=1000,,,
6949579,1,두부 1/3개를 으깨주세요. 많은 양을 해놓고 냉동실에 넣었다 돌려 먹어도 좋습니다~,https://recipe1.ezmember.co.kr/cache/recipe/2020/12/27/e7b9b2323662b4bf3c7a479c453bc1c71.jpg?w=1000,,,
6949579,2,계란을 하나 톡! 까주세요~ 기름을 두르지 않아요~,https://recipe1.ezmember.co.kr/cache/recipe/2020/12/27/7b91512eb95107bc08b4cf18acfeba581.jpg?w=1000,,,
6949579,3,두부에 계란옷을 잘 입혀주세요! 소금간을 따로 해주지 않을 거에요!,https://recipe1.ezmember.co.kr/cache/recipe/2020/12/27/9f668a1628c1445871844566d9e514361.jpg?w=1000,,,
6949579,4,밥 3스푼을 넣어준 뒤 골고루 섞어주세요!,https://recipe1.ezmember.co.kr/cache/recipe/2020/12/27/b5006012f984d19563f7b3c9b56cd5771.jpg?w=1000,,,
6949579,5,잘 섞였으면 그릇에 담아 저나트륨 반찬과 먹어줍니다~,https://recipe1.ezmember.co.kr/cache/recipe/2020/12/27/77a33345eb9fde4461462e672b7724791.jpg?w=1000,,,
6949579,6,많은 양을 한 뒤에 냉동시켜 끼니마다 꺼내먹어도 좋습니다~,https://recipe1.ezmember.co.kr/cache/recipe/2020/12/27/00ccf53b26926dc2c5840b6028bd21381.jpg?w=1000,,,
7074277,1,멸치100g을 볶아서 체어처준다,https://recipe1.ezmember.co.kr/cache/recipe/2026/04/06/5cc6f21e778dc7468cb210f99eb57ece1.jpg?w=1000,,,
7074277,2,강불로고추장6큰술 들기름3큰술 미림1큰술 마늘1큰술넣고 끓여준다,https://recipe1.ezmember.co.kr/cache/recipe/2026/04/06/d11019511d70ce5f20da60fe4691a7b31.jpg?w=1000,강불,,
7074277,3,양념이끓고나면 불은약불로하고 멸치를넣어 볶아준다,https://recipe1.ezmember.co.kr/cache/recipe/2026/04/06/2e931b7bc2d70b86fe454eed841cd7e91.jpg?w=1000,약불,,
7074277,4,깨소금넣고 올리고당3큰술 넣어 섞어주면 완성 비린네없고 윤기자르르 맛있는 고추장멸치조림,https://recipe1.ezmember.co.kr/cache/recipe/2026/04/06/a561404e920a28e37246b87896f303d51.jpg?w=1000,,,
6904302,1,재료를 준비해주세요~.,https://recipe1.ezmember.co.kr/cache/recipe/2019/01/14/62a69ca82a5ab3216dec3e4fa66b747c1.jpg?w=1000,,,
6904302,2,계란은 풀어주세요~.,https://recipe1.ezmember.co.kr/cache/recipe/2019/01/14/e6970cf6349414f26643bcfef42cc8a81.jpg?w=1000,,,
6904302,3,만두피위에 피자치즈를 2큰술씩 가운데에 놓아주세요~.,https://recipe1.ezmember.co.kr/cache/recipe/2019/01/14/534f6287125a00ac408efe2b57793bc51.jpg?w=1000,,,
6904302,4,가장자리에 계란을 묻혀주세요~. (계란을 묻혀주면 만들기 훨씬 수월하답니다~!!),https://recipe1.ezmember.co.kr/cache/recipe/2019/01/14/c2b6c980df40233590726c1e7c72102d1.jpg?w=1000,,,
6904302,5,사진처럼 만두피 양옆을 접어주세요~.,https://recipe1.ezmember.co.kr/cache/recipe/2019/01/14/89b35c33a97a671f23624bd6fe4f54931.jpg?w=1000,,,
6904302,6,돌돌 말아주세요~.,https://recipe1.ezmember.co.kr/cache/recipe/2019/01/14/348e28945fc2f9bfa27f54badfa56dbf1.jpg?w=1000,,,
6904302,7,계란을 골고루 묻혀주세요~.,https://recipe1.ezmember.co.kr/cache/recipe/2019/01/14/c2f0d142f7cac5f873492f054d0160f81.jpg?w=1000,,,
6904302,8,빵가루를 골고루 묻혀주세요~.,https://recipe1.ezmember.co.kr/cache/recipe/2019/01/14/c1d28ea25bc18f7aa065912aefd3e6aa1.jpg?w=1000,,,
6904302,9,팬에 식용유를 넉넉히 두른후 중불로 앞뒤로 노릇노릇 치즈스틱을 튀겨주세요~.,https://recipe1.ezmember.co.kr/cache/recipe/2019/01/14/39e8a76cf0a49887f30376f39f580c211.jpg?w=1000,중불,,
6904302,10,강불로 튀기게되면 속은 안익고 겉만 타기때문에 중불로 노릇노릇하게 튀겨주세요~.,https://recipe1.ezmember.co.kr/cache/recipe/2019/01/14/217bb12019844343feacb89905c1b26a1.jpg?w=1000,중불,,
6904302,11,체로 받쳐서 기름기를 제거해주면 만두피 치즈스틱 완성입니다~!!♡♡♡,https://recipe1.ezmember.co.kr/cache/recipe/2019/01/14/58054ae84f2f55322e3fce7eb5ff6e4a1.jpg?w=1000,,,
6944255,1,"일단 콩불 양념장부터 만들어 보겠습니다. 고추장(3), 고춧가루(3), 간장(3), 설탕(2),다진 마늘(2), 맛술(3)을 한데 넣어 고루 섞어 주세요.",https://recipe1.ezmember.co.kr/cache/recipe/2020/10/15/a6ba9fb097804495db844d9d1f0e1ed41.jpg,,,
6944255,2,콩나물 한 봉지 300g 짜리 준비해 물에 씻어 놓고,https://recipe1.ezmember.co.kr/cache/recipe/2020/10/15/3224db2d4a6fc5680ee535490d85c9fb1.jpg,,,
6944255,3,"양파(1/2)는 채 썰고 새송이버섯(1) 개는 2등분 해 얇게 썰고 대파, 청양고추는 송송 썰어 함께 넣을 야채를 준비합니다.",https://recipe1.ezmember.co.kr/cache/recipe/2020/10/15/54d1a2b7c4d7cb820bf3b812ff2cf82b1.jpg,,,
6944255,4,그리고 대패 삼겹살도 함께 준비하고 이렇게 재료가 준비되면 한데 넣어 볶아 먹으면 되니깐 엄청 간단하고 쉽죠.,https://recipe1.ezmember.co.kr/cache/recipe/2020/10/15/fbcded8bb3f31ccbfddf1adff11c8dbe1.jpg,,,
6944255,5,볶을 팬에 콩나물 담고,https://recipe1.ezmember.co.kr/cache/recipe/2020/10/15/2bdfd069ac2d07c51e996607b9ea5c6b1.jpg,,,
6944255,6,"그 위에 새송이버섯, 양파 깔고",https://recipe1.ezmember.co.kr/cache/recipe/2020/10/15/f4b55c5ad53a67a9bd187427492582df1.jpg,,,
6944255,7,"그 위에 준비해 놓은 대파 삼겹살과 양념장, 청양고추, 대파를 한데 넣어",https://recipe1.ezmember.co.kr/cache/recipe/2020/10/15/963ea7bf2ecd588142da99f8157c040a1.jpg,,,
6944255,8,휘리릭~ 볶아내면 끝!,https://recipe1.ezmember.co.kr/cache/recipe/2020/10/15/ab02b8081aa0a3bddbf7881b71288b521.jpg,,,
6944255,9,완성,https://recipe1.ezmember.co.kr/cache/recipe/2020/10/15/2ae2c570c6abec9441f7c8b399f440901.jpg,,,
6855088,1,"닭다리와 닭봉은 흐르는 물에 깨끗이 씻어 물기 빼 놓고 칼집넣어 준비 합니다 볼에 담아 밑간 합니다 올리브오일 2T, 소금 1t, 후춧가루 약간을 넣고 밑간해 냉장실에 30분정도 둡니다",https://recipe1.ezmember.co.kr/cache/recipe/2016/08/22/86e478f249e455ee40ff46a83f4eca271.jpg,,1800,
6855088,2,"양념소스 만들어요 설탕 2T, 다진마늘 4T, 물 3T,식초 1.5T, 양조간장 1T, 물엿 5T(올리고당 75g 대체가능), 소금 1/2t 다진마늘을 제외한 제료를 모두담아 설탕이 녹도록 잘 저어 준비해요",https://recipe1.ezmember.co.kr/cache/recipe/2016/08/22/e392c6989af164c6333e825f9fa4d6d61.jpg,,,
6855088,3,달구어진 팬에 닭을 올리고 센불에서 뒤집어가며 5분 중약불로 줄여 뚜껑을 덮고 9~10분간 구워 줍니다,https://recipe1.ezmember.co.kr/cache/recipe/2016/08/22/61a65877bda7b88d0109cd3c350a01c61.jpg,약불,300,
6855088,4,노릇노릇 맛나게 잘 구워 졌어요,https://recipe1.ezmember.co.kr/cache/recipe/2016/08/22/eac0ead2f2b4bda93cad4377b634a1871.jpg,,,
6855088,5,다른팬에 소스를 넣고 중불에서 1분 약불로 줄여 다진마늘을 넣고 20초간 저으며 끓이고 불 끕니다,https://recipe1.ezmember.co.kr/cache/recipe/2016/08/22/172038dfc6353cee3fad1b5460c7a7d71.jpg,약불,80,
6855088,6,저는 마늘양을 좀 더 많이 했어요 입자가 있도록 조금 굵게 다졌습니다,https://recipe1.ezmember.co.kr/cache/recipe/2016/08/22/e90fbe765f24d4b304613d04e08ec1571.jpg,,,
6855088,7,구운닭을 소스에 넣고 잘 섞어 마무리 합니다 갈릭치킨 완성입니다 마늘향이 솔솔 풍기는 달콤한 갈릭치킨인데요 마늘의 매운맛은 없고 향은 아주 좋은 갈릭치킨이네요 무척 매력있어요 ㅎㅎ,https://recipe1.ezmember.co.kr/cache/recipe/2016/08/22/37c2757507b3d770d37f621ae3c2376e1.jpg,,,
7071235,1,냄비에 물 500ml를 넣고 코인 육수 한 알을 넣은 다음 팔팔 끓여 주세요 코인 육수 대신 다시 팩을 사용해서 육수를 우려도 좋고 만들어 놓은 육수가 냉장고에 있다면 그 걸 사용하셔도 좋답니다 재료가 간단해서 육수가 끓는 동안 손질하시면 된답니다,https://recipe1.ezmember.co.kr/cache/recipe/2026/02/09/7edb473afc7d7e90a45f94eb1c6683f51.jpg,,,
7071235,2,냉동 새우는 해동해서 꼬리 부분을 떼내어 주시구요 순두부는 원하는 모양으로 잘라 주세요 저는 큼지막하게 듬성듬성 잘라 주었어요,https://recipe1.ezmember.co.kr/cache/recipe/2026/02/09/a96d90b1123cdb6b1644963a585485d91.jpg,,,
7071235,3,양파는 채 썰고 계란은 풀어 주세요,https://recipe1.ezmember.co.kr/cache/recipe/2026/02/09/3f11834e5766205cea3aa0af28b9151c1.jpg,,,
7071235,4,"물이 끓어 코인 육수가 다 녹으면 새우와 순두부, 양파를 넣어 주세요",https://recipe1.ezmember.co.kr/cache/recipe/2026/02/09/f4fdbbb1c98550ed1b33b9970079db4e1.jpg,,,
7071235,5,국간장 1 큰술과 참치액 1 큰술 넣어 주세요,https://recipe1.ezmember.co.kr/cache/recipe/2026/02/09/0133cb35ca1989f2e8671c71d1afdc111.jpg,,,
7071235,6,새우가 익었다면 풀어 놓은 계란물을 넣고 젓지 말고 그대로 기다려 주세요 조금 기다리다 보면 계란이 뜰 거예요 이렇게 끓이면 국물이 깔끔해진답니다,https://recipe1.ezmember.co.kr/cache/recipe/2026/02/09/ab1d55c37a038d4025e5119009eac4bb1.jpg,,,
7071235,7,불을 끄고 후추를 취향껏 뿌려 주세요,https://recipe1.ezmember.co.kr/cache/recipe/2026/02/09/f57f45e66522fa0ccbd2932b404403cc1.jpg,,,
7071235,8,늘 새로이 시작했다가 중도에 흐지부지 해지는 다이어트지만 다이어트 4일차인 오늘 점심은 이렇게 한 그릇 먹었답니다,https://recipe1.ezmember.co.kr/cache/recipe/2026/02/09/5dde6c3bcb12a4fddd4def52fb87962c1.jpg,,,
7071235,9,밥을 먹지 않아도 부드러운 순두부와 통통한 새우가 있어 여러 가지 식감도 느낄 수 있고 포만감도 좋더라구요,https://recipe1.ezmember.co.kr/cache/recipe/2026/02/09/ea759739d8a6c9f01c4d2a19e7db68041.jpg,,,
7071235,10,"깔끔하면서 간단한 국물 요리가 필요할 때, 휘리릭 끓여 보세요~~^^",https://recipe1.ezmember.co.kr/cache/recipe/2026/02/09/c666158c8c5f89f2fb73961e1c8644db1.jpg,,,
7018228,1,베이컨감자채볶음을 소개합니다.,https://recipe1.ezmember.co.kr/cache/recipe/2024/01/21/df333ca4c40dc14558600cf204152beb1.jpg?w=1000,,,
7018228,2,"감자,양파,당근,대파,베이컨을 준비합니다. 감자칼",https://recipe1.ezmember.co.kr/cache/recipe/2024/01/21/bb99d79d9b680814d49677cad505a45b1.jpg?w=1000,,,
7018228,3,"야채들은 모두 채칼을 이용해서 채썰어주세요. 감자는 전분을 제거한후 채반에 물기를 제거해주세요. 믹싱볼 , 채반",https://recipe1.ezmember.co.kr/cache/recipe/2024/01/21/053d66bf6f20a89a920dc44f69e1ea151.jpg?w=1000,,,
7018228,4,"베이컨도 길쭉하게 썰어서 준비합니다. 도마 , 조리용나이프",https://recipe1.ezmember.co.kr/cache/recipe/2024/01/21/19518b8112c298b08cc9d860355f425f1.jpg?w=1000,,,
7018228,5,"후라이팬에 기름을 두른후 감자가 투명해질때까지 먼저 볶아주세요. 프라이팬 , 요리젓가락 , 요리스푼",https://recipe1.ezmember.co.kr/cache/recipe/2024/01/21/b3661dc7505d1f9561b485bae9767f561.jpg?w=1000,,,
7018228,6,감자가 어느정도 볶아지면 양파와 베이컨을 넣어서 잘 섞어가면서 한소큼 더 볶아주세요.,https://recipe1.ezmember.co.kr/cache/recipe/2024/01/21/8fd3bfd525788614f2a447f7f4a14a7c1.jpg?w=1000,,,
7018228,7,마지막으로 통깨를 넣어서 잘 섞어주세요.,https://recipe1.ezmember.co.kr/cache/recipe/2024/01/21/ecda4d7944089c2a6ead49018dacbef81.jpg?w=1000,,,
7018228,8,베이컨감자채볶음이 완성이 되었습니다.,https://recipe1.ezmember.co.kr/cache/recipe/2024/01/21/7099a16803ae7ccbd3aeca4dd0fbb9851.jpg?w=1000,,,
7074132,1,물6컵에 도토리가루한컵 소금을넣어주세요 그리고 불은 강불로 하고 계속 저어주다,https://recipe1.ezmember.co.kr/cache/recipe/2026/04/04/4b384d69c0527b1115a4e1e97734ba621.jpg?w=1000,강불,,
7074132,2,색이변하면 약불로해주시고 밑이 눌러붙지안도록 계속 저어주세요 색이변하고 꾸덕해지면 들기름을넣어주고 불은최대한 약하게 뜸들이든 한번씩 저어주세요,https://recipe1.ezmember.co.kr/cache/recipe/2026/04/04/97e285daaf3aab4f5785cdd38cb8a67c1.jpg?w=1000,약불,,
7074132,3,5분뒤 이렇게색이변하고 꾸더해지면 완성입니다.,https://recipe1.ezmember.co.kr/cache/recipe/2026/04/04/e35f34b746d84845ee1468846e44a8841.jpg?w=1000,,300,
7074132,4,완성된도토리묵을 그릇에담고 냉장고에서 2~3시간 굳혀주세요 탱글탱글 쫀득쫀득한 도토리묵완성입니다,https://recipe1.ezmember.co.kr/cache/recipe/2026/04/04/0bc3d3675bc0de3566f5b4292eb96be61.jpg?w=1000,,10800,
7020548,1,"표고버섯은 밑둥을 제거하고 슬라이스로 썰어주세요 (다른 야채들 적당한 크기로 썰어줍니다) 도마 , 조리용나이프",https://recipe1.ezmember.co.kr/cache/recipe/2024/02/22/381c84e11e17346980a2cd6bbe0f99d61.jpg?w=1000,,,
7020548,2,"표고버섯 진간장 1큰술, 참기름 1큰술 넣어 밑간해주세요 계량스푼",https://recipe1.ezmember.co.kr/cache/recipe/2024/02/22/2fa333198055311544bb672b29d64fac1.jpg?w=1000,,,
7020548,3,"분량의 양념장을 미리 섞어줍니 (진간장 2큰술, 참치액 1/2큰술 맛술 2큰술, 물엿 2큰술 다진마늘 1큰술, 후추 톡톡) 유리계량컵",https://recipe1.ezmember.co.kr/cache/recipe/2024/02/22/691af62e019d79ee79264ca3892a4d7f1.jpg?w=1000,,,
7020548,4,"팬에 기름을 두르고 꽈리고추 넣어 볶아줍니다(센불) 프라이팬 , 조리용스푼",https://recipe1.ezmember.co.kr/cache/recipe/2024/02/22/73173b45f31f9d71b21360d36c77f51c1.jpg?w=1000,강불,,
7020548,5,팬바닥에 미리 만들어 두었던 양념장을 2~3번에 걸쳐 넣어 바르르 끓인 후 볶아요,https://recipe1.ezmember.co.kr/cache/recipe/2024/02/22/7aa0bcb05a88ee4a05bf149eeb2696741.jpg?w=1000,,,
7020548,6,"표고버섯을 추가로 넣어 볶다가 대파, 양파 볶아요 양파가 투명해지면 홍고추, 통깨 넣어 마무리 합니다",https://recipe1.ezmember.co.kr/cache/recipe/2024/02/22/258fa38b480d5783ac5b2867ae78a4da1.jpg?w=1000,,,
7016910,1,소고기무국을 소개합니다.,https://recipe1.ezmember.co.kr/cache/recipe/2023/12/22/5d4d6f5cd547c23e883fdd681f12dc291.jpg?w=1000,,,
7016910,2,"소고기국거리용을 참기름을 넣고 팬에 볶아주세요. 냄비 , 요리스푼",https://recipe1.ezmember.co.kr/cache/recipe/2023/12/22/2b5bc1111100b87408abcdabc4c99d581.jpg?w=1000,,,
7016910,3,"무는 두툼하게 썰어서 함께 볶아준후 쌀뜨물을 넉넉하게 넣어주세요. 도마 , 조리용나이프",https://recipe1.ezmember.co.kr/cache/recipe/2023/12/22/5c3cdafd3fb617b8ba5cc6c107c3eed31.jpg?w=1000,,,
7016910,4,국간장 1스푼을 넣어주세요.,https://recipe1.ezmember.co.kr/cache/recipe/2023/12/22/00250e14b40711cffd4f47f123fea3791.jpg?w=1000,,,
7016910,5,다진마늘을 넣어서 한소큼 끓여준후 거품은 숟가락으로 걷어내주세요.,https://recipe1.ezmember.co.kr/cache/recipe/2023/12/22/ad264eb11c4c81ca8886dd6ee9a872ad1.jpg?w=1000,,,
7016910,6,대파를 넉넉하게 송송 썰어주세요.,https://recipe1.ezmember.co.kr/cache/recipe/2023/12/22/3cb0649d29e4561d40a7fc72066b6e8b1.jpg?w=1000,,,
7016910,7,대파를 넣어주세요.,https://recipe1.ezmember.co.kr/cache/recipe/2023/12/22/30987013b56fd8477046dfd3a33705081.jpg?w=1000,,,
7016910,8,"부족하기 쉬운 간을 굵은소금으로 맞추어주세요. 국자 , 뚝배기",https://recipe1.ezmember.co.kr/cache/recipe/2023/12/22/24779f378815f16976837692933321f41.jpg?w=1000,,,
7016910,9,소고기무국이 완성되었습니다.,https://recipe1.ezmember.co.kr/cache/recipe/2023/12/22/211edbd2939ca8f747771c95f26f85971.jpg?w=1000,,,
6910345,1,소금과 후추를 이용해 연어 밑간을 해줄게요,https://recipe1.ezmember.co.kr/cache/recipe/2019/04/12/289d63edffaa708c8e2ca20c5bf9be2e1.jpg?w=1000,,,
6910345,2,팬에 올리브 오일을 넉넉히 둘러주세요,https://recipe1.ezmember.co.kr/cache/recipe/2019/04/12/61f6366b6aa3bc83add10fc6c6becf3f1.jpg?w=1000,,,
6910345,3,중간불에 밑간을한 연어를 양쪽 다 익혀줄게요,https://recipe1.ezmember.co.kr/cache/recipe/2019/04/12/970079b6f317ebd04310c00c65d3542b1.jpg?w=1000,,,
6910345,4,다 구워진 연어는 그릇에담아 따듯함을 유지할 수 있게 호일로 덮어주세요,https://recipe1.ezmember.co.kr/cache/recipe/2019/04/12/a6a321e350c154651a0e0f0d4eb3ee461.jpg?w=1000,,,
6910345,5,다진마늘을 넣고 30초만 볶아줄게요,https://recipe1.ezmember.co.kr/cache/recipe/2019/04/12/75bdfe1a7cc1757a3bd743149def7c9d1.jpg?w=1000,,30,
6910345,6,"그 후, 물 5T와 간장 5T와, 꿀 3T을 넣어줄게요",https://recipe1.ezmember.co.kr/cache/recipe/2019/04/12/fe6451279bb41a1ca279d6e42d64a3bd1.jpg?w=1000,,,
6910345,7,옥수수전분과 물을 잘 섞어줄게요,https://recipe1.ezmember.co.kr/cache/recipe/2019/04/12/3cc8363afd11891587d73db1705c8dfb1.jpg?w=1000,,,
6910345,8,옥수수전분을 양념에 넣어 농도를 맞춰주세요,https://recipe1.ezmember.co.kr/cache/recipe/2019/04/12/6b1e68df017a691c06997c309147d0101.jpg?w=1000,,,
6910345,9,양념이 끓으면 연어를 넣고 조려줄게요,https://recipe1.ezmember.co.kr/cache/recipe/2019/04/12/1a9f61fad062c4661b7581e3a5e63a6d1.jpg?w=1000,,,
6910345,10,양념을 연어에 끼얹어 주세요,https://recipe1.ezmember.co.kr/cache/recipe/2019/04/12/a9cfc88fea166dbbc2ca62634fed24821.jpg?w=1000,,,
6910345,11,그릇에 담으면 완성입니다,https://recipe1.ezmember.co.kr/cache/recipe/2019/04/12/0da41d3a55c42b60d3a0044a208e142f1.jpg?w=1000,,,
6920400,1,달군팬에 삼겹살 4줄을 올리고 후춧가루 톡톡톡 구워주세요.,https://recipe1.ezmember.co.kr/cache/recipe/2019/10/03/17a657043d311f61bd322b7110bcd37a1.jpg,,,
6920400,2,뒤집어서 다시한번 후추 톡톡톡 노릇노릇 구워주세요.,https://recipe1.ezmember.co.kr/cache/recipe/2019/10/03/e9fec005a5bd77912607f19b013da05b1.jpg,,,
6920400,3,"(밥숟가락)간장6스푼, 설탕 2스푼, 맛술3스푼, 물 200ml, 편마늘, 양파, 대파를 넣어주세요 (선택재료)굴소스 1큰술 추가!",https://recipe1.ezmember.co.kr/cache/recipe/2019/10/03/0c53e8c624ec6d21f6231d8e82d5a6071.jpg,,,
6920400,4,간장소스를 보글보글 끓여주세요.,https://recipe1.ezmember.co.kr/cache/recipe/2019/10/03/701c25e160352106fb0169ce42cba0191.jpg,,,
6920400,5,노릇노릇 익은 삼겹살을 반으로 잘라 넣어주세요.,https://recipe1.ezmember.co.kr/cache/recipe/2019/10/03/46c68984c3fb14a1b6df31bfcec2b8d11.jpg,,,
6920400,6,자작자작하게 졸인 후 삼겹살을 먹기 좋은 크기로 잘라 소스와 함께 밥 위에 올리면 완성! 달걀 반숙 또는 달걀프라이 노른자 톡~ 함께 먹으면 꿀맛!,https://recipe1.ezmember.co.kr/cache/recipe/2019/10/03/c8eeffac3cdde6208826aef006a524fb1.jpg,,,
7071148,1,"양배추 1/4개를 얇게 채 썰고,",https://recipe1.ezmember.co.kr/cache/recipe/2026/02/06/63dcc772587c86ab8841b3ca41eca0021.jpg,,,
7071148,2,흐르는 물에 깨끗하게 씻어주세요.,https://recipe1.ezmember.co.kr/cache/recipe/2026/02/06/4d37debc85b63ae0b9b4f350d8bd98131.jpg,,,
7071148,3,"양배추의 물기를 탈탈탈 털어 볼에 담아 주신 후, 베이컨 5장도를 먹기 좋은 크기로 잘라 함께 넣어 주시고,",https://recipe1.ezmember.co.kr/cache/recipe/2026/02/06/356f6199f3708a5aeefd0128037807f31.jpg,,,
7071148,4,"부침가루 2T,",https://recipe1.ezmember.co.kr/cache/recipe/2026/02/06/208dde64fe504d7f67cc9c509807de5e1.jpg,,,
7071148,5,"물 100ml,",https://recipe1.ezmember.co.kr/cache/recipe/2026/02/06/86f9f09357d31107a4a76a8b1cb1338d1.jpg,,,
7071148,6,"소금 솔솔솔,",https://recipe1.ezmember.co.kr/cache/recipe/2026/02/06/1ba1765ca3d05934d257f4df1855454d1.jpg,,,
7071148,7,후추 솔솔솔 넣어 고르게 섞어 주세요.,https://recipe1.ezmember.co.kr/cache/recipe/2026/02/06/1cdda6f71cc9a6723d9481ce9f01cf621.jpg,,,
7071148,8,"포도씨유 두른 후, 팬이 달궈지면!",https://recipe1.ezmember.co.kr/cache/recipe/2026/02/06/4db15bbca761087c0c89146f118869641.jpg,,,
7071148,9,"만들어 놓은 양배추전 반죽을 얹고,",https://recipe1.ezmember.co.kr/cache/recipe/2026/02/06/44eb2015e17debc8971436446c52d0f61.jpg,,,
7071148,10,달걀도 얹어 주세요.,https://recipe1.ezmember.co.kr/cache/recipe/2026/02/06/757d52a501ce197262e22cf8410f75d21.jpg,,,
7071148,11,소금 솔솔솔!,https://recipe1.ezmember.co.kr/cache/recipe/2026/02/06/c9fa7f8e9e754a0bacb286d1adfa34141.jpg,,,
7071148,12,"아랫면이 노릇해졌을 때, 뒤집어 다시 노릇하게 구워주시면 끝!",https://recipe1.ezmember.co.kr/cache/recipe/2026/02/06/b9587752fc935d50ae3ec7ad57abba5f1.jpg,,,
7071148,13,"저는 반숙을 좋아해서 노른자 살짝 덜 익혔고요~ 파 송송송, 깨 솔솔솔, 뿌려 마무리하였습니다!",https://recipe1.ezmember.co.kr/cache/recipe/2026/02/06/c24dc5dbf8206e6d0b3e7e8867c8c6221.jpg,,,
7071148,14,맛있게 드세요:),https://recipe1.ezmember.co.kr/cache/recipe/2026/02/06/2c880d3f48a4b00a435166e4fcafca531.jpg,,,
6962124,1,감자 큰거 1개는 깍두기 모양으로 썰어줍니다.,https://recipe1.ezmember.co.kr/cache/recipe/2021/07/22/7af3ecc3b2098b5df5f1ab30a49c79e21.jpg?w=1000,,,
6962124,2,스팸 200g도 감자 크기로 썰어줍니다,https://recipe1.ezmember.co.kr/cache/recipe/2021/07/22/ab4668f0c9f16ff843d0522c6e0c92921.jpg?w=1000,,,
6962124,3,당근 한토막도 감자 크기로 썰어줍니다,https://recipe1.ezmember.co.kr/cache/recipe/2021/07/22/108583e80ae9d2285f57b23d2975cea01.jpg?w=1000,,,
6962124,4,쪽파 3뿌리는 4cm길이로 잘라줍니다.,https://recipe1.ezmember.co.kr/cache/recipe/2021/07/22/e6b8c4f4bdec771b7ccdff8989f6c16f1.jpg?w=1000,,,
6962124,5,볼에 간장 2T / 굴소스 1T / 올리고당 1T / 설탕 1T / 물 2T / 마늘 1/2t를 넣고 설탕이 녹을때까지 섞어 준비해줍니다.,https://recipe1.ezmember.co.kr/cache/recipe/2021/07/22/b0863fd27f5883a98b3e4668f4af5ebb1.jpg?w=1000,,,
6962124,6,팔팔 끓는물에 감자와 당근을 넣고 2~3분간 삶아 준 다음 건져줍니다.,https://recipe1.ezmember.co.kr/cache/recipe/2021/07/22/cbcd268e4ab24384da6446d7bd41812b1.jpg?w=1000,,180,
6962124,7,"감자 삶은 물은 버리지 마시고,바로 스팸을 넣고 끓어오르면 바로 건져줍니다.",https://recipe1.ezmember.co.kr/cache/recipe/2021/07/22/e6ecf48c2de4add24fc12c9e98164f721.jpg?w=1000,,,
6962124,8,예열된 팬에 식용유를 두른뒤 감자와 당근을 볶아줍니다.,https://recipe1.ezmember.co.kr/cache/recipe/2021/07/22/1b720b6de84d63a4c0d4376b7e858e511.jpg?w=1000,,,
6962124,9,"감자와 당근이 어느정도 볶아지면 스팸을 넣고, 스팸이 노릇해질때까지 볶아줍니다.",https://recipe1.ezmember.co.kr/cache/recipe/2021/07/22/273b9f8f4d2ef71365ab8d95a3f387491.jpg?w=1000,,,
6962124,10,"스팸이 노릇해지면 팬 한가운데 소스를 부어, 소스를 살짝 끓여준 다음 간이 배도록 볶아줍니다.",https://recipe1.ezmember.co.kr/cache/recipe/2021/07/22/c9b87958de79bbf3d94c9997b116ff501.jpg?w=1000,,,
6962124,11,"소스가 졸여지면서 간이 알맞게 배이면,쪽파/참기름 1T/통깨를 뿌려 섞어주면 완성입니다.",https://recipe1.ezmember.co.kr/cache/recipe/2021/07/22/a492ecb1af084635e3a1f8a18a57ae211.jpg?w=1000,,,
7004934,1,양배추 4분의 1통은 채썰어주세요,https://recipe1.ezmember.co.kr/cache/recipe/2023/06/28/03898ef415008e48d3466aeec98842581.jpg?w=1000,,240,
7004934,2,채 썬 양배추를 식초 한 방울 넣고 물에 담궈서 잔여 농약을 제거해 주고 깨끗한 물에 헹군 후 물기를 빼 주세요,https://recipe1.ezmember.co.kr/cache/recipe/2023/06/28/d78fef2e017465addf39c7649b5a767f1.jpg?w=1000,,,
7004934,3,스팸 150g정도도 조금 굵게 채썰어 줍니다,https://recipe1.ezmember.co.kr/cache/recipe/2023/06/28/216bdb7aee5e642c2e569f2d15d210ab1.jpg?w=1000,,,
7004934,4,팬에 기름을 두르고 송송썬 대파1줌을 넣고 볶아서 파기름을 먼저 만들어 주세요,https://recipe1.ezmember.co.kr/cache/recipe/2023/06/28/949746ba502aa5aceebbbdd652a37e4f1.jpg?w=1000,,,
7004934,5,다가 노릇노릇하게 익으면 양배추를 넣고 볶아 줍니다. 불은 중불입니다.,https://recipe1.ezmember.co.kr/cache/recipe/2023/06/28/2394b88ecfe6a647d3448bf7c58748311.jpg?w=1000,중불,,
7004934,6,양배추를 볶아서 양배추가 투명해지면서 살짝 숨이 죽으면 간을 해줍니다.,https://recipe1.ezmember.co.kr/cache/recipe/2023/06/28/1a9fe9966c8b69ff148eac0fe2ea4d401.jpg?w=1000,,,
7004934,7,진간장 1.5T 넣어 주세요,https://recipe1.ezmember.co.kr/cache/recipe/2023/06/28/0cba324dbbded5fba7cdea7841ca1f981.jpg?w=1000,,,
7004934,8,올리고당도 0.5T만 넣어 주세요. 스팸에 짠맛이 있기 때문에 간을 세게 하지 않습니다,https://recipe1.ezmember.co.kr/cache/recipe/2023/06/28/df6dbbbae84557bc80ff11c38908a75a1.jpg?w=1000,,,
7004934,9,그리고 양배추에 양념이 배이도록 잘 볶아준후 스팸을 넣고 같이 볶아 줍니다,https://recipe1.ezmember.co.kr/cache/recipe/2023/06/28/4182a98353065fa58083a173dd6034e41.jpg?w=1000,,,
7004934,10,스팸이 있으면 불을 끄고 참기름 한 스푼 넣어주고~~,https://recipe1.ezmember.co.kr/cache/recipe/2023/06/28/64b4fe19cd359f2f631343056cda8aa31.jpg?w=1000,,,
7004934,11,통깨 넉넉하게 뿌려주면 스팸양배추볶음 완성입니다.,https://recipe1.ezmember.co.kr/cache/recipe/2023/06/28/d83e231af5ee186f504155054aa9d5881.jpg?w=1000,,,
7004934,12,그릇에 담아 맛있게 드세요. 밥 위에 올려 드시면 스팸양배추덮밥으로 맛있게 드실 수 있습니다,https://recipe1.ezmember.co.kr/cache/recipe/2023/06/28/2f44ec2dd78d6d1d0073145911c6c7731.jpg?w=1000,,,
6907004,1,재료를 준비해주세요~.,https://recipe1.ezmember.co.kr/cache/recipe/2019/02/20/2bafb6d128b00751f284f9004bcb79d81.jpg?w=1000,,,
6907004,2,버터는 부드럽게 풀어주세요~. (식용유는 그냥 사용하시면 된답니다~!!),https://recipe1.ezmember.co.kr/cache/recipe/2019/02/20/a231a70f1694b202376fbc0c48d6d65d1.jpg?w=1000,,,
6907004,3,설탕을 넣고 섞어주세요~.,https://recipe1.ezmember.co.kr/cache/recipe/2019/02/20/a16fe443ac6ed8a8e67536c856c637f51.jpg?w=1000,,,
6907004,4,계란은 하나씩 넣어가며 섞어주세요~. (계란을 2개 동시에 넣으면 분리가 날수가 있기 때문에 하나씩 넣어주세요~!!),https://recipe1.ezmember.co.kr/cache/recipe/2019/02/20/9135f06daec71049226edbf9a70b8b321.jpg?w=1000,,,
6907004,5,"박력분, 베이킹파우더, 코코아파우더를 체에쳐 넣어주세요~.",https://recipe1.ezmember.co.kr/cache/recipe/2019/02/20/6e93ec324a20853549b2daeff83ba86d1.jpg?w=1000,,,
6907004,6,가루가 안보일때까지 섞어준뒤 냉장고에 10분정도 휴지시켜주세요~.,https://recipe1.ezmember.co.kr/cache/recipe/2019/02/20/833b734f41dc4992ed7c6b50d4450a421.jpg?w=1000,,600,
6907004,7,반죽을 20g정도씩 분할해주세요~.,https://recipe1.ezmember.co.kr/cache/recipe/2019/02/20/d5b531e1482a1c74b60d2872b2ffd7af1.jpg?w=1000,,,
6907004,8,동글동글하게 모양을 만들어주세요~.,https://recipe1.ezmember.co.kr/cache/recipe/2019/02/20/0a98bb2b61b06cd18d3247e0b62dd20e1.jpg?w=1000,,,
6907004,9,슈가파우더를 듬뿍 뭍혀주세요~.,https://recipe1.ezmember.co.kr/cache/recipe/2019/02/20/62c62b883bccb14454c2f8592b7fb7021.jpg?w=1000,,,
6907004,10,쿠키가 구워지면서 커지기때문에 간격을 유지해주세요~.,https://recipe1.ezmember.co.kr/cache/recipe/2019/02/20/e7c352df5f40617dd65065da70f874961.jpg?w=1000,,,
6907004,11,180도의 오븐에서 10분 구워주면 예쁘고 맛있는 초코크랙쿠키 완성입니다~!!♡♡♡ 오븐,https://recipe1.ezmember.co.kr/cache/recipe/2019/02/20/31d67985ae608b0ee50a21ea18266f881.jpg?w=1000,,600,
7013219,1,깨소금 대신에 통깨를 사용해도 괜찮아요~^^,https://recipe1.ezmember.co.kr/cache/recipe/2023/11/09/0580936d8451835d04e897cdb5cf9c0c1.png?w=1000,,,
7013219,2,오이는 필러로 껍질을 듬성듬성하게 잘라 준비해요. 주방필러 기호에 따라 껍질 제거 없이 사용해도 괜찮아요.,https://recipe1.ezmember.co.kr/cache/recipe/2023/11/09/fa773fea24be2114cd90e0cf051a57451.png?w=1000,,,
7013219,3,"오이를 도톰하게 1.5cm 두께로 잘라요. 도마 , 조리용나이프",https://recipe1.ezmember.co.kr/cache/recipe/2023/11/09/b2a6ba5536a63797bc0ce6325e7302e01.png?w=1000,,,
7013219,4,가지런하게 접시에 담아요. 완성접시,https://recipe1.ezmember.co.kr/cache/recipe/2023/11/09/d9e789b8393e873a82a0b6b263d970ce1.png?w=1000,,,
7013219,5,"분량의 재료들을 섞어 소스를 만들어요. 소스볼 , 계량스푼",https://recipe1.ezmember.co.kr/cache/recipe/2023/11/09/a8d28a9b763d087dd20906285c403b001.png?w=1000,,,
7013219,6,소금이 모두 녹도록 잘 저어서 준비해주세요.,https://recipe1.ezmember.co.kr/cache/recipe/2023/11/09/f7db41cf331742adb77b9c7e1518cfa21.png?w=1000,,,
7013219,7,접시에 담아둔 오이 위에 뿌려서 완성!,https://recipe1.ezmember.co.kr/cache/recipe/2023/11/09/ad97464e564b13375e580444c38d27061.png?w=1000,,,
7013219,8,간단하지만 포만감 가득해서 샐러드 대용으로도 좋아요~,https://recipe1.ezmember.co.kr/cache/recipe/2023/11/09/fae7f7cf9e27e1a201e906affb1ad1091.png?w=1000,,,
6992061,1,대파는 송송 썬다,https://recipe1.ezmember.co.kr/cache/recipe/2022/11/15/1fe75f41e0d1c55dfe1229a78e9a3e031.png?w=1000,,,
6992061,2,마늘은 편으로 썬다,https://recipe1.ezmember.co.kr/cache/recipe/2022/11/15/19a3f4b92523e88509953b280009c00a1.png?w=1000,,,
6992061,3,만두는 가위나 칼로 먹기 좋게 다진다 가위 냉동만두는 해동 후 사용해주세요,https://recipe1.ezmember.co.kr/cache/recipe/2022/11/15/acd0211797e76e5eceba7fe4d81485691.png?w=1000,,,
6992061,4,식용유를 두른 팬에 대파와 마늘을 넣고 볶는다 팬,https://recipe1.ezmember.co.kr/cache/recipe/2022/11/15/635e556750876022a11dddafc93fd4ec1.png?w=1000,,,
6992061,5,마늘이 노릇해지면 버터와 다진 만두를 넣고 달달 볶는다,https://recipe1.ezmember.co.kr/cache/recipe/2022/11/15/aa753618180c740ff0afd8a0a5ab893f1.png?w=1000,,,
6992061,6,밥을 넣고 재료와 잘 섞이도록 볶는다,https://recipe1.ezmember.co.kr/cache/recipe/2022/11/15/9b64873083cbca47d75023b8f091fa311.png?w=1000,,,
6992061,7,"밥이 풀어지면 굴소스와 후추, 참기름을 넣고 볶는다",https://recipe1.ezmember.co.kr/cache/recipe/2022/11/15/4f79e375b92a45a407e0993f989a680c1.png?w=1000,,,
6992061,8,그릇에 담고 반숙후라이를 올린다 그릇,https://recipe1.ezmember.co.kr/cache/recipe/2022/11/15/9309244d61cb30d15df86e0ce86ce4021.png?w=1000,,,
7075265,1,김치를 송송 썰어 준비해요. 들기름을 넉넉하게 두른후 김치가 투명해질때가지 볶아주세요. 고추장을 1스푼 추가로 넣어서 다시한번 볶아주세요.,https://recipe1.ezmember.co.kr/cache/recipe/2026/04/24/8c298727160f99e0030dd007acc033d51.jpg?w=1000,,,
7075265,2,밥을 지어준 후 넣고 김치와 잘 섞어가면서 볶아주세요.,https://recipe1.ezmember.co.kr/cache/recipe/2026/04/24/f4515511b2458b16f6c8cd9f93e3dae91.jpg?w=1000,,,
7075265,3,굴소스를 조금씩 넣어가며 간을 맞춰주세요.,https://recipe1.ezmember.co.kr/cache/recipe/2026/04/24/450d059f4ff613d84c86d03ba9715b5c1.jpg?w=1000,,,
7075265,4,동그랗게 밥공기에 김치볶음밥을 담아서 보기 좋게 담아주세요.,https://recipe1.ezmember.co.kr/cache/recipe/2026/04/24/7f84ca83d554d457513c726598daba241.jpg?w=1000,,,
7075265,5,김치볶음밥이 완성이 되었습니다.,https://recipe1.ezmember.co.kr/cache/recipe/2026/04/24/937a4e41bcd88a36fdc4437739a17ee91.jpg?w=1000,,,
7004654,1,부추는 깨끗하게 세척한 후 3cm 정도로 썰어요,https://recipe1.ezmember.co.kr/cache/recipe/2023/06/23/b2f62f1cfc3a2e76e7d210b251e2e6111.jpg?w=1000,,,
7004654,2,양파는 얇게 채썰어요,https://recipe1.ezmember.co.kr/cache/recipe/2023/06/23/a2e0556bf8aa43533463c0f953b2afd91.jpg?w=1000,,,
7004654,3,홍고추는 어슷 썰어요,https://recipe1.ezmember.co.kr/cache/recipe/2023/06/23/8c1208821d2058f455a380051b9142611.jpg?w=1000,,,
7004654,4,기름을 두르지 않은 팬을 예열시킨 후 차돌박이를 올려요,https://recipe1.ezmember.co.kr/cache/recipe/2023/06/23/2adac7cd6c18b9dae7e481ae6e0112e61.jpg?w=1000,,,
7004654,5,소금과 후추를 뿌려 구워요,https://recipe1.ezmember.co.kr/cache/recipe/2023/06/23/2a229c0177f1fe349a166556697ebd781.jpg?w=1000,,,
7004654,6,구워진 차돌박이는 키친타올로 기름을 가볍게 제거해요,https://recipe1.ezmember.co.kr/cache/recipe/2023/06/23/47d6afb0dc1ea5a1ba7037844cae8cc81.jpg?w=1000,,,
7004654,7,볼에 썬 부추와 양파를 담아요,https://recipe1.ezmember.co.kr/cache/recipe/2023/06/23/3f02dee4f17ca76c325d69e054f4dc451.jpg?w=1000,,,
7004654,8,양념 재료를 넣고 가볍게 섞어요,https://recipe1.ezmember.co.kr/cache/recipe/2023/06/23/033a9748c8941ddb3f7d8860643fb0151.jpg?w=1000,,,
7004654,9,"구운 차돌박이와 홍고추, 통깨를 넣고 섞어 완성해요 차돌박이는 취향에 따라 따로 곁들여 먹어도 좋아요",https://recipe1.ezmember.co.kr/cache/recipe/2023/06/23/ad94f8e7885c8f1e93ba7d3d299b12c41.jpg?w=1000,,,
7074401,1,"다진 마늘 3스푼, 고춧가루 4스푼, 간장 4스푼, 참치액 3스푼, 굴소스 2스푼, 맛술 4스푼, 물엿 4스푼을 넣고 잘 섞어주세요.",https://recipe1.ezmember.co.kr/cache/recipe/2026/04/08/275d7db37c2a4d65e8d7c5fbdc626eb61.jpg,,,
7074401,2,"대파, 양파는 잘게 썰어주세요.",https://recipe1.ezmember.co.kr/cache/recipe/2026/04/08/8fd40ec7ffa00d54785b793d099916491.jpg,,,
7074401,3,돼지갈비 1kg 분량은 흐르는 물에 깨끗하게 씻어주세요. 예열된 팬에 고기는 지방이 있는 부분이 바닥에 오도록 올리고 구워주세요. 소금 2꼬집 정도 뿌려주고 센 불에서 약 3분 구워주세요.,https://recipe1.ezmember.co.kr/cache/recipe/2026/04/08/535e157f0c34853657ed329ea7e753f61.jpg,,180,
7074401,4,3분 후 노릇하게 구워지면 반대편도 노릇하게 구워주세요.,https://recipe1.ezmember.co.kr/cache/recipe/2026/04/08/c9d48acacfeb5e40ea28ca82329e9f041.jpg,,180,
7074401,5,"양파, 양념장 재료 물 500ml 붓고 센 불에서 바글바글 끓여주세요.",https://recipe1.ezmember.co.kr/cache/recipe/2026/04/08/9d82e95a74bbecab29abfd03e47f09ba1.jpg,,,
7074401,6,끓기 시작하면 뚜껑 닫고 중불에서 30분 이상 푹 끓여주세요. 중간에 1~2번씩 뒤적여 주기.,https://recipe1.ezmember.co.kr/cache/recipe/2026/04/08/09fb59c543176629bbc4f2104b7e44ac1.jpg,중불,1800,
7074401,7,쫑쫑 썬 대파 더해 한소끔 더 끓여 마무리해 주세요.,https://recipe1.ezmember.co.kr/cache/recipe/2026/04/08/052d0c3de2ca3bfcfb4ef00a5cb117181.jpg,,,
7074401,8,이렇게 해서 최종 완성이 된 매운 돼지갈비찜!!,https://recipe1.ezmember.co.kr/cache/recipe/2026/04/08/2c2c43fde4ad6bed27a1efda69db82ce1.jpg,,,
6899340,1,미니 새송이 버섯 한봉지 뜯어서 물에 한번 씻어냈어요.,https://recipe1.ezmember.co.kr/cache/recipe/2018/11/02/da222bd17baee3e8562c2a2b6355d2951.jpg,,,
6899340,2,큼지막한것들은 반으로 잘라줍니다.,https://recipe1.ezmember.co.kr/cache/recipe/2018/11/02/ae8f680af680c3509e49f590f25b42c61.jpg,,,
6899340,3,통마늘 한줌은 편으로 썰어서 준비합니다.,https://recipe1.ezmember.co.kr/cache/recipe/2018/11/02/255d665b756f65e05159d319c061bbac1.jpg,,,
6899340,4,양파 1개도 썰어서 준비합니다.,https://recipe1.ezmember.co.kr/cache/recipe/2018/11/02/0278784b35bd9d43253ae1cc0d812c971.jpg,,,
6899340,5,분량의 양념장을 섞어서 만듭니다.,https://recipe1.ezmember.co.kr/cache/recipe/2018/11/02/ebc09874dc8db607189da572544533da1.jpg,,,
6899340,6,웍에 식용유 1큰술 두르고 편마늘 넣어 볶아준다음 양파도 넣어 볶아줍니다.,https://recipe1.ezmember.co.kr/cache/recipe/2018/11/02/31195576fe99cec25efad2fb174298581.jpg,,,
6899340,7,그리고 미니 새송이 버섯도 넣고 들들 볶아줍니다.,https://recipe1.ezmember.co.kr/cache/recipe/2018/11/02/8d6ecb38ac9c802e8296505e855bbf231.jpg,,,
6899340,8,그런 다음 양념장 모두 넣어 줍니다.,https://recipe1.ezmember.co.kr/cache/recipe/2018/11/02/eda30b2f356ff010d9b3061c9b588bca1.jpg,,,
6899340,9,이제 양념장이 졸아들때까지 중불로 끓여주면 됩니다.,https://recipe1.ezmember.co.kr/cache/recipe/2018/11/02/29be06aeda835aeeaa573e90d935dbe71.jpg,중불,,
6899340,10,중불로 계속 졸이다가 청양고추 반개도 썰어서 넣어줍니다. 아이들과 같이 먹을꺼라 고추는 조금만 넣었는데요. 매운거 좋아하심 입맛에 맞게 넣어주시면 될거 같아요~,https://recipe1.ezmember.co.kr/cache/recipe/2018/11/02/66d62b48834c98a57e4dc41498aca4451.jpg,중불,,
6899340,11,15~20분 정도 졸이면 국물이 걸쭉해지면 불을 꺼줍니다.,https://recipe1.ezmember.co.kr/cache/recipe/2018/11/02/2ef94b3af0156dcd2eb3492f808d349d1.jpg,,1200,
6899340,12,마지막에 참기름 1큰술과 통깨뿌려주면 미니 새송이 조림 완성입니다~,https://recipe1.ezmember.co.kr/cache/recipe/2018/11/02/e03507c1be639cec9fe70147a6ad02ea1.jpg,,,
7038084,1,"잔멸치 준비 프라이팬에 잔멸치를 바삭해질 때까지 볶아주기 (기름 x) *멸치의 비린 맛을 줄여주기 위함과 바삭한 식감을 위해서 귀찮아도 멸치 먼저 볶아주기~~ 프라이팬 , 조리주걱",https://recipe1.ezmember.co.kr/cache/recipe/2024/11/07/9fcb17777712dca02f5c4cea4b152ea61.jpg,,,
7038084,2,멸치를 채반에 담아 가루를 털어 없애 주기 (멸치 가루 엄청 많다요~~) 채반,https://recipe1.ezmember.co.kr/cache/recipe/2024/11/07/783abf3c8336c97a11c39deedb7eb09e1.jpg,,,
7038084,3,아몬드와 호두 준비 접시,https://recipe1.ezmember.co.kr/cache/recipe/2024/11/07/14e76761f9e88bd370f2a45ab120b71d1.jpg,,,
7038084,4,"양념 끓이기 진간장 2t, 올리브오일 3t, 올리고당 3t, 설탕 1t, 맛술 2t 준비한 양념을 팬에 담아 중불로 끓이다가 약불로 줄여주기",https://recipe1.ezmember.co.kr/cache/recipe/2024/11/07/fde817c54d5c7fb8d934206fcae878191.jpg,약불,,
7038084,5,멸치와 견과류를 넣고 볶아주기,https://recipe1.ezmember.co.kr/cache/recipe/2024/11/07/139b73cd29be72c6dbbdbd52a4e7e6d11.jpg,,,
7038084,6,재료가 잘 섞이면 불을 끄기/ 마요네즈 1t를 넣고 버무려주기 (고소한 풍미를 위함),https://recipe1.ezmember.co.kr/cache/recipe/2024/11/07/af8297c0db3ee8bb04bf9a4eae23a7c01.jpg,,,
7038084,7,마무리는 역시나 통깨 솔솔~~~~손이 가요 손이가~~멸치볶음에 손이가 ㅋㅋㅋㅋ 견과류 품은 멸치볶음 완성~!!,https://recipe1.ezmember.co.kr/cache/recipe/2024/11/07/c371ab60bd2a7785535af654771afb651.jpg,,,
6896826,1,"우선 재료를 꺼내볼께요~ 대패삼겹살, 우동사리2개, 숙주, 파와 양파(냉장고 짜투리채소 넣어도 좋아요~!)",https://recipe1.ezmember.co.kr/cache/recipe/2018/09/30/3008be968ae046c11bcf341cf81043b01.jpg?w=1000,,,
6896826,2,"볼에 대패삼겹을 넣고 미림을 5T정도(고기가 잠겨있을정도면 됩니다)뿌려주고 살짝 조물조물 뒤집어가며 골고루 냄새잡히게 해주세요~ ※미림이 없으신경우 맛술, 청주나 소주로 대체가능합니다!소주넣으실 경우는 3T만 넣으셔도 충분해요!!",https://recipe1.ezmember.co.kr/cache/recipe/2018/09/30/4304d1300285827b0cb09ee758131cb91.jpg?w=1000,,,
6896826,3,고기를 재우는 동안 양념소스을 먼저만들어놓습니다! (간장3+올리고당4+굴소스1.5+깨0.5),https://recipe1.ezmember.co.kr/cache/recipe/2018/09/30/45f0e18ff687dac754ef889bf2940eec1.jpg?w=1000,,,
6896826,4,"양념소스만들고 양파, 파 등 채소도 씻어서 채썰어준비해주세요! 숙주도 씻으면서 다듬어주시고!!",,,,
6896826,5,달궈진팬에 약불로 바꿔준 후 기름을 둘러주고 다진마늘2T와 파를넣고 파기름을 먼저내주세요~,https://recipe1.ezmember.co.kr/cache/recipe/2018/09/30/07f33da612477b44809dfbd39d421c5a1.jpg?w=1000,약불,,
6896826,6,"미림(맛술)에 재워둔 대패삼겹을 넣어주시고 중불로 올려서 볶아주세요~이때 후추1t, 간장1T를 둘러주세요",https://recipe1.ezmember.co.kr/cache/recipe/2018/09/30/91987759e9562db3fdcea2d92c2c68cc1.jpg?w=1000,중불,,
6896826,7,고기를 볶는동안 우동사리를 끓인물을 부어 면선만 풀어주세요!!,https://recipe1.ezmember.co.kr/cache/recipe/2018/09/30/44e4c0fcc9d2000f0d55f7e2d6cc4d191.jpg?w=1000,,,
6896826,8,"고기가 반쯤 익었을때 아까섞어둔 양념과 양파, 숙주를 넣고 볶아주시다가 고기와 야채에 양념색이 베어진다 싶을때 우동사리투하!! 양념이 쏙 입혀질 정도(1~2분가량) 쎈불로 볶아주시면 됩니다. ※숙주와 면선을 풀어둔 우동에서 물이 나오기 때문에 간을 조금 짜게했는데 간을 한번 봐보시고 짠거같으시면 물이나 숙주를 조금 더 넣어주세요!",https://recipe1.ezmember.co.kr/cache/recipe/2018/09/30/72b03472ad5c596e183419cfa99bf25a1.jpg?w=1000,강불,120,
6896826,9,완성~전 손이 커서 3인분을 꽉 채워서 해놨어요! 다들 맛있게 드세요~♥️,https://recipe1.ezmember.co.kr/cache/recipe/2018/09/30/a01b6fc17063f321487616e9244e8e951.jpg?w=1000,,,
6841304,1,참나물은 최대한 찬물로 헹구듯 씻어 채에 받쳐 물기를 빼준 뒤,https://recipe1.ezmember.co.kr/cache/recipe/2016/01/08/95531cd02b3a654817de9abc154287dd1.jpg?w=1000,,,
6841304,2,먹기좋은 크기로 썰어 준비한다.,https://recipe1.ezmember.co.kr/cache/recipe/2016/01/08/67ae79518620ac71875380d7e27722361.jpg?w=1000,,,
6841304,3,"볼에 다진마늘 1스푼 , 간장2스푼 , 멸치액젓 1.5스푼 , 식초2스푼 , 참기름 2스푼 , 고춧가루 1스푼 , 설탕1스푼을 넣어 잘 섞어주고",https://recipe1.ezmember.co.kr/cache/recipe/2016/01/08/7d7087f0730b260064e0b9ea7d34702a1.jpg?w=1000,,,
6841304,4,준비한 참나물을 섞어둔 양념에 넣어 뭉개지지 않도록 살살 버무려준다.,https://recipe1.ezmember.co.kr/cache/recipe/2016/01/08/b85d3dd7b7d6d67650fd416e6080da6a1.jpg?w=1000,,,
6841304,5,버무린 참나물에 깨를 듬뿍 뿌려 준다.,https://recipe1.ezmember.co.kr/cache/recipe/2016/01/08/f479e00d99e58d408239f29b8748487e1.jpg?w=1000,,,
6841304,6,그릇에 담기 전 차돌박이를 팬에 바짝 구워 참나물과 함께 곁들여내기만 하면 끝 -,https://recipe1.ezmember.co.kr/cache/recipe/2016/01/08/91ea7ce53d48bf63ac8227655bcdb21e1.jpg?w=1000,,,
6841304,7,완성된 차돌박이 참나물 샐러드 ! ( 사진은 완성된 음식의 절반만 담은 모습 ),https://recipe1.ezmember.co.kr/cache/recipe/2016/01/08/6c7d34d7b3d43d2cdc84eb9aadc4b2601.jpg?w=1000,,,
6903739,1,위의 양념을 넣고 간장소스를 만들어주세요,https://recipe1.ezmember.co.kr/cache/recipe/2019/01/05/092eb7a9793ed4764ce88358cdcdddc41.jpg?w=1000,,,
6903739,2,팬에 베이컨을 넣고 볶아주세요.,https://recipe1.ezmember.co.kr/cache/recipe/2019/01/05/caf997317e105eff3e5447d0dff220061.jpg?w=1000,,,
6903739,3,"베이컨은 따로 담아내고, 그팬에 식용유를 두르고 양파를 볶아주세요.",https://recipe1.ezmember.co.kr/cache/recipe/2019/01/05/80be077c7a9e283dbecab5325219562c1.jpg?w=1000,,,
6903739,4,양파가 숨이 죽으면 간장 소스를넣고 졸려주세요.,https://recipe1.ezmember.co.kr/cache/recipe/2019/01/05/6c520a706a28de30e21dc11ce29151e41.jpg?w=1000,,,
6903739,5,국물이 자작해지면 들기름 1큰술을 넣고 섞어주세요.,https://recipe1.ezmember.co.kr/cache/recipe/2019/01/05/d55c2d76eb31a0412994e3e3fc49f11f1.jpg?w=1000,,,
6903739,6,팬에 식용유를 두르고 계란후라이를 부쳐 주세요.,https://recipe1.ezmember.co.kr/cache/recipe/2019/01/05/9e45d62d59633864468be92a0467dd1d1.jpg?w=1000,,,
6903739,7,"완성그릇에 밥을 담고,양파볶음을 담아준후",https://recipe1.ezmember.co.kr/cache/recipe/2019/01/05/7496f0cec700713ef3c21276f6e9a6b91.jpg?w=1000,,,
6903739,8,"베이컨을 담고 그위에 계란후라이를 담고, 송송썬 쪽파와 깨소금 뿌려주세요.",https://recipe1.ezmember.co.kr/cache/recipe/2019/01/05/592051d69ad38b79a570d78c46f32ba71.jpg?w=1000,,,
6883228,1,양송이 버섯은 기둥과 갓이 붙어 있는것으로 선택하구요. 마른 면보로 겉을 닦아 준비합니다. 양송이버섯에 물이 닿으면 향이 떨어집니다.,https://recipe1.ezmember.co.kr/cache/recipe/2018/02/01/8e3251612c92961ed3fa62c8184b99921.jpg,,,
6883228,2,올리브유 3큰술 다진마늘 2큰술 중간불에서 마늘향이 나도록 볶아줍니다.,https://recipe1.ezmember.co.kr/cache/recipe/2018/02/01/38904b1f01db95b8a257400701aa39cb1.jpg,,,
6883228,3,양송이 버섯을 넣고 (10줌) 함께 볶아줍니다.,https://recipe1.ezmember.co.kr/cache/recipe/2018/02/01/c74c3c6dd86588d73b6c9282c75f12c91.jpg,,,
6883228,4,양송이 버섯에 어느정도 기름이 스며들어 볶아지면 물 400ml (종이컵 2컵) 를 부어줍니다.,https://recipe1.ezmember.co.kr/cache/recipe/2018/02/01/280351079b1f91079c40b4cd227ec14a1.jpg,,,
6883228,5,센불에서 물이 끓어오르면 중불로 줄이고 간장 2큰술 설탕 1/3큰술 후추 약간,https://recipe1.ezmember.co.kr/cache/recipe/2018/02/01/7824d15e192be4e9ac71827821dbf01b1.jpg,중불,,
6883228,6,굴소스 1큰술을 넣습니다.,https://recipe1.ezmember.co.kr/cache/recipe/2018/02/01/71ecbcdf90f43bd97b552561a5cdfb301.jpg,,,
6883228,7,잔파 6대를 5cm정도 썰어 넣고,https://recipe1.ezmember.co.kr/cache/recipe/2018/02/01/acb44432201183bd8cd5c4927a3aff111.jpg,,,
6883228,8,녹말물(녹말 2큰술:물2큰술)을 넣어 점도를 조절합니다.,https://recipe1.ezmember.co.kr/cache/recipe/2018/02/01/27e41248f9af45e482de72305cf78bf81.jpg,,,
6883228,9,불을 끄고 참기름 1큰술을 넣고 간은 소금으로 마무리 합니다.,https://recipe1.ezmember.co.kr/cache/recipe/2018/02/01/617b4f02e48cdd3d4d87e8e9fe768cb31.jpg,,,
6883228,10,뜨끈한 밥위에 양송이 버섯을 올리고 통깨 솔솔~~뿌려주면 맛있는 양송이 버섯 덮밥이 완성됩니다.,https://recipe1.ezmember.co.kr/cache/recipe/2018/02/01/949e18468507d8c9c9841b50beca8ca61.jpg,,,
6883228,11,적당하게 익은 양송이 버섯의 식감과 향이 간장소스에 잘 어우러져 밥이랑 함께 먹으니 눈 깜짝할 사이 밥 한그릇 뚝딱!!!! 특별한 반찬 없을 때 양송이 버섯 덮밥으로 간단하게 한끼 어떠세요?,https://recipe1.ezmember.co.kr/cache/recipe/2018/02/01/476d4abd2c8c72573bed464b2d80fd141.jpg,,,
7001546,1,칵테일새우는 큰걸로 16개 준비하였어요. 물에 한번 헹구어 물기를 빼두고,https://recipe1.ezmember.co.kr/cache/recipe/2023/05/02/b2d410a50c09c056464dc48a2262c7fc1.jpg?w=1000,,,
7001546,2,"﻿아스파라거스는 85g 준비 (한줌정도)를 먹기좋게 자르되, ﻿너무 두꺼운 부분은 질길수 있으니 잘라내서 버려야해요~ (손질 후 85g) 아스파라거스 손질법 레시피",https://recipe1.ezmember.co.kr/cache/recipe/2023/05/02/56c58c875d5a0c08b6ad86cfd76358261.jpg?w=1000,,,
7001546,3,"﻿중약불에 올리브유 2큰술, 다진마늘 반큰술 넣고 섞어요.",https://recipe1.ezmember.co.kr/cache/recipe/2023/05/02/aaee942a3be4aadf99fdb218f25bad911.jpg?w=1000,약불,,
7001546,4,"곧, 새우를 넣고 볶다가 바로 아스파라거스도 넣고 볶아요.",https://recipe1.ezmember.co.kr/cache/recipe/2023/05/02/87b2d493639c56d681385e9ccaf8d0361.jpg?w=1000,,,
7001546,5,"﻿굴소스 두큰술(넘치지 않게) 넣고 섞다가 익으면 가스불을 끄고, 깨를 뿌려섞으면 완성되요.",https://recipe1.ezmember.co.kr/cache/recipe/2023/05/02/00eac21891ddc160ab9a70610abf9a321.jpg?w=1000,,,
6886287,1,먼저 양파를 잘게 썰어 한번 더 다져주세요.,https://recipe1.ezmember.co.kr/cache/recipe/2018/03/28/aa305a5ef035047809166bee3f4d7b311.png,,,
6886287,2,"기름기 뺀 참치에 양파, 튀김가루를 넣고 섞어줍니다. 튀김가루는 조금씩 넣어가며 조절해주세요.",https://recipe1.ezmember.co.kr/cache/recipe/2018/03/28/7879fee9cd18a01c6a86a7c8c694510f1.png,,,
6886287,3,완성된 반죽 안에 마요네즈를 넣고 잘 감싸줍니다. 탁탁 쳐서 공기를 빼주면 튀길 때 부셔지지 않아요.,https://recipe1.ezmember.co.kr/cache/recipe/2018/03/28/df75a707d01e5e3dc44a20e2fd8a41bd1.png,,,
6886287,4,잘 굴려가며 튀겨주세요.,https://recipe1.ezmember.co.kr/cache/recipe/2018/03/28/b0b07d1adc43f16e5572c16fc9480c731.png,,,
6882843,1,"깻잎9장,파프리카반개분량,양파반개를 잘게 다져 주시구요~혹시나 물기가 생기면 키친타올로 물기를 닦아 주세요~:-) (양파,깻잎,파프리카(or고추)요조합이 느끼함을 싹~!없애주니 왠만하면 요3개다 넣어 주셔요^~^)",https://recipe1.ezmember.co.kr/cache/recipe/2018/01/25/bcb0e32f3b00494e49f14edad9d4b9cd1.jpg?w=1000,,,
6882843,2,그다음 참치캔(200g)을 기름기를 제거한뒤 볼에 넣고~,https://recipe1.ezmember.co.kr/cache/recipe/2018/01/25/7c814312b1c884b5968d727f433391591.jpg?w=1000,,,
6882843,3,"계란1개,후추2~3번톡톡한후 잘뭉쳐지겠다 싶을 정도의 부침가루를 넣어 주세요~ (저는 빵가루가 없어서 부침가루 5T넣었어요^^ 녹말가루도 상관 없지만 갠적으로 빵가루가 가장 맛있드라구요^^ 가루류는 많이 넣으시면 맛없어요~~적당히^^)",https://recipe1.ezmember.co.kr/cache/recipe/2018/01/25/45171db75af4bbeb012350867409db2b1.jpg?w=1000,,,
6882843,4,비닐장갑을 끼고 요렇게 동그란 모양으로 만들어 줍니다~ 총3개 나오네요^^ 너무 두껍게 하시면 구우실때 부서지기 쉬우니 조금 납작하게 만들어 주셔요^^,https://recipe1.ezmember.co.kr/cache/recipe/2018/01/25/ccf8d29c73a33b56bed9d87ea75690f41.jpg?w=1000,,,
6882843,5,마지막으로 기름두른 후라이팬에 중약불로 노릇노릇 구워 주시면 되는데요~ 사진만큼 구워 졌을때 뒤집어 주세요~자주 뒤집거나 덜익었을때 뒤집으면 부서지기 쉬워요^^,https://recipe1.ezmember.co.kr/cache/recipe/2018/01/25/b23a4257408cf19134d5e82a397f148c1.jpg?w=1000,약불,,
6882843,6,돈까스소스나 케찹이랑 드시면 되셔요^^ 시판 돈까스 소스랑 궁합이 좋드라구요^^ 근데 그냥 먹어도 맛있긴해요~ㅋㅋ 요렇게 안드셔 보셨으면 쉽고 간단하니 적극추천 입니다~^~^,https://recipe1.ezmember.co.kr/cache/recipe/2018/01/25/aa9b19e70568abdb3e2023ee6edf79e11.jpg?w=1000,,,
7004170,1,스팸을 꺼내 얇게 썰어주세요.,https://recipe1.ezmember.co.kr/cache/recipe/2023/06/15/38b49c55c89fc4b128609346560e7b011.jpg?w=1000,,,
7004170,2,파를 송송 썰어주세요.,https://recipe1.ezmember.co.kr/cache/recipe/2023/06/15/b3bcd5fe9f15d7729377346cbdc6ee991.jpg?w=1000,,,
7004170,3,"볼에 양념 재료를 넣어주세요. 간장 1스푼, 맛술 1스푼, 설탕 1스푼, 물 3스푼",https://recipe1.ezmember.co.kr/cache/recipe/2023/06/15/0f3b3492e5d45b8378bbf7dabd9b1e9c1.jpg?w=1000,,,
7004170,4,계란을 먼저 노른자와 흰자를 분리해주고 팬에 흰자만 스크램블 해서 따로 빼주세요 노른자는 덮밥 마지막에 넣을거에요,https://recipe1.ezmember.co.kr/cache/recipe/2023/06/15/420517eed90cb89b3db4b760ec6850981.jpg?w=1000,,,
7004170,5,썰어둔 스팸을 팬에 앞뒤로 노릇하게 구워주세요. 스팸에 나온 기름을 키친타올로 닦아주세요. 양념을 넣을 때 기름이 많으면 약간 느끼해져요.,https://recipe1.ezmember.co.kr/cache/recipe/2023/06/15/d01ed0fe5e5f56a655af7c0e35aa1b901.jpg?w=1000,,,
7004170,6,만들어둔 양념을 부어주고 파를 넣고 졸여주세요.,https://recipe1.ezmember.co.kr/cache/recipe/2023/06/15/43319009a001812a2278c3e7dcdfb36a1.jpg?w=1000,,,
7004170,7,그릇에 밥 1공기와 흰자 스크램블을 올려주세요.,https://recipe1.ezmember.co.kr/cache/recipe/2023/06/15/3c4e6f07979291433e08c4b2fc843d751.jpg?w=1000,,,
7004170,8,잘 졸여진 스팸을 밥 위에 올려주고 계란 노른자와 참기름 1스푼을 넣어주면 완성이에요.,https://recipe1.ezmember.co.kr/cache/recipe/2023/06/15/ae3bc457b2b572b93c6d3b999f5c5f591.jpg?w=1000,,,
6922857,1,두부는 흐르는 물에 깨끗하게 씻은 후 한 입크기로 잘라주세요 두부 200g,https://recipe1.ezmember.co.kr/cache/recipe/2019/11/30/98ea0a622abed8772f1f03b08532cf661.jpg?w=1000,,,
6922857,2,전분가루를 넓은 접시에 3큰술 뿌려주세요 (전분가루가 없으시면 밀가루나 부침가루로 대체해도 됩니다) 전분가루 3큰술 위색팩에 전분가루와 두부를 함께 넣고 흔들어서 하는 방법도 있습니다,https://recipe1.ezmember.co.kr/cache/recipe/2019/11/30/1dd871c95994e1c2038ba44a6c70c4061.jpg?w=1000,,,
6922857,3,전분가루를 묻히고 전분이 뭉친 부분은 탈탈 털어줍니다 전분이 뭉친 부분은 튀기고 나서 식감이 안좋을수 있어요,https://recipe1.ezmember.co.kr/cache/recipe/2019/11/30/2f7a1f2e28a2f9d8dc0ac37e030e36621.jpg?w=1000,,,
6922857,4,"팬에 기름을 두르고 전분가루를 묻힌 두부를 튀기듯 노릇하게 구워줍니다 식용유 넉넉히,",https://recipe1.ezmember.co.kr/cache/recipe/2019/11/30/e71cb6ea9e4950d9ccdc251460c49ad31.jpg?w=1000,,,
6922857,5,노릇하게 구운 두부는 키친타월에 기름기를 빼주세요,https://recipe1.ezmember.co.kr/cache/recipe/2019/11/30/912f9f67c8f95403f09926e5d7dd01581.jpg?w=1000,,,
6922857,6,"소스 재료들을 다진마늘이 익고 걸죽한 농도가 될때까 끓여주세요 간장 1큰술, 케첩 1큰술, 물엿 1큰술, 다진마늘 1/2큰술, 참기름 1/2큰술, 물 3큰술 아이 연령에 맞춰 다진마늘은 가감해주세요 아이가 케첩을 먹지 않는다면 빼서도 됩니다",https://recipe1.ezmember.co.kr/cache/recipe/2019/11/30/89cee53c27de67daca4d4d58b6abdb311.jpg?w=1000,,,
6922857,7,소스가 완성되면 불을 끄고 기름기를 뺀 두부를 넣고 골고루 섞어줍니다,https://recipe1.ezmember.co.kr/cache/recipe/2019/11/30/abc49a13c5785f19ced6dc73cf0ffa3a1.jpg?w=1000,,,
6922857,8,기호에 맞춰 통깨나 땅콩가루를 뿌려서 드세요~,https://recipe1.ezmember.co.kr/cache/recipe/2019/11/30/548ee098d4e731dc0a66d1d1b2c312061.jpg?w=1000,,,
6965877,1,재료 준비,https://recipe1.ezmember.co.kr/cache/recipe/2021/09/27/e6fe480d7ccd8d10cfbe01f69d9bb2ac1.jpg?w=1000,,,
6965877,2,"깻잎은 깨끗하게 씻어 꼭지를 자르고 물기를 탁탁~ 털어 준 다음, 밀가루도 2숟갈 넓게 펴 줍니다. 이제 깻잎에 밀가루를 앞뒤로 묻히고 맛살을 넣어 돌돌 말아 주세요. (영상 참조)",https://recipe1.ezmember.co.kr/cache/recipe/2021/09/27/a716031a3a514ac0ccb34a438b60719a1.jpg?w=1000,,,
6965877,3,"달걀에 소금 한 꼬집, 후추를 톡톡~ 넣어 달걀물을 만들어 준 다음,",https://recipe1.ezmember.co.kr/cache/recipe/2021/09/27/5aca48a906a26616c55e1038e1aaa32c1.png?w=1000,,,
6965877,4,팬에 기름을 두르고 달걀물을 묻혀 부쳐 주세요.,https://recipe1.ezmember.co.kr/cache/recipe/2021/09/27/eb1a29f92e52a5cd8ada9c62c9b992c01.png?w=1000,,,
6965877,5,이제 돌려가며 앞뒤로 노릇하게 부치면 완성!!,https://recipe1.ezmember.co.kr/cache/recipe/2021/09/27/de278be8c59b891204418aba4410e3a11.jpg?w=1000,,,
6955087,1,버터 70g을 볼에 담아주세요.,https://recipe1.ezmember.co.kr/cache/recipe/2021/03/10/18ff6c0132cb0517baa7e6b81489689e1.jpg?w=1000,,,
6955087,2,버터70g와 설탕 35g을 끓는물에 담궈 살살 녹여주세요.,https://recipe1.ezmember.co.kr/cache/recipe/2021/03/10/43a14f3baf950a154ed811c94eb2a43b1.jpg?w=1000,,,
6955087,3,우유 20g과 달걀 1개를 넣고 섞어주세요.,https://recipe1.ezmember.co.kr/cache/recipe/2021/03/10/6df129178e28af27155723b0ffa838621.jpg?w=1000,,,
6955087,4,베이킹파우더 2g과 박력분 60g을 채반에 톡톡톡 잘 섞어주세요.,https://recipe1.ezmember.co.kr/cache/recipe/2021/03/10/af5999261400b3440a997f66aafe62871.jpg?w=1000,,,
6955087,5,유자청 30g을 넣고 반죽을 마무리해 주세요.,https://recipe1.ezmember.co.kr/cache/recipe/2021/03/10/47a8d9dd0fe490d73896bb6005749e7f1.jpg?w=1000,,,
6955087,6,마들렌 틀에 버터 칠을 한 뒤 짤주머니에 넣고 80%정도 채워주세요.,https://recipe1.ezmember.co.kr/cache/recipe/2021/03/10/dc1fedbcc8dde54ea6326cb7a76336531.jpg?w=1000,,,
6955087,7,오븐기 180도 온도에서 약12분간 구워주세요. 오븐,https://recipe1.ezmember.co.kr/cache/recipe/2021/03/10/f0d436ef3028cb2343ccc0ba6de8b0e81.jpg?w=1000,,720,
6955087,8,식힌망에 충분히 식혀 커피 및 우유랑 맛있게 냠냠!,https://recipe1.ezmember.co.kr/cache/recipe/2021/03/12/c8c341110b0d8f11b62a4378e4e43af01.jpg?w=1000,,,
6990705,1,냉동만두에 기름을 뿌린 후 에어프라이어 180도에 15분 굽는다 에어프라이어,https://recipe1.ezmember.co.kr/cache/recipe/2022/10/31/ecf1d6ea51d6a0e9e14ffafd07cde3281.png?w=1000,,900,
6990705,2,양배추와 양파는 채썬다,https://recipe1.ezmember.co.kr/cache/recipe/2022/10/31/18e298f7086f06569783ff982a520b311.png?w=1000,,,
6990705,3,오이와 당근은 가늘게 채썬다,https://recipe1.ezmember.co.kr/cache/recipe/2022/10/31/eb800dcac2319172cd94bc00eadbcd971.png?w=1000,,,
6990705,4,깻잎은 돌돌 말아 채썬다,https://recipe1.ezmember.co.kr/cache/recipe/2022/10/31/00696d921f7ea100034faf85c6a723f61.png?w=1000,,,
6990705,5,양념 재료를 섞어 양념장을 만든다,https://recipe1.ezmember.co.kr/cache/recipe/2022/10/31/194876514c8faf30e95872e793fd78b31.png?w=1000,,,
6990705,6,손질한 야채에 양념장을 넣고 비빈다,https://recipe1.ezmember.co.kr/cache/recipe/2022/10/31/282424d67a1ab1eadab49788837b66941.png?w=1000,,,
6990705,7,접시에 군만두와 야채를 담고 통깨를 뿌린다 접시,https://recipe1.ezmember.co.kr/cache/recipe/2022/10/31/edcd41072529ffd98e87bb38d7f1a5e51.png?w=1000,,,
6932754,1,샤브샤브용 소고기에 소금과 후춧가루로 밑간을 해 두고,https://recipe1.ezmember.co.kr/cache/recipe/2020/05/16/7b58749de3f686cd14aa5976f1c8e37a1.jpg,,,
6932754,2,아스파라거스는 질깃한 겉 껍질을 제거하고,https://recipe1.ezmember.co.kr/cache/recipe/2020/05/16/1f7c325713f50773b8a061db7cb713a01.jpg,,,
6932754,3,질긴 아랫부분도 손 한마디 정도 잘라서 준비합니다.,https://recipe1.ezmember.co.kr/cache/recipe/2020/05/16/6902423c2c4a562dcb60b01817df95301.jpg,,,
6932754,4,아스파라거스에 밑간된 소고기를 돌돌돌~ 말아줍니다.,https://recipe1.ezmember.co.kr/cache/recipe/2020/05/16/bdcadca4112e5fc0ca83d7dea4e9b41f1.jpg,,,
6932754,5,달궈진 팬에 버터를 적당히 바르고,https://recipe1.ezmember.co.kr/cache/recipe/2020/05/16/6d4353021bc3b6a3d214d76dd2f189c31.jpg,,,
6932754,6,아스파라거스 소고기 말이를 이음새가 바닥을 보도록 올립니다.,https://recipe1.ezmember.co.kr/cache/recipe/2020/05/16/2e9af84b9239e93d45af7a032dc787ee1.jpg,,,
6932754,7,불은 중불에 놓고,https://recipe1.ezmember.co.kr/cache/recipe/2020/05/16/f9e600e0dac38e31768d84ee28e5c2ad1.jpg,중불,,
6932754,8,아랫부분에서부터 고기의 붉은색이 2/3까지 갈색으로 구워지면,https://recipe1.ezmember.co.kr/cache/recipe/2020/05/16/374fee81e00cc40f8f6126056757a0231.jpg,,,
6932754,9,뒤집어 구워줍니다.,https://recipe1.ezmember.co.kr/cache/recipe/2020/05/16/ce577ab61201a94d58316ae49db45f161.jpg,,,
6932754,10,고기가 구워지는 동안 허니 발사믹 글레이즈를 만듭니다. 발사믹식초 1/2컵 꿀 1큰술 레드와인 2큰술 재료를 바글바글 끓여줍니다. 5분~10분,https://recipe1.ezmember.co.kr/cache/recipe/2020/05/16/0e533a04393a54c3cf3a91fe885124391.jpg,,300,
6932754,11,소스 묽기는 쪼로로 ~ 흐르는 정도가 좋습니다. 너무 많이 조려지면 소스가 딱딱해질 수 있으니 주의해 주세요.,https://recipe1.ezmember.co.kr/cache/recipe/2020/05/16/33e0e0cefbf882916d7ed5ce90a1c6db1.jpg,,,
6932754,12,구워진 아스파라거스 소고기 말이에 허니 발사믹 글레이즈를 적당히 끼얹어줍니다.,https://recipe1.ezmember.co.kr/cache/recipe/2020/05/16/3ba3cba67d3eb22b0b4958b360652c551.jpg,,,
6932754,13,아스파라거스와 소고기 그리고 허니 발사믹 글레이즈까지 삼위일체!!!! 아스파라거스 소고기 말이 구이가 완성되었습니다.,https://recipe1.ezmember.co.kr/cache/recipe/2020/05/16/3d2b0a20bb78caec1d4ba9885f4606971.jpg,,,
6932754,14,접시에 담아 상위에 올립니다.,https://recipe1.ezmember.co.kr/cache/recipe/2020/05/16/1bfde1abd60d81ae2e09fb0084bc721d1.jpg,,,
6932754,15,"아스파라거스와 소고기 허니 발사믹 글레이즈의 맛 어우러짐이 절루 엄지손 척! 맛나게, 건강하게, 가볍게, 다이어트도 즐겁게 할 수 있지요.",https://recipe1.ezmember.co.kr/cache/recipe/2020/05/16/c12cc2d97c28f5b8c76c7e95dc7a68d91.jpg,,,
6904722,1,먼저 딸기는 꼭지를 제거하고 깨끗이 세척해 반으로 잘라 놓습니다.,https://recipe1.ezmember.co.kr/cache/recipe/2019/01/18/66582ee2b2580c5c773e5f5ca417f6541.jpg,,,
6904722,2,핫케이크 가루에 계란과 우유를 넣어 얅간 묽게 반죽해줍니다.우유는 처음부터 많이 넣지 마시고 반죽 농도를 보시면서 조절해주세요.,https://recipe1.ezmember.co.kr/cache/recipe/2019/01/18/c12a0537d3df05b01d6822619885ce0d1.jpg,,,
6904722,3,달궈진 팬에 기름을 최소화해서 두르시고 반죽을 한 국자씩 떠서 올려줍니다.급하게 뒤집지 마시고 기포가 뽀글뽀글 생기면 그때 조심히 뒤집어 주셔요.,https://recipe1.ezmember.co.kr/cache/recipe/2019/01/18/0e3dec29154dac96128a8293e576c94e1.jpg,,,
6904722,4,핫케이크가 뜨거울때 모양을 살짝 구부려 줍니다.식은 후 하려고 하면 핫케이크가 부서지니 주의하셔요.,https://recipe1.ezmember.co.kr/cache/recipe/2019/01/18/86d6ddff7964c0c910bb5718ff4758591.jpg,,,
6904722,5,생크림을 위생봉투에 넣고 끝 부분을 살짝 구멍을 내주신뒤 핫케이크 가운데 가득 짜 줍니다.그 다음 생크림 위에 딸기를 2개정도 올려 줍니다. 그위에 슈가 파우더를 솔솔 뿌려주시면...,https://recipe1.ezmember.co.kr/cache/recipe/2019/01/18/83eadde320560d2095ef4d988ca7c22f1.jpg,,,
6904722,6,핫케이크 가루로 오븐없이 만들어본 홈메이드 생딸기 오믈렛이 완성되었습니다.,https://recipe1.ezmember.co.kr/cache/recipe/2019/01/18/a829acfd9a073977211742b3e4f073101.jpg,,,
6904722,7,슈가파우더는 그냥 일반 흰설탕을 믹서기에 곱게 갈아주신뒤 체에 받쳐 흩날리듯 뿌려주심 됩니다.,https://recipe1.ezmember.co.kr/cache/recipe/2019/01/18/167c7920dbcc916dad1cebfe0078a6621.jpg,,,
6904722,8,"한입 먹어보니 오!!!입안가득 퍼지는달콤하고 부드러운 생크림에 상큼한 딸기, 핫케이크의 조합이라진짜 말이 필요없는 꿀맛이더라구요!!!",https://recipe1.ezmember.co.kr/cache/recipe/2019/01/18/ee17908ee74402988f9d72e8ec2bcb421.jpg,,,
6977898,1,계란 3개를 풀어서 살짝 간하고 부쳐주세요. 계란 3개,https://recipe1.ezmember.co.kr/cache/recipe/2022/04/14/a430d08f2c827b2303b3c74efebedaf11.jpg,,,
6977898,2,스팸 두께와 비슷하게 접어서 도톰하게 부쳐주세요.,https://recipe1.ezmember.co.kr/cache/recipe/2022/04/14/34204cdfce20d93adda84e81fdc917981.jpg,,,
6977898,3,스팸은 0.5~0.6cm 두께로 잘라주고 뜨거운 물을 부어 기름을 제거해 주세요. 스팸(200g) 1개,https://recipe1.ezmember.co.kr/cache/recipe/2022/04/14/12ee86d59aea0faab379e37f251efa4e1.jpg,,,
6977898,4,스팸은 살짝 구워주세요. 스팸은 구워서 그냥 사용하셔도 좋지만 간장 양념을 하면 훨씬 맛있어져요.,https://recipe1.ezmember.co.kr/cache/recipe/2022/04/14/770b800d0a02673d89be9d736fd0fa0c1.jpg,,,
6977898,5,"간장, 맛술, 설탕를 잘 섞어 간장 양념을 만들어 스팸에 올려 조려 주세요. 간장1t, 맛술 1t, 설탕 1t 간장 양념은 앞, 뒤로 1t 씩 올려 주세요.",https://recipe1.ezmember.co.kr/cache/recipe/2022/04/14/884dcf62e0333b88e09df99468d713d11.jpg,,,
6977898,6,오래 조릴 필요는 없어요. 스팸에 양념이 스며들기만 하면 됩니다. 탈수 있으니 약불을 유지해 주세요. 약불,https://recipe1.ezmember.co.kr/cache/recipe/2022/04/14/4798b610daf8bf0180a06133d589e8131.jpg,약불,,
6977898,7,"밥은 소금, 참기름, 통깨를 넣고 비벼주세요. 참기름 1T, 소금 한꼬집, 통깨 약간 스팸에 간이 되어 있으니 밥에는 간을 적당해 해 주세요.",https://recipe1.ezmember.co.kr/cache/recipe/2022/04/14/dc0d3f8729779ed4247e027f40cafc6b1.jpg,,,
6977898,8,스팸무스비 쌀 때는 스팸통이 아주 유용하게 쓰여요. 스팸통에 랩을 깔고 밥 넣고 꾹꾹 다져주세요. 스팸통,https://recipe1.ezmember.co.kr/cache/recipe/2022/04/14/4283e4ba2e85d678d8427d74175cf9e01.jpg,,,
6977898,9,"밥 위에 스팸, 계란, 밥 순서대로 밥을 채워주고 랩을 잡고 쏙~ 빼 주세요.",https://recipe1.ezmember.co.kr/cache/recipe/2022/04/14/8da19a983755aeaf400c1cf14047b5371.jpg,,,
6977898,10,김밥 김을 반으로 잘라서 돌돌 말아주면 스팸무스비 완성~ 김밥김 2장,https://recipe1.ezmember.co.kr/cache/recipe/2022/04/14/f5485d64889a013034451581545fb03f1.jpg,,,
6977898,11,먹기 좋게 잘라서 도시락통에 넣고 과일 몇 개 곁들여 주면 도시락 완성^^,https://recipe1.ezmember.co.kr/cache/recipe/2022/04/14/df4cf0d352954faf71f242a8725b28701.jpg,,,
6811239,1,닭가슴살은 흐르는 물에 깨끗이 씻어준다.,https://recipe1.ezmember.co.kr/cache/recipe/2015/06/03/3641c81f87da8b3b953830cc3a91b9951.jpg,,,
6811239,2,닭가슴살은 반으로 저며주고,https://recipe1.ezmember.co.kr/cache/recipe/2015/06/03/5e47c7ff1b09c54c1c1b3decb645b3441.jpg,,,
6811239,3,먹기좋은 크기로 썰어준뒤 소금가 후추로 밑간을 해준다.,https://recipe1.ezmember.co.kr/cache/recipe/2015/06/03/840ea8b8f67f6d54500f7f3a2b66078e1.jpg,,,
6811239,4,"카레가루 2수저, 밀가루 3수저를 비닐봉지에 넣어서 섞어준다.",https://recipe1.ezmember.co.kr/cache/recipe/2015/06/03/7f3ed70cebd56f4c5a8851f6171edf331.jpg,,,
6811239,5,닭가슴살을 봉지에 넣은뒤 흔들흔들 흔들어준다.,https://recipe1.ezmember.co.kr/cache/recipe/2015/06/03/d91183ae637d458ff2fad7670afa73551.jpg,,,
6811239,6,그럼 이렇게 알아서 옷이 입혀진다.,https://recipe1.ezmember.co.kr/cache/recipe/2015/06/03/920871b5445991e146af158ff4d4d0421.jpg,,,
6811239,7,팬에 오일을 두르고 앞뒤로 노릇노릇 구어주면 끝.,https://recipe1.ezmember.co.kr/cache/recipe/2015/06/03/638ac74271472dfcc07be93f8cd70eae1.jpg,,,
6811239,8,카레향이 솔솔 풍기는 카레닭가슴살구이 완성 !!,https://recipe1.ezmember.co.kr/cache/recipe/2015/06/03/bf2a461686b5e7b7247114d2b1b1de131.jpg,,,
6928511,1,맛살 먹기 좋게 썰고 대파는 어슷 썰기,https://recipe1.ezmember.co.kr/cache/recipe/2020/03/15/b1dbf4a9ff94fd6b6641e669f9c1829c1.jpg?w=1000,,,
6928511,2,달군 팬에 기름을 두르고 맛살을 볶아준다,https://recipe1.ezmember.co.kr/cache/recipe/2020/03/15/22b265afafe2bae2e457b046edf29a701.jpg?w=1000,,,
6928511,3,"대파,굴소스 넣고 볶아준다",https://recipe1.ezmember.co.kr/cache/recipe/2020/03/15/664816c7d882e78a78627fabbef1b6721.jpg?w=1000,,,
6928511,4,마무리 통깨 솔솔 뿌려 휘리릭~ 볶아 접시에 담아낸다,https://recipe1.ezmember.co.kr/cache/recipe/2020/03/15/545d5acaa6a4428962da97514ed37aba1.jpg?w=1000,,,
7001408,1,"두부 1모는 미리 물기를 빼주고, 가볍게 물로 헹궈낸 후, 잠깐 두면, 두부에 있는 수분이 빠져요~ 빠져나온 물기는 다 버려주고~",https://recipe1.ezmember.co.kr/cache/recipe/2023/05/02/10535ac20831053556fd681991ddf1c51.jpg,,,
7001408,2,"일정한 두께로 부서지지 않을 만큼 얇게 썰어주세요~ 완벽한 물기 제거를 위해 키친타올로 꾹꾹 눌러줘도 되는데, 저는 그냥 바로 진행 했습니다.^^",https://recipe1.ezmember.co.kr/cache/recipe/2023/05/02/d246e510eedbce1f780e69b3d91dd86a1.jpg,,,
7001408,3,두부를 먹기 좋은 크기로 썰어주고~ 식용유를 2큰술 두른 팬에 앞뒤로 단단하게 부쳐주세요. 노릇노릇~ 부쳐줍니다~,https://recipe1.ezmember.co.kr/cache/recipe/2023/05/02/74a59afbf14eb2eeeaeb15756dd164041.jpg,,,
7001408,4,다른 팬에 식용유 2큰술 두르고~ 다진마늘 1큰술 넣어 노릇하게 볶아주세요~,https://recipe1.ezmember.co.kr/cache/recipe/2023/05/02/e0956d78dfc746851f1cee78672599c61.jpg,,,
7001408,5,마늘이 노릇하게 볶아지면 고추장 1큰술 넣어주고,https://recipe1.ezmember.co.kr/cache/recipe/2023/05/02/02fc25f8bf4bdb9b5ce64752bcb963841.jpg,,,
7001408,6,굴소스 1큰술 넣어주세요~,https://recipe1.ezmember.co.kr/cache/recipe/2023/05/02/52c1731b9d8a00710728aac49c1a400e1.jpg,,,
7001408,7,"올리고당 1/2큰술 넣어주고~ 참기름 1큰술 넣고~ 진간장 1큰술 넣어주세요 양념이 바르르 끓어 오르면,",https://recipe1.ezmember.co.kr/cache/recipe/2023/05/02/5a046e54748598edf85bced4989dae421.jpg,,,
7001408,8,미리 구워 두었던 두부를 전부 넣어 볶아주세요~,https://recipe1.ezmember.co.kr/cache/recipe/2023/05/02/ad5aacc7adc547253cb0f29e5b5e1d161.jpg,,,
7001408,9,살살 약불로 볶다가~ 마지막에 깨소금 솔솔 뿌려주면 끝~,https://recipe1.ezmember.co.kr/cache/recipe/2023/05/02/db4fb4795d466c39f818f6f76dd439d71.jpg,약불,,
7074892,1,백앙금과.계란.올리고당넣고 섞어주세요,https://recipe1.ezmember.co.kr/cache/recipe/2026/04/18/b3e86e95fa1c003b723fa41f0a336d591.jpg?w=1000,,,
7074892,2,섞은재료를 모양틀끼워 짤주머니 에 넣어주세요,https://recipe1.ezmember.co.kr/cache/recipe/2026/04/18/ab1e3c41d4e7a3acf924d4cd412060f61.jpg?w=1000,,,
7074892,3,짤주머니에넣은재료 상투모양만들어주세요,https://recipe1.ezmember.co.kr/cache/recipe/2026/04/18/d24abe6c509caae4e59033f14698748c1.jpg?w=1000,,,
7074892,4,예열된 오븐이나 에어프라이어 에180도 20~25분 구워주세요 제품에따라 온도에차이가있으니 중간에 확인해주세요,https://recipe1.ezmember.co.kr/cache/recipe/2026/04/18/942cc7ac1eb6cb1dbe7434fb775b0b841.jpg?w=1000,,1500,
7076384,1,끓는 물에 소금 2/1 큰술 넣고 30초 삶아 찬 불에 헹궈주세요,https://recipe1.ezmember.co.kr/cache/recipe/2026/05/20/7feeda3a4fa4c9282c0b71aa38cd726a1.jpg?w=1000,,30,
7076384,2,물기를 꼭 자서 먹기 좋은 크기로 썰어주세요,https://recipe1.ezmember.co.kr/cache/recipe/2026/05/20/c140e59c87d222ecb3d3e238d05265af1.jpg?w=1000,,,
7076384,3,볼에 넣고 소금 들기름 깨소금 넣고 조물조물 무쳐주세요 된장이나 고추장 양념과도 잘 어울려. 건강한 밥 반찬입니다.,https://recipe1.ezmember.co.kr/cache/recipe/2026/05/20/5d027aa0496cee098fd71757ca2ab33b1.jpg?w=1000,,,
6992379,1,묵은지는 1/4포기는 깨끗하게 씻은 후 얇고 길게 쭉쭉 찢어주세요 너무 길다면 한번만 썰어주세요 그리고 물기를 꼬옥 짜서 제거합니다.,https://recipe1.ezmember.co.kr/cache/recipe/2022/11/21/8a3e3691f04815837017cb3dc72bfc1c1.jpg?w=1000,,,
6992379,2,"간장 4큰술, 설탕 2큰술, 들기름 2큰술, 통깨 1큰술, 다진마늘 1/2큰술 을 모두섞어 간장양념장을 만들어주세요",https://recipe1.ezmember.co.kr/cache/recipe/2022/11/21/51aa11c335d7016717cacfdac4a74d241.jpg?w=1000,,,
6992379,3,끓는물에 소금 1큰술을 넣은 후 소면 2인분을 넣어주세요 엄지와 검지로 원을 만들면 면의 양이 1인분 정량입니다,https://recipe1.ezmember.co.kr/cache/recipe/2022/11/21/cfcd025725e5599316b8448ad616cb201.jpg?w=1000,,,
6992379,4,소면이 끓기 시작하면 찬물 1컵을 넣어 다시 끓여주세요 이 과정을 2번 더 반복합니다 (총3번),https://recipe1.ezmember.co.kr/cache/recipe/2022/11/21/d6b15619b7a08aad94aa030f990cbc271.jpg?w=1000,,,
6992379,5,끓인 소면은 바로 찬물에 넣고 여러번 헹궈주세요 (전분기 하얀물이 제거될때까지),https://recipe1.ezmember.co.kr/cache/recipe/2022/11/21/03d184f91dfefc87605f3e63e4c6c2981.jpg?w=1000,,,
6992379,6,"소면은 물기를 빼고 볼에 담아 묵은지, 양념을 넣고 골고루 잘 무쳐주면 묵은지간장국수 완성입니다 : )",https://recipe1.ezmember.co.kr/cache/recipe/2022/11/21/e40fe5577924e26187460102ae04b19e1.jpg?w=1000,,,
7015067,1,"통조림 참치가 물론 다이어트에 좋지만, 참치 기름을 빼면 칼로리가 낮아져서 더욱 좋겠죠?! 참치 기름을 체에 받쳐서 숟가락으로 꾹꾹 눌러서 기름을 빼주세요. 체망 , 숟가락",https://recipe1.ezmember.co.kr/cache/recipe/2023/12/05/99a2ce988ef0705ccc0afa1a908d31631.jpg,,,
7015067,2,"당근은 가늘게 채 썰어주시고 (색을 내기 위함이어서, 생략 가능하며 두껍게 썰 경우에 당근이 덜 익어서 떫은 맛이 날 수 있으므로 얇게 썰어주시는 것이 좋습니다) 양파는 슬라이스 해주시고, 양배추는 채를 썰어 흐르는 물에 씻어주세요. 도마 , 조리용나이프 , 채반",https://recipe1.ezmember.co.kr/cache/recipe/2023/12/05/58318c9fb70dbbafe6bbe01e9754492c1.jpg,,,
7015067,3,"덮밥을 볶기 전에 우선 계란을 하나 프라이 해주도록 합니다. 프라이팬 , 뒤집개",https://recipe1.ezmember.co.kr/cache/recipe/2023/12/05/87d8e38613d70691bd1acc84c9ce3ed31.jpg,,,
7015067,4,"계란 프라이는 잠시 덜어두시고, 기름을 두른 팬에 썰어 놓은 양배추, 양파, 당근을 넣고 익혀주세요. 요리스푼",https://recipe1.ezmember.co.kr/cache/recipe/2023/12/05/5a29bc751a9c07dab9fdf7a456bbed591.jpg,,,
7015067,5,"양배추의 숨이 죽기 시작하면 간을 해줄 건데, 진간장 1T를 사진처럼 바깥쪽으로 둘러주세요. 간장을 팬 바깥쪽으로 둘러주시면, 간장이 타면서 향과 풍미가 더욱 좋아진답니다. 굴 소스 1T, 맛술 1T도 넣고 잘 섞어주세요. 맛술을 넣어야 참치의 약간 비릿한 특유의 향이 잡혀서 좋은 것 같더라고요!",https://recipe1.ezmember.co.kr/cache/recipe/2023/12/05/2a3189d944624918097b640b720df7af1.jpg,,,
7015067,6,"그다음 참치를 넣고 한 번 더 볶아주세요. 야채에 밴 간이 참치에도 배어들며 금방 먹음직스러운 색깔이 되는데, 참치의 비린내를 날리기 위해 저는 후추를 조금 뿌렸고, 강한 불로 빠르게 볶아주었습니다. 왜냐하면 강불로 빠르게 볶아야 양배추의 아삭함을 살릴 수 있고, 참치의 비린내를 한번 날려줄 수 있습니다",https://recipe1.ezmember.co.kr/cache/recipe/2023/12/05/8a686876305e3ede6892e9acd0cc58f41.jpg,강불,,
7015067,7,"저는 현미곤약밥을 사용해 주었습니다. 밥을 먹기 좋게 그릇에 담아주시고, 완성접시",https://recipe1.ezmember.co.kr/cache/recipe/2023/12/05/49aac01c06f955e890d487ea753cde4b1.jpg,,,
7015067,8,그 위로 야채와 참치를 볶아낸 것을 얹어주세요.,https://recipe1.ezmember.co.kr/cache/recipe/2023/12/05/64b7bd78648035b8c94c4012c3ebfdb51.jpg,,,
7015067,9,"그다음 계란 프라이를 얹고 참기름 한 바퀴 둘러준 다음, 통깨 조금 솔솔 뿌려주면 맛있는 양배추 참치 덮밥 완성!",https://recipe1.ezmember.co.kr/cache/recipe/2023/12/05/241da810789cde368d27362d7bd618581.jpg,,,
6934182,1,먼저 맛살 6줄 준비했어요 양은 정해진것 아니니 더 준비하셔도 되요,https://recipe1.ezmember.co.kr/cache/recipe/2020/06/11/292e8d62fc491b63422e7a2e0a9db3341.jpg,,,
6934182,2,맛살은 반을 갈러 준비해주시는데요 자르지 않고 1개씩 사용하게 되면 너무 두꺼워서 하트 모양을 잡기 힘들기 때문이에요 2등분으로 나눠주니 모양잡기 수월했어요!,https://recipe1.ezmember.co.kr/cache/recipe/2020/06/11/ff78b707a690023002ce07455d1f0dbb1.jpg,,,
6934182,3,그리고 가장 중요한 준비물!!! 바로 이쑤시개 맛살은 붉은 부분이 위로 향하게 해주시고 손으로 하트모양을 잡아준 후에 이쑤시개를 쓰윽 꽂아주시면 돼요.,https://recipe1.ezmember.co.kr/cache/recipe/2020/06/11/1e19de541dc9d169e16839be5a5066e71.jpg,,,
6934182,4,이렇게 예쁘게 하트모양이 완성되었어요 이쑤시개를 꽂을때는 바깥부분부터 안쪽까지 가운데로 오게끔 찔러야 나중에 풀릴 일도 없구요 그래야 모양이 더 이쁘게 잘 잡히더라구요,https://recipe1.ezmember.co.kr/cache/recipe/2020/06/11/eeb24435ab1027f9951851896e4f11ea1.jpg,,,
6934182,5,"자투리 채소들은 볶음밥용 채소처럼 잘게 다져주고 계란물을 풀어 섞어주시면 되는데요 저는 집들이날 정신이 없을까봐 전날 콩콩차퍼로 미리 다져서 준비했어요 저는 대파, 양파, 당근 준비했구요 취향에 맞게 부추, 파프리카를 넣으셔도 좋아요 색감을 위해 초록채소와 붉은 채소를 같이 넣어주시는걸 추천하는데요! 그래야 나중에 알록달록 더 예뻐보이더라구요",https://recipe1.ezmember.co.kr/cache/recipe/2020/06/11/592fd47337b5d84033284d358532952c1.jpg,,,
6934182,6,이제 이 정도면 준비는 끝 맛살 안을 채워주시기만 하면 되요 팬에 기름을 넉넉히 두르고 하트모양으로 잘 잡아진 맛살을 올려 부쳐줘요,https://recipe1.ezmember.co.kr/cache/recipe/2020/06/11/2b3dfc5f3a99e1f672867bfa6556f6ed1.jpg,,,
6934182,7,그리고 숟가락으로 계란물을 조금씩 떠 하트 안쪽을 채워주시면 되는데요 이때 너무 많이 넣으면 밑으로 흐르거나 넘칠 수 있으니 3분의 2정도만 채워준다는 생각으로 넣어주셔요,https://recipe1.ezmember.co.kr/cache/recipe/2020/06/11/100fb663ac9f8cb34a667e83963476c61.jpg,,180,
6934182,8,그리고 계란물이 출렁출렁 한 상태로 뒤집으면 안이쁘게 될 수 있으니 어느정도 윗부분이 익었다 싶으면 그때 뒤집어주시면 깔끔하게 만들어 진답니다 혹시나 계란이 익을 동안 맛살이 탈 수 있으니 약불로 천천히 구워주셔야 되구요,https://recipe1.ezmember.co.kr/cache/recipe/2020/06/11/5f638b64998b536a64bbbda9222a32451.jpg,약불,,
6934182,9,만약 계란물이 흘러 옆에가 지저분하게 되었다면 가위로 살짝 잘라주시면 깔끔하게 보일 수 있어요 다 익은 맛살하트전은 키친타올에 올려 기름이 빠지게 두시고 한김 식으면 그때 이쑤시개를 제거해주세요,https://recipe1.ezmember.co.kr/cache/recipe/2020/06/11/6f83868009a5793dc6380b42fc2ef73d1.jpg,,,
6994106,1,스팸돈부리에 스팸이 빠지면 안되지〰️❣️ 먼저 스팸 얇게 잘라주고 ✔️덜 짜게 드시고 싶은 분들은 끓는 물에 스팸 30초~1분정도 데쳐서 사용하셔도 됩니당,https://recipe1.ezmember.co.kr/cache/recipe/2022/12/21/37faea447dc0bfc06472a82e556d05281.jpg,,90,
6994106,2,"진간장4, 맛술2,설탕2,고춧가루2, 물6 넣어주고 양념장 쉐키쉐키 섞어주기",https://recipe1.ezmember.co.kr/cache/recipe/2022/12/21/69be678beec58517439e2d6d47ced7a21.jpg,,,
6994106,3,프라이팬에 기름을 두르고,https://recipe1.ezmember.co.kr/cache/recipe/2022/12/21/c64fa968f7d452e94fd484285a1d35c81.jpg,,,
6994106,4,잘라놓은 스팸을 앞뒤로 노릇노릇 구워줍니당,https://recipe1.ezmember.co.kr/cache/recipe/2022/12/21/6a5f68ba4a329168d66da4444147878c1.jpg,,,
6994106,5,노릇노릇~솔직히 이렇게 그냥 먹어도 밥반찬으로 굿..,https://recipe1.ezmember.co.kr/cache/recipe/2022/12/21/32321c533b7aa9d4ec9fd38e1ea9dcc81.jpg,,,
6994106,6,노릇노릇하게 구워진 스팸에,https://recipe1.ezmember.co.kr/cache/recipe/2022/12/21/31060848b72edf81731018a58f3eee631.jpg,,,
6994106,7,만들어둔 양념장을 휘리릭 넣어주고,https://recipe1.ezmember.co.kr/cache/recipe/2022/12/21/3271a7549dda0d29714ccf92de0bc8051.jpg,,,
6994106,8,약불로 졸이면 끝♥️,https://recipe1.ezmember.co.kr/cache/recipe/2022/12/21/18566876bcb785a3dcc687f277b58fcf1.jpg,약불,,
6994106,9,양념이 좀 졸여질때까지 약불로 타지않게 졸여주기,https://recipe1.ezmember.co.kr/cache/recipe/2022/12/21/a51c236c5f4a469de5a7110d4b1c2a5a1.jpg,약불,,
6994106,10,따끈따끈한 밥위에 스팸 올려주면 밥도둑 준비완료,https://recipe1.ezmember.co.kr/cache/recipe/2022/12/21/886136d5d33efcdacb0714f101a9e60a1.jpg,,,
6994106,11,스팸 위에 파 또는 쪽파 뿌리고 계란 노른자만 올려서 먹어도 맛있는데 전 패스하고 깨만 휘리릭 뿌려서 먹었습니당,https://recipe1.ezmember.co.kr/cache/recipe/2022/12/21/f7a7d2ec53f082cc3f1d05b57621aff21.jpg,,,
6928224,1,"그릇에 모짜렐라치즈,옥수수,머스타드,마요네즈,후추를 넣고 잘 섞어 줍니다",,,,
6928224,2,모닝빵 속을 파내서 그릇처럼 만듭니다,,,,
6928224,3,옥수수 섞은것을 빵속에 넣어 주세요,,,,
6928224,4,에어프라이어에 180도로 8분 구워 주면 완성! 에어프라이어 기계에따라 온도가 다를수 있으니 중간에 확인하면서 조리해주세용,,,480,
6903698,1,냉동 (or 훈제)닭가슴살을 삶아서 찢어준다,https://recipe1.ezmember.co.kr/cache/recipe/2019/01/06/733a6797452118b1994114418a349bb01.jpg?w=1000,,,
6903698,2,찢은 닭가슴살 작게 잘라준다(가위나 칼 사용) 유부에 들어가니깐 기호대로 크기는 알아서^^,https://recipe1.ezmember.co.kr/cache/recipe/2019/01/06/bba888d2f69208a1f2d955bbfeb76df81.jpg,,,
6903698,3,두부를 물에 데쳐서,https://recipe1.ezmember.co.kr/cache/recipe/2019/01/06/5038a145a52d6dec6d1ef03de9d3a5731.jpg,,,
6903698,4,건진 다음,https://recipe1.ezmember.co.kr/cache/recipe/2019/01/06/675df33733d85e56f6740f35dbb428971.jpg,,,
6903698,5,자른 닭가슴살과 함께 버무린다 이때 소금이나 후추로 조금 간을 해요,https://recipe1.ezmember.co.kr/cache/recipe/2019/01/06/11cfc49574d346c9921a8ce6a0c8178f1.jpg,,,
6903698,6,버물버물/ 잘 두부랑 닭가슴살이 섞이도록 무쳐주세요,https://recipe1.ezmember.co.kr/cache/recipe/2019/01/06/f6103a7e05003c3a78ba334971fd21d81.jpg,,,
6903698,7,유부초밥 안에 있는 후레이크와 소스 넣아주세요,https://recipe1.ezmember.co.kr/cache/recipe/2019/01/06/dc8c9410137c02ec16fd9998cc9410aa1.jpg?w=1000,,,
6903698,8,다시 버물려줍니다,https://recipe1.ezmember.co.kr/cache/recipe/2019/01/06/5d1f123abc70daff237e5305b12859ba1.jpg,,,
6903698,9,잘 버물려지면 유부의 물기를 짜서,https://recipe1.ezmember.co.kr/cache/recipe/2019/01/06/a15b36158d20294f80680d8b621e8d1f1.jpg?w=1000,,,
6903698,10,두부닭가슴살을 유부안에 담아줍니다,https://recipe1.ezmember.co.kr/cache/recipe/2019/01/06/2ad9aa3cd81425cc70d916730bd947541.jpg?w=1000,,,
6903698,11,완성!,https://recipe1.ezmember.co.kr/cache/recipe/2019/01/06/4919d775c293d7496390ea2aa7fad7921.jpg,,,
7047563,1,"사각 어묵은 짧은 쪽이 길이가 되도록 가늘게 채 썰어 주세요. 도마 , 조리용나이프 , 접시",https://recipe1.ezmember.co.kr/cache/recipe/2025/03/15/f0d8cf616d4f5e5236add13cd8b68aa21.jpg?w=1000,,,
7047563,2,새송이버섯은 버섯 갓과 몸통을 분리하고 얇게 편 썬 후 가늘게 채 썰어 주세요. 트레이,https://recipe1.ezmember.co.kr/cache/recipe/2025/03/15/746373b73ae09562937fbf98c030556f1.jpg?w=1000,,,
7047563,3,1. 양파는 가늘게 채 썰고 대파는 세로로 칼집을 넣어 양파와 같은 길이로 채 썰어 주세요. 2. 청양고추와 홍고추는 반으로 갈라 씨를 제거한 후 가늘게 채 썰어 놓습니다.,https://recipe1.ezmember.co.kr/cache/recipe/2025/03/15/024c714ced48733c419af85a1739c1271.jpg?w=1000,,,
7047563,4,"마른 팬에 양파와 대파를 넣고 앞뒤로 노릇하게 구워 주세요. 프라이팬 , 요리스푼",https://recipe1.ezmember.co.kr/cache/recipe/2025/03/15/f69eabcaec202df8a907bb9af45060c81.jpg?w=1000,,,
7047563,5,분량의 다진 마늘 설탕 포도씨유를 넣고 함께 볶아 주세요.,https://recipe1.ezmember.co.kr/cache/recipe/2025/03/15/485089a41091ce4a8b68128e00c1b1671.jpg?w=1000,,,
7047563,6,분량의 진간장 굴소스를 넣고 볶은 후 어묵볶음 양념을 만들어 주세요.,https://recipe1.ezmember.co.kr/cache/recipe/2025/03/15/d9d343edfa8512c83882b7f0f305a1aa1.jpg?w=1000,,,
7047563,7,양념에 어묵과 새송이버섯을 모두 넣고 양념과 어우러지도록 볶아 주세요.,https://recipe1.ezmember.co.kr/cache/recipe/2025/03/15/d3c6d9a5d19edd4f0fdfa6fc924a357a1.jpg?w=1000,,,
7047563,8,고춧가루 2큰술과 후춧가루를 넣어 주세요.,https://recipe1.ezmember.co.kr/cache/recipe/2025/03/15/0c848a96a7e63a0845bf1218b314d6691.jpg?w=1000,,,
7047563,9,물 1/2컵을 붓고 함께 끓여 주세요.,https://recipe1.ezmember.co.kr/cache/recipe/2025/03/15/b243f1bbeb3c30aab0fdbde17b972b6f1.jpg?w=1000,,,
7047563,10,물이 끓어오르면 청양고추와 홍고추를 넣어주세요.,https://recipe1.ezmember.co.kr/cache/recipe/2025/03/15/aa4b2badc15abe1f2bfacaa9661d4a231.jpg?w=1000,,,
7047563,11,물이 자작하게 졸아들고 새송이버섯에 윤기가 돌면 참기름을 둘러 주세요.,https://recipe1.ezmember.co.kr/cache/recipe/2025/03/15/56a4d27335cdc1edcd20dd175b377c541.jpg?w=1000,,,
7047563,12,접시에 담고 통깨를 뿌려 완성합니다. 접시,https://recipe1.ezmember.co.kr/cache/recipe/2025/03/15/3992d01b27416758eb2cd50e4fdfabe11.jpg?w=1000,,,
6837437,1,두부는 얇팍하게 썰어주세요두께가 약 5mm정도 되게~ 그리고 키친타올로 물기를 닦아서 달군팬에 오일을 두르고 중불에서 구워줍니다,https://recipe1.ezmember.co.kr/cache/recipe/2015/11/03/bfd8faa64d8103bffa0ba4e597d899c11.jpg?w=1000,중불,,
6837437,2,앞뒤로 노릇노릇 바삭하게 ~~ 여기에서 노릇하게 구워주셔야 두부고기처럼 쫄깃한 식감을 얻을 수 있답니다~,https://recipe1.ezmember.co.kr/cache/recipe/2015/11/03/01d1544a4a05777f950693f291597dcc1.jpg?w=1000,,,
6837437,3,두부가 다 구워졌다면 다진마늘을 약불에서 오일에 골든브라운이 될때까지 볶아주세요그리고 색이나면 바로 물을 3Ts넣어주세요 그래야 마늘이 타지않는답니다~,https://recipe1.ezmember.co.kr/cache/recipe/2015/11/03/2b8c759cf24e4ad5eb0dbf0fc65b07d11.jpg?w=1000,약불,,
6837437,4,"볶은 마늘에 고추장, 간장, 굴소스, 올리고당을 넣고 약불에서 끓이다가 가상자리에 부르르끓어오르면",https://recipe1.ezmember.co.kr/cache/recipe/2015/11/03/9fae6d05b675302aaeb6337b88469e4c1.jpg?w=1000,약불,,
6837437,5,구운두부를 넣고 볶다가,https://recipe1.ezmember.co.kr/cache/recipe/2015/11/03/f6032a9169cb5fdcd3c5c2dec3c781361.jpg?w=1000,,,
6837437,6,"참기름, 깨를넣고 버무려서",https://recipe1.ezmember.co.kr/cache/recipe/2015/11/03/36905c74ed9db42ccd9bc7e1740166881.jpg?w=1000,,,
6837437,7,접시에 담아냅니다,https://recipe1.ezmember.co.kr/cache/recipe/2015/11/03/f866426f65a592b2704e99fba541677a1.jpg?w=1000,,,
6886375,1,먼저 스팸을 작은 큐브조각 모양으로 잘라줍니다.,https://recipe1.ezmember.co.kr/cache/recipe/2018/03/30/5a4c03a7b41f0afe33e779922b4aece11.png,,,
6886375,2,"밥에 버터, 간장을 넣고 비벼주세요.",https://recipe1.ezmember.co.kr/cache/recipe/2018/03/30/4a161efc7e7cd49837a4541de10285531.png,,,
6886375,3,스팸을 구워줍니다.,https://recipe1.ezmember.co.kr/cache/recipe/2018/03/30/1a929662af00db6ddcefc876d0e316aa1.png,,,
6886375,4,"물, 간장, 설탕을 넣어 조려주세요",https://recipe1.ezmember.co.kr/cache/recipe/2018/03/30/0c41e73a5dbfffd5cb36c6cc994679be1.png,,,
6886375,5,밥위에 얹어 완성해줍니다.,https://recipe1.ezmember.co.kr/cache/recipe/2018/03/30/5d75a5078d28a9e1001269953a074a631.png,,,
6847798,1,가지+치즈등 재료는 깨끗이 씻어 준비해주세요.,https://recipe1.ezmember.co.kr/cache/recipe/2016/05/09/bca77be3d45f702b7d5c633bfa1ba94f1.jpg?w=1000,,,
6847798,2,가지를 얇게 썰어 소금을 뿌려 주세요. (소금에 저린 가지는 물이 나오게 됩니다. 키친타월로 물기를 제거해 주세요),https://recipe1.ezmember.co.kr/cache/recipe/2016/05/09/f6d4b40732d03da91101a3da978832a31.jpg?w=1000,,,
6847798,3,물기뺀 가지를 구어주세요,https://recipe1.ezmember.co.kr/cache/recipe/2016/05/09/0627b8c07b19a6ebebe45fbb214800bb1.jpg?w=1000,,,
6847798,4,"먼저 랩을 깔아주시고, 그위에 가지를 십자매듭으로 만들어주세요.",https://recipe1.ezmember.co.kr/cache/recipe/2016/05/09/0dd97c84e23f3b5bc4a6cda43fe13a081.jpg?w=1000,,,
6847798,5,매듭진 가지위에 늘려먹는 치즈를 올려주세요 (치즈를 올려준뒤 가지로 다시 한번 매듭을 만들어줍니다.,https://recipe1.ezmember.co.kr/cache/recipe/2016/05/09/93b8de114a2c5e40fc20803d351c6cc11.jpg?w=1000,,,
6847798,6,아래 깔린 랩으로 가지를 잘 감싸주고 냉장실에 10분정도 넣어둡니다.,https://recipe1.ezmember.co.kr/cache/recipe/2016/05/09/9442e2f206daecb98739cd9ede4617631.jpg?w=1000,,600,
6847798,7,랩을 분리하여 잘 달궈진 후라이펜 위에 가지를 구어줍니다.,https://recipe1.ezmember.co.kr/cache/recipe/2016/05/09/708570f090282fabcf6f123ad74063841.jpg?w=1000,,,
6847798,8,접시 위에 토마토 소스를 깔아줍니다.,https://recipe1.ezmember.co.kr/cache/recipe/2016/05/09/e3c4f14eb62bb719bfc32992acda2fe01.jpg?w=1000,,,
6847798,9,그위에 잘 구어진 치즈 가지말이를 올려주면 완성,https://recipe1.ezmember.co.kr/cache/recipe/2016/05/09/1a6b4fbe0a25db156480c03e9ff7613e1.jpg?w=1000,,,
7074824,1,콩국물은 두유제조기로 32분만에ㅣ뚝딱 준비해주세요,https://recipe1.ezmember.co.kr/cache/recipe/2026/04/16/ecdff1e263842324d80b27887630e2731.jpg?w=1000,,1920,
7074824,2,콩물 준비하는동안 삶을필요없는 두부면은 흐르는물에 씻어 체반에받처주세요,https://recipe1.ezmember.co.kr/cache/recipe/2026/04/16/6cb4091abd2b70c93a144d908148cca41.jpg?w=1000,,,
7074824,3,오이는체썰고 토마토2조각으로 잘라주시고 찐계란은 반으로잘라주세요,https://recipe1.ezmember.co.kr/cache/recipe/2026/04/16/887c46f40f1072e160bc7555a9f3e0fb1.jpg?w=1000,,,
7074824,4,콩물이완성도면 얼음넣고 소금간약간하시고 두부면을 넣어주세요,https://recipe1.ezmember.co.kr/cache/recipe/2026/04/16/8bb27bfc41e8277c8f4d1da3570e80a91.jpg?w=1000,,,
7074824,5,준비해놓은 고명을 위에올려주시고 깨소금넣어주세요,https://recipe1.ezmember.co.kr/cache/recipe/2026/04/16/1fcd9617d2a9f3c02d1d1d86fd5c55621.jpg?w=1000,,,
7064360,1,계란은 풀어서 준비한다.,https://recipe1.ezmember.co.kr/cache/recipe/2025/09/10/9a763fad2ae76d99fe9c13fbeedb444c1.jpg?w=1000,,,
7064360,2,당면은 뜨거운 물에 10분 불려 준다.,https://recipe1.ezmember.co.kr/cache/recipe/2025/09/10/e5a4f8e7b8463c0733f782d8198874d91.jpg?w=1000,,600,
7064360,3,대파는 어슷 썬다.,https://recipe1.ezmember.co.kr/cache/recipe/2025/09/10/e90aa0a73136564b66730dbb6c0748231.jpg?w=1000,,,
7064360,4,청양고추는 어슷 썬다.,https://recipe1.ezmember.co.kr/cache/recipe/2025/09/10/4ae10e0111abfb75f2fbcb12e57c37c51.jpg?w=1000,,,
7064360,5,"냄비에 식용유, 다진 마늘, 굵은 고춧가루를 넣고 중불로 볶는다.",https://recipe1.ezmember.co.kr/cache/recipe/2025/09/10/ed5deb87cb6ff1583226b1e6989789c11.jpg?w=1000,중불,,
7064360,6,"고춧가루의 향이 나면 물, 참치액, 진간장, 당면을 넣고 센 불로 끓인다.",https://recipe1.ezmember.co.kr/cache/recipe/2025/09/10/524eb1e6d376756f89466742fe4adc6a1.jpg?w=1000,,,
7064360,7,"당면이 익으면 계란, 대파, 청양고추를 넣는다.",https://recipe1.ezmember.co.kr/cache/recipe/2025/09/10/c1f6f98fb34fe4521ffef3e4cd178df81.jpg?w=1000,,,
6937332,1,두부는 먹기좋게 깍뚝썰기!,https://recipe1.ezmember.co.kr/cache/recipe/2020/07/23/67a8032f2c7119357de92efb8187813c1.jpg?w=1000,,,
6937332,2,두부위에 소금 솔솔 뿌려 손으로 쓱쓱 발라놔두기!,https://recipe1.ezmember.co.kr/cache/recipe/2020/07/23/d0b795431ad6c19f97a64a04eca9d34b1.jpg?w=1000,,,
6937332,3,양념재료 다넣고 섞어주기!,https://recipe1.ezmember.co.kr/cache/recipe/2020/07/23/85d855ebaef70f0bbaf9b6ddcf7bffde1.jpg?w=1000,,,
6937332,4,비닐백에 전분가루1컵 넣고 두부 넣어서 버무리기!,https://recipe1.ezmember.co.kr/cache/recipe/2020/07/23/dfa36ec25a395c932a611ca0f32f7e161.jpg?w=1000,,,
6937332,5,전분묻힌두부를 기름두른팬에 노릿노릿 익히기!,https://recipe1.ezmember.co.kr/cache/recipe/2020/07/23/8c2906b0964ee945e5ed68405da8b57d1.jpg?w=1000,,,
6937332,6,노릿노릿익힌두부에 섞어놓은양념 넣어 버무리기!,https://recipe1.ezmember.co.kr/cache/recipe/2020/07/23/cb17e014b7342fc3d2ebe1446f2acd691.jpg?w=1000,,,
6937332,7,접시에담아 깨솔솔 뿌려주면완성! 식으면 더 맛나는 두부강정!,https://recipe1.ezmember.co.kr/cache/recipe/2020/07/23/e1926385cf5392936ab1474ca11b19fb1.jpg?w=1000,,,
6848325,1,풀어준 버터에 설탕을 넣고 섞어준다.,https://recipe1.ezmember.co.kr/cache/recipe/2016/06/01/87894b3f0f8b504040c9ffc61fc2bbcd1.jpg,,,
6848325,2,노른자,https://recipe1.ezmember.co.kr/cache/recipe/2016/06/01/d8227c4accb55c2197b6dede182798111.jpg,,,
6848325,3,흰자 순으로 넣고 섞어준다.,https://recipe1.ezmember.co.kr/cache/recipe/2016/06/01/5e5fb6d4c8d58bc13ece6d71187733d01.jpg,,,
6848325,4,박력분 + 코코아가루를 체쳐서 넣고 섞는다.,https://recipe1.ezmember.co.kr/cache/recipe/2016/06/01/87c2483f4a2441e6c85ae527555723981.jpg,,,
6848325,5,아몬드슬라이스를 넣고 섞어준다. 많이 넣어도 됩니다.,https://recipe1.ezmember.co.kr/cache/recipe/2016/06/01/989f6386e91e8bbf1360cafa1753b9781.jpg,,,
6848325,6,모양을 잡아준 후,https://recipe1.ezmember.co.kr/cache/recipe/2016/06/01/4577de3545d0b45acee9900fb019911c1.jpg,,,
6848325,7,2시간동안 냉동.,https://recipe1.ezmember.co.kr/cache/recipe/2016/06/01/2afac442baf0c990eebe97879fba457a1.jpg,,7200,
6848325,8,2시간 후 일정하게 잘라,https://recipe1.ezmember.co.kr/cache/recipe/2016/06/01/6c7cda4d9ef4a4c2b9dff83f6aca4e291.jpg,,7200,
6848325,9,팬닝한 후 오븐(180℃)에서 13~15분간 굽는다. 오븐,https://recipe1.ezmember.co.kr/cache/recipe/2016/06/01/abde64bfe2597cf37b3ba82e91a62e9d1.jpg,,900,
6848325,10,바삭바삭 고소한 아망디오쇼콜라 완성. 흔하게 볼 수 있는 쿠키인 아망디오 쇼콜라. 저희동네에서는 5조각에 1000원이였나? 사먹는 것도 저렴하고 맛있지만 만들어먹어도 맛있네요. 초코라 그런가 사먹는거보다는 만들어먹는게 건강하니까.,https://recipe1.ezmember.co.kr/cache/recipe/2016/06/01/16cbe325f7c3024930a190a8d976f7671.jpg,,,
6914749,1,물 7컵에 다시재료를 넣어주고 중약불에서 뭉근하게 끓여 육수를 내줍니다.,https://recipe1.ezmember.co.kr/cache/recipe/2019/06/26/43ebb9ba0bc8b966a1e653073c64fa961.jpg,약불,,
6914749,2,"감자와 양파는 채썰어주고, 어묵과 대파는 어슷 썰어주세요. 기호에 따라 청양고추 반개 분량을 총총 썰어 넣어주셔도 좋습니다.",https://recipe1.ezmember.co.kr/cache/recipe/2019/06/26/075ff5bd0d4e4324f5305ccbe7520cdd1.jpg,,,
6914749,3,육수가 끓기 시작하면 감자를 먼저 넣어 중약불에서 5분간 끓여 익혀줍니다. 그리고 국간장 1큰술을 더해 기본적인 간을 맞춰주세요.,https://recipe1.ezmember.co.kr/cache/recipe/2019/06/26/5e2a437b0a4113ed2a44ff21f6372bce1.jpg,약불,300,
6914749,4,"감자가 반투명하게 익어가면 어묵과 양파, 대파를 넣어 끓여주세요.",https://recipe1.ezmember.co.kr/cache/recipe/2019/06/26/2e60dde8ae6edd06751ed526fb37c18c1.jpg,,,
6914749,5,다진마늘 0.5큰술과 고춧가루를 살짝 더해줍니다.,https://recipe1.ezmember.co.kr/cache/recipe/2019/06/26/03d409f194a8d2d3a72247a5b56cb5de1.jpg,,,
6914749,6,모든 재료가 고르게 익고 국물에서 맛이 배어나오기 시작하면 기호에 맞게 소금과 후추로 간을 조절해주고 감자어묵국을 마무리해줍니다.,https://recipe1.ezmember.co.kr/cache/recipe/2019/06/26/e19dbfe18f1263611d1270cdef1283011.jpg,,,
6914749,7,뜨끈하니 김 모락모락 올라오는 모습만 봐도 괜히 어깨에 힘이 흉~ 하고 풀리는 것 같은 감자어묵국입니다.,https://recipe1.ezmember.co.kr/cache/recipe/2019/06/26/c75491175292c1ad6777df3e06c7fa9f1.jpg,,,
6914749,8,"보들보들, 따끈따끈. 자극적이지 않아 아침국으로 아주 좋아요!",https://recipe1.ezmember.co.kr/cache/recipe/2019/06/26/7f093cc1f4b8d9b9b9df5c7e8d8b86aa1.jpg,,,
6914749,9,속 편하게 달래주는 감자어묵국. 오늘도 맛있게 드시고 행복한 하루 되세요 :),https://recipe1.ezmember.co.kr/cache/recipe/2019/06/26/041c0832f49e97bb9a35c54017c6f9c81.jpg,,,
6872282,1,먼저 양파를 작은 큐브모양으로 썰어줍니다.,https://recipe1.ezmember.co.kr/cache/recipe/2017/07/05/7284c12cc0dba876f818086a256dcec11.png,,,
6872282,2,계란에 소금을 넣고 풀어주세요!,https://recipe1.ezmember.co.kr/cache/recipe/2017/07/05/b2e932f36fa4073c30a0caa3796e747d1.png,,,
6872282,3,"양파, 참치, 콘을 넣어주세요.",https://recipe1.ezmember.co.kr/cache/recipe/2017/07/05/941284af623c37456e93dbc25a61b19b1.png,,,
6872282,4,살짝 섞은 뒤 부침가루도 추가!,https://recipe1.ezmember.co.kr/cache/recipe/2017/07/05/eaf3a58afedcc7eb77404a3db2038efe1.png,,,
6872282,5,기름을 두르고 중불에서 구워줍니다! 처음에는 꾹꾹 눌러서 모양을 잡아주세요! 중불,https://recipe1.ezmember.co.kr/cache/recipe/2017/07/05/8be56ff72f1df7107e1f99bcae73e5261.png,중불,,
6872282,6,마요네즈를 뿌려주면 완성!,https://recipe1.ezmember.co.kr/cache/recipe/2017/07/05/67537b3bc49f64a02efa275470958cc81.png,,,
6912270,1,"재료:양파1/3정도,파프리카반개,비엔나소세지2컵,물3컵 양념장:간장2,올리고당2,설탕1,후춧가루약간 밥숟가락계량입니다.",https://recipe1.ezmember.co.kr/cache/recipe/2019/05/16/68321051fdc3c202e53f9230b28b2eff1.jpg,,,
6912270,2,양파와 파프리카는 한입크기로 썰어놓고 비엔나소세지도 필요합니다.,https://recipe1.ezmember.co.kr/cache/recipe/2019/05/16/947e2aefab92c45692bc1088de482c891.jpg,,,
6912270,3,끓는 물에 칼집낸 비엔나 소세지를 1분간 데쳐요. 기름이 둥둥 떠있네요.,https://recipe1.ezmember.co.kr/cache/recipe/2019/05/16/7c5a99d7c2664cfb226e15f743645a641.jpg,,60,
6912270,4,중불로 달군팬에 식용유1큰술 두른 뒤 소세지를 노릇하게 볶아주세요. 물기를 제거해야 볶을 때 기름이 튀지않아요.,https://recipe1.ezmember.co.kr/cache/recipe/2019/05/16/d2bb9ad466cebb8dbcd68551f3f281b11.jpg,중불,,
6912270,5,볶은 소세지에 야채와 양념장을 넣어 2분간 볶아줍니다.,https://recipe1.ezmember.co.kr/cache/recipe/2019/05/16/73dcaaf5f2ff3cc18ef72db20d5139f61.jpg,,120,
6912270,6,간장을 넣어 짭조름한 간장 쏘야 볶음이 만들어졌어요. 2분간 볶아줘야 채소가 아삭하니 딱 좋아요.,https://recipe1.ezmember.co.kr/cache/recipe/2019/05/16/af247bd862b62bca05383c4672745aff1.jpg,,120,
6912270,7,아이와 어른들도 좋아하는 소세지볶음,https://recipe1.ezmember.co.kr/cache/recipe/2019/05/16/df60985dcf88c48cf7fbfe63b4461b0c1.jpg,,,
6912270,8,간장 쏘야 볶음,https://recipe1.ezmember.co.kr/cache/recipe/2019/05/16/d9e65c6ea0b4d1270ea0d34b95ed1fe51.jpg,,,
3976406,1,양배추와 양파는 채 썰어 둡니다.,https://recipe1.ezmember.co.kr/cache/recipe/2015/06/30/2e850a30d2737699b9623f36b01865251.jpg,,,
3976406,2,그릇에 달걀을 깨어 두부를 넣고 저어 줍니다.,https://recipe1.ezmember.co.kr/cache/recipe/2015/06/30/5f5cff2ef53a4bd46d5ef1b2383fb2f61.jpg,,,
3976406,3,부드럽게 되었죠. 여기에 감자전분 4큰술을 넣고 저어 주세요.,https://recipe1.ezmember.co.kr/cache/recipe/2015/06/30/ee17bdfd6648266c6f4dae7c1ee7ba041.jpg,,,
3976406,4,"여기에 채 썰어 둔 양배추, 양파, 소금, 후추를 넣고 섞습니다. 여유가 된다면 여기에 해산물을 넣어 드셔도 맛난답니다.",https://recipe1.ezmember.co.kr/cache/recipe/2015/06/30/7be4600df456f2f6a8bb59d90e7957c01.jpg,,,
3976406,5,팬에 기름을 넉넉히 두르고 반죽을 다 넣고 팬 뚜껑 닫고 약불에서 익힙니다.,https://recipe1.ezmember.co.kr/cache/recipe/2015/06/30/ae2dca43b8736ceec68b0561cf194f021.jpg,약불,,
3976406,6,접시를 대고 뒤집어 한면을 마저 익힙니다. 너무 두꺼운 것 같으면 2장으로 나누어 익혀 주시기거나 양을 반으로 줄여 만들어 보세요.,https://recipe1.ezmember.co.kr/cache/recipe/2015/06/30/7914a077ff494376ef0700cad1d94d791.jpg,,,
6880694,1,"버섯 1팩과 마늘 그리고 살짝 매콤한 맛으로 먹기 위해 청, 홍고추를 준비한 다음 버섯을 먼저 손질해 버섯 손질법 레시피",https://recipe1.ezmember.co.kr/cache/recipe/2017/12/12/31b02c94b606399db3088f07240e7afb1.jpg,,,
6880694,2,끓는 물에 소금을 조금 넣고 버섯을 넣어 끓어오르면,https://recipe1.ezmember.co.kr/cache/recipe/2017/12/12/1fb1e8822fcf0e637349c1d4355b41321.jpg,,,
6880694,3,찬물에 헹구어 손바닥으로 꼭 눌러 물기를 짜주고는,https://recipe1.ezmember.co.kr/cache/recipe/2017/12/12/c44153e03b05af8d82f8782ab6d090c91.jpg,,,
6880694,4,튀김가루 3수저를 넣어 가루를 가볍게 무쳐놓고,https://recipe1.ezmember.co.kr/cache/recipe/2017/12/12/c62800bcb0cdada10aebc415f579b39a1.jpg,,,
6880694,5,튀김 반죽을 만들어 버섯을 넣어 섞어 반죽 옷을 입혀,https://recipe1.ezmember.co.kr/cache/recipe/2017/12/12/d850a70eccc9afd663c0c690ff64b3621.jpg,,,
6880694,6,빠르고 바삭하게 먼저 1차로 튀겨 한김 식을 수 있게 놓고,https://recipe1.ezmember.co.kr/cache/recipe/2017/12/12/3edfb2dd41ef256d20593d7369068b561.jpg,,,
6880694,7,"준비한 양념을 만들어요. 마늘 1수저와 청, 홍고추는 씨를 제거해 잘게 썰어 놓고",https://recipe1.ezmember.co.kr/cache/recipe/2017/12/12/e26db1e96bf340f57eba9a172dde19411.jpg,,,
6880694,8,"간장, 물, 설탕, 식초를 2수저씩 넣어 새콤달콤한 소스를 만들어놓습니다.",https://recipe1.ezmember.co.kr/cache/recipe/2017/12/12/0d8a4868ef8c089db140940044fa81131.jpg,,,
6880694,9,양념을 만들어 놓은 사이 1차로 튀겨 살짝 식은 튀김을 다시 2차로 한번 더 튀겨 바삭한 버섯튀김을 만들어 줍니다.,https://recipe1.ezmember.co.kr/cache/recipe/2017/12/12/a7e187a76fa39093a66e615c8d4bece91.jpg,,,
6880694,10,버섯을 2차로 튀겨놓고 팬에 기름 1수저를 넣어 먼저 마늘부터 볶은 다음 고추를 넣어 한번 더 가볍게 볶아,https://recipe1.ezmember.co.kr/cache/recipe/2017/12/12/21c3c9a619a338fc001e013e4ab0178a1.jpg,,,
6880694,11,만들어 놓았던 양념을 넣어 보글보글 끓여 깐풍 소스를 만들어 줍니다.,https://recipe1.ezmember.co.kr/cache/recipe/2017/12/12/b35bb695461b2879b7bc4ad8384fac341.jpg,,,
6880694,12,소스가 끓으면 튀겨놓은 느타리버섯을 넣어 소스가 잘 베이도록 저어가면 소스가 남지 않게 조리듯 볶아주고,https://recipe1.ezmember.co.kr/cache/recipe/2017/12/12/583c7c06da77808663e4042c613bf7641.jpg,,,
6880694,13,마지막에 참기를 살짝 넣어 마무리하면 버섯 깐풍 완성^^,https://recipe1.ezmember.co.kr/cache/recipe/2017/12/12/bd0873b1c260ae8014bb12213c1bfa5c1.jpg,,,
6925795,1,페이지속 레시피 동영상 시청과!! 유튜브 구독은 레시피 제작에 커다란 힘이 됩니다!! 즉석양념 재료를 모두 넣고 설탕이 완전히 녹을때 까지 잘 저어주세요.,https://recipe1.ezmember.co.kr/cache/recipe/2020/02/01/b7a26c841847029f03fa450205838b741.jpg,,,
6925795,2,프라이팬을 충분하게 예열 한 다음 목살을 구워 주세요. 불이 너무 약하면 고기에서 육즙이 다 빠져 나오고 비린내도 날수 있습니다~ 꼭 쎈불에 양면을 구워 주세요. 나중에 양념에 조릴거라 안쪽까지 다 안익어도 됩니다~ 겉면이 노릇해 질때까지만 구워주세요.,https://recipe1.ezmember.co.kr/cache/recipe/2020/02/01/77d9fdf9e0c2d89329757d12c001a9301.jpg,강불,,
6925795,3,목살의 양면이 노룻해지면 양념장을 골고루 끼얹어 주세요.,https://recipe1.ezmember.co.kr/cache/recipe/2020/02/01/860151e21701e261ffbd0ca9885879271.jpg,,,
6925795,4,양념장을 부은 다음 물 20cc 정도를 부어주세요. 양념장을 만드실때 함께 넣어도 상관없습니다.,https://recipe1.ezmember.co.kr/cache/recipe/2020/02/01/5f1301a87ef6b7783d8e1db4f055b2821.jpg,,,
6925795,5,30초 정도 바글바글 끓여 주다가 불을 완전히 줄이고 고기를 먹기 좋은 크기로 잘라주세요. 불을 안줄이고 자르면 양념장에 수분이 순식간에 증발해 버려서 양념이 타기 시작합니다. 커팅 할때는 불을 완전히 줄이고 커팅 해주세요~,https://recipe1.ezmember.co.kr/cache/recipe/2020/02/01/ef9805d537a43f84ab004d141c05502c1.jpg,,30,
6925795,6,커팅을 완료 하셨으면 불을 강하게 두고 주걱으로 잘 저어 가면서 양념을 졸여 주면 됩니다. 시잔처럼 양념이 거의다 졸여져서 수분이 안보일때까지 졸여 주시면 됩니다~,https://recipe1.ezmember.co.kr/cache/recipe/2020/02/01/80a5dc8e52c8d3795fb14fc2974c5c5b1.jpg,,,
6925795,7,완성입니다~ 윤기가 파르르 한게 정말 맛있엇어요~ 밥반찬으로도 술안주로도 강추 입니다~ 페이지속 레시피 동영상 시청은 레시피 제작에 커다란 힘이 됩니다.,https://recipe1.ezmember.co.kr/cache/recipe/2020/02/01/dc92bd24c471b30c31c48934061c76a61.jpg?w=1000,,,
6894964,1,"먼저 케찹2T,고춧가루1T 설탕1T,간장1T,식초1T를 섞어줍니다.(T:성인 숟가락 기준) 소스는 본인 기호에 맞게 조절하셔도 된다고 해요",https://recipe1.ezmember.co.kr/cache/recipe/2018/08/29/04859f68ed96d9327c40e8231b5dcb911.jpg,,,
6894964,2,달궈진 팬에 식용유 3스푼을 둘러준 뒤 마늘 1스푼을 달달달 볶아 마늘기름을 만듭니다.,https://recipe1.ezmember.co.kr/cache/recipe/2018/08/29/2ab0406fca5415f9d84120050981a6161.jpg,,,
6894964,3,마늘 기름에 칵테일 새우를 넣고 볶아 줍니다.,https://recipe1.ezmember.co.kr/cache/recipe/2018/08/29/e219232015586e3122aec530cb144c9a1.jpg,,,
6894964,4,새우가 어느 정도 볶아지면 이제 미리 만들어 놓은 양념을 다 넣고 골고루 볶아 줍니다!백주부님은 물을 조금 넣으라고 하셨는데 냉동된 칠리새우라 그런지 물기가 많이 생겨 따로 물을 넣진 않았어요 볶다가 소스가 약간 되직하다 싶으면 그때 물을 약간 넣어 조절하셔요,https://recipe1.ezmember.co.kr/cache/recipe/2018/08/29/235d32349257c5df7732659744707f0f1.jpg,,,
6894964,5,버터 1스푼을 넣고 다시한번 골고루 볶아준뒤 후추 조금 뿌려주면 완성입니다!,https://recipe1.ezmember.co.kr/cache/recipe/2018/08/29/da17dcb06b8da255adec64a70425a9831.jpg,,,
6894964,6,맥주와 환상궁합 백종원 칠리새우 완성입니다. 한입 먹어보니 감칠맛이 확 돌면서 참 맛있어요!맥주안주는 말할것도 없고 반찬으로도 참 좋아요!,https://recipe1.ezmember.co.kr/cache/recipe/2018/08/29/bdd2864f92db08b9356a367eacd72b2d1.jpg,,,
6907655,1,"먼저, 넓은 그릇에 몽쉘을 수저로 으깨줍니다.",https://recipe1.ezmember.co.kr/cache/recipe/2019/03/03/dd8eef085a72f61cf9a9045e0063dc7b1.jpg,,,
6907655,2,그 다음 우유를 넣고 으깨주심 되는데요.꾸덕꾸덕한 느낌을 원하신다면 약 3-4스푼 정도 넣어주세요. 촉촉한 느낌을 원하신다면 우유양을 추가로 좀 더 넣어주심 됩니다. 스푼 : 성인 숟가락 기준,https://recipe1.ezmember.co.kr/cache/recipe/2019/03/03/3cdfa8e3396947a6bc4965f84941b4741.jpg,,,
6907655,3,저는 꾸덕꾸덕한 느낌을 워낙 좋아해서 우유는 조금만 넣어 주었어요.,https://recipe1.ezmember.co.kr/cache/recipe/2019/03/03/418399399217f0a1d2e902ed4f0ae7c41.jpg,,,
6907655,4,잘 으깬 몽쉘을 컵에 차곡차곡 쌓아줍니다. 넘칠 수 있으니 가득 채우지는 마시고 3/4정도 채워주세요. 이제 전자레인지에 약 2분 정도 돌려주세요. 전자레인지,https://recipe1.ezmember.co.kr/cache/recipe/2019/03/03/1d170e95bbacd780c996068c36b189c11.jpg,,120,
6907655,5,초간단 몽쉘브라우니 완성입니다! 뜨거우니 냉장실에 살짝 식혀 주셨다가 드시면 된답니다^0^,https://recipe1.ezmember.co.kr/cache/recipe/2019/03/03/1357cc12e9f0c3db853c9acec5b916841.jpg,,,
6907655,6,그냥 몽쉘로 드셔도 맛있지만 이렇게 만들어 주시면 꾸덕꾸덕한 브라우니 느낌이 지대로 나요^^ 아메리카노랑 드시면 환상궁합입니다^^,https://recipe1.ezmember.co.kr/cache/recipe/2019/03/03/a1267c0e0b7f7b4484ecd959054a041c1.jpg,,,
6869250,1,"구멍오뎅으로 이뿌게 반찬좀 해볼랬더니 구멍오뎅이 하나 뿐이네요-0-;;;그래서 1인분 기준입니다^^ 구멍오뎅 1개,마늘쫑 5~6개 준비해주세요^~^",https://recipe1.ezmember.co.kr/cache/recipe/2017/05/03/8dcc39b45cefab613454f128b62a609b1.jpg?w=1000,,,
6869250,2,마늘쫑을 한꺼번에 잡고 구멍 안에 넣어주세요^^ (하나하나 넣으시면 잘들어 가지않아요;),https://recipe1.ezmember.co.kr/cache/recipe/2017/05/03/4e428f004cd60dbb3ed46a29937b118a1.jpg?w=1000,,,
6869250,3,구멍에 꽉차게 요렇게 넣어 주시면 됩니다^~^ (저는 마늘쫑이 굵은편이라 5개인데요~마늘쫑이 얇으신거면 6개정도 넣어 꽉꽉차게 넣어주세요~힘주시면 다들어가구요~헐겁게 넣으시면 마늘쫑이 익으면서 줄어들기 때문에 빠질수 있어요^^),https://recipe1.ezmember.co.kr/cache/recipe/2017/05/03/1d366fd9eb8a801a71f419d5477891731.jpg?w=1000,,,
6869250,4,요렇게 먹기 좋게 썰면 완전 이뿌죠^~^,https://recipe1.ezmember.co.kr/cache/recipe/2017/05/03/2b2eac47a9d909626e6cbf08fda314cc1.jpg?w=1000,,,
6869250,5,"양념장은 팬에 물 5스푼,간장2스푼,다진마늘반스푼,설탕한스푼 넣고 끓여 주세요^~^",https://recipe1.ezmember.co.kr/cache/recipe/2017/05/03/2c8ea859784ded53d97609cb92008bac1.jpg?w=1000,,,
6869250,6,끓어 오르면 어묵을 넣고 조려 주시다가,https://recipe1.ezmember.co.kr/cache/recipe/2017/05/03/70bd9d0bdd9692e0da0685a3b2ad50521.jpg?w=1000,,,
6869250,7,"양이 저처럼 작을땐 팬을 기우려 국물을 끼얹어 주세요^~^ 다조려 갈때쯤 올리고당 2스푼,참기름반스푼 넣으시면 끝이에요^~^",https://recipe1.ezmember.co.kr/cache/recipe/2017/05/03/465e8815d1f652bdbf42d2d7ce1317f61.jpg?w=1000,,,
6869250,8,두배로 만드실려면 물10:간장4:마늘1:설탕2:올리고당4:참기름1 요렇게 넣으시면 되구요^~^ 너무 단게 싫다고 하시면 올리고당 양을 줄여 주세요~ 저는 나머지 어묵은 그냥 썰어 같은 방법으로 졸였어요^~^,https://recipe1.ezmember.co.kr/cache/recipe/2017/05/03/7dbdbe4abc247d54b46525e5b5a110f11.jpg?w=1000,,,
6869250,9,달콤함에 아삭함 까지 굿이에용^~^~♥ *마늘쫑이 없으시면 땡초를 넣고 같은 방법으로 졸이 셔두 맛있어요^~^,https://recipe1.ezmember.co.kr/cache/recipe/2017/05/03/ead44523389fb7e661cb8bfe74fa74321.jpg?w=1000,,,
7016404,1,새우가 크면 좋겠는데 재래시장이나 마트에 적당한 크기의 새우들 잡아오시면 됩니다. 살아있는 새우도 냉동 새우도 가능하구요.,https://recipe1.ezmember.co.kr/cache/recipe/2023/12/27/6fc3e31ab182a5fafbfa202d08f12d0c1.jpg,,,
7016404,2,새우 사오시면 제일먼저 흐르는 물에 한번씻어 껍질을 까 줍니다. 배에서 겁질을 잡고 윗쪽으로 제쳐주면 되구요.,https://recipe1.ezmember.co.kr/cache/recipe/2023/12/27/26ca090b1a0496673d9cea3a2d5dfdb81.jpg,,,
7016404,3,그런다음 등쪽에 내장을 제거합니다. 꽁지부분 껍질은 놔두시고~~ 이쑤시개,https://recipe1.ezmember.co.kr/cache/recipe/2023/12/27/8fdca857cbaeebd3b16115576de875161.jpg,,,
7016404,4,"브로콜리는 기둥 하나에 가지를 하나하나 잘라 주고 반 정도만 사용할겁니다. 도마 , 조리용나이프",https://recipe1.ezmember.co.kr/cache/recipe/2023/12/27/847a63c917824cbce4449e85dd01e71c1.jpg,,,
7016404,5,식초 1수저 푼 물에 10분정도 담가두세요. 불순물과 먼지가 가라앉거나 뜨게 됩니다. 믹싱볼,https://recipe1.ezmember.co.kr/cache/recipe/2023/12/27/540d5bcfac6159578f29b08d5b4910a81.jpg,,600,
7016404,6,"그런다음 소금 한스푼넣고 끓인 물에 휘리릭~~30초만 데쳐 주시고 냄비 , 요리스푼",https://recipe1.ezmember.co.kr/cache/recipe/2023/12/27/b5a4f7314ceb7d29f0a3635f55ee9b4f1.jpg,,30,
7016404,7,기본 재료를 준비 합니다.,https://recipe1.ezmember.co.kr/cache/recipe/2023/12/27/4e51d3241f4c92f55e1de1706d26dcde1.jpg,,,
7016404,8,마늘은 편 썰고 생강은 필히.. 새우 맛이 달라 지지요.,https://recipe1.ezmember.co.kr/cache/recipe/2023/12/27/99847e8998fa1e279a3866b5c7dcd3411.jpg,,,
7016404,9,손질한 새우와 브로콜리는 키친타올로 반드시 물기를 제거 해주세요. 키친타올,https://recipe1.ezmember.co.kr/cache/recipe/2023/12/27/e4547a997547bab20adf163a3249a94d1.jpg,,,
7016404,10,새우에 전분가루를 뭍혀주고,https://recipe1.ezmember.co.kr/cache/recipe/2023/12/27/bd1fa90091e7fcd5d247200563d552381.png,,,
7016404,11,기름 두른 팬에 새우를 넣고 후추를 뿌려준 후 뛰기듯 지져 줍니다. 궁중팬,https://recipe1.ezmember.co.kr/cache/recipe/2023/12/27/7d7f50565a4deff71ec0845fbb103e381.png,,,
7016404,12,지글지글~~ 등이 굽어진채로 지져줍니다.,https://recipe1.ezmember.co.kr/cache/recipe/2023/12/27/adef9f5a0e16db98b1906d9e742aa3ef1.png,,,
7016404,13,한번 더 구워줄꺼니 살짝만 굽다가 요리젓가락,https://recipe1.ezmember.co.kr/cache/recipe/2023/12/27/9ec439417393ff08a0efd8ca41716d371.png,,,
7016404,14,그릇에 따로 담아 냅니다.,https://recipe1.ezmember.co.kr/cache/recipe/2023/12/27/67e62f7fe2871aa4d07bfd321e77c39e1.png,,,
7016404,15,올리브기름 두른 팬에 중불로 편 썰어둔 마늘과 생강을 넣고 볶다가,https://recipe1.ezmember.co.kr/cache/recipe/2023/12/27/8fffb6ebf028e16177f76c9f71805d161.png,중불,,
7016404,16,한번 볶아낸 새우와 브로콜리를 넣고 간 을 할겁니다.,https://recipe1.ezmember.co.kr/cache/recipe/2023/12/27/1ed98aa35d22a22e59db3f020efa4f2d1.png,,,
7016404,17,"일단 맹물 한수저를 넣어 주세요.굴 소스 한수저 가득 넣어주고 소금 1/3수저를 넣고, 설탕은 반수저만~~참기름 1수저를 넣고 간 은 마무리~~양념이 잘 섞이게 복아주다 마지막은 강불로 올리고 휘리릭~~ 끝. 요리스푼",https://recipe1.ezmember.co.kr/cache/recipe/2023/12/27/a40b689c3ef10056a793121d479b3cd71.png,강불,,
7016404,18,특별한 음식은 특별하게 셋팅해야죠~~ 브로콜리 드문드문 놓고 새우는 갈라진 면이 보이게 꼬리는 위로~,https://recipe1.ezmember.co.kr/cache/recipe/2023/12/27/24ec3ecb17be7602b54e009f21a951bd1.png,,,
7016404,19,크리스마스 이브에는 조촐하게 사부님과 어른들만 한잔하며 보냈는데요. 아이들이야 크리스마스를 즐기느라 행복한 시간들을 보내고 있을테지만 차분하게 보내는것도 참 좋은것 같네요. 완성접시,https://recipe1.ezmember.co.kr/cache/recipe/2023/12/27/4e8bb2a0086cb8f6633271ae76e887a41.jpg,,,
7072343,1,볶음밥에 들어갈 사각햄은 작게 썰어서 다져줍니다.,https://recipe1.ezmember.co.kr/cache/recipe/2026/02/28/ce616b7284cb048705c18eeaaeb9dbd41.jpg,,,
7072343,2,햄야채 볶음밥에 들어갈 야채도 썰어주세요 당근과 애호박을 작게 다져주고 대파와 양파도 잘게 썰어줍니다.,https://recipe1.ezmember.co.kr/cache/recipe/2026/02/28/a042e895533267f5e51bc4a66203dfea1.jpg,,,
7072343,3,달궈진 팬에 올리브유를 두르고 다져둔 대파를 먼저 넣고 파 기름을 내주세요,https://recipe1.ezmember.co.kr/cache/recipe/2026/02/28/22b828a935774e475625aa66967323361.jpg,,,
7072343,4,대파향이 올라오면 썰어둔 햄과 나머지 야채들을 모두 넣고 볶아줍니다.,https://recipe1.ezmember.co.kr/cache/recipe/2026/02/28/fef7bfcbc7242ad05afcbcb1c2b6bbc21.jpg,,,
7072343,5,햄이 노릇해지고 야채들이 부드러워지면 찬밥을 넣고 굴 소스 1t와 진간장 1.5t를 넣고 밥알을 고슬고슬하게 풀어주면서 빠르게 볶아주세요,https://recipe1.ezmember.co.kr/cache/recipe/2026/02/28/dce1732121ccae42a4a693c9915933701.jpg,,,
7072343,6,밥과 야채들이 잘 어우러질 때까지 빠르게 볶아준 다음 참기름과 통깨로 마무리해 주면 간단 한 그릇 햄야채 볶음밥이 완성입니다^^,https://recipe1.ezmember.co.kr/cache/recipe/2026/02/28/051fdb55d62cdce0d1fc488655a9718e1.jpg,,,
6896204,1,"콩나물은 깨끗이 씻어 준비해두고, 대파와 청양고추는 어슷어슷 썰어 준비해주세요.",https://recipe1.ezmember.co.kr/cache/recipe/2018/09/20/6908f72d2fc4c99172325fb8cbf07d901.png?w=1000,,,
6896204,2,"뚝배기 바닥에 다시 팩을 깔고 그 위에 콩나물을 가득 넣고 물(500ml)을 넣어 약 8분간 끓여주세요. 수미네 반찬에서는 다시물을 낼 때 디포리와 파뿌리, 멸치와 다시마를 사용했지만, 저는 그냥 집에 있던 멸치, 버섯, 다시마가 들어간 다시 팩을 사용했어요 ･ᴥ･",https://recipe1.ezmember.co.kr/cache/recipe/2018/09/20/978d91b726a25e5c9a564ae13753d2c11.jpg?w=1000,,480,
6896204,3,"보글보글 콩나물이 끓어오르면 새우젓 1/2스푼, 다진 마늘 1/2스푼을 넣어 간을 맞춰주세요. 입맛에 맞춰 양을 조절하면 더 좋겠죠 ~? 새우젓 1/2스푼, 다진 마늘 1/2스푼",https://recipe1.ezmember.co.kr/cache/recipe/2018/09/20/12fff746bee8594417e9c99b7ebbba941.jpg,,,
6896204,4,"미리 준비해두었던 청양고추와 대파, 계란과 고춧가루도 넣어주세요. 노른자는 안 터트리는 센스!",https://recipe1.ezmember.co.kr/cache/recipe/2018/09/20/fe5ddac668640960c2c910c722c640151.png?w=1000,,,
6896204,5,재료들이 잘 어우러지도록 보글보글 한소끔 끓여주면 전주식 콩나물탕 완성٩(ˊᗜˋ*)و,https://recipe1.ezmember.co.kr/cache/recipe/2018/09/20/caea6d1ac223cdbdd3f84b859d5820601.jpg,,,
6915735,1,"채썬 무를 냄비에 넣고, 소금1/2큰술,참기름1큰술을 넣고 볶아요.",https://recipe1.ezmember.co.kr/cache/recipe/2019/07/11/8efde1b1593ee499e91892b0a1e1b1341.jpg?w=1000,,,
6915735,2,볶다보면 무에서 물이 살짝 나오죠?,https://recipe1.ezmember.co.kr/cache/recipe/2019/07/11/3cffe32048337e86309985a90ee349331.jpg?w=1000,,,
6915735,3,물3컵을 붓고 끓여요. 생수인데도 국물이 벌써 뽀얗죠?^^,https://recipe1.ezmember.co.kr/cache/recipe/2019/07/11/0f44a8baadca1a93c0283ebd963441b51.jpg?w=1000,,,
6915735,4,무가 익을정도로 끓으면 들깨까루3큰술 넣어요.,https://recipe1.ezmember.co.kr/cache/recipe/2019/07/11/7302d5e1996bb0540e6d4b5251da4eaf1.jpg?w=1000,,,
6915735,5,파1줄도 썰어서 올려요. 마지막 간은 소금으로 하세요.,https://recipe1.ezmember.co.kr/cache/recipe/2019/07/11/80188e4469a1855777588b0bf04ca50b1.jpg?w=1000,,,
6915735,6,한소끔 끓이고 그릇에 담아요.,https://recipe1.ezmember.co.kr/cache/recipe/2019/07/11/9e60119aac5e647ba8d5b7a94cef702e1.jpg?w=1000,,,
6913239,1,고구마는 깍뚝썰어서 위생봉지에 넣어 주세요,https://recipe1.ezmember.co.kr/cache/recipe/2019/06/04/cd94af1948fa128379eb5da784fa97251.jpg?w=1000,,,
6913239,2,봉지에 물50ml넣고 전자렌지에 6분 돌려 주세요 전자레인지,https://recipe1.ezmember.co.kr/cache/recipe/2019/06/04/a708f3ab52df6e02b57093d1825214191.jpg?w=1000,,360,
6913239,3,"다 쪄진 고구마는 으깨서 설탕1스푼,소금1/3스푼 넣고 밑간해 주세요",https://recipe1.ezmember.co.kr/cache/recipe/2019/06/04/10fc3c1dc4fc130df2664f16f01681631.jpg?w=1000,,,
6913239,4,찹쌀가루1스푼을 넣고 섞어주세요,https://recipe1.ezmember.co.kr/cache/recipe/2019/06/04/94c138693a411ca47b4fbea06f0dcb2c1.jpg?w=1000,,,
6913239,5,납작하게 펴서 가운데 치즈를 얹고 덮어주세요,https://recipe1.ezmember.co.kr/cache/recipe/2019/06/04/fad2cfbff8d9d97f2cffd363faaa2ba71.jpg?w=1000,,,
6913239,6,후라이팬에 기름을 두르고 넣어주세요,https://recipe1.ezmember.co.kr/cache/recipe/2019/06/04/125203aa98f9344d8019e4d4591681121.jpg?w=1000,,,
6913239,7,노릇하거 익혀내면 요리 끝!!,https://recipe1.ezmember.co.kr/cache/recipe/2019/06/04/d7db974290592af2e8a33a40af52cc981.jpg,,,
6880201,1,만두를 구워주세요 저는 에어프라이어에다가~ 에어프라이에어 돌리실분들은 180도에서 12분정도면 다익어요 에어프라이어,https://recipe1.ezmember.co.kr/cache/recipe/2017/11/28/c9cf10dddc7aefd028035f49bdcd2b8c1.jpg,,720,
6880201,2,위의 분량대로 양념을 섞어 만들어줍니다 이 양념은 두부강정이나 양념치킨 전부다 사용가능해요,https://recipe1.ezmember.co.kr/cache/recipe/2017/11/28/05e558532f4973472e9a9a61af99bade1.jpg,,,
6880201,3,톡톡터지는 식감을 주기위해 저는 냉동실에 얼려뒀던 옥수수를 조금 넣어줬습니다 콘옥수수캔을 물빼고 넣어주셔도되요,https://recipe1.ezmember.co.kr/cache/recipe/2017/11/28/9bedc862f3e9d2d61ba506b0c014a1931.jpg,,,
6880201,4,소스는 한번 파르르 끓여주세요 제 분량대로 만드시면 만두 왕교자사이즈로 10개정도 버무릴수있는 양입니다,https://recipe1.ezmember.co.kr/cache/recipe/2017/11/28/e204f074df10caa39c06afc795d4e5d11.jpg,,,
6880201,5,다익은 만두를 끓여둔 소스에 투하!,https://recipe1.ezmember.co.kr/cache/recipe/2017/11/28/9c6c11f8331c4d9d477cc82b3122196f1.jpg,,,
6880201,6,뒤적뒤적 잘섞어주기만하면 끝이에요 고추장때문에 매운맛이 있으니 아이들을 위해 만드실경우 고추장양을 살짝 줄이셔도 됩니다,https://recipe1.ezmember.co.kr/cache/recipe/2017/11/28/1f76fec522178ca6e7682e1944e5e3c01.jpg,,,
6880201,7,그릇에 쪼로리 담고 위에 땅콩가루 뿌리고 파슬리가루 살짝 뿌려주면 비쥬얼 업업!,https://recipe1.ezmember.co.kr/cache/recipe/2017/11/28/4c4cd6c77aeb0d85f10ac48542c0d51c1.jpg,,,
7073300,1,분홍소시지 1/2개를 용기에 넣어서 잘 으깨주세요.,https://recipe1.ezmember.co.kr/cache/recipe/2026/03/19/d5fc071e70b9e0d22e8ac1a3334fbda11.jpg?w=1000,,,
7073300,2,청양고추를 송송 썰어서 분홍소시지와 함께 잘 섞어주세요.,https://recipe1.ezmember.co.kr/cache/recipe/2026/03/19/42ded2da5f2c8eec6784bc8ac9545ffb1.jpg?w=1000,,,
7073300,3,튀김가루 2스푼과 계란 2개를 넣어서 반죽이 잘 섞이도록 해주세요.,https://recipe1.ezmember.co.kr/cache/recipe/2026/03/19/c64008dd59eb81e8231bfbe13fd6d4ca1.jpg?w=1000,,,
7073300,4,후라이팬에 기름을 두른 후 숟가락을 이용해서 동그랗게 떠주세요.,https://recipe1.ezmember.co.kr/cache/recipe/2026/03/19/9e57f0906fefa0d0c6ec7ec87dca46ae1.jpg?w=1000,,,
7073300,5,앞뒤로 노릇노릇하게 구워주세요.,https://recipe1.ezmember.co.kr/cache/recipe/2026/03/19/9830238036138471c23146b0b07519041.jpg?w=1000,,,
7073300,6,예쁜 접시에 동그랗게 차곡차곡 올려주세요.,https://recipe1.ezmember.co.kr/cache/recipe/2026/03/19/ec7d39d5f9ae50608bed3cd0ad4c72151.jpg?w=1000,,,
7073300,7,분홍소시지전이 완성이 되었습니다.,https://recipe1.ezmember.co.kr/cache/recipe/2026/03/19/c3773fd43c44e7cd316e6153801e95fd1.jpg?w=1000,,,
6835918,1,양파 당근 파 썰어서 넣어 주세요 기호에 따라 고추도 송송,https://recipe1.ezmember.co.kr/cache/recipe/2015/10/10/52eba6179f7cd5ef94d893ac79114ca21.jpg,,,
6835918,2,닭가슴살을 칼로 다져주세요,https://recipe1.ezmember.co.kr/cache/recipe/2015/10/10/1678173dc0e2b36dca0528ea09b5d9c61.jpg,,,
6835918,3,"마늘 한 스푼, 후추 소금을 넣어 주세요",https://recipe1.ezmember.co.kr/cache/recipe/2015/10/10/27d3f9ddb95722ab44ff16236862a6ed1.jpg,,,
6835918,4,계란 두알을 넣어 주세요,https://recipe1.ezmember.co.kr/cache/recipe/2015/10/10/4326532a66efbcee76dd52a123cd5f4d1.jpg,,,
6835918,5,밀가루 1큰술~ 2큰술 정도 넣어주세요,https://recipe1.ezmember.co.kr/cache/recipe/2015/10/10/6a16354306103f64bdabd1328ccd90ab1.jpg,,,
6835918,6,반죽이 완성 됐어요,https://recipe1.ezmember.co.kr/cache/recipe/2015/10/10/577b97c3e87656ebf2742e317d1b6dab1.jpg,,,
6835918,7,달군 후라이팬에 기름을 두르고 구워주세요,https://recipe1.ezmember.co.kr/cache/recipe/2015/10/10/a05a90dc32109cef0ce6ef33ac35d6c71.jpg,,,
6835918,8,"간장에 콕 찍어먹음 더 맛있어요 간장식초 5:1 양파, 고추 송송",https://recipe1.ezmember.co.kr/cache/recipe/2015/10/10/5b7c15db0036078912b544991b48333a1.jpg,,,
6879416,1,숙주는 깨끗하게 씻어서 채반에 물기를 빼주세요.,https://recipe1.ezmember.co.kr/cache/recipe/2017/11/13/36dc0c63ee30f0a64796fb3d00563e841.jpg,,,
6879416,2,대파를 얇게 썰어 준비 하세요,https://recipe1.ezmember.co.kr/cache/recipe/2017/11/13/cd513a9630fc7ce14d3f881811076b351.jpg,,,
6879416,3,햄을 베이컨처럼 얇게 채 썰어 주세요. *뜨거운 물에 살짝 담갔다가 빼서 사용 하셔도 좋아요(기름기 제거),https://recipe1.ezmember.co.kr/cache/recipe/2017/11/13/3e43eeda3ba4380ad44d4e9867f0c49a1.jpg,,,
6879416,4,청양고추를 적당한 크기로 어슷 썰어주세요.,https://recipe1.ezmember.co.kr/cache/recipe/2017/11/13/60b117ad879de86a7b86d0e69407bea71.jpg,,,
6879416,5,식용유에 파를 넣은 다음 중약불로 볶아 주세요.,https://recipe1.ezmember.co.kr/cache/recipe/2017/11/13/5597f785de7a88f371e4d877b20456011.jpg,약불,,
6879416,6,"파향이 나기 시작하면 햄, 고추를 넣고 익을랑 말랑 할때까지 볶아 주세요(중불) 중간에 햄의 냄새가 싫다면 후추를 한번 톡! 뿌려주세요.",https://recipe1.ezmember.co.kr/cache/recipe/2017/11/13/9cfed6bb3b03bad244e013866db46aaf1.jpg,중불,,
6879416,7,센불로 올려서 숙주와 굴소스를 넣고 빠르게 볶아주세요(살짝 익을랑 말랑 할때까지만!),https://recipe1.ezmember.co.kr/cache/recipe/2017/11/13/254623254aa5d4f35f316e5d4c3bebfe1.jpg,강불,,
6879416,8,불을 끈 뒤 참기름을 넣고 잔열로 빠르게 볶다가 얼른 접시로 옮겨주세요 (뜨거운 열에 숙주를 계속 두면 숨이 죽어요),https://recipe1.ezmember.co.kr/cache/recipe/2017/11/13/5252d56d9285c49d8d1996cd09d1eb701.jpg,,,
6879416,9,접시에 담고 깨를 솔솔 뿌려주세요.,https://recipe1.ezmember.co.kr/cache/recipe/2017/11/13/678cb0264266707b7c4f50ab91cfc9c51.jpg,,,
6915356,1,오이는 2등분한 후 속을 파내고 3등분한다.,https://recipe1.ezmember.co.kr/cache/recipe/2019/07/04/715b91b2ccf8da071e12fa5fc4a85c791.jpg,,,
6915356,2,기름을 뺀 닭가슴살에 파프리카와 양념 재료를 넣고 섞는다.,https://recipe1.ezmember.co.kr/cache/recipe/2019/07/04/a58f99a25c6655dfd2744e4698df26231.jpg,,,
6915356,3,오이에 닭가슴살샐러드를 올린 후 파슬리가루를 뿌려 완성한다.,https://recipe1.ezmember.co.kr/cache/recipe/2019/07/04/9933c2cda2ce9d3ed7f3bbe2afa0acb91.jpg,,,
6921400,1,"브로콜리는 흐르는 물에 씻지 마시고 꼭 물을 받아 송이부분을 물 속에서 거꾸로 흔들면서 헹궈주어야 속 안에 낀 이물질들이 나옵니다. 전 베이킹소다 넣고 씻어주었어요. 깨끗이 손질한 브로콜리는 찜기에 넣어 1분간만 쪄준 다음, 물이 흐르지 않도록 체반에 받쳐 식힙니다. 브로콜리 손질법 레시피",https://recipe1.ezmember.co.kr/cache/recipe/2019/10/30/03116f1c13a00c9f935f5d231093cde91.jpg?w=1000,,60,
6921400,2,"마늘은 편으로 얇게 썰어주시면 되고, 홍피망은 엄지손가락 한 마디 크기 정도로 썰고, 새우는 제 경우엔, 다듬어진 상태의 얼린 새우라 따뜻한 물로 해동을 시켰는데 생물 쓰실 경우에는 그냥 씻어서 쓰시면 되겠죠. 모든 재료가 준비완료된 상태에서 조리를 시작합니다.",https://recipe1.ezmember.co.kr/cache/recipe/2019/10/30/a578ac8f8525d9b1cbfec330532ea8d21.jpg?w=1000,,,
6921400,3,일단 후라이팬을 살짝 달군 다음에 올리브유나 아보카도오일을 넉넉히 4T정도 두르고 강불,https://recipe1.ezmember.co.kr/cache/recipe/2019/10/30/2a41e84a86ac607a3bfe5e5736e211191.jpg?w=1000,강불,,
6921400,4,편마늘 먼저 넣어서 볶습니다.,https://recipe1.ezmember.co.kr/cache/recipe/2019/10/30/f79295339c9b110c3d1ec1a714de725a1.jpg?w=1000,,,
6921400,5,마늘이 노릇노릇해지면,https://recipe1.ezmember.co.kr/cache/recipe/2019/10/30/d413e9d7de9b6b39d702dac4aa2340181.jpg?w=1000,,,
6921400,6,재빨리 홍피망과 브로콜리 데쳐놓은 것을 몽땅 넣고 소금과 후추를 재빨리 한꼬집씩 뿌려주시고,https://recipe1.ezmember.co.kr/cache/recipe/2019/10/30/71940d5d03fa67904c302d34bfc131231.jpg?w=1000,,,
6921400,7,약 30초간만 뒤적뒤적 해줘요. 계속 센 불이기 때문에 스피드가 관건입니다.,https://recipe1.ezmember.co.kr/cache/recipe/2019/10/30/d80ffbd127895fb7e2de9f14c42d3b321.jpg?w=1000,,30,
6921400,8,해동해서 체에 받쳐두었던 새우를 넣으면 온도가 확 내려가면서 탈 것 같은 느낌은 없어져요.,https://recipe1.ezmember.co.kr/cache/recipe/2019/10/30/4b44da70b96dd1769024e0d5c8dc07b91.jpg?w=1000,,,
6921400,9,그렇지만 골고루 잘 익혀야 하니 새우 색을 봐가면서 골고루 뒤적거려줍니다.,https://recipe1.ezmember.co.kr/cache/recipe/2019/10/30/d96a97fe4c429487f99b990015537c141.jpg?w=1000,,,
6921400,10,새우 색이 예쁜 선홍색이 되면 불끄세요. 대단한 양념은 들어가지 않았지만 새우 덕에 채소들도 덩달아 맛있어지는 근사한 영양 다이어트 요리 완성입니다.,https://recipe1.ezmember.co.kr/cache/recipe/2019/10/30/e9f0a80345266e26e2ed519284603a9a1.jpg?w=1000,,,
7075847,1,양념을 만들어주세요 올리고당 .고추장.간장.청양고추가루.고추가루.마늘.생강가루. 맛술.후추가루를 넣고양념을섞어주세요,https://recipe1.ezmember.co.kr/cache/recipe/2026/05/08/08724b63c287dd3966bc21ffc1f696391.jpg?w=1000,,,
7075847,2,닭을 깨끗이씻어 먹기좋은크기로잘라주세요. 대파는 큼직하게 썰어주세요,https://recipe1.ezmember.co.kr/cache/recipe/2026/05/08/0b27b4e71d09ec6e9fae3fe550fadb2f1.jpg?w=1000,,,
7075847,3,준비해놓은 양념에 닭과대파를넣고 섞어주세요 30분이상 재워주세요 냉장숙성하면 양념이더 잘 뱁니다,https://recipe1.ezmember.co.kr/cache/recipe/2026/05/08/017070adc317907fff8970081a0b424a1.jpg?w=1000,,1800,
7075847,4,팬에 식용유를 살짝두르고 양념한 닭고기를넣고 중약불로 천천히구워주세요 너무센불은 양념이탈수있으니 주의해야해요 마지막에 참기름과통깨를 넣어주세요,https://recipe1.ezmember.co.kr/cache/recipe/2026/05/08/8e5c95ea2b26246116d96e38a6aba03b1.jpg?w=1000,약불,,
2628435,1,밥은 길이 3~3.5cm 정도의 타원형으로 밥을 통통하게 만들어 줍니다. (밥을 만드실때 밥을 단단하게 만들어 주세요. 단단하지 않게 하시면 간장양념으로 조리실때 밥알이 다 흐트러진답니다.),https://recipe1.ezmember.co.kr/cache/recipe/2015/07/29/78895a4235fe2b7c3acfc431dd3e3e5d1.jpg,,,
2628435,2,베이컨으로 밥을 돌돌 말아 줍니다.,https://recipe1.ezmember.co.kr/cache/recipe/2015/07/29/9ca44693028ce365292b75d558c347f11.jpg,,,
2628435,3,"볼에 간장 1+ 1/2큰술, 매실액 1큰술, 물엿 1/2큰술, 청주 1큰술, 굴소스 1작은술, 후추를 넣고 섞어 줍니다.",https://recipe1.ezmember.co.kr/cache/recipe/2015/07/29/cebeff9577dc668cdbb7d38993fa9c7e1.jpg,,,
2628435,4,"팬에 기름을 두르고 베이컨말이밥을 앞, 뒤로 구워 줍니다.",https://recipe1.ezmember.co.kr/cache/recipe/2015/07/29/ab7de62dc6bac4ea6c3823b7aea44bf21.jpg,,,
2628435,5,"요렇게 앞, 뒤로 갈색빛이 돌때까지 익혀 주세요.",https://recipe1.ezmember.co.kr/cache/recipe/2015/07/29/33ba2ebdaaf184553e2d786b68e450851.jpg,,,
2628435,6,베이컨말이밥에 간장양념장을 붓고 조려 줍니다.,https://recipe1.ezmember.co.kr/cache/recipe/2015/07/29/43b9b8a6a3ada2ea197697e50d9f35b81.jpg,,,
2628435,7,"한번씩 앞,뒤로 뒤집어 주세요. (너무 많이 앞, 뒤로 뒤집으시면 밥알이 뭉그러질 수 있답니다. ) 간장양념장이 없을때까지 조려 주시면 완성입니다.",https://recipe1.ezmember.co.kr/cache/recipe/2015/07/29/ccd93717fa2c43cd8b238211395b144b1.jpg,,,
6950383,1,두부는 한입크기로 썰어주고 소금 살짝 뿌려 밑간을 하고 키친타올을 깔아 어느정도 수분을 제거 해 줍니다.,https://recipe1.ezmember.co.kr/cache/recipe/2021/01/04/8bfd9f62153907b2743cc06a4dab3e431.jpg?w=1000,,,
6950383,2,들기름이나 오일 두르고 노릇하게 앞뒤로 지져 줍니다.,https://recipe1.ezmember.co.kr/cache/recipe/2021/01/04/c97617078e26bcefaf0ef53f15cb70d41.jpg?w=1000,,,
6950383,3,만가닥 버섯은 가볍게 씻어 준비 합니다.,https://recipe1.ezmember.co.kr/cache/recipe/2021/01/04/cdccbbdeecdcab4c9a991a376f8f18181.jpg?w=1000,,,
6950383,4,청경채는 반으로 잘라 줍니다.,https://recipe1.ezmember.co.kr/cache/recipe/2021/01/04/d1e62b74a32eb1baa8d5c89caaea94ad1.jpg?w=1000,,,
6950383,5,팬에 올리브 오일 드르고 다진마늘을 넣고 볶아 줍니다.,https://recipe1.ezmember.co.kr/cache/recipe/2021/01/04/b298a87208707d98f3f649f3e40a8f4d1.jpg?w=1000,,,
6950383,6,"마늘향이 올라오면 마른고추, 만가닥 버섯을 넣고 볶아 줍니다.",https://recipe1.ezmember.co.kr/cache/recipe/2021/01/04/cfd2118f8291475619864e98e9103c2d1.jpg?w=1000,,,
6950383,7,"청경채 두꺼운 부분을 넣고 진간장,올리고당을 넣고 볶아 줍니다. 이때 불은 센불로 재빠르게 볶아 줍니다.",https://recipe1.ezmember.co.kr/cache/recipe/2021/01/04/9d82a501b53c38111174a96992997c7b1.jpg?w=1000,강불,,
6950383,8,두부와 청경채 잎 부분을 넣고 볶아 줍니다. 부족한 간은 소금으로 해 줍니다. 저는 다이어트식으로 만들어서 간은 거의 안했어요.,https://recipe1.ezmember.co.kr/cache/recipe/2021/01/04/52fd21f685f2d8cd99c0521ffa43089a1.jpg?w=1000,,,
6950383,9,마지막 참기름과 참깨 듬뿍 뿌려 마무리 해줍니다.,https://recipe1.ezmember.co.kr/cache/recipe/2021/01/04/c8813008000148d2ac66e40f1cb149b01.jpg?w=1000,,,
6845451,1,모든 재료는 다져서 준비합니다.,https://recipe1.ezmember.co.kr/cache/recipe/2016/03/29/5c24078593c03f948f8ed920f09074a91.jpg,,,
6845451,2,"파마산치즈가루 3, 빵가루 5, 튀김가루 2를 넣어 반죽을 합니다. (밥숟가락 계량) 소금, 후추도 적당하게 넣어주세요.",https://recipe1.ezmember.co.kr/cache/recipe/2016/03/29/dc9efda7bfb74bf9d6c61de5eebdb1301.jpg,,,
6845451,3,익힌 닭가슴살을 사용해서 반죽이 좀 되직해서 달걀 1개를 넣었습니다. 반죽 상태를 보고 너무 되직하면 달걀 1개정도 넣어주세요.,https://recipe1.ezmember.co.kr/cache/recipe/2016/03/29/d1dc6fc57060a645048deb175e8b4e101.jpg,,,
6845451,4,원하는 모양으로 반죽을 성형해주세요. 그리고 팬에 기름을 두르고 약중불에서,https://recipe1.ezmember.co.kr/cache/recipe/2016/03/29/db002091b357d772ad70f6ac75a84d261.jpg,중불,,
6845451,5,노릇 노릇 익혀주심 됩니다.,https://recipe1.ezmember.co.kr/cache/recipe/2016/03/29/036079a87ceb921d04549104f29f8d451.jpg,,,
6845451,6,두부닭가슴살너겟 완성. 닭가슴살도 담백하고 두부도 담백하고 기름에 구웠지만 참 깔끔한 맛? 새콤한 케찹에 찍어 드심 딱 좋아요.,https://recipe1.ezmember.co.kr/cache/recipe/2016/03/29/c1f7fe1603e15c632035356226687ce11.jpg,,,
6985504,1,예열된 팬에 식용유를 두르고 다진마늘 1스푼을 넣어볶아줍니다.,https://recipe1.ezmember.co.kr/cache/recipe/2022/08/12/e2254b7be2e895e7932134ebe0725d8e1.jpg,,,
6985504,2,다진파도 노르스름 해질때까지 같이 볶아주세요.,https://recipe1.ezmember.co.kr/cache/recipe/2022/08/12/de07b3b9a0533bda66bedb7579baa2681.jpg,,,
6985504,3,베이컨을 넣어줍니다.,https://recipe1.ezmember.co.kr/cache/recipe/2022/08/12/013d7f4a97ebef354886f964509fa51c1.jpg,,,
6985504,4,맛술 1스푼을 넣어주세요.,https://recipe1.ezmember.co.kr/cache/recipe/2022/08/12/4bee0b5aca142861142234d1ea43fab91.jpg,,,
6985504,5,후추도 톡톡 뿌려줍니다.,https://recipe1.ezmember.co.kr/cache/recipe/2022/08/12/d99d985710acf5c1f385fefb78601a2a1.jpg,,,
6985504,6,"베이컨이 어느 정도 볶아지면, 양배추를 원하는 만큼 수북히 넣어주세요.",https://recipe1.ezmember.co.kr/cache/recipe/2022/08/12/eb04155e63e1ae9449fa64473a7c00ba1.jpg,,,
6985504,7,"조리도구 2개를 이용하여, 잘 섞이도록 볶아줍니다.",https://recipe1.ezmember.co.kr/cache/recipe/2022/08/12/20730efcceb66e3fe9db0e4d6b34fbd61.jpg,,,
6985504,8,"진간장 한스푼,",https://recipe1.ezmember.co.kr/cache/recipe/2022/08/12/afcd7fc2c4d51f04c8a3b665bd679aec1.jpg?w=1000,,,
6985504,9,"굴소스 한스푼을 넣고, 양배추숨이 죽을때까지 잘 볶아주세요!",https://recipe1.ezmember.co.kr/cache/recipe/2022/08/12/dcc10e20a20aa396362e53be106e850b1.jpg,,,
6985504,10,정말 간단한 메인반찬! 양배추 베이컨 볶음이 완성되었습니다.,https://recipe1.ezmember.co.kr/cache/recipe/2022/08/12/791f05688ff404b75f5d710702481af51.jpg,,,
7068064,1,계란 2알 풀어서 기름두른팬에 80%만 익혀서 밥 위에 올려두세요,https://recipe1.ezmember.co.kr/cache/recipe/2025/12/12/a870cf5f87bbd47619628f9eabfd9f4f1.jpg?w=1000,,,
7068064,2,채썬양파1/4개 먼저 볶고 햄을 깍둑 썰어 넣어주세요,https://recipe1.ezmember.co.kr/cache/recipe/2025/12/12/5e978f41d07b8e71e41c088ba0c3745c1.jpg?w=1000,,,
7068064,3,다진마늘0.5T 진간장2T 알룰로스1T 맛술1T 넣어 볶아주세요,https://recipe1.ezmember.co.kr/cache/recipe/2025/12/12/32688f62742f7ad155f346f2affb109c1.jpg?w=1000,,,
7068064,4,밥 위에 올려서 참기름 뿌려주면 끝!,https://recipe1.ezmember.co.kr/cache/recipe/2025/12/12/d0ebaefea4933fd0d946fb74c40ac53f1.jpg?w=1000,,,
6885922,1,삼겹살 : 잘게썰어준비한다. 꽈리고추 : 5등분하여 준비한다. 대파 : 송송 썰어 준비한다. 청양고추 : 잘게썰어 준비한다.,https://recipe1.ezmember.co.kr/cache/recipe/2018/03/22/bb20cbaa7c72d8a4856e0847587c16961.jpg?w=1000,,,
6885922,2,팬에 삼겹살을 노릇하게 볶는다.,https://recipe1.ezmember.co.kr/cache/recipe/2018/03/22/517fc4060aaff00f002caed7238bd35d1.png,,,
6885922,3,삼겹살이 노릇해지면 파를 넣어 볶는다.,https://recipe1.ezmember.co.kr/cache/recipe/2018/03/22/7e1bd03d3e59f85f79389703eac138901.png,,,
6885922,4,볶다가 설탕을 넣고 물을 붓는다.,https://recipe1.ezmember.co.kr/cache/recipe/2018/03/22/cae3d7fdca599659c94e61bd16b99f161.png,,,
6885922,5,"다진 마늘, 간장을 넣고 꽈리고추, 청양고추를 넣어 볶아 완성한다.",https://recipe1.ezmember.co.kr/cache/recipe/2018/03/22/e33919acd4c1b0cc7e489190fe87dbfe1.png,,,
6907712,1,팬에 올리브유를 두른후 다진마늘을 볶아주세요. 마늘을 너무 다지지말고 씹히는맛이 있도록 다져주시면되요.,https://recipe1.ezmember.co.kr/cache/recipe/2019/03/04/2fd31d10eb49bd21d61502e66f678e651.jpg?w=1000,,,
6907712,2,칵테일새우를 넣고 같이 볶아주세요.,https://recipe1.ezmember.co.kr/cache/recipe/2019/03/04/4d2a7c1bb9256b2ddc6c24be06c7367e1.jpg?w=1000,,,
6907712,3,나시고랭볶음밥 소스를 만들어주세요. 간장1T 굴소스1T 맛술2T 후추0.5t 설탕0.5t,https://recipe1.ezmember.co.kr/cache/recipe/2019/03/04/bec25bbc4b5e0adff85b864008846cdf1.jpg?w=1000,,,
6907712,4,팬에 소스를 넣고 같이 재료들과 볶아주세요.,https://recipe1.ezmember.co.kr/cache/recipe/2019/03/04/cac54b566ee3c0c75ceb0f6ed89a6f6b1.jpg?w=1000,,,
6907712,5,공기밥2그릇과 잘게자른 숙주를 넣고 같이 볶아줍니다.,https://recipe1.ezmember.co.kr/cache/recipe/2019/03/04/df2c945743f3049e83e28d6341e6efe71.jpg,,,
6907712,6,숙주가 익을때쯤 한쪽에 스크램블에그를 만들어주세요.,https://recipe1.ezmember.co.kr/cache/recipe/2019/03/04/21008d1cf9ec84be39443db5a27b00181.jpg?w=1000,,,
6907712,7,스크램블에그와 같이 한번더 볶아주면 맛있는 나시고랭완성!,https://recipe1.ezmember.co.kr/cache/recipe/2019/03/04/6633719d56bceb47f8faef651db977ca1.jpg?w=1000,,,
6966950,1,"HACCP 마크가 있는 카레, 두부, 달걀을 준비했습니다.",https://recipe1.ezmember.co.kr/cache/recipe/2021/10/14/12d3a150fc83fde5e3405ff97afe8b621.jpg?w=1000,,,
6966950,2,파프리카 3개는 약 1cm 두께로 자릅니다.,https://recipe1.ezmember.co.kr/cache/recipe/2021/10/14/559b321f0813b06fd2a4cacf2620b9b81.jpg?w=1000,,,
6966950,3,두부는 키친타올로 물기를 닦은 후 반만 사용하였습니다. (반 150g),https://recipe1.ezmember.co.kr/cache/recipe/2021/10/14/7effc97114c4458cf6735396cfec67b71.jpg?w=1000,,,
6966950,4,호박은 작게 다져서 계량컵(종이컵분량) 1컵 준비합니다.,https://recipe1.ezmember.co.kr/cache/recipe/2021/10/14/e76027351b82d5902c6b9cc931d075371.jpg?w=1000,,,
6966950,5,"호박, 두부, 달걀2개, 카레가루 2큰술, 소금 1티스푼 넣고 섞어줍니다. ( 카레가루가 전분과 같은 역활도 하고 맛도 몇배 맛있게 해줍니다)",https://recipe1.ezmember.co.kr/cache/recipe/2021/10/14/09cd2a11d1adbef7acda80ba3f15b8a41.jpg?w=1000,,,
6966950,6,포도씨유를 두르고 파프리카의 평평하게 잘 잘린 부분을 먼저 바닥에 닿게 놓습니다. (식용유가능),https://recipe1.ezmember.co.kr/cache/recipe/2021/10/14/71cc3a73710cc5a179d720af12e290101.jpg?w=1000,,,
6966950,7,바닥에 닿은 부분이 충분히 익었을때 뒤집어줍니다.,https://recipe1.ezmember.co.kr/cache/recipe/2021/10/14/00c7bf9c7c13908d775294921c6477111.jpg?w=1000,,,
6954909,1,재료를 준비해요. 토핑으로 잘게 썬 파프리카와 캔 옥수수를 준비했어요. 피망이나 양파를 넣으셔도 좋아요,https://recipe1.ezmember.co.kr/cache/recipe/2021/03/10/bfd425d1cb8d4c0dbac84421efc045231.jpg,,,
6954909,2,호떡믹스 한 봉에 이스트를 약간 넣고 가볍게 섞어요,https://recipe1.ezmember.co.kr/cache/recipe/2021/03/10/ec47e04f4b7ce8c618720e8fd623a2621.jpg,,,
6954909,3,"믹스 한 봉에 270g에 미지근한 물을 180ml 넣으라고 쓰여 있지만, 믹스제품마다 차이가 있고, 호떡보다는 약간 됨직하게 반죽을 해주어야 해요. 물을 조금씩 넣으면서 반죽의 정도를 조절하세요.",https://recipe1.ezmember.co.kr/cache/recipe/2021/03/10/fcce9a6f324ae94c61312b97418dda321.jpg,,,
6954909,4,주걱으로 젓다가 손으로 치대면서 고루 반죽을 해주세요,https://recipe1.ezmember.co.kr/cache/recipe/2021/03/10/e79d849a0c6f2077b2ac2bc1a165bd6c1.jpg,,,
6954909,5,반죽이 완성되면,https://recipe1.ezmember.co.kr/cache/recipe/2021/03/10/0743b9e7ad392e754adb19d4a4f1f0d61.jpg,,,
6954909,6,6등분으로 나누어 줍니다. 6개의 빵이 나오는 거에요,https://recipe1.ezmember.co.kr/cache/recipe/2021/03/10/0956766e38c00c24e9707318d13e93821.jpg,,,
6954909,7,반죽을 소세지 길이로 맞추어 납작하게 펴 주세요,https://recipe1.ezmember.co.kr/cache/recipe/2021/03/10/90110ce54a8c02367c853f9dc886e2d71.jpg,,,
6954909,8,소세지를 가운데 넣고 말아 줍니다.,https://recipe1.ezmember.co.kr/cache/recipe/2021/03/10/89f723048ce162fc6b726800d496db3a1.jpg,,,
6954909,9,가위로 아래 부분만 약간 남겨두고 1센치 간격으로 잘라 주세요,https://recipe1.ezmember.co.kr/cache/recipe/2021/03/10/6f3d960a554540b5729751f0821109671.jpg,,,
6954909,10,"자른 부분을 왼쪽, 오른쪽을 번갈아 가면서 펼쳐 주세요",https://recipe1.ezmember.co.kr/cache/recipe/2021/03/10/c5144ed547adbd658bcfb7321f9901111.jpg,,,
6954909,11,"모양을 잘 만들어 줍니다,",https://recipe1.ezmember.co.kr/cache/recipe/2021/03/10/5bfdabb74b8eebd30bacd9631c3ca95e1.jpg,,,
6954909,12,캔 옥수수와 파프리카에 마요네즈를 약간 넣고 버무려 주세요,https://recipe1.ezmember.co.kr/cache/recipe/2021/03/10/e431413c516574dd79197811d844cc5c1.jpg,,,
6954909,13,빵 위에 고루 올려 주세요,https://recipe1.ezmember.co.kr/cache/recipe/2021/03/10/0ac1d331f1f8433b5f4cdef3ad69f8d21.jpg,,,
6954909,14,모짜렐라 치즈를 위에 뿌려 주세요,https://recipe1.ezmember.co.kr/cache/recipe/2021/03/10/e225b671532a4cc22cda0cd36a016b7d1.jpg,,,
6954909,15,마요네즈와 케찹을 가늘게 뿌려 줍니다. 아이들 약병이나 지퍼백을 작게 구멍내어 짤 주머니를 만드셔도 좋아요.,https://recipe1.ezmember.co.kr/cache/recipe/2021/03/10/629822eac44244804b6855bf140021c01.jpg,,,
6954909,16,파슬리 가루 있으시면 뿌려 주세요 (생략 가능 입니다 ),https://recipe1.ezmember.co.kr/cache/recipe/2021/03/10/555f4c6053e5e32f00abafc1829f90591.jpg,,,
6954909,17,"에어프라이어에 종이호일을 깔고 위에 구워야 빵이 달라 붙지 않아요 . 180도 5분을 먼저 굽고, 온도를 130도로 줄여서 15분을 구워주세요. 센불에만 오래 구우면 겉은 타고 반죽은 익지 않아요 에어프라이어",https://recipe1.ezmember.co.kr/cache/recipe/2021/03/10/1490708ee087866fa897620e112c96bf1.jpg,강불,300,
6954909,18,"완성된 호떡믹스 소세지빵이에요. 에어프라이어와 호떡믹스, 재료만 준비하면 누구든 쉽게 홈베이킹으로 맛있는 소세지빵을 만들 수 있어요.",https://recipe1.ezmember.co.kr/cache/recipe/2021/03/10/e5f7e4b1987638e6a03fa454e13e8d221.jpg,,,
6954909,19,사 먹는 소세지빵 맛 못지 않게 너무 맛있어요. 아이도 어른에게도 인기만점이랍니다 ^^ 아이들과도 맛있게 만들어 보세요 베이킹 못하는 저도 성공한 호떡믹스 소세지빵이랍니다 ^^,https://recipe1.ezmember.co.kr/cache/recipe/2021/03/10/db5078cb3a9cfd8b7bcda9b857f3a2191.jpg,,,
6874259,1,등갈비는 30분이상 물에 담가 핏물을 빼주세요,https://recipe1.ezmember.co.kr/cache/recipe/2017/08/07/cb25019d61e2e12b6e183ca341d0ab071.jpg?w=1000,,1800,
6874259,2,등갈비가 잠기도록 물을 붓고 10분 정도 삶아주세요.물이 끓기 시작하면 맛술 1/2컵을 넣어주세요,https://recipe1.ezmember.co.kr/cache/recipe/2017/08/07/97bcc97020a1a6dabe38749d55b1dd551.jpg?w=1000,,600,
6874259,3,"그사이 새송이버섯,양파를 손질해 썰어줍니다.양파는 되도록 가늘게 채썰어주세요 버섯 손질법 레시피",https://recipe1.ezmember.co.kr/cache/recipe/2017/08/07/9bad712b041198bcdedc5f2ce30ded381.jpg,,,
6874259,4,"양념은 미리 만들어둘 필요는 없지만 전 초벌 삶을동안 미리 만들었답니다.진간장 1/3컵,맛술 1/3컵,물엿 1/3컵,고운 고춧가루 3스푼,고추장 2스푼,설탕 2스푼,다진 마늘 1스푼을 잘 섞은후 송송 썬 대파도 넣어줬어요",https://recipe1.ezmember.co.kr/cache/recipe/2017/08/07/96250b1a45ba65c695d0a1f33cca40a31.jpg?w=1000,,,
6874259,5,10분동안 초벌한 등갈비는 깨끗하게 씻어서 냄비에 담아줍니다(백선생은 등갈비 12쪽을 쓰셨어요.이건 좀 작은듯하여 15쪽을 썼습니다),https://recipe1.ezmember.co.kr/cache/recipe/2017/08/07/b0a070673b37633b0b7dca4eac8e006b1.jpg?w=1000,,600,
6874259,6,등갈비 위에 가늘게 채 썬 양파를 올리고 미리 만들어둔 양념을 넣고 물 4컵을 넣어줍니다.이제 40분간 조려줍니다,https://recipe1.ezmember.co.kr/cache/recipe/2017/08/07/b72277624a2d8c1c47d76847a2266cd31.jpg?w=1000,,2400,
6874259,7,떡은 미리 데쳐놓거나 뜨거운물에 담가 준비해주세요(냉동떡이라 이렇게 했어요.말랑한떡이라면 필요없는 순서죠^^;;),https://recipe1.ezmember.co.kr/cache/recipe/2017/08/07/5a9edbb97e0e32d0245109475832cbfd1.jpg?w=1000,,,
6874259,8,"등갈비가 익고 국물이 거의 졸면 새송이버섯,떡을 넣어 익혀주세요",https://recipe1.ezmember.co.kr/cache/recipe/2017/08/07/1363de62a8a212d1dbd302c4229f4e6a1.jpg?w=1000,,,
6874259,9,그리고 송송 썬 청양고추를 넣어주세요(백선생은 고추를 넣지않으셨는데요... 좀 더 맵게 먹고 싶어 청양고추를 추가했답니다~입맛에 맞게 가감하셔요^^;;),https://recipe1.ezmember.co.kr/cache/recipe/2017/08/07/8fafd46cc7d4137005aed12cbb949d431.jpg?w=1000,,,
6874259,10,떡이 익으면 모짜렐라치즈를 원하는만큼 올려주세요,https://recipe1.ezmember.co.kr/cache/recipe/2017/08/07/58821fae929967b6b10d7429621ff2521.jpg?w=1000,,,
6874259,11,치즈가 녹으면 파슬리가루 솔솔 뿌려줍니다(백선생은 송송 썬 대파를 올리셨어요),https://recipe1.ezmember.co.kr/cache/recipe/2017/08/07/7e2325bbf32c8dc719aaa8018296d1e11.jpg?w=1000,,,
6896872,1,버터와 다진마늘을 전자렌지에 20초간 돌린후 섞는다. 전자레인지,https://recipe1.ezmember.co.kr/cache/recipe/2018/10/01/422f9d195a174c29a46f58bcc5c21cce1.png?w=1000,,20,
6896872,2,꿀을 넣고 섞는다.,https://recipe1.ezmember.co.kr/cache/recipe/2018/10/01/4117d6a284886c5922d566a0cd4fad571.png?w=1000,,,
6896872,3,식빵의 가운데를 눌러준다.,https://recipe1.ezmember.co.kr/cache/recipe/2018/10/01/948e79831f1eff814688537a636504d81.png?w=1000,,,
6896872,4,만들어둔 버터소스를 바른다.,https://recipe1.ezmember.co.kr/cache/recipe/2018/10/01/2b36386f5f10eba8e687b347d8d0f2b61.png?w=1000,,,
6896872,5,치즈를 뿌린다.,https://recipe1.ezmember.co.kr/cache/recipe/2018/10/01/b8e29c3f3f4b1a4126f663077fcf9e401.png?w=1000,,,
6896872,6,다른식빵에도 소스를 바른다.,https://recipe1.ezmember.co.kr/cache/recipe/2018/10/01/ed6f8b3b229117401f4b14c1d7acf2b41.png?w=1000,,,
6896872,7,식빵 2개를 겹쳐 덮은후 위에 소스를 바른다.,https://recipe1.ezmember.co.kr/cache/recipe/2018/10/01/a47e8724379a8e97be8e7b67664ea66e1.png?w=1000,,,
6896872,8,치즈를 올려 전자렌지에 2~3분간 돌린다.,https://recipe1.ezmember.co.kr/cache/recipe/2018/10/01/6aa9464a6a60150ed08646f6c12913161.png?w=1000,,180,
6896872,9,파슬리가루를 뿌린다.,https://recipe1.ezmember.co.kr/cache/recipe/2018/10/01/f8608c69842897b10d9abf7db504c5541.png?w=1000,,,
6896872,10,꿀을 뿌려 완성한다.,https://recipe1.ezmember.co.kr/cache/recipe/2018/10/01/efae41461a77de6740a059336ecb454c1.png?w=1000,,,
6685679,1,어묵은 1장 또는 1장 반을 준비해 주세요. 여자기준 으로는 1장 이면 충분한거같구요. 남자 1인분 기준으로는 1장반 정도 있어야 할거같아요. 양파는 반개 준비해 주었어요.,https://recipe1.ezmember.co.kr/cache/recipe/2015/04/16/764dc66ef7276fb8151c153638bda9c31.jpg,,,
6685679,2,먹기좋은 크기로 양파와 어묵을 잘라주었습니다. 잘라준 어묵은 뜨거운물에 살짝 데쳐서 겉부분에 기름기를 살짝 제거해 주세요 저는 그냥 정수기 뜨거운 물로~,https://recipe1.ezmember.co.kr/cache/recipe/2015/04/16/186f5d87bb2cc0b69fcb9d7612bacedf1.jpg,,,
6685679,3,양념장 준비해 주었습니다. 분량은 위에 참고해주세요 여자 기준은 밥숟가락으로 적당히1스푼 남자밥 기준으로는 밥숟가락 듬뿍 1스푼 정도로 넣어주시면 간 맞을거 같아요. 양념장은 넉넉히 만들어서 나중에 조절해서 넣어주셔도 좋아요.,https://recipe1.ezmember.co.kr/cache/recipe/2015/04/16/f90ae395995b0fb6b3b07a70b6c21c131.jpg,,,
6685679,4,계란후라이를 먼저 준비해 주세요 그래야 후라이팬을 갈지않고 한번에 조리할수 있으니 말이죠. 노른자 살려서 흰자만 익혀서 준비해 주세요. 이렇게 매콤한 덮밥에는 노른자 톡 터트려 먹어야 맛있거든요.,https://recipe1.ezmember.co.kr/cache/recipe/2015/04/16/5b5e3cb7b8c10cd03a46ee765fdd219c1.jpg,,,
6685679,5,계란을 따로 담아놓고 기름이 적당히 두른 상태에서 이렇게 양파를 먼저 볶아주세요 양파의 단맛이 충분히 날때까지 볶아줍니다. 그리고 어묵을 넣어주었습니다.,https://recipe1.ezmember.co.kr/cache/recipe/2015/04/16/249eab32a3d63282b6ca945df19c55931.jpg,,,
6685679,6,어묵넣고 만들어둔 양념장과 여기에 물을 5스푼 정도 자작하게 넣어주세요 물이 꼭 들어가야 합니다. 덮밥은 촉촉하게 뿌려먹어야 맛있거든요.,https://recipe1.ezmember.co.kr/cache/recipe/2015/04/16/1bf122f2e0a08197751ff34b22262d671.jpg,,,
6685679,7,밥 먹을만큼 담아주고 만들어둔 소스 올리고 여기에 계란 올려주면 완성~~ 참 통깨도 살짝 뿌려주었어요.,https://recipe1.ezmember.co.kr/cache/recipe/2015/04/16/c26e7ebcbe2af08cd3267287884ffef21.jpg,,,
6934142,1,"튜브형 연겨자 2큰술, 레몬즙or식초 질질 1큰술, 설탕 1큰술, 올리고당 1큰술, 다진마늘 1커피스푼, 소금 한꼬집을 넣고 겨자소스를 만들어 주세요.",https://recipe1.ezmember.co.kr/cache/recipe/2020/06/10/fa85992cc6706da8f9d3988bbc0c9ff41.jpg,,,
6934142,2,끓는 물에 숙주를 20초 내외로 데친 뒤 재빨리 찬물에 헹궈 물기를 빼주세요. 30초를 넘게 되면 시들시들 아삭아삭 식감이 사라진답니다.,https://recipe1.ezmember.co.kr/cache/recipe/2020/06/10/459eb56adb5ab38d666a6ef3fe8f29f11.jpg?w=1000,,20,
6934142,3,오이를 채썰어 주세요.,https://recipe1.ezmember.co.kr/cache/recipe/2020/06/10/4651330b69116f7337f1495faaab2e591.jpg?w=1000,,,
6934142,4,크래미 또는 맛살을 찢어주세요.,https://recipe1.ezmember.co.kr/cache/recipe/2020/06/10/470cefa21830ce630dbb084eda5c04b11.jpg?w=1000,,,
6934142,5,칵테일새우는 뜨거운 물에 살짝 데쳐주세요.,https://recipe1.ezmember.co.kr/cache/recipe/2020/06/10/8aaffb63395bc3a95aa7ca204f732e8f1.jpg?w=1000,,,
6934142,6,"큰 볼에 데친 숙주, 채썬 오이, 찢은 크래미, 데친 새우를 담아주세요.",https://recipe1.ezmember.co.kr/cache/recipe/2020/06/10/4fb3c58967ebc388573fe9f5024744351.jpg?w=1000,,,
6934142,7,후춧가루 톡톡톡!,https://recipe1.ezmember.co.kr/cache/recipe/2020/06/10/cb364101ddf175a68b81ae7f07a3d5dc1.jpg?w=1000,,,
6934142,8,겨자소스를 붓고 조물조물 해주기만 하면 여름철 별미 냉채 완성!,https://recipe1.ezmember.co.kr/cache/recipe/2020/06/10/8fc4ed768c6f7fabb4e9784bd03f44941.jpg?w=1000,,,
6905452,1,"애호박,참치캔을 준비해요",https://recipe1.ezmember.co.kr/cache/recipe/2019/01/28/2bfb5c00651b8c5bcd221a06702c4da51.jpg,,,
6905452,2,"달군 팬에 호박넣고 굴소스,마늘을 넣어요",https://recipe1.ezmember.co.kr/cache/recipe/2019/01/28/17c9c5e11f79b2b80e9f791aed09b2201.jpg,,,
6905452,3,골고루 잘 볶아요 70%정도 익었을때,https://recipe1.ezmember.co.kr/cache/recipe/2019/01/28/d3d4a4ed062ea24da2b46e3d5150437a1.jpg,,,
6905452,4,양파 깍두기모양으로 썬것과 참치캔을 넣어서 볶아요,https://recipe1.ezmember.co.kr/cache/recipe/2019/01/28/6ad104ede6bdaecc6d34f54620a00e2d1.jpg?w=1000,,,
6905452,5,골고루 잘 섞으면 끝입니다 부족한 간은 소금으로 해요,https://recipe1.ezmember.co.kr/cache/recipe/2019/01/28/7c4cd9aae3be5bcc8060b5efbc16e6ab1.jpg,,,
6905452,6,예쁘게 담아요,https://recipe1.ezmember.co.kr/cache/recipe/2019/01/28/d106c08695f3c93582d9af558c5820291.jpg,,,
7072609,1,계란 4개 삶아주고 얼음물에 담궈 열기를 식혀 주세요,https://recipe1.ezmember.co.kr/cache/recipe/2026/03/05/16d7fc4454909b7e7de03b03e5ae49eb1.jpg,,,
7072609,2,껍질을 벗겨 주세요,https://recipe1.ezmember.co.kr/cache/recipe/2026/03/05/653c238e5d6f49cee4cd653c8a32dd121.jpg,,,
7072609,3,계란은 반으로 썰어 주세요 물은 계란이 잠길만큼 적당히 부어 주세요,https://recipe1.ezmember.co.kr/cache/recipe/2026/03/05/107dcca32d3c88a1cbf36a89cf55b4bb1.jpg,,,
7072609,4,쪽파 2줄기 양파 1/4개,https://recipe1.ezmember.co.kr/cache/recipe/2026/03/05/ab44ccb9cb04eb3a310c906d1c4cb5c61.jpg,,,
7072609,5,맛간장 2큰술 코인육수 1알,https://recipe1.ezmember.co.kr/cache/recipe/2026/03/05/f96f10fc4cd16f0e35b08de02c0d94b41.jpg,,,
7072609,6,코인육수가 녹을때까지 끓여 주세요,https://recipe1.ezmember.co.kr/cache/recipe/2026/03/05/1ca57450cc29e83b8244785e5f201aa41.jpg,,,
7072609,7,계란장조림이 완성되면 깨를 뿌려 마무리~ 짜지않고 적당한 간장 베이스로 만든 밥도둑 메뉴 맛있게 만들어 드세요,https://recipe1.ezmember.co.kr/cache/recipe/2026/03/05/9785db028f436efda7502008e130389c1.jpg,,,
6880695,1,배추 반포기를 다?! 노노~~ 배추잎 5장 정도 뜯어서 칼로 먹기 좋게 썰어줍니다,https://recipe1.ezmember.co.kr/cache/recipe/2017/12/09/1681cf364f198f4a84edca1ae02931a81.jpg,,,
6880695,2,대파도 송송~,https://recipe1.ezmember.co.kr/cache/recipe/2017/12/09/252fd56722232bb50885509f0127f2251.jpg,,,
6880695,3,집에 국거리 소고기가 있어서 함께 넣고 끓여줄꺼에요 고기+다진마늘 반스푼+국간장 반스푼 +맛술 혹은 소주 반스푼 조물조물~,https://recipe1.ezmember.co.kr/cache/recipe/2017/12/09/53c685f4887c7c94d06573e20a7cee8c1.jpg,,,
6880695,4,잠시 대기!!!,https://recipe1.ezmember.co.kr/cache/recipe/2017/12/09/35ab963a257703e055dee27c2611ae471.jpg,,,
6880695,5,쌀뜨물로 육수를 대신합니다 바글바글 끓기 시작하면,https://recipe1.ezmember.co.kr/cache/recipe/2017/12/09/43856ed943ac7e8109b472057de68a591.jpg,,,
6880695,6,썰어둔 배추잎과 대파를 넣어줍니다 대파는 마지막에 넣으셔도 되는데 딸아이가 푹~익은 대파를 좋아해서 전 미리 넣어줬어요,https://recipe1.ezmember.co.kr/cache/recipe/2017/12/09/3806bea72a4c2de188ff318669f665c71.jpg,,,
6880695,7,물이 끓기 시작하면 집된장 한스푼 시판된장 한스푼 된장국의 간은 소금과 국간장이 아닌 된장으로 하는거라는 집밥 백선생님 말대로~ 싱거우면 된장을 더 넣어주시고 짜면 물을 더 부워주시면 되요~ 집된장의 씁쓸한 맛이랄까 이건 설탕 3꼬집 정도 넣으면 잡히더라구요,https://recipe1.ezmember.co.kr/cache/recipe/2017/12/09/34e9c1be6650704ba562de0adf254dfa1.jpg,,,
6880695,8,된장풀고 재어둔 고기를 넣어줍니다,https://recipe1.ezmember.co.kr/cache/recipe/2017/12/09/3a765d0af3bccad2e024cd41327d7fc81.jpg,,,
6880695,9,바글바글 끓기 시작하면 불순물들이 떠오르는데 스푼으로 제거해주세요~,https://recipe1.ezmember.co.kr/cache/recipe/2017/12/09/4b5f2fcf778941f09e492e1b7869b6ab1.jpg,,,
6880695,10,"10분~15분 정도 중약불로 끓인뒤 드시면 됩니다 저는 전날 저녁에 이렇게 끓여 놓고 다음날 아침,점심,저녁~ 먹고 있어요 그럼 정~말 맛있어요!! 우리나라 국고 찌개는 오래 끓일수록 맛있다는말 완전 공감♡",https://recipe1.ezmember.co.kr/cache/recipe/2017/12/09/927a33dcef2d80ac11cc65f2804d93c31.jpg,약불,600,
6880695,11,야들야들~ 푹~ 익은 배추는 입에 넣으면 쉽게 뭉개지면서 달큰한 맛이 납니다 이래서 우리 딸아이도 입을 쩍쩍~ 벌리며 잘 받아 먹나봐요,https://recipe1.ezmember.co.kr/cache/recipe/2017/12/09/afc824caa471234a5ddcadab09a103431.jpg,,,
7020842,1,목살은 한 입 크기로 잘라요.,https://recipe1.ezmember.co.kr/cache/recipe/2024/02/26/360c60a83b41c517fff40d2cd9763bba1.jpg?w=1000,,,
7020842,2,마늘은 끝부분을 잘라서 손질해요. 마늘 손질법 레시피,https://recipe1.ezmember.co.kr/cache/recipe/2024/02/26/e0ca0f65cc732a1eac30622e64df69a81.jpg?w=1000,,,
7020842,3,"고기에 소금, 후추, 맛술을 넣어 버무려 10분정도 재워둬요.",https://recipe1.ezmember.co.kr/cache/recipe/2024/02/26/d7fc3a7baab68c1eff42de84b1fb5b211.jpg?w=1000,,600,
7020842,4,분량의 간장양념을 섞어 양념장을 만들어요.,https://recipe1.ezmember.co.kr/cache/recipe/2024/02/26/ec5927f0a4d53ea8ca5e4bb8600185d01.jpg?w=1000,,,
7020842,5,양념된 고기 겉면에 전분가루를 코팅시켜요.,https://recipe1.ezmember.co.kr/cache/recipe/2024/02/26/eec2e1ff323704096a4292c6a8d8e3f81.jpg?w=1000,,,
7020842,6,팬에 식용유를 두르고 통마늘을 골고루 익혀요.,https://recipe1.ezmember.co.kr/cache/recipe/2024/02/26/a5d2e5c140c262a8e79d8566d64f427e1.jpg?w=1000,,,
7020842,7,마늘 겉면이 적당히 익으면 고기를 넣어 함께 구워요.,https://recipe1.ezmember.co.kr/cache/recipe/2024/02/26/7785b303597e97954febfc33ae14bcb81.jpg?w=1000,,,
7020842,8,고기가 절반정도 익으면 간장양념을 넣고 강불에서 졸여요.,https://recipe1.ezmember.co.kr/cache/recipe/2024/02/26/f1f6a7a63201caa19d82136f5952889d1.jpg?w=1000,강불,,
7020842,9,페퍼론치노를 넣고 볶아 완성해요.,https://recipe1.ezmember.co.kr/cache/recipe/2024/02/26/84f0d244db39ce43968ab062990f8f7d1.jpg?w=1000,,,
6974604,1,미역은 30분간 담가서 불린후 먹기 좋은 크기로 썰어 주세요.,https://recipe1.ezmember.co.kr/cache/recipe/2022/02/15/df047a2ada7bf48281361c5c7acf82101.jpg,,1800,
6974604,2,오이는 손가락 길이만큼 썰어 주세요.,https://recipe1.ezmember.co.kr/cache/recipe/2022/02/15/c9f9df6a9584031563dc42c6baaea83a1.jpg,,,
6974604,3,껍질을 얇게 벗겨 주세요.,https://recipe1.ezmember.co.kr/cache/recipe/2022/02/15/ed0eeeb74b3133fa0ed7c5d217556fa11.jpg,,,
6974604,4,가늘게 채썰어 주세요.,https://recipe1.ezmember.co.kr/cache/recipe/2022/02/15/f006cd9972db281e210ebc064989b8ee1.jpg,,,
6974604,5,무도 채썰어 주세요.,https://recipe1.ezmember.co.kr/cache/recipe/2022/02/15/b0b35f623ba008f5f3bb296f462efad81.jpg,,,
6974604,6,맛살은 반으로 썰어 가늘게 찢어 놓아요.,https://recipe1.ezmember.co.kr/cache/recipe/2022/02/15/4854dd8f18fa989e751a03a70d8f5ef71.jpg,,,
6974604,7,"오이,무,맛살을 길이가 똑같이 준비해 주세요.",https://recipe1.ezmember.co.kr/cache/recipe/2022/02/15/8d185e04162e607b927b96c6aad1b1081.jpg,,,
6974604,8,"식초,매실액,설탕,소금,연겨자,다진마늘을 섞어 양념장을 만들어 주세요.",https://recipe1.ezmember.co.kr/cache/recipe/2022/02/15/751b4cac7d3d1eab4a15c4adde155df81.jpg,,,
6974604,9,"미역,무,오이 썰어 놓은것에 양념장을 부어 무쳐 주세요.",https://recipe1.ezmember.co.kr/cache/recipe/2022/02/15/72d0e439d2d1cf58ae829be2eb03cfa61.jpg,,,
6974604,10,맛살도 넣어 함께 골고루 무쳐 주면 완성이예요.,https://recipe1.ezmember.co.kr/cache/recipe/2022/02/15/b21c4bcc0626686e6e5e7926b93920761.jpg,,,
6974604,11,"냉장고 넣었다가 시원하게 먹으면 더 맛있어요, 새콤달콤 건강한 맛이랍니다.",https://recipe1.ezmember.co.kr/cache/recipe/2022/02/15/3b23e06eb969b1dce971a94f6a9ec9721.jpg,,,
6889370,1,"분량의 재료를 준비해주세요. 연두부는 먹기 좋은 크기로 썰고 양파는 채 썰어주세요. 연두부 1모, 달걀 2알, 양파 1/4개",https://recipe1.ezmember.co.kr/cache/recipe/2018/05/23/5d6341d1b93876c83626ab5d4f493f761.jpg,,,
6889370,2,"달걀 2알은 소금 한꼬집 넣어 잘 풀어주세요. 달걀 2알, 소금 한꼬집",https://recipe1.ezmember.co.kr/cache/recipe/2018/05/23/4460e7d4cabb3df24fe7973d5d4f45f11.jpg,,,
6889370,3,새우젓 1t는 종종 다져서 준비해주세요. 새우젓 1t,https://recipe1.ezmember.co.kr/cache/recipe/2018/05/23/f142c9aa5893b981ec3b8c5b2a1fa7501.jpg,,,
6889370,4,"냄비에 물 약 500ml를 넣고 멸치, 다시마를 넣어 센불에서 끓이다 끓어오르면 중약불로 줄여 약 10분간 더 끓여주세요. 물 500ml, 멸치, 다시마 센불-중약불",https://recipe1.ezmember.co.kr/cache/recipe/2018/05/23/21ddc00f2b0f1125c97275e076f776f11.jpg,약불,600,
6889370,5,"약 10분 후, 다시마는 건져내고 채 썬 양파를 넣어 센불에서 약 3분간 끓여주세요. 채 썬 양파 센불",https://recipe1.ezmember.co.kr/cache/recipe/2018/05/23/e96c8734e03dbcf1fc2ae4e94c2fc66f1.jpg,강불,600,
6889370,6,그 다음 연두부를 넣어주세요. 연두부 센불,https://recipe1.ezmember.co.kr/cache/recipe/2018/05/23/16f90f48468efa6c54afa6745c4e8f1b1.jpg,강불,,
6889370,7,끓어오르면 다진 새우젓 1t를 넣어주세요. 다진 새우젓 1t 센불,https://recipe1.ezmember.co.kr/cache/recipe/2018/05/23/d3fe0c1abe695c402de723b79fdf275b1.jpg,강불,,
6889370,8,송송 썬 대파도 넣어주세요. 그리고 멸치는 이 단계에서 건져주세요! 송송 썬 대파 센불,https://recipe1.ezmember.co.kr/cache/recipe/2018/05/23/0392bac7ae9d1e0c5f398c55845deef11.jpg,강불,,
6889370,9,그 다음 약불로 줄이고 달걀물을 원을 그려가며 넣고 달걀 2알 약불,https://recipe1.ezmember.co.kr/cache/recipe/2018/05/23/35f0e93d183f935cfa19d303956238361.jpg,약불,,
6889370,10,불 끄고 냄비 뚜껑 덮어서 약 2-3분간 뜸들여 주세요.,https://recipe1.ezmember.co.kr/cache/recipe/2018/05/23/0d0281cc09940d05483402295fdf820a1.jpg,,180,
6889370,11,"약 2-3분 후, 달걀이 익으면 부족한 간을 소금이나 새우젓으로 맞추면 완성입니다:) 소금, 새우젓",https://recipe1.ezmember.co.kr/cache/recipe/2018/05/23/ea280d46b9281e25a8a235a2b0c6850b1.jpg,,180,
6963453,1,배추김치 반 포기이구요. 김치가 맛이 잘 들어서 아주 맛있답니다. 저는 오늘은 이 김치의 양념을 씻어 내고 사용할 건데요.,https://recipe1.ezmember.co.kr/cache/recipe/2021/08/17/5033860b5d1c376bc87f2b2f2396ab911.jpg,,,
6963453,2,신 김치는 씻어서 손으로 짜서 물기를 제거해 주세요.,https://recipe1.ezmember.co.kr/cache/recipe/2021/08/17/1bb266e02474e2103f93116d88bda3591.jpg,,,
6963453,3,양파 와 파프리카는 채 썰어 주세요.,https://recipe1.ezmember.co.kr/cache/recipe/2021/08/17/d63059a67a396abfa62ad3980e9f8b8b1.jpg,,,
6963453,4,훈제 오리는 웍에다 볶아 익혀서,https://recipe1.ezmember.co.kr/cache/recipe/2021/08/17/2628877b973060eabadb55788f1e397f1.jpg,,,
6963453,5,그릇에 옮겨 담아 주세요.,https://recipe1.ezmember.co.kr/cache/recipe/2021/08/17/e510a12d51ffa241af9b9ebb676e0ccd1.jpg,,,
6963453,6,오리를 건져낸 기름에 양파를 볶아 주세요. 기름에 간이 배어있기 때문에 아무것도 넣지 말고 볶아 주세요.,https://recipe1.ezmember.co.kr/cache/recipe/2021/08/17/4ff4a09b116a83c27fb5e9c7a91a6ae71.jpg,,,
6963453,7,파프리카는 수분이 많이 나오기 때문 에 기름 없이 소금 한 꼬집을 넣어 볶아 다 익으면 참기름 2/3 큰 술을 넣어 버무려 주세요.,https://recipe1.ezmember.co.kr/cache/recipe/2021/08/17/7199fa6c5ff7c405829a7b7f7ed25c751.jpg,,,
6963453,8,볶은 야채들은 그릇에 담아 준비해 두세요.,https://recipe1.ezmember.co.kr/cache/recipe/2021/08/17/0eb5059b785de1352f4734a4163b27f91.jpg,,,
6963453,9,말이를 할 밥은 너무 질면 맛이 없어 서 김밥이나 말이를 할 때는 질지 않게 적당하게 밥을 잘 해야 해요. 밥을 지으실 때 물 조절을 잘 해 주세요. 저는 밥이 적당하게 잘 되었 더라구요. 밥에다 소금 한 꼬집과 깨소금 한 큰 술,https://recipe1.ezmember.co.kr/cache/recipe/2021/08/17/63cecd27a8cefd66a7d7008c1b1022ad1.jpg,,,
6963453,10,참기름 1 큰 술 넣어 밥을 비벼 주세요. (오리와 김치에 간이 충분하기 때문에 아주 약하게 간을 해 줘도 충분 하답니다.),https://recipe1.ezmember.co.kr/cache/recipe/2021/08/17/7b7c7118ed358417930efdabab1a4e3b1.jpg,,,
6963453,11,재료 준비가 다 되었으니 말아 보도록 할게요. 김치를 겹치도록 해서 큰 것은 세 장 정도 작은 것은 네 장씩 사용해서 잘 펴가며 깔아 주세요.,https://recipe1.ezmember.co.kr/cache/recipe/2021/08/17/f3063f0796467f17d97d6538ca611b7a1.jpg,,,
6963453,12,적당량의 밥을 올려 얇게 펴 주세요.,https://recipe1.ezmember.co.kr/cache/recipe/2021/08/17/41e7a3a1a049bb6386db1e0da83072b11.jpg,,,
6963453,13,다음은 깻잎 두 장을 올려 주시구요.,https://recipe1.ezmember.co.kr/cache/recipe/2021/08/17/bb4c468626a34a21614e62cb807453c71.jpg,,,
6963453,14,오리고기를 듬뿍 올려 주세요. 이것보다 더 올려도 좋아요.,https://recipe1.ezmember.co.kr/cache/recipe/2021/08/17/37ab7de12391bd66e4d21b363ce9837c1.jpg,,,
6963453,15,양파와 파프리카도 올려주세요.,https://recipe1.ezmember.co.kr/cache/recipe/2021/08/17/37e20858c6ad3a3b247d7868a2a787941.jpg,,,
6963453,16,예쁘게 잘 말아 주세요.,https://recipe1.ezmember.co.kr/cache/recipe/2021/08/17/f7fc23de6c92d2824e07483af0bd2b591.jpg,,,
6963453,17,나머지도 다 말아 주세요.,https://recipe1.ezmember.co.kr/cache/recipe/2021/08/17/8026362ee5c6a6c317d382d302e3a6d71.jpg,,,
6963453,18,이렇게 해서 맛있는 오리고기 묵은지 말이를 완성했네요~~,https://recipe1.ezmember.co.kr/cache/recipe/2021/08/17/e028b6027a2a386b1b528f57b0d73a8a1.jpg,,,
6963453,19,오리고기가 단백질이 풍부해서 야채를 더 듬뿍 넣어 말이를 하면 다이어트에도 도움이 될 것 같아요.,https://recipe1.ezmember.co.kr/cache/recipe/2021/08/17/ca10805a5d99326f7cb0ec460af403811.jpg,,,
6963453,20,오리고기가 묵은지랑 조합이 아주 좋은 건 드셔보신 분들은 다 알고 계실 거라고 생각이 되네요.,https://recipe1.ezmember.co.kr/cache/recipe/2021/08/17/dfb8929c57546253f0c4a72ee193a2061.jpg,,,
6963453,21,이건 지난번에 다이어트식으로 만든 건데 보리쌀과 모든 잡곡을 넣어 야채와 오리고기의 량을 더 늘여서 만들었던 것이랍니다.,https://recipe1.ezmember.co.kr/cache/recipe/2021/08/17/d3b3c8b571972137299cc07dec72b0a71.jpg,,,
6963453,22,묵은지와 오리고기 야채들 조합이 굉장히 좋구요. 풍미도 식감도 아주 좋아요.,https://recipe1.ezmember.co.kr/cache/recipe/2021/08/17/e615027c8bde0e39c37c62820580d5161.jpg,,,
6963453,23,기호에 따라 오리고기의 양과 야채의 양을 조절해 넣으시면 될 것 같아요.,https://recipe1.ezmember.co.kr/cache/recipe/2021/08/17/13ab0c10f51472a9899dca2f6f4afffd1.jpg,,,
6963453,24,이 사진은 예전에 찍어 둔 것 이구요. 이건 밥 보다 깻잎을 먼저 깔았네요. 이것두 보리쌀과 잡곡을 듬뿍 넣어 지은 밥을 넣어 말았구요. 소풍 도시락으로도 너무 좋을 것 같구요. 야채를 더 듬뿍 넣어 다이어트 식사 로도 강추 하고 싶네요.,https://recipe1.ezmember.co.kr/cache/recipe/2021/08/17/b87050a68ecc8ff2b4427d38ebe78d8f1.jpg,,,
6963453,25,묵은지와 오리고기를 활용해서 레시 피를 만들어 봤는데요. 오리고기의 풍성한 맛과 묵은지의 개운하고 아삭 이는 식감이 자꾸 젓가락이 가게 되네요. 이웃님들에게도 자신 있게 권해 드릴 수 있겠네요~ 이 메뉴도 강추 합니다:),https://recipe1.ezmember.co.kr/cache/recipe/2021/08/17/b77b885a817da8ec4e262b6a3b54b80f1.jpg,,,
6938068,1,계란은 8개 준비해 주세요. 계란말이가 어느정도 도톰해야 케이크 모양이 예쁘게 나오기 때문에 6개 이상 사용하시는게 좋아요. 넓은볼 두개를 준비해 계란 흰자와 노른자를 나눠줍니다.,https://recipe1.ezmember.co.kr/cache/recipe/2020/07/30/31f5da044b8417df3f2683d8c90c797d1.jpg?w=1000,,,
6938068,2,"계란흰자, 노른자에 위 분량만큼 맛소금, 설탕, 참기름을 넣고 젓가락으로 잘 섞어줍니다. 흰자는 알끈을 잘 풀어가며 섞어주세요. 참기름은 노른자에만 넣어줍니다",https://recipe1.ezmember.co.kr/cache/recipe/2020/07/30/7b6e6245baee7a80e17b641a3ea3cd171.jpg?w=1000,,,
6938068,3,"당근, 피망, 양파, 파는 잘게 잘게 다져줍니다. 약간의 색감을 위한거라 1스푼정도 씩이면 충분해요. 꼭 이재료가 아니더라도 냉장고에 있는 색감있는 자투리 야채 활용해주시면 됩니다^^",https://recipe1.ezmember.co.kr/cache/recipe/2020/07/30/260910a8fff0f3c8a9c901cb9555b53c1.jpg?w=1000,,,
6938068,4,잘게다진 야채는 흰자에 모두 넣고 잘 섞어줍니다. 야채는 노른자에 넣지 않아요!! 흰자에 모두 넣어주세요.,https://recipe1.ezmember.co.kr/cache/recipe/2020/07/30/08a499bb22df08a9c82b24450facbe391.jpg?w=1000,,,
6938068,5,계란말이 팬에 기름을 살짝 두르고 사진처럼 키친타올로 닦아주세요. 계란말이는 기름양과 불조절이 제일 중요해요.,https://recipe1.ezmember.co.kr/cache/recipe/2020/07/30/b932086434b5b8a6928be5889410e3c51.jpg?w=1000,,,
6938068,6,키친타올로 닦아내고 이 사진처럼 팬에 살짝 묻어있는 정도의 양만 남겨주세요. 도톰하게 하려고 팬의 좁은면을 앞으로 오게 해서 만들었어요. 기름이 너무 많거나 불이 세면 계란이 튀겨지기 때문에 모양이 울퉁불퉁 하거나 겉면이 노릇노릇해져요,https://recipe1.ezmember.co.kr/cache/recipe/2020/07/30/2821b6a738afffeac3fac0e2be5f58431.jpg?w=1000,,,
6938068,7,팬이 예열되면 불을 제일 약한불로 줄여주세요. 계란 흰자부터 붓고 끝에서 부터 돌돌 말아주세요. 약불 야채는 한군데 뭉치지 않고 고르게 잘 펴지게 해주세요.,https://recipe1.ezmember.co.kr/cache/recipe/2020/07/30/8ab9a52069dc5377634ea3e2e76276c41.jpg?w=1000,약불,,
6938068,8,끝까지 돌돌 말고 팬 빈공간에 다시 기름을 살짝 두르고 키친타올로 닦아서 팬에 살짝 묻어있는 정도만 남겨주세요.,https://recipe1.ezmember.co.kr/cache/recipe/2020/07/30/8441392ba80087ff0f599daa839200ed1.jpg?w=1000,,,
6938068,9,빈공간에 남은 흰자를 또 붓고 이어서 말아줍니다. 계란을 이을때 말아두었던 계란과 새로부은 계란 사이에 틈이 있을경우 계란말이가 끊기니 사진처럼 빈공간이 없도록 계란물을 채워주세요.,https://recipe1.ezmember.co.kr/cache/recipe/2020/07/30/fd8b56e55fa973561a865dafab88364f1.jpg?w=1000,,,
6938068,10,위과정을 반복하며 말아주고 흰자를 다 썼으면 노른자를 흰자에 이어 부어 말아줍니다.,https://recipe1.ezmember.co.kr/cache/recipe/2020/07/30/66384489b04a98a2cac45d7770bf85f11.jpg?w=1000,,,
6938068,11,흰자보다 노른자 양이 적어서 부족할수 있으니 알뜰이 주걱 같은걸로 싹싹 긁어서 알뜰하게 사용해주세요.,https://recipe1.ezmember.co.kr/cache/recipe/2020/07/30/9ea2248a3dda689afc8eab9927c8f6ed1.jpg?w=1000,,,
6938068,12,끝까지 돌돌 말아주고 팬 벽면에 붙여서 뒤집개로 살짝 눌러서 각을 잡아줍니다.,https://recipe1.ezmember.co.kr/cache/recipe/2020/07/30/4d3393dd33b8930ca0d07f1dfc90f1fc1.jpg?w=1000,,,
6938068,13,좁은양옆면은 이렇게 세워서 각을 잡아주세요.,https://recipe1.ezmember.co.kr/cache/recipe/2020/07/30/530e30ab6b75c879bd00a3c428c706ac1.jpg?w=1000,,,
6938068,14,완성된 계란말이는 도마로 옮기고 충분히 식혀줍니다. (식힌다음에 잘라야 모양이 깔끔하게 잘 나와요),https://recipe1.ezmember.co.kr/cache/recipe/2020/07/30/4b4481087dc05a31c04abcd0ce2cfdcd1.jpg?w=1000,,,
6938068,15,가로 양쪽면이 케이크 뒷면이 되도록 사진처럼 잘라줍니다.,https://recipe1.ezmember.co.kr/cache/recipe/2020/07/30/2d98477368595edb6139dbdf92f1cec41.jpg?w=1000,,,
6938068,16,마지막으로 데코!! 케찹으로 동그랗게 짜주고~,https://recipe1.ezmember.co.kr/cache/recipe/2020/07/30/026d7dfa3c587aacb51b8537300bc28d1.jpg?w=1000,,,
6938068,17,작은 어린잎을 올려 데코해주세요.,https://recipe1.ezmember.co.kr/cache/recipe/2020/07/30/e81d8a1bdbf3a24bfb2b8290cc48c11c1.jpg?w=1000,,,
6938068,18,완성!,https://recipe1.ezmember.co.kr/cache/recipe/2020/07/30/b93f5ea960eb90eb93cbd49fae21a52d1.jpg?w=1000,,,
6925914,1,끓는물에 굵은소금 반스푼과 파스타면을 넣고 7~8분 정도 삶아주세요.,https://recipe1.ezmember.co.kr/cache/recipe/2020/01/26/7e9953d44fd19cceb6f3ae2c05dbb9401.jpg?w=1000,,480,
6925914,2,면을 건지기 2분 전 달궈진 팬에 올리브오일을 두르고 편마늘을 달달달 볶아주세요.,https://recipe1.ezmember.co.kr/cache/recipe/2020/01/26/7f40bec1106cdab62781c7dad11cd4fe1.jpg?w=1000,,120,
6925914,3,양파를 썰어 넣고 맛있는 냄새가 날때까지 볶아주세요.,https://recipe1.ezmember.co.kr/cache/recipe/2020/01/26/f3a50646e0a1786c14ab67fa41b488511.jpg?w=1000,,,
6925914,4,마늘과 양파가 노릇노릇해 졌을 때 시금치를 넣고 볶아주세요.,https://recipe1.ezmember.co.kr/cache/recipe/2020/01/26/6732db73d1489694b96b3b43fb8de5261.jpg?w=1000,,,
6925914,5,파스타면과 면수(파스타 삶은 물) 1국자를 넣어주세요. 파스타면은 헹굼없이 바로 건져 넣고 볶아주세요.,https://recipe1.ezmember.co.kr/cache/recipe/2020/01/26/8b63950e61a7c73e4e745d76db4f090c1.jpg?w=1000,,,
6925914,6,후추가루 톡톡톡,https://recipe1.ezmember.co.kr/cache/recipe/2020/01/26/060dbdad44bf0633a9f617e207f98f001.jpg?w=1000,,,
6925914,7,굴소스 또는 소금으로 간을 해준 뒤 달달달 볶아주세요. 깔끔한 맛은 소금 고소하면서 진한 맛은 굴소스로 간을 해주세요.,https://recipe1.ezmember.co.kr/cache/recipe/2020/01/26/5a17bf5c4a64609b166531b10ddbacfd1.jpg?w=1000,,,
6925914,8,면을 돌돌돌 말아 접시에 담아내면 뽀빠이가 좋아하는 시금치알리올리오파스타 완성!,https://recipe1.ezmember.co.kr/cache/recipe/2020/01/26/d1813316f10e07597578c4d3fd7005f11.jpg?w=1000,,,
6861965,1,"[간단한 간식만들기]마늘버터떡볶이,길릭떡볶이,간장떡볶이 조리시간 : 15시간 조리분량 : 2인분 난이도 : ★☆☆☆☆",https://recipe1.ezmember.co.kr/cache/recipe/2016/12/01/438ab33eb8c21754b4618e7891dc3e3d1.jpg,,54000,
6861965,2,"재료: 밀떡 200g ,통마늘10개,버터2스푼,식요유,간장2스푼,설탕1스푼",https://recipe1.ezmember.co.kr/cache/recipe/2016/12/01/0ed37e0e8fc733ec539fc0a6a7d25df31.jpg,,,
6861965,3,냄비에 물을 넣고 떡볶이떡을 1분간 데쳐줍니다.,https://recipe1.ezmember.co.kr/cache/recipe/2016/12/01/cf6df430e11401c09aeb5036f52630471.jpg,,60,
6861965,4,데친떡은 찬물에 헹구어 준뒤 체에 걸러 물기를 제거해주세요.,https://recipe1.ezmember.co.kr/cache/recipe/2016/12/01/552da4290d44043b1dcd54c6b812afbf1.jpg,,,
6861965,5,통마늘을 준비해서 슬라이스채칼로 편을 썰어 준비합니다.,https://recipe1.ezmember.co.kr/cache/recipe/2016/12/01/34b7cd24d4b0f9b1725ec733f10551e91.jpg,,,
6861965,6,후라이팬에 기름을 넣고 튀기듯 편마늘을 볶아주세요.,https://recipe1.ezmember.co.kr/cache/recipe/2016/12/01/6081601761ab08c83f4c53d1f52c6a871.jpg,,,
6861965,7,마늘이 노릇노릇해지면 키친타올에 올려 기름을 빼줍니다.,https://recipe1.ezmember.co.kr/cache/recipe/2016/12/01/f49ff3e7c9223b48417b14d58d7217fa1.jpg,,,
6861965,8,후라이팬에 버터 2스푼을 넣고,https://recipe1.ezmember.co.kr/cache/recipe/2016/12/01/bd5aa2397e5df62e65845ca7a2b94f741.jpg,,,
6861965,9,물기를 제거한 떡볶이 떡을 넣고 튀겨줍니다.,https://recipe1.ezmember.co.kr/cache/recipe/2016/12/01/2313bc448013e3f0f92f144b8f49685a1.jpg,,,
6861965,10,"어느정도 볶다가 간장2스푼,설탕1스푼을 넣고 볶아주면 끝이예요. 짭쪼름한것이 싫으신 분들은 간장을 1스푼만 넣어주세요.",https://recipe1.ezmember.co.kr/cache/recipe/2016/12/01/2d77aec3f46f101ab2d80a5d5ad1d50e1.jpg,,,
6861965,11,간장에 볶은 떡을 그릇에 담고 마늘튀긴것을 올려 파슬리가루를 뿌려주면 마늘버터 떡볶이 완성입니다!,https://recipe1.ezmember.co.kr/cache/recipe/2016/12/01/f10a416d05667cfd93381a99692d33641.jpg,,,
6933624,1,"먼저 소스부터 만들어주세요. 설탕 1큰술, 간장 1큰술, 맛술 1큰술, 굴소스 1/2큰술, 다진마늘 1/2큰술을 넣고 잘 섞어주세요.",https://recipe1.ezmember.co.kr/cache/recipe/2020/05/30/75456410ae11cf5325c9901e2d298dd41.png?w=1000,,,
6933624,2,베이컨 100g 정도 준비해서 먹기 좋은 크기로 썰어주세요. 양파 1/2개는 잘게 채썰어줍니다.,https://recipe1.ezmember.co.kr/cache/recipe/2020/05/30/008912509ffaed7ee12f185414ef23521.png?w=1000,,,
6933624,3,중불에 달군 프라이팬에 식용유를 두르고 베이컨을 넣고 노릇하게 볶아주세요.,https://recipe1.ezmember.co.kr/cache/recipe/2020/05/30/54371c981f36dd3e35f679449a9c2b921.png?w=1000,중불,,
6933624,4,베이컨이 익으면 준비한 소스와 양파를 넣고 양파가 반투명하게 익을때까지 볶아줍니다.,https://recipe1.ezmember.co.kr/cache/recipe/2020/05/30/9b606bc4aae45907035880ffcf1b36a51.png?w=1000,,,
6933624,5,뜨거운 밥위에 양념에 볶은 베이컨을 올리고 계란 노른자 1개 올린 뒤 파슬리 가루 솔솔 뿌려주면 완성!,https://recipe1.ezmember.co.kr/cache/recipe/2020/05/30/e0f37532c301b22f900743d60f24cd601.png?w=1000,,,
6942026,1,목살은 먹기 좋은 크기로 깍둑 썹니다. 고기는 구우면 크기가 줄어드니 원하는 크기에서 10~20% 정도 크게 썰어 주세요!,https://recipe1.ezmember.co.kr/cache/recipe/2020/09/16/fb4761e38eada8f1874e5bcce84619431.jpg,,,
6942026,2,"깍둑 썬 목살에 맛술 2큰술, 후추 적당량, 설탕 2큰술을 넣고 조물조물 버무려 밑간을 합니다.",https://recipe1.ezmember.co.kr/cache/recipe/2020/09/16/3243bec0b5b1afec0065f8ab4b1627311.jpg,,,
6942026,3,"된장 2큰술, 다진 마늘 1큰술, 간장 1큰술, 고추장 1큰술, 올리고당 1큰술을 넣고 잘 섞어 된장 소스를 만들어요.",https://recipe1.ezmember.co.kr/cache/recipe/2020/09/16/96615089acbef71b3de96a1f984b57681.jpg,,,
6942026,4,"대파는 반으로 가른 뒤 쫑쫑 썰고, 청양고추 역시 적당한 두께로 쫑쫑 썹니다.",https://recipe1.ezmember.co.kr/cache/recipe/2020/09/16/27027b21aa3a182232d1306a43c9cade1.jpg,,,
6942026,5,팬에 식용유를 약간 두르고 달군 뒤 밑간을 한 돼지고기를 넣고 노릇노릇하게 구워요.,https://recipe1.ezmember.co.kr/cache/recipe/2020/09/16/93c1d8330fa904c2e9de002ba170dfd11.jpg,,,
6942026,6,고기가 노릇노릇하게 구워지면 (80% 정도 익으면) 된장 소스를 넣고 잘 버무리듯 구워 줍니다.,https://recipe1.ezmember.co.kr/cache/recipe/2020/09/16/607de9086c8366703281542ca4dc16701.jpg,,,
6942026,7,"고기가 모두 익으면, 쫑쫑 썬 대파와 청양고추를 넣은 뒤 한소끔 볶으면 완성입니다!",https://recipe1.ezmember.co.kr/cache/recipe/2020/09/16/33ef4fc6b4e6c6fa0cf5c6314aecd0991.jpg,,,
7069384,1,"전자레인지 사용 가능한 그릇에 밥 한 그릇을 담고, 간장 1큰술을 넣은 뒤 잘 섞어주세요.",https://recipe1.ezmember.co.kr/cache/recipe/2026/01/06/741b8d3afff2a36510d9b4e7d37d4df51.jpg?w=1000,,,
7069384,2,달걀 1개를 깨서 넣고 포크로 노른자를 터뜨려줍니다.,https://recipe1.ezmember.co.kr/cache/recipe/2026/01/06/a03cb3474396da8f2fe0c8fdebf607e91.jpg?w=1000,,,
7069384,3,"1,000W 전자레인지에 30초씩 끊어서 3~4번 정도 돌려주기만 하면 ok 노른자는 완전히 익은 것보다 살짝 덜 익은 게 더 촉촉하고 맛있어요.",https://recipe1.ezmember.co.kr/cache/recipe/2026/01/06/6020ac8e535470ca80608f6e75cf4a1a1.jpg?w=1000,,30,
7069384,4,마지막으로 버터 한 조각을 올려 마무리합니다.,https://recipe1.ezmember.co.kr/cache/recipe/2026/01/06/f37a11f41b7ffb41fcc0811ed208d9411.jpg?w=1000,,,
6841405,1,"조그만한 볼에 식초, 설탕, 소금을 3:3:1비율로 넣고 잘 섞어, 밥에 넣을 단초를 만든다.",https://recipe1.ezmember.co.kr/cache/recipe/2016/01/11/a514d40ce2fe41f6881343a6dc2aa4ab1.jpg,,,
6841405,2,오이는 잘 씻어 감자칼로 얇게 슬라이스 10-15장 한 후 모아둔다.,https://recipe1.ezmember.co.kr/cache/recipe/2016/01/11/c6816ffa0521ce357376981332003c931.jpg,,,
6841405,3,남은 오이는 채를 썰어 믹싱볼에 담아둔다.,https://recipe1.ezmember.co.kr/cache/recipe/2016/01/11/a5d05268427fbfb71e0abb188631d1871.jpg,,,
6841405,4,"게맛살은 잘게 채를 썰고, 양파로 썰어 믹싱볼에 넣는다",https://recipe1.ezmember.co.kr/cache/recipe/2016/01/11/fbac7c7c2ebeeddec95c08adfd5d06501.jpg,,,
6841405,5,"믹싱볼에 마요네즈1큰술, 설탕1작은술, 소금조금을 넣고 잘 비벼준다.",https://recipe1.ezmember.co.kr/cache/recipe/2016/01/11/42bc6c0e9c71dc5f74da1d54af36e9b01.jpg,,,
6841405,6,밥1공기에 만든 참기름과 단초를 넣고 잘 비벼준다,https://recipe1.ezmember.co.kr/cache/recipe/2016/01/11/169a6ca350ebe4cbf6d7ede7d22564881.jpg,,,
6841405,7,양념한 밥을 한입크기로 뭉쳐서 겉에 오이로 둥글게 말아준다.,https://recipe1.ezmember.co.kr/cache/recipe/2016/01/11/bcff099c1c0e5f070cf73f872188f0c51.jpg,,,
6841405,8,그 위에 만든 믹싱볼에 만든 게살소스를 스푼으로 올려 접시에 담아낸다.,https://recipe1.ezmember.co.kr/cache/recipe/2016/01/11/951bde1ce82302d7423a274a444107c61.jpg,,,
7000636,1,만두를 에어프라이어에 넣고 180도 15분 돌려줘요. 만두는 작은 사이즈를 준비했어요.,https://recipe1.ezmember.co.kr/cache/recipe/2023/04/13/116544bc252b8c034b73a25d0f6d0d451.jpg,,900,
7000636,2,"프라이팬에 식용유 반스푼, 케찹2스푼, 간장 반스푼, 올리고당 2스푼, 고추장 반스푼을 을 넣고 잘 섞이게 약불로 살짝 졸여줘요. 식용유 반스푼, 케찹 2스푼, 간장 반스푼, 올리고당 2스푼, 고추장 반스푼 약불",https://recipe1.ezmember.co.kr/cache/recipe/2023/04/13/253ed7bcd1f3eb847cc04131dfc924401.jpg,약불,,
7000636,3,"양념이 보글보글 거품이 나면 만두를 넣고 잘 섞어요. 잘 섞어진 만두에 견과류를 뿌려요. 땅콩과 깨를 듬뿍 뿌렸어요. 구운 만두, 땅콩, 깨 견과류는 살짝 빻아서 사용해요.",https://recipe1.ezmember.co.kr/cache/recipe/2023/04/13/41a777e7bfba82d64bf0c414d09be5bc1.jpg,,,
7000636,4,케찹의 새콤함과 고추장의 매콤함 맛이 어우러져서 맛있는 요리가 완성됐어요.,https://recipe1.ezmember.co.kr/cache/recipe/2023/04/13/a00c5444fcd7ee57ad35afe488c1c9101.jpg,,,
4007541,1,계란흰자 3개 분량에 설탕8스푼을 넣고 거품기로 힘껏 저어 줍니다,https://recipe1.ezmember.co.kr/cache/recipe/2015/07/02/1191104352eb33152ede3089f452139a1.jpg,,,
4007541,2,머랭을 거꾸로 들어보았을 때 거품이 흐르지 않을 정도로 만들어 줍니다,https://recipe1.ezmember.co.kr/cache/recipe/2015/07/02/d17512175d69d1fc5943d8f3f599c19f1.jpg,,,
4007541,3,우유 50ml를 조금씩 나누어 넣어가면서 거품이 죽지않도록 잘 섞어줍니다~ 그리고 녹인버터 6스푼도 나누어서 넣어 줍니다,https://recipe1.ezmember.co.kr/cache/recipe/2015/07/02/8104bb784714183209ae28bb282cc2ba1.jpg,,,
4007541,4,반죽에 미숫가루 1컵을 체에 내려서 넣어주고 거품이 꺼지지 않게 잘 섞어줍니다,https://recipe1.ezmember.co.kr/cache/recipe/2015/07/02/da599817deb42ae887403ff2608a829f1.jpg,,,
4007541,5,"머핀팬에 종이머핀컵을 깔고 반죽을 넣은후, 잘데 다진 호두와 아몬드를 올려줍니다",https://recipe1.ezmember.co.kr/cache/recipe/2015/07/02/5bc9171fc04d2e520b6616d51629b26c1.jpg,,,
4007541,6,180도 오븐에서 20분가량 구워내시면 된답니다 오븐,https://recipe1.ezmember.co.kr/cache/recipe/2015/07/02/2d96122556ef0f216ed1fd75c16b39001.jpg,,1200,
6903405,1,닭가슴살을 잘게 다져주세요,https://recipe1.ezmember.co.kr/cache/recipe/2019/01/03/8608537d97278819877b4394da93aaf61.jpg?w=1000,,,
6903405,2,두부는 칼등으로 으깨주고 대파와 당근도 다져주세요,https://recipe1.ezmember.co.kr/cache/recipe/2019/01/03/be3bcd7d21d37bd7f7e88a42f9879b611.jpg?w=1000,,,
6903405,3,기름두른 팬에 대파를 먼저넣고 볶다가 새우가루를 넣어주세요 새우가루를 넣어주면 감칠맛이 살아나요~,https://recipe1.ezmember.co.kr/cache/recipe/2019/01/03/d78e37b38724b12b2bfaa8472dc401981.jpg?w=1000,,,
6903405,4,파기름이 나왔다면 두부를 넣어 수분이 날아가도록 볶아주고,https://recipe1.ezmember.co.kr/cache/recipe/2019/01/03/3463d402db5589daf4edf0af6080d9451.jpg?w=1000,,,
6903405,5,당근과 닭가슴살을 넣어 한번더 포슬포슬하게 볶아주세요 간은 액젓으로 살짝 해주세요~,https://recipe1.ezmember.co.kr/cache/recipe/2019/01/03/563ae90e7ff658d6a9b252f55c66bdc81.jpg?w=1000,,,
6903405,6,밥위에 살포시 얹어 덮밥으로도 좋고 그냥드셔도 부담없는 영양식입니다,https://recipe1.ezmember.co.kr/cache/recipe/2019/01/03/0d617f70d25472cc9e5cf538886e205d1.jpg?w=1000,,,
6861235,1,"재료를 준비합니다. 돼지목살, 먹을 수 있는 풀(종류 무관), 버터, 설탕, 맛술, 굴소스, 돈가스소스",https://recipe1.ezmember.co.kr/cache/recipe/2016/11/18/2a9a5acd846cbe95485f500c94c131a11.jpg,,,
6861235,2,"먼저 소스를 만들어줍시다. 소스 재료 : 돈가스소스 3T, 맛술 2T, 설탕 2T, 굴소스 2T, 물 100g",https://recipe1.ezmember.co.kr/cache/recipe/2016/11/18/8996f1ed4b28125ad396cb7bf68479d21.jpg,,,
6861235,3,이제 고기를 칼등으로 두드려주세요! (연육),https://recipe1.ezmember.co.kr/cache/recipe/2016/11/18/16d405d8830fbe61706302beade6e8f91.jpg,,,
6861235,4,"소금, 후추를 뿌려줍니다. 모두 뒤집어서 뒷면도 똑같이 밑간해주세요.",https://recipe1.ezmember.co.kr/cache/recipe/2016/11/18/c81e43e9749cf0145f678cf789fff0c41.jpg,,,
6861235,5,팬에 연기가 올라올 때 고기를 넣어줍니다. 강불,https://recipe1.ezmember.co.kr/cache/recipe/2016/11/18/a0978fcca04e5032988d84efcb81e6ac1.jpg,강불,,
6861235,6,핏물이 송글송글 올라오면 뒤집어줍니다. 강불,https://recipe1.ezmember.co.kr/cache/recipe/2016/11/18/272021e6ed459b25144bbba441f947251.jpg,강불,,
6861235,7,"뒷면이 어느 정도 익으면, 불을 낮추고 버터를 넣어주세요. 앞뒷면 모두 버터에 한 번 구워줍니다. 중약불",https://recipe1.ezmember.co.kr/cache/recipe/2016/11/18/b99475030b014bcb9df5a227897f7a7a1.jpg,약불,,
6861235,8,"이제 준비해둔 소스를 넣고 보글보글 조려줍니다. 물기가 많을 땐 중불, 거의 졸아갈 땐 약불",https://recipe1.ezmember.co.kr/cache/recipe/2016/11/18/9f99b4170d63a4cfaf9919cb622a5bb51.jpg,약불,,
6861235,9,이 정도까지 조려주시면 끝.,https://recipe1.ezmember.co.kr/cache/recipe/2016/11/18/e4d0e223b170cf29205a9087caa2d8441.jpg,,,
6861235,10,예쁘게 셋팅을 해봅시다. 계란후라이로 마무리. 풀은 비주얼을 위해 꼭 있는 게 좋아요.(종류 무관),https://recipe1.ezmember.co.kr/cache/recipe/2016/11/18/74be733153cce8e8ee1c194105b8df431.jpg,,,
6973175,1,양파는 다이스로 네모 모양으로 썰어주시고 대파는 송송 썰어주세요,https://recipe1.ezmember.co.kr/cache/recipe/2022/01/21/4bed42df8e98c6df7a591e756dc00c2a1.jpg?w=1000,,,
6973175,2,감자 1/3개 정도 적당한 크기로 편 썰어주시고 색이 변하지않게 찬물에 잠시 담가주세요 남은 감자도 적당한 용기에 물에 담가 보관해주시면 됩니다.,https://recipe1.ezmember.co.kr/cache/recipe/2022/01/21/816051c6536028a17bf698fa3d1ec2d11.jpg?w=1000,,,
6973175,3,떡국떡 150~200g정도 찬물에 미리 불려 놓고,https://recipe1.ezmember.co.kr/cache/recipe/2022/01/21/ec0e429fa110d8a9c7f3d87571efac421.jpg?w=1000,,,
6973175,4,사골육수(멸치육수) 500g 넣고 불켜주세요,https://recipe1.ezmember.co.kr/cache/recipe/2022/01/21/bdbbd7837ed1a99d8c70e7ed6d0f8b301.jpg?w=1000,,,
6973175,5,떡국떡과 감자는 같이 넣고 끓여주시고,https://recipe1.ezmember.co.kr/cache/recipe/2022/01/21/02d1e8ac4b61580bc2c34e801056e07d1.jpg?w=1000,,,
6973175,6,"다진마늘, 국간장, 고추장, 굵은 고춧가루, 된장 넣고 끓여주세요 고추장은 2T만 넣으시고 입맛에 맞게 더 추가해주세요. 고운 고춧가루는 국물이 텁텁해질 수 있으니 왠만하면 굵은 고춧가루 사용하시길 권장합니다",https://recipe1.ezmember.co.kr/cache/recipe/2022/01/21/bfe2d1045728fac06f7591088591ba121.jpg?w=1000,,,
6973175,7,떡국이 끓게 놔두고 계란하나 풀어주시고 통깨를 갈아서 넣으면 더 고소하니 준비해주세요,https://recipe1.ezmember.co.kr/cache/recipe/2022/01/21/0123113070de6ac8a997479472ffec231.jpg?w=1000,,,
6973175,8,떡과 감자가 다 익었다면 양파와 만두 넣고 중불로 줄여주시고 바닥에 떡이 눌어붙지않게 살살 저어주시고 만두가 속까지 익었다면,https://recipe1.ezmember.co.kr/cache/recipe/2022/01/21/ab96639f9a1ee01617d203bc731692f81.jpg?w=1000,중불,,
6973175,9,준비한 계란물 풀어주세요 불꺼주세요 취향에 따라 지단으로 고명으로 올리셔도 됩니다.,https://recipe1.ezmember.co.kr/cache/recipe/2022/01/21/df83e9e71b193efb2fe5d31addf1f1401.jpg?w=1000,,,
6973175,10,"그릇에 옮겨담고 고명으로 김가루, 계란지단, 대파, 통깨 올려주시면 완성입니다.",https://recipe1.ezmember.co.kr/cache/recipe/2022/01/21/dee0dcd2a908620c01e21d30782fb0691.jpg?w=1000,,,
6973175,11,맛있게 드시고 새해 복 많이 받으세요,https://recipe1.ezmember.co.kr/cache/recipe/2022/01/21/299a846b26fdc6c9989f03fad9b10cec1.jpg?w=1000,,,
3919318,1,실온의 버터를 부드럽게 풀어주고 설탕을 조금씩 섞어 주세요. 실온의 달걀을 넣고 버터와 분리되지 않도록 골고루 섞어 주세요.,https://recipe1.ezmember.co.kr/cache/recipe/2015/06/26/fd34d15bcf52c17b6ef8528b886e3b641.jpg,,,
3919318,2,체에 내린 박력분과 베이킹파우더를 넣고 섞어 주세요. 가루가 안 보일 때쯤 우유에 녹인 커피를 넣고 섞어 주세요.,https://recipe1.ezmember.co.kr/cache/recipe/2015/06/26/251e77a4253b4546a874ade6c2f5334a1.jpg,,,
3919318,3,굵게 다진 호두를 넣고 반죽을 완성해 주세요. 머핀틀에 반죽을 담고 180도로 예열한 오븐에서 25분 가량 구워 주세요. 오븐,https://recipe1.ezmember.co.kr/cache/recipe/2015/06/26/296452e48809ff91e1435bdfb38cee541.jpg,,1500,
7070232,1,양파부터 오일에 볶아요 양파 부드러워지면 양파와 비슷한 크기로 썬 파프리카넣고 볶볶~~ 소금으로 약하게 간 해요,https://recipe1.ezmember.co.kr/cache/recipe/2026/01/20/4dddb660eeceba3a306225529ec4a90c1.jpg,,,
7070232,2,시판 닭안심(100g)넣고 볶볶~~,https://recipe1.ezmember.co.kr/cache/recipe/2026/01/20/06cbba480ee335107ad8a596f474e4241.jpg,,,
7070232,3,굴소스(1/2T)넣고 쉐킷쉐킷~~,https://recipe1.ezmember.co.kr/cache/recipe/2026/01/20/d5fbe6a8b3119915d721836d0210e5911.jpg,,,
7070232,4,참기름(한 바퀴) 둘러주고 마무리~,https://recipe1.ezmember.co.kr/cache/recipe/2026/01/20/885ac638f9cf58973f28caed1dc6a26b1.jpg,,,
6899874,1,"양배추, 양파, 깻잎을 각각 채썰어 주세요.",https://recipe1.ezmember.co.kr/cache/recipe/2018/11/10/91c1978135442be6694e2d4ab55c77d01.jpg?w=1000,,,
6899874,2,팬에 기름을 두르고 양배추와 양파를 볶아주세요.,https://recipe1.ezmember.co.kr/cache/recipe/2018/11/10/bee7918b3c7195705b8939973b45e7701.jpg?w=1000,,,
6899874,3,볶은 양배추와 양파는 접시에 보관해 주세요.,https://recipe1.ezmember.co.kr/cache/recipe/2018/11/10/7f56c6b8c1eb80ad385a5d22800d41931.jpg?w=1000,,,
6899874,4,삼겹살 2줄을 노릇노릇 구워 주세요.,https://recipe1.ezmember.co.kr/cache/recipe/2018/11/10/403ec76552a062338feeedca3cbb64521.jpg?w=1000,,,
6899874,5,나온 기름을 티슈로 모두 제거해 주세요. 글구 고기를 먹기 좋은 크기로 잘라주세요.,https://recipe1.ezmember.co.kr/cache/recipe/2018/11/10/8c3dd64022966533d7c3e3e97b752a6e1.jpg?w=1000,,,
6899874,6,"분량의 간장, 물엿, 물 3스푼을 같이넣고 졸여 주세요.",https://recipe1.ezmember.co.kr/cache/recipe/2018/11/10/76c6e21060aa27e09bb12d491ffba6031.jpg?w=1000,,,
6899874,7,이쁜 그릇에 밥을 담아 주세요.,https://recipe1.ezmember.co.kr/cache/recipe/2018/11/10/9efdea8114337aa7db7cd01cdbd59a581.jpg?w=1000,,,
6899874,8,그 위에 야채 볶음것을 골고루 올려 주세요.,https://recipe1.ezmember.co.kr/cache/recipe/2018/11/10/6477eb6092c14de2f10a7870963093a51.jpg?w=1000,,,
6899874,9,졸인 삼겹살을 야채위에 올려 주시요~~ 여기이 계란 노른자와 흰자를 분리하고 노른자만 넣어주세요.,https://recipe1.ezmember.co.kr/cache/recipe/2018/11/10/01d42b9ce125598ba93bc85834a9286b1.jpg?w=1000,,,
6922045,1,달걀 3개를 깨서 소금 한꼬집을 넣고 풀어주세요.,https://recipe1.ezmember.co.kr/cache/recipe/2019/11/11/8fb9994c50f560c156f336995b8c2b9d1.jpg?w=1000,,,
6922045,2,참치캔을 따서 기름은 쪽 빼고 달걀에 넣어주세요.,https://recipe1.ezmember.co.kr/cache/recipe/2019/11/11/0ff9da31394cdff12315583029b3db861.jpg?w=1000,,,
6922045,3,달군팬에 버터를 넣어주세요.,https://recipe1.ezmember.co.kr/cache/recipe/2019/11/11/8e560d72e11b5c8713b86cbdc80f4c311.jpg?w=1000,,,
6922045,4,밥을 볶아주세요.,https://recipe1.ezmember.co.kr/cache/recipe/2019/11/11/0e5c35a0fd61e68fcc46456ecce397031.jpg?w=1000,,,
6922045,5,참치달걀물을 부어주세요.,https://recipe1.ezmember.co.kr/cache/recipe/2019/11/11/a3fbf7cbce75df5f32ef229e97de26ff1.jpg?w=1000,,,
6922045,6,뒤적뒤적 골고루 볶은 후 통깨로 마무리,https://recipe1.ezmember.co.kr/cache/recipe/2019/11/11/be6713a9b75b980aa669354e26812bef1.jpg?w=1000,,,
6932862,1,시금치는 세척 후 뿌리를 제거 해요.,https://recipe1.ezmember.co.kr/cache/recipe/2020/05/18/8414460ef64f9598b1165be10ce074ce1.jpg,,,
6932862,2,닭가슴살은 원하는 크기로 깍둑썰기해요.,https://recipe1.ezmember.co.kr/cache/recipe/2020/05/18/630c1853c7d542ccc3dc23b0cd7e67961.jpg,,,
6932862,3,냄비에 물을 받아 강불을 켜요. 소금을 투하해요.,https://recipe1.ezmember.co.kr/cache/recipe/2020/05/18/79cb20faceb51be8b45f8b51de1b62901.gif,강불,,
6932862,4,물이 끓으면 시금치를 20초 이내로 데쳐요. 시금치 양이 많으면 양을 소분해서 데쳐주세요.,https://recipe1.ezmember.co.kr/cache/recipe/2020/05/18/6c6b0dfbe6de4592d791c3430e20d8ce1.gif,,20,
6932862,5,데친 시금치는 체로 건져 찬물에 헹궈요.,https://recipe1.ezmember.co.kr/cache/recipe/2020/05/18/b1564c0216882b91b20c11a4fe43990f1.jpg,,,
6932862,6,데친 시금치를 믹서기에 갈아요.,https://recipe1.ezmember.co.kr/cache/recipe/2020/05/18/bc7028127dfa8f5a901deac6085de6831.gif,,,
6932862,7,갈린 시금치를 따로 준비해요.,https://recipe1.ezmember.co.kr/cache/recipe/2020/05/18/c955764c6efb5034d94f3016070b54931.jpg,,,
6932862,8,프라이팬에 식용유를 두르고 강불을 켜요.,https://recipe1.ezmember.co.kr/cache/recipe/2020/05/18/1246723a88eae588df7d9ffd4bec55e01.jpg,강불,,
6932862,9,다진마늘을 넣어 볶아요.,https://recipe1.ezmember.co.kr/cache/recipe/2020/05/18/473fb7257515698eb4206dda322f5e0e1.gif,,,
6932862,10,닭가슴살을 넣어 볶아요.,https://recipe1.ezmember.co.kr/cache/recipe/2020/05/18/6099de5299cbe9e206a3c0eb36dd54d51.gif,,,
6932862,11,닭가슴살이 60%정도 익었을 때 준비한 카레 분말의 1/3을 투하해요.,https://recipe1.ezmember.co.kr/cache/recipe/2020/05/18/70f0b46dd55fdbfb2231b70c5492b5d41.jpg,,,
6932862,12,카레가루를 닭고기와 함께 볶으면 잡내제거에 탁월해요!,https://recipe1.ezmember.co.kr/cache/recipe/2020/05/18/604688563139601f3fb5d986a197a3591.gif,,,
6932862,13,나머지 카레가루는 물을 넣고 풀어요.,https://recipe1.ezmember.co.kr/cache/recipe/2020/05/18/349531d3a0981a9de408d6f442ddbcae1.gif,,,
6932862,14,잘 풀어진 카레 가루를 투하해요.,https://recipe1.ezmember.co.kr/cache/recipe/2020/05/18/2eb9c088f20e11e415381f4f2b7e65661.gif,,,
6932862,15,한 번 끓여요. 보글보글 할 때 까지!,https://recipe1.ezmember.co.kr/cache/recipe/2020/05/18/b3820ed665eabaaa9f83e7f6c7d54cfe1.gif,,,
6932862,16,시금치 간 것을 투하해요!,https://recipe1.ezmember.co.kr/cache/recipe/2020/05/18/0dce5635ef1c422610b5693b16a4c6231.gif,,,
6932862,17,"보글보글 할 때 까지 한 번 끓여요. 이때, 간과 농도를 보고 물을 추가해요.",https://recipe1.ezmember.co.kr/cache/recipe/2020/05/18/e5812c888acf4ad6cdba79f1215b60001.gif,,,
6932862,18,마지막으로 휘핑크림을 투하해요. 휘핑크림이 없다면 플레인 요거트로 대체 가능 해요!! 요거트가 없다면 생략해도 좋아요!,https://recipe1.ezmember.co.kr/cache/recipe/2020/05/18/4a23b2776c110911d22d7e11c13895511.gif,,,
7068636,1,밥하기 20분 전에 쌀을 불려둡니다,https://recipe1.ezmember.co.kr/cache/recipe/2025/12/19/bbaec00030c8d3be75efce6bb49489d61.jpg?w=1000,,1200,
7068636,2,손질한 가지를 먹기 좋은 크기로 잘라 볼에 넣고,https://recipe1.ezmember.co.kr/cache/recipe/2025/12/19/f2a03a72cc080619ac0830a6e8cc695b1.jpg?w=1000,,,
7068636,3,불린 쌀을 물 뺀 다음 볼에 넣고,https://recipe1.ezmember.co.kr/cache/recipe/2025/12/19/06a30c1268ddde9f1707f85f538ee1121.jpg?w=1000,,,
7068636,4,"돼지안심 잡채용을 볼에 넣어 잘 섞은 다음,찜통에 면포 깔고 밥 재료를 올려 익혀요.",https://recipe1.ezmember.co.kr/cache/recipe/2025/12/19/2fc2d88ac5f5f89ba6959c5c9c68ad691.jpg?w=1000,,,
7068636,5,대파를 잘게 썰고 재료를 섞어 비빔장을 만들어 따뜻한 밥과 맛있게 먹어요^^,https://recipe1.ezmember.co.kr/cache/recipe/2025/12/19/532515e165f09897716ec4ccfbe527bb1.jpg?w=1000,,,
6887181,1,돼지고기or소고기다짐육에(300g) 생강술3T 넣고 잠시 두셨다가 물기가 생기면 키친타올로 꾹꾹 눌러 물기를 제거 해주세요~,https://recipe1.ezmember.co.kr/cache/recipe/2018/04/12/63bad6b2c5ae9ebd28bbca41991304601.jpg?w=1000,,,
6887181,2,"진간장2T,설탕2T,다진마늘1T,참기름1/2T,감자전분2T,후추2번톡톡,대파5센티는 다져서 넣어 주세요~",https://recipe1.ezmember.co.kr/cache/recipe/2018/04/12/d99295325dec2776685e43b746ad15d21.jpg?w=1000,,,
6887181,3,비닐장갑을 끼고 찰기가 생길때까지 열심히 치댄후 잠시 두시구요~,https://recipe1.ezmember.co.kr/cache/recipe/2018/04/12/0206e3facc9e2193b13a831d8c6aa8a41.jpg?w=1000,,,
6887181,4,새송이버섯도 고기를 붙이기 쉽게 길쭉한 모양으로 썰어 주세요~,https://recipe1.ezmember.co.kr/cache/recipe/2018/04/12/88c05b7fefedbbb53546c45c80983a901.jpg?w=1000,,,
6887181,5,"고기 겉면에 바를 소스는 진간장2T,물2T,꿀or올리고당1T,설탕1/2T,참기름1/2T넣고 전자렌지에 1~2분가량 돌려 한번 끓여 주세요~ (냄비에 끓이기는 너무 양이 작아서 전자렌지가 딱이드라구용^~^) 전자레인지",https://recipe1.ezmember.co.kr/cache/recipe/2018/04/12/7a492ab02819598401ca9194a08e20fb1.jpg?w=1000,,120,
6887181,6,그다음 새송이 버섯에 고기를 이쁘게 붙여 주세요~저는 총11개 나오네요^~^,https://recipe1.ezmember.co.kr/cache/recipe/2018/04/12/3b3b7b17391b71953b92d881e3a94dc31.jpg?w=1000,,,
6887181,7,달군 후라이팬에 식용유 둘러 속까지 고루 익겠금 굴려가며 최대 약불에서 구워 주세요~,https://recipe1.ezmember.co.kr/cache/recipe/2018/04/12/0b5aca143c3f67b3861c9149574061331.jpg?w=1000,약불,,
6887181,8,다구워지면 겉면에 준비한 소스를 발라주심 끝이에요~:-) (요소스는 꼭 발라 주세요~! 훨씬더 맛있어져요^~^),https://recipe1.ezmember.co.kr/cache/recipe/2018/04/12/5003f6a9f91cffc880d5b67a619e9aeb1.jpg?w=1000,,,
6887181,9,"술안주나,손님초대,메인메뉴로 딱~! 소고기도 맛있지만 돼지고기로 해도 소고기 못지 않게 완전 맛있어요~^~^ 추천꾹~!",https://recipe1.ezmember.co.kr/cache/recipe/2018/04/12/9da124544c8422e6d56f007f0d9d49ae1.jpg?w=1000,,,
6886390,1,먼저 김을 6등분으로 잘라주세요.,https://recipe1.ezmember.co.kr/cache/recipe/2018/03/30/8192dbe2047c43dad4a3741fe65d65d21.png,,,
6886390,2,참기름을 제외한 물과 양념장들을 모두 넣고 끓여줍니다 중불,https://recipe1.ezmember.co.kr/cache/recipe/2018/03/30/0fb5d5d9f3606f8395a00ab13dd6edf81.png,중불,,
6886390,3,한번 끓으면 불을 끄고 참기름을 넣어줍니다.,https://recipe1.ezmember.co.kr/cache/recipe/2018/03/30/b351639c9fb5b5d20c8691edc49804361.png,,,
6886390,4,밀폐용기에 김을 넣고 양념을 부어줍니다.,https://recipe1.ezmember.co.kr/cache/recipe/2018/03/30/1ab192d1caa9c5fb379601013b47fe181.png,,,
6886390,5,김에 양념이 잘 배여들 수 있도록 눌러줍니다.,https://recipe1.ezmember.co.kr/cache/recipe/2018/03/30/3925641768c3f97a0f4a2ee9d31edada1.png,,,
6886390,6,뒤집어서 윗면도 적셔주면 끝!,https://recipe1.ezmember.co.kr/cache/recipe/2018/03/30/9fd60bfee82a02b30d7e8adeeee7966a1.png,,,
7019490,1,"미나리와 쪽파는 같은 길이로 길게 잘라요. 도마 , 조리용나이프",https://recipe1.ezmember.co.kr/cache/recipe/2024/02/06/0416f8171389e266a29ed75cc7d9c5c71.jpg?w=1000,,,
7019490,2,사과는 얇게 잘라 채 썰어요.,https://recipe1.ezmember.co.kr/cache/recipe/2024/02/06/9ecd1572736ca99ba56248250cfa66ce1.jpg?w=1000,,,
7019490,3,"간장, 식초, 까나리액젓, 설탕을 먼저 넣고 섞어서 설탕을 녹여요. 소스볼 , 요리스푼",https://recipe1.ezmember.co.kr/cache/recipe/2024/02/06/510f89b22466a19280113e4fd6c0f1861.jpg?w=1000,,,
7019490,4,나머지 양념재료를 섞어서 양념장을 완성해요.,https://recipe1.ezmember.co.kr/cache/recipe/2024/02/06/8c5d0f9b2842a4464d4a398dfa190f2c1.jpg?w=1000,,,
7019490,5,볼에 사과를 넣고 양념장을 절반만 넣어 버무려요.,https://recipe1.ezmember.co.kr/cache/recipe/2024/02/06/ebcd68dcc33600ab06846f30e84986b81.jpg?w=1000,,,
7019490,6,"미나리와 쪽파, 나머지 양념장을 넣고 살살 버무려요. 위생장갑 기호에 따라 참기름이나 들기름을 약간 넣어줘도 좋아요.",https://recipe1.ezmember.co.kr/cache/recipe/2024/02/06/4fea80bd3be786dff047a08dadd902611.jpg?w=1000,,,
7019490,7,접시에 담아 통깨를 뿌려서 완성해요. 접시볼,https://recipe1.ezmember.co.kr/cache/recipe/2024/02/06/251918a862059dede365722654f2a34d1.jpg?w=1000,,,
6859648,1,고구마는 쪄서 준비하고,https://recipe1.ezmember.co.kr/cache/recipe/2016/11/03/4096f4c703dce4134ccf6d85564844bc1.jpg,,,
6859648,2,"찐 고구마에 우유를 조금 붓어주고, 올리고당1을 넣고 갈아 줍니다. 단맛이 싫으면 올리고당 생략하심 되요. 우유를 조금씩 넣어 가며 갈아줍니다.",https://recipe1.ezmember.co.kr/cache/recipe/2016/11/03/a65e00770bd77a9fa5bd19f352711fad1.jpg,,,
6859648,3,쉐이크 같은 느낌으로 갈아주심 되요. 부드럽게~ 요 상태로 그냥 떠 먹어도 사실 너무 맛있네요. 혹시 집에 파마산치즈가루 있음 함께 넣고 갈아주셔도 됩니다.,https://recipe1.ezmember.co.kr/cache/recipe/2016/11/03/f0dc39cc9580fad98bdca20df299277d1.jpg,,,
6859648,4,만두피 위에 모짜렐라 슬라이스치즈 올리고 그위에 고구마를 올려주세요. 치즈는 반으로 나눠 사용하심 되요. 그리고 모짜렐라슬라이스치즈 없으시면 스트링치즈나 체다치즈 사용하심 됩니다.,https://recipe1.ezmember.co.kr/cache/recipe/2016/11/03/8ed6eee2fadb2755dad7778b4ddfa9f01.jpg,,,
6859648,5,사진처럼 말아주세요. 끝부분에 물을 묻혀 돌돌 말아주심 됩니다.,https://recipe1.ezmember.co.kr/cache/recipe/2016/11/03/d8a8035ae9f943e71729275cddbaf1b01.jpg,,,
6859648,6,팬에 기름을 넉넉하게 부어 기름 온도가 올라가면 만두피를 넣어 튀겨 주심되요. 기름 온도는 나무젓가락을 넣어보면 보글보글 기포가 올라오면 적당합니다. 만두피가 노릇하게 익으면 꺼내주세요.,https://recipe1.ezmember.co.kr/cache/recipe/2016/11/03/8951e6dc2331f6637d8e94ee1d60a8e71.jpg,,,
6859648,7,고구마치즈스틱완성 간단하죠. 모짜렐라치즈가 녹아서 쭈~욱 늘어나니 좋네요.,https://recipe1.ezmember.co.kr/cache/recipe/2016/11/03/658fea3fbbfcc1fce9ec1c6a239b48311.jpg,,,
7048648,1,"양파는 채를 썰어주시고 부추는 5cm크기로 잘라주세요! 도마 , 조리용나이프 , 믹싱볼 부추 손질법",https://recipe1.ezmember.co.kr/cache/recipe/2025/03/27/3a31ca85867d0f279e52ee331c7a53aa1.jpg?w=1000,,,
7048648,2,볼에 양념을 만들거에요^^ 진간장5T 고춧가루4T 식초3T 매실청2T 설탕1T 참기름1T 통깨1T 다진마늘1/2T을 넣고 섞어주세요 (전 설탕 2T넣었는데 남편이 너무 달다고 해서 1T로 줄였어요) 스푼,https://recipe1.ezmember.co.kr/cache/recipe/2025/03/27/a97ebf54e7b551dff60a4936cd9371f21.jpg?w=1000,,,
7048648,3,준비한 재료를 양념장에 넣고 무쳐주세요! 그럼 맛있는 부추무침 완료^^❤️,https://recipe1.ezmember.co.kr/cache/recipe/2025/03/27/0b522a7014d4c28718b59afb4459489e1.jpg?w=1000,,,
7010976,1,"소고기 150g 진간장 1큰술, 참기름 1큰술 넣어 조물조물 밑간합니다. 볼",https://recipe1.ezmember.co.kr/cache/recipe/2023/10/04/ff9e637e3cd96de316b2f64805ebdbae1.jpg?w=1000,,,
7010976,2,새송이버섯4개 일정한 두께로 썰은 후 끓는물에 20초간 데쳐요 데친 버섯은 찬물에 헹궈 물기를 꼬옥 짜주세요 냄비,https://recipe1.ezmember.co.kr/cache/recipe/2023/10/04/c573f7efec28d866b198dcc4af6e3e251.jpg?w=1000,,20,
7010976,3,팬에 기름을 살짝 두른 후 소고기 넣어 볶아요 추가로 양파 넣어 볶아주세요 프라이팬,https://recipe1.ezmember.co.kr/cache/recipe/2023/10/04/c53dea8a737ef7a3c0a5a214821edcff1.jpg?w=1000,,,
7010976,4,"참치액젓 1큰술 넣어 볶다가, 설탕 1/2큰술 넣어 볶아줘요 프라이팬 , 요리용스푼",https://recipe1.ezmember.co.kr/cache/recipe/2023/10/04/e49ea66405b4ec7ca7b71668abc343e81.jpg?w=1000,,,
7010976,5,"새송이버섯을 넣어 볶다가 청양고추2개 어슷썰어 넣어줍니다 물엿 1큰술 넣어 잘 볶아준 뒤 프라이팬 , 요리용스푼",https://recipe1.ezmember.co.kr/cache/recipe/2023/10/04/ef7dc34645214383aec8864842d24f1c1.jpg?w=1000,,,
7010976,6,"어슷썬대파, 다진마늘 1큰술, 후추 톡톡 넣어 볶아주면 완성입니다 프라이팬 , 요리용스푼",https://recipe1.ezmember.co.kr/cache/recipe/2023/10/04/06897107b2b8e718b9114072232ad3051.jpg?w=1000,,,
6832421,1,"먼저, 양파는 채썰어서 매운기제거를 위해 찬물에 좀 담궈놓습니당.",https://recipe1.ezmember.co.kr/cache/recipe/2015/08/24/328bc4f579de80a8ea93071aca017dcb1.jpg,,,
6832421,2,기름 두르지 않은 팬에 또띠아를 앞뒤로 살짝살짝 구워주세요.,https://recipe1.ezmember.co.kr/cache/recipe/2015/08/24/77907c5321f2b65580ee3fa042127ecc1.jpg,,,
6832421,3,"그런 다음, 달군 팬에 버터를 살짝 녹여주고",https://recipe1.ezmember.co.kr/cache/recipe/2015/08/24/32f085f52a695bec7aa96ea986add1541.jpg,,,
6832421,4,계란을 하나 톡까서 구워줍니당.,https://recipe1.ezmember.co.kr/cache/recipe/2015/08/24/69bc88ecce8a8c37351256136fecf7121.jpg,,,
6832421,5,계란 노른자를 깨주고 계란이 완전히 익기 전에 그 위에 채썬양파를 좀 올려주세요.,https://recipe1.ezmember.co.kr/cache/recipe/2015/08/24/0aceb6cc518de787f8c58aec2010fe971.jpg,,,
6832421,6,그 위에 슬라이스치즈를 한장 딱 올려주시고,https://recipe1.ezmember.co.kr/cache/recipe/2015/08/24/11c285413b77e9f6eaf3e63a812312851.jpg,,,
6832421,7,또띠아를 위에 덮어주세용.,https://recipe1.ezmember.co.kr/cache/recipe/2015/08/24/9d42c988009cb3c9ac2ad1dd63f6185e1.jpg,,,
6832421,8,그리고 챡 뒤집어주면 요런모습. 계란 위에 설탕을 솔솔 적당히 뿌려주시고,https://recipe1.ezmember.co.kr/cache/recipe/2015/08/24/393a65afb0096879d2795ef1802865791.jpg,,,
6832421,9,반 접어서 살짝 더 익혀주시면 정준하또띠아 정또띠 만들기 끝입니다용.,https://recipe1.ezmember.co.kr/cache/recipe/2015/08/24/62a13d87f4eb96b970cddd820a8c67591.jpg,,,
6835653,1,버섯은 기둥을 제거하고 깨끗하게 손질한다 버섯 손질법 레시피,https://recipe1.ezmember.co.kr/cache/recipe/2015/10/05/cadecdd4334b87dc2d6add4356346d7c1.jpg,,,
6835653,2,양파와 파프리카는 잘게 다지고 1에서 제거한 버섯 기둥 또한 잘게 다진다,https://recipe1.ezmember.co.kr/cache/recipe/2015/10/05/205bfe92f3ba96390a12e3fbd0c2319d1.jpg,,,
6835653,3,중강 불로 달군 팬에 2의 야채를 넣고 볶는다,https://recipe1.ezmember.co.kr/cache/recipe/2015/10/05/b6a11b3c52b33128f741ffbdb112724f1.jpg,,,
6835653,4,야채가 어느 정도 익으면 토마토 스파게티 소스를 넣고 잘 섞어가며 물기가 없도록 볶는다,https://recipe1.ezmember.co.kr/cache/recipe/2015/10/05/2cd4e19d0bfa686819bc1555eb92eb3a1.jpg,,,
6835653,5,손질 한 버섯에 4의 볶은 야채를 넣는다,https://recipe1.ezmember.co.kr/cache/recipe/2015/10/05/fd98604bf75485e1aed85922bedf6dda1.jpg,,,
6835653,6,모짜렐라 치즈를 뿌린다,https://recipe1.ezmember.co.kr/cache/recipe/2015/10/05/c9f8d00e3bde474953f8375645a2f3431.jpg,,,
6835653,7,200도로 예열한 오븐에서 치즈가 녹고 노릇해지도록 약 8-10분간 구워낸다 오븐,https://recipe1.ezmember.co.kr/cache/recipe/2015/10/05/732bfd653d99692885007b63ec3fee9e1.jpg,,600,
6835653,8,파슬리 가루를 뿌려 마무리 한다,https://recipe1.ezmember.co.kr/cache/recipe/2015/10/05/8424998eac0db418ad75335ade5c0b481.jpg,,,
6873390,1,오레오를 믹서로 가볍게 부수어 3분의 2를 케이크 틀에 넣는다.,https://recipe1.ezmember.co.kr/cache/recipe/2017/07/25/2e4b56d0208f25bf31d4aef6a9a932c11.png,,180,
6873390,2,"상온에 둔 크림치즈를 믹서에 넣고, 설탕, 계란, 우유와 함께 질퍽해질 때까지 섞는다.",https://recipe1.ezmember.co.kr/cache/recipe/2017/07/25/766597a58ae1e4934b52de1a71bc1a501.png,,,
6873390,3,1위에 2를 넣고 마지막에 나머지 오레오를 얹는다.,https://recipe1.ezmember.co.kr/cache/recipe/2017/07/25/182f47bf1466509cf92eee12f57e93421.png,,,
6873390,4,오븐 180도에서 30분 구워 색이 들면 OK. 오븐,https://recipe1.ezmember.co.kr/cache/recipe/2017/07/25/41a529718bf7423e0b2911cd04b70b701.png,,1800,
6873390,5,v열기가 사라진 후 냉장고에 하룻밤 두면 완성입니다 ♪,https://recipe1.ezmember.co.kr/cache/recipe/2017/07/25/a5c3f5fc7518760b03c886929ca5c72a1.png,,,
7004853,1,양념장 만들기 간장+물+매실청+설탕+다진파+다진마늘+고추가루+참기름+통깨 넣고 섞어 놓는다.,https://recipe1.ezmember.co.kr/cache/recipe/2023/06/27/bb8be8eb87bcd7f0e9a646a47f9ad8dc1.jpg?w=1000,,,
7004853,2,순두부는 봉투를 조심히 자르고 채에 올려 물기를 빼고 먹기 좋은 크기로 잘라서 통에 담아놓기,https://recipe1.ezmember.co.kr/cache/recipe/2023/06/27/440c83b80976d73a62bc16e7b5ba1a431.jpg?w=1000,,,
7004853,3,순두부 넣은 용기에 양념장을 살살 부어주고 냉장고에 보관~하루 지난 후에 밥에 올려 먹거나 밥에 비벼 먹어도 좋다. 꿀맛이라 밥도둑 인정~!,https://recipe1.ezmember.co.kr/cache/recipe/2023/06/27/1535eed5228310646cce37b9527eff021.jpg?w=1000,,,
7070983,1,양파와 당근은 볼어묵과 비슷한 크기로 한 입에 먹기 좋게 썰어줍니다. 간장 1큰술과 설탕 1큰술은 미리 섞어서 준비해 주세요.,https://recipe1.ezmember.co.kr/cache/recipe/2026/02/03/7c29bdbab3b169322e00dbcdc516a00e1.jpg,,,
7070983,2,"끓는 물에 볼어묵을 넣고 10~20초 정도만 살짝 데친 뒤 건져냅니다. 뜨거운 물에 살짝 데쳐야 기름기도 빠지고, 양념이 겉돌지 않고 어묵에 착 달라붙어 맛있습니다",https://recipe1.ezmember.co.kr/cache/recipe/2026/02/03/ed407bad73fca43837eea54d313d0f231.jpg,,20,
7070983,3,달군 팬에 식용유 1큰술과 다진 마늘 0.5큰술을 넣고 볶습니다. 고소한 마늘 향이 올라오면 썰어둔 양파와 당근을 넣어 함께 볶아주세요.,https://recipe1.ezmember.co.kr/cache/recipe/2026/02/03/3e5293617709da638152596b76810bd51.jpg,,,
7070983,4,"채소가 반쯤 익으면 데쳐둔 어묵을 넣고 가볍게 볶다가, 미리 섞어둔 간장+설탕 양념을 넣습니다. 센 불에서 양념이 어묵에 골고루 배도록 빠르게 조려주세요. 어묵종류마다 간이 달라서 양념은 2/3먼저 넣고 간을한번보시고 추가해주세요.",https://recipe1.ezmember.co.kr/cache/recipe/2026/02/03/edfe01688c0f2c6ffa31ec4cfe883bc51.jpg,,,
7070983,5,양념이 거의 졸아들면 올리고당 1큰술을 넣어 코팅하듯 볶아 윤기를 냅니다. 불을 끄고 참기름 1큰술과 통깨를 뿌려 고소하게 마무리합니다.,https://recipe1.ezmember.co.kr/cache/recipe/2026/02/03/3e72ca09b2a20a35189a9f31c301f52e1.jpg,,,
6829888,1,약불로 달궈진 후라이팬에 버터 한스푼을 녹여준다,https://recipe1.ezmember.co.kr/cache/recipe/2015/07/10/84d80f400c798f4a5a1f1983d12a91371.jpg,약불,,
6829888,2,꿀호떡 4개를 구어준다,https://recipe1.ezmember.co.kr/cache/recipe/2015/07/10/ddf6f0d2ded2122ff3048027b5a9b9a31.jpg,,,
6829888,3,계란후라이를 해준다,https://recipe1.ezmember.co.kr/cache/recipe/2015/07/10/0f2e4671cb18ece8a07ece33fd9be5af1.jpg,,,
6829888,4,구어진 꿀호떡 하나를 깔고,https://recipe1.ezmember.co.kr/cache/recipe/2015/07/10/1533264e317f37ecce57c8f0220ac0d61.jpg,,,
6829888,5,그 위에 계란후라이를 얹고,https://recipe1.ezmember.co.kr/cache/recipe/2015/07/10/a83b64be4c08d9d2f7a45c268116148a1.jpg,,,
6829888,6,후추를 뿌리고,https://recipe1.ezmember.co.kr/cache/recipe/2015/07/10/562d9c72ec01f7d4008b8d14711e9e431.jpg,,,
6829888,7,그 위에 치즈를 얹고,https://recipe1.ezmember.co.kr/cache/recipe/2015/07/10/583b9f0d9bdfc373ebb0477d4e9f43311.jpg,,,
6829888,8,꿀 호떡을 마저 하나더 얹으면,https://recipe1.ezmember.co.kr/cache/recipe/2015/07/10/c23ec376b916fb68a63dac465b6adb001.jpg,,,
6829888,9,완성,https://recipe1.ezmember.co.kr/cache/recipe/2015/07/10/8ff859b38ae2fb72b5eec3e6c6f8d7ea1.jpg,,,
6944355,1,"두부(1모)는 먹기 좋은 크기로 썰고 양파(1/3개)는 채 썰고, 감자(1개)는 반으로 잘라 0.5cm 간격으로 썰어주고 청양고추(1개), 대파(1/3대)는 송송 썰어 준비합니다. 저는 부쳐 놓은 두부로 만들었지만 그냥 사용하심 된답니다.",https://recipe1.ezmember.co.kr/cache/recipe/2020/10/16/541fed71423aaeff0bd8dfa8f4919bc81.jpg,,,
6944355,2,"양념재료 고추장(1), 고춧가루(2), 양조간장(3), 설탕(1), 다진 마늘(1), 참기름(1)을 한데 넣어",https://recipe1.ezmember.co.kr/cache/recipe/2020/10/16/b0e5ab50463ae8b00ab706a8bd01779d1.jpg,,,
6944355,3,고루 섞어 양념장을 만들어주고,https://recipe1.ezmember.co.kr/cache/recipe/2020/10/16/2a17b8e48b10da0c0c43c2849275352c1.jpg,,,
6944355,4,"이제 냄비에 두부, 감자, 양파,",https://recipe1.ezmember.co.kr/cache/recipe/2020/10/16/1466816ab6c870fa1375f89c64b07ff61.jpg,,,
6944355,5,참치를 한데 넣고,https://recipe1.ezmember.co.kr/cache/recipe/2020/10/16/19a50af70bf30ed62ce21ed22a1a82091.jpg,,,
6944355,6,물(3)을 붓어주세요. 참치캔으로 계량해 넣어 주심 된답니다.,https://recipe1.ezmember.co.kr/cache/recipe/2020/10/16/015f009c64de425c595928a37712a2cf1.jpg,,,
6944355,7,이어 만들어 놓은 양념장 한데 넣어,https://recipe1.ezmember.co.kr/cache/recipe/2020/10/16/f95528c45c13fb848492c5da0889f04f1.jpg,,,
6944355,8,센 불에서 바글바글 끓여주다가 끓기 시작하면 중약 불로 줄여주고 중간중간 재료가 바닥에 눌어붙지 않게 슬쩍 슬쩍 밀어가며 10분 정도 끓여주고 드셔보시고 부족한 간은 간장으로 입맛에 맞게 해주세요.,https://recipe1.ezmember.co.kr/cache/recipe/2020/10/16/d24d10604b2714e16b7b7a933853869c1.jpg,,600,
6944355,9,"그리고 청양고추, 대파를 넣어",https://recipe1.ezmember.co.kr/cache/recipe/2020/10/16/9f2c83c0b44bb4b12a709de3523b84c51.jpg,,,
6944355,10,중불에서 끓여 처음 넣었던 국물이 2/3 정도 남겨두고 끓여 마무리해 주심 된답니다.,https://recipe1.ezmember.co.kr/cache/recipe/2020/10/16/78711f73a054ab6eef795d30aa59128e1.jpg,중불,,
6944355,11,완성,https://recipe1.ezmember.co.kr/cache/recipe/2020/10/16/46ee122a3b63a5908cc23d820fe8dcf31.jpg,,,
6973706,1,팔팔 끓는 물에 멸치다시팩을 넣고 10분 정도 끓여서 육수를 만들어 줍니다.,https://recipe1.ezmember.co.kr/cache/recipe/2022/01/29/ad2d7943faef6ec64651eed17096afde1.jpg,,600,
6973706,2,삶은 시래기는 물에 여러 번 헹궈서 깨끗이 씻어 줍니다.,https://recipe1.ezmember.co.kr/cache/recipe/2022/01/29/f75f459770439b2fb32c7fc7770ed3c21.jpg,,,
6973706,3,무청 시래기 줄기의 껍질을 벗겨 주세요. 그냥 조리하셔도 되긴 하는데 껍질을 벗기지 않고 만들게 되면 나물이 질겨서 식감이 좋지 않아요,https://recipe1.ezmember.co.kr/cache/recipe/2022/01/29/72688f867062c1efe4d57680e495869f1.jpg,,,
6973706,4,껍질을 벗긴 시래기를 한 번 더 씻어서 물기를 꼭 짜줍니다. 저렇게 꼭 짜서 두덩이 정도 분량으로 만들었어요,https://recipe1.ezmember.co.kr/cache/recipe/2022/01/29/a9633478c82a8c657168d7ec4077bef31.jpg,,,
6973706,5,물에 꼭 짠 시래기는 먹기 좋은 크기로 썰어주고 마늘과 대파도 다져줍니다.,https://recipe1.ezmember.co.kr/cache/recipe/2022/01/29/6f95de03d0697a8d17e77b922e2d1ce91.jpg,,,
6973706,6,"썰어둔 무청 시래기를 볼에 담고 진간장 1수저, 국간장 2수저, 들기름 2수저, 다진 마늘 2수저를 넣어 주세요.",https://recipe1.ezmember.co.kr/cache/recipe/2022/01/29/7b685fab989b1d7896fcb2f9bf5f9d211.jpg,,,
6973706,7,간이 배도록 손으로 조물조물 잘 섞어준 다음 그 상태로 15~20분 정도 둡니다.,https://recipe1.ezmember.co.kr/cache/recipe/2022/01/29/c7a4d2a8ac85e6f59a9482a3dcf43fdf1.jpg,,1200,
6973706,8,팬에 식용유를 두르고 시래기나물을 중약불에 3분 정도 볶아주세요.,https://recipe1.ezmember.co.kr/cache/recipe/2022/01/29/eedb13f25c7ff1925cc472625679098f1.jpg,약불,180,
6973706,9,멸치다시육수 2컵~ 2컵반 정도를 넣어 줍니다.,https://recipe1.ezmember.co.kr/cache/recipe/2022/01/29/3464ae3b1d2ee5684aa026a3f35a043d1.jpg,,,
6973706,10,끓어오르면 뚜껑을 덮어서 15분 정도 약불에 삶아 줍니다.(저는 15~20분 정도 삶아 주었어요.) 뚜껑을 덮고 삶아 주면 나물이 부드러워 진답니다,https://recipe1.ezmember.co.kr/cache/recipe/2022/01/29/0551acbbcd90eecdd795a5719f39a2c01.jpg,약불,900,
6973706,11,뚜껑을 열고 들깨가루 5수저 다진 대파를 넣고 섞어줍니다.,https://recipe1.ezmember.co.kr/cache/recipe/2022/01/29/0a592dc6253b1a8c9cc4be190f460ea01.jpg,,,
6973706,12,마지막에 들기름을 살짝 둘러주셔도 좋아요.,https://recipe1.ezmember.co.kr/cache/recipe/2022/01/29/aefa16d9db7a963d9e13c583d3cfe57b1.jpg,,,
6973706,13,완성입니다.,https://recipe1.ezmember.co.kr/cache/recipe/2022/01/29/d760b4f57436459827893a6b36f1f40d1.jpg,,,
6911447,1,"달걀 2개는 고루 풀어 준비하고, 스팸은 잘게 깍둑 썰어주고, 김치는 한 입 크기로 썰어 모든 재료를 준비해 줍니다.",https://recipe1.ezmember.co.kr/cache/recipe/2019/05/01/4e6376fdf91f344bd2f2997d1d8dab2d1.jpg,,,
6911447,2,"달군 팬에 식용유를 두르고, 풀어 놓은 달걀을 넣어",https://recipe1.ezmember.co.kr/cache/recipe/2019/05/01/50861837d09d754669ceac4f6564bd801.jpg,,,
6911447,3,휘휘 젓어가며 스크램블 에그를 만들어 주세요.,https://recipe1.ezmember.co.kr/cache/recipe/2019/05/01/a61d85c122e90cdc8b830caf647521161.jpg,,,
6911447,4,이번에는 스팸을 노릇노릇하게 구워주고,https://recipe1.ezmember.co.kr/cache/recipe/2019/05/01/140b64cbc033a03695f513c17042779d1.jpg,,,
6911447,5,식용유 1을 두르고 김치와 김치 국물 5를 넣고,https://recipe1.ezmember.co.kr/cache/recipe/2019/05/01/76c733f80de4d09ebb67bd36471fe3111.jpg,,,
6911447,6,"달달 볶아 주다 올리고 당 1, 참기름 1을 넣어 김치를 아삭하게 볶아 줍니다.",https://recipe1.ezmember.co.kr/cache/recipe/2019/05/01/cd8ba6f482711cf350acf4f956c1047a1.jpg,,,
6911447,7,"그릇에 밥을 나눠 담고 그 위에 김치볶음, 스크램블 에그, 스팸을 보기 좋게 올려주고 색감을 위해 대파 또는 쪽파를 송송 썰어 얹어주고 통깨도 솔솔 뿌려 주면 삼색 덮밥 완성 ^^",https://recipe1.ezmember.co.kr/cache/recipe/2019/05/01/7142bd029d3af0509d241bf20e83be111.jpg,,,
6923736,1,진미채를 먹기좋게 손질해요. 물에 적신다는 느낌으로 물에 담궜다 3~4번 주물럭주물럭. 물기를 짜주세요. 물은 대강 짜셔도되요.,https://recipe1.ezmember.co.kr/cache/recipe/2019/12/18/2c4a8990d86c949395e1d63a30b6f4861.jpg?w=1000,,,
6923736,2,마요네즈를 3스푼넣어요. 취향대로 가감하세요~ 마요네즈 섞은 진미채는 잠시두고 양념을 준비해요.,https://recipe1.ezmember.co.kr/cache/recipe/2019/12/18/48d1a234ad61c7d57f3ea0254e3bac311.jpg?w=1000,,,
6923736,3,간장 3스푼,https://recipe1.ezmember.co.kr/cache/recipe/2019/12/18/861414ffeabf3c0d8465143f42e8b4001.jpg?w=1000,,,
6923736,4,올리고당 3스푼,https://recipe1.ezmember.co.kr/cache/recipe/2019/12/18/ef2e4e4797e8d54a766047207e53cc9c1.jpg?w=1000,,,
6923736,5,중불보다 조금 약한불에서 가장자리 저어주면서 졸여주세요.,https://recipe1.ezmember.co.kr/cache/recipe/2019/12/18/bdd088f199b4719f245ab8580a9ea4d81.jpg?w=1000,중불,,
6923736,6,양념이 진득해지면 진미채를 넣어요.,https://recipe1.ezmember.co.kr/cache/recipe/2019/12/18/0e104d4dbc2199e1114e4b959a0710ec1.jpg?w=1000,,,
6923736,7,"불은 그대로 두고 색이 예쁘게 나올때까지 저어주세요. 추가 간은 요때 간장, 올리고당으로 해주시면되요.",https://recipe1.ezmember.co.kr/cache/recipe/2019/12/18/f28d43a800d453064cbf18d4258eed401.jpg?w=1000,,,
6923736,8,통깨를 뿌리고 마무리해요.,https://recipe1.ezmember.co.kr/cache/recipe/2019/12/18/6be46e86b645dd896a724403fda5889c1.jpg?w=1000,,,
6923736,9,밥도둑 간장진미채 완성~,https://recipe1.ezmember.co.kr/cache/recipe/2019/12/18/9bffb2f3b6eafbe3ae5a2327d3e8063e1.jpg?w=1000,,,
6887619,1,스팸은 한입 크기로 잘라준다.,https://recipe1.ezmember.co.kr/cache/recipe/2018/04/20/8806fd7e6ed7b048f6a81ed49da5a1291.png,,,
6887619,2,모서리 부분을 돌려 깎아준다.,https://recipe1.ezmember.co.kr/cache/recipe/2018/04/20/e35b91bc916b8f3f408361b865871a551.png,,,
6887619,3,팬에 기름을 자작하게 두르고 약불에 구워준다.,https://recipe1.ezmember.co.kr/cache/recipe/2018/04/20/cfbff1d49270e4b981096871a3a87b6a1.png,약불,,
6887619,4,구워진 스팸은 건져 기름을 제거해준다.,https://recipe1.ezmember.co.kr/cache/recipe/2018/04/20/5663e277d21a39461a4206c35d510d901.png,,,
6887619,5,팬에 소스 재료를 넣고 중불에서 끓인다.,https://recipe1.ezmember.co.kr/cache/recipe/2018/04/20/1352da21ac6f3fb0d8fd34cdb6beeca31.png,중불,,
6887619,6,소스가 걸쭉해지면 스팸을 넣고 버무려 완성한다.,https://recipe1.ezmember.co.kr/cache/recipe/2018/04/20/ec3bd2f40d291d0a1110ee1a692eba181.png,,,
6901889,1,"양파, 스팸, 당근, 대파는 다진다.",https://recipe1.ezmember.co.kr/cache/recipe/2018/12/13/fd7debe15f11a4fa0d4c0a12a611cc6a1.png?w=1000,,,
6901889,2,팬에 기름을 두르고 다진재료들을 모두 넣어 볶는다. 팬,https://recipe1.ezmember.co.kr/cache/recipe/2018/12/13/a4fdacf649cdc5c5d6feb433296e8a211.png?w=1000,,,
6901889,3,밥을 넣어 볶다가 양념재료를 넣고 볶는다.,https://recipe1.ezmember.co.kr/cache/recipe/2018/12/13/97f0c4bb2b8f6d5b837e4d722bc913011.png?w=1000,,,
6901889,4,모든재료가 다 섞이면 잠시 식힌다.,https://recipe1.ezmember.co.kr/cache/recipe/2018/12/13/3a69567be250448139e1ae29833dd4551.png?w=1000,,,
6901889,5,손으로 뭉쳐 주먹밥을 만들어 완성한다. 김가루에 굴려 완성하셔도 좋아요.,https://recipe1.ezmember.co.kr/cache/recipe/2018/12/13/77a75dc950ec483c7ed9cc7c38854a051.png?w=1000,,,
7067620,1,양배추 큰것으로 1장 세척해서 큼직하게 썰어줍니다. 사각어묵1장도 큼직하게 썰어줍니다.,https://recipe1.ezmember.co.kr/cache/recipe/2025/12/04/e90c103169f636966436be9503124c261.jpg,,,
7067620,2,전골냄비에 물500ml.고추장1T.고춧가루1/2T.알룰로스 또는 올리고당1T.후춧가루소량. 떡볶이떡 100g. 라면에 들어있는 건더기스프. 라면스프는 1/2~2/3정도 넣어줍니다. **라면스프는 처음에는 1/2정도 넣었다가 끓일때 간을 보셔서 추가하시면 됩니다.,https://recipe1.ezmember.co.kr/cache/recipe/2025/12/04/4aa90e35c5b8fdc9f01a68e71032f4ec1.jpg,,,
7067620,3,센불로 켠후 끓어오르면 라면사리와 준비한 양배추.어묵을 넣고 다진파3T를 넣은후골고루 섞어주시고 라면사리는 잘 풀어줍니다. 이 상태로 라면이 익으면 완성인데요. 마지막에 드셔보셔서 기호에 맞게 양념 추가하시고요 치즈를 추가로 넣어도 맛있답니다.,https://recipe1.ezmember.co.kr/cache/recipe/2025/12/04/ebcfbcd8f6012df3d626c44a466ae30c1.jpg,강불,,
6831912,1,애호박과 양파는 잘게 다져주시고,https://recipe1.ezmember.co.kr/cache/recipe/2015/08/13/cf10eebf3aea29336c806075f7a928961.jpg,,,
6831912,2,들기름1큰술 둘러 팬에 볶아주세요,https://recipe1.ezmember.co.kr/cache/recipe/2015/08/13/ae736077211be415314f1beb760815fe1.jpg,,,
6831912,3,양파가 투명해지면 물한컵을 붓고,https://recipe1.ezmember.co.kr/cache/recipe/2015/08/13/06ee9aa05c81eb55377b3e9e48608b951.jpg,,,
6831912,4,"분량의 된장, 고추장, 쌈장을 넣은뒤 다진 두부도 넣어 으깨면서 끓여주세요",https://recipe1.ezmember.co.kr/cache/recipe/2015/08/13/29e89684360b96741f910272a523806e1.jpg,,,
6831912,5,국물이 자작해질정도로 끓여내면 완성,https://recipe1.ezmember.co.kr/cache/recipe/2015/08/13/31def0ac452f8efa846cd090328e57241.jpg,,,
6875326,1,"★재료 모으기 우선 다진 파프리카, 양파, 방울토마토를 한군데로 모아줘요",https://recipe1.ezmember.co.kr/cache/recipe/2017/08/24/5dd473779462f4bc187e1dc8d30b4a7c1.png?w=1000,,,
6875326,2,"★소스 섞기 소스재료를 섞어 소스를 만들고 다진 파프리카, 양파, 방울토마토와 섞어줘요",https://recipe1.ezmember.co.kr/cache/recipe/2017/08/24/23299e4bd0741ca8f9204130324b0edd1.png?w=1000,,,
6875326,3,★바게트빵 굽기 팬에 버터를 충분히 두른 후 약불에서 바게트빵을 앞뒤로 바삭하게 구워줘요,https://recipe1.ezmember.co.kr/cache/recipe/2017/08/24/f0b0f16fdcedc1827e56f03450f1b75d1.png?w=1000,약불,,
6875326,4,★재료올리기 & 완성 구운 바게트빵 위에 아까 섞은 재료들을 올려주면 완성!,https://recipe1.ezmember.co.kr/cache/recipe/2017/08/24/6ed6791f97036129438fa5343abfedd71.png?w=1000,,,
6835493,1,닭가슴살을 적당한 크기로 깍뚝썰기 해주시구요. 냉장고에 있는 채소들만 적당한 크기로 잘라주세요. (없어도 되지만 그래도 양파는 넣어줌이 맛있어요),https://recipe1.ezmember.co.kr/cache/recipe/2015/10/03/03e37deb7e8b3031c4d4c6f73cf22bd51.jpg?w=1000,,,
6835493,2,위 분량대로 양념장을 다른 그릇에 미리 만들어 놓아요.,https://recipe1.ezmember.co.kr/cache/recipe/2015/10/03/d18f2d4f59f072fd4af79491a9d276681.jpg?w=1000,,,
6835493,3,팬에 기름을 살짝 두르고 양파를 볶아줍니다.,https://recipe1.ezmember.co.kr/cache/recipe/2015/10/03/b2f1347b27a9b5db1599482ab8e7281f1.jpg?w=1000,,,
6835493,4,양파가 반정도 익었을 때 닭가슴살과 버섯을 넣어 같이 볶아줍니다.,https://recipe1.ezmember.co.kr/cache/recipe/2015/10/03/7daf2c956778a1fee09b85c9f3f731b11.jpg?w=1000,,,
6835493,5,닭가슴살 겉면이 익었을 때 쯤 미리 만들어 놓은 양념장을 부어주세요. 약불에서 보글보글 졸여주듯이 끓여줍니다.,https://recipe1.ezmember.co.kr/cache/recipe/2015/10/03/01a3d975b4cb2b3d7dd235ff530a995f1.jpg?w=1000,약불,,
6835493,6,색감이 약간 아쉬워서 채썬 당근과 대파를 넣었주었어요. (채소가 없다면 생략),https://recipe1.ezmember.co.kr/cache/recipe/2015/10/03/adf340c7f322851db1a227937ad563211.jpg?w=1000,,,
6835493,7,계란을 거칠에 풀어서 준비합니다. (닭가슴살 1덩어리에 1개 준비),https://recipe1.ezmember.co.kr/cache/recipe/2015/10/03/dc0084c078f85ee96d8654c1023af0061.jpg?w=1000,,,
6835493,8,양념장이 어느정도 졸았을때.. 마무리 단계에서 거칠게 풀어낸 계란물을 휘리릭 돌려가며 부어주세요. 이때 계란을 넣고 휘젓지는 말아주세요. 조금 더 끓인 후 불을 끄고 가볍게 섞어낸 후 그릇에 밥과 함께 덮밥형태로 담아주면 완성!!,https://recipe1.ezmember.co.kr/cache/recipe/2015/10/03/2b8826f0e0b9eca9393805aad08659b41.jpg?w=1000,,,
6948138,1,*고구마는 껍질을 벗기고 깍뚝썰기해주세요 웍에 기름조금 두르고 고구마를 먼저 볶아줍니다 . *고구마가 익어야되니 너무 두껍게 썰지 마시고 잠시 뚜껑을 덮어 익혀주세요,https://recipe1.ezmember.co.kr/cache/recipe/2020/12/11/173f536c709949c6f33129bc1bac0a061.jpg?w=1000,,,
6948138,2,"저는 카레맛이 첨가된 닭가슴살준비했는데,순살도 좋아요",https://recipe1.ezmember.co.kr/cache/recipe/2020/12/11/14a0d830df27411240f155884280e8f21.jpg?w=1000,,,
6948138,3,대파도 듬뿍듬뿍 썰어서 준비해주세요,https://recipe1.ezmember.co.kr/cache/recipe/2020/12/11/a315de80e53a5623a190eed746760c2f1.jpg?w=1000,,,
6948138,4,살짝 볶아진 고구마에 닭가슴살을 넣어주세요,https://recipe1.ezmember.co.kr/cache/recipe/2020/12/11/567c22874af501b8211765d0a7337b711.jpg?w=1000,,,
6948138,5,잘게 썰어놓은 자색양파도 함께 넣고 뚜껑닫고 익혀줍니다,https://recipe1.ezmember.co.kr/cache/recipe/2020/12/11/af350d3670bf20e29fc2c6f20db3bd141.jpg?w=1000,,,
6948138,6,어느정도 끓어오르면 굴소스를 비롯 양념을 넣고 수분을 날려주면서 볶아주세요 대파도 듬뿍듬뿍 올려주시구요,https://recipe1.ezmember.co.kr/cache/recipe/2020/12/11/2e571a0ca38cca1d5216cd2928a017e91.jpg?w=1000,,,
6948138,7,홍고추 가늘게 채썰어 올려주면 칼칼한맛도 있고 색감도 좋아요 건강한 다이어트식단 완성입니다 건강한 다이어트에 도전해 보세요~^^,https://recipe1.ezmember.co.kr/cache/recipe/2020/12/11/b300d97300623f6349fd4246d02ee72a1.jpg?w=1000,,,
7022766,1,밥은 기호에 따라 잡곡밥이나 현미밥으로 변경해도 좋아요.,https://recipe1.ezmember.co.kr/cache/recipe/2024/03/22/82c2f5083916b92214f84da93f64c3c41.jpg?w=1000,,,
7022766,2,"두부는 큐브모양으로 작게 자르고 가볍게 물기를 제거해요. 도마 , 조리용나이프",https://recipe1.ezmember.co.kr/cache/recipe/2024/03/22/ccdca647d876558cb47d08abcdf9d0411.jpg?w=1000,,,
7022766,3,오이는 길게 4등분으로 갈라 도톰하게 썰어요. 오이 손질법 레시피,https://recipe1.ezmember.co.kr/cache/recipe/2024/03/22/110085587f46633db2fa31355d3578e21.jpg?w=1000,,,
7022766,4,"명란과 두부는 노릇하게 구워요. 프라이팬 , 조리용스푼 두부는 골고루 바삭하게 구워 넣으면 더 맛있어요.",https://recipe1.ezmember.co.kr/cache/recipe/2024/03/22/09a57c73a3fa941329e3985680aa12eb1.jpg?w=1000,,,
7022766,5,"달걀은 반숙으로 구워 준비해요. 프라이팬 ,",https://recipe1.ezmember.co.kr/cache/recipe/2024/03/22/f94bc2c1a0f51196b2f95e7aaf72ae421.jpg?w=1000,,,
7022766,6,그릇에 밥>오이>두부>달걀>명란 순서로 올려요. 면기 간은 간장&들기름으로 기호에 맞게 맞춰요.,https://recipe1.ezmember.co.kr/cache/recipe/2024/03/22/1e95a053cdfa7373447bad30d85b85d31.jpg?w=1000,,,
7022766,7,간단해서 도시락 메뉴로도 좋아요~,https://recipe1.ezmember.co.kr/cache/recipe/2024/03/22/b14b276b98c137318bcfa3334136a1ab1.jpg?w=1000,,,
6922493,1,먼저 찐고구마를 포크로 으깨 주세요,https://recipe1.ezmember.co.kr/cache/recipe/2019/11/21/68577529515c5d7ca10ec6993d617aff1.jpg,,,
6922493,2,전자렌지 가능한 그릇에 으깬 고구마를 1차로 골고루 깔아 줍니다.그 위에 슬라이스 치즈를 덮어주시고 다시 으깬 고구마를 올려 주신뒤 그위에 또 슬라이스치즈를 올려주세요,https://recipe1.ezmember.co.kr/cache/recipe/2019/11/21/09e1b3017a2c25371e00d93e96e31f5a1.jpg?w=1000,,,
6922493,3,이제 계란 한개를 톡 깨서 올려 주시구요.노른자가 터질수 있으니 포크로 한두번 콕콕 찍어 주세요,https://recipe1.ezmember.co.kr/cache/recipe/2019/11/21/ab641abcc494fd634d827d09e600b3b41.jpg?w=1000,,,
6922493,4,계란위에 소금 한꼬집 뿌리고 파슬리가루도 톡톡 뿌려주신뒤 전자렌지에 돌려 주시면 끝인데요. 한번에 다 돌리시 마시고 1분씩 끊어 돌리셔서 노른자 상태보시고 시간 추가하셔요 전자레인지 파슬리가루 없으시면 빼셔도 되요,https://recipe1.ezmember.co.kr/cache/recipe/2019/11/21/bbd85fe199f96e03e9fee56bcde821921.jpg?w=1000,,60,
6922493,5,전자렌지로 뚝딱 만든 고구마에그슬럿 완성입니다^^노른자 익기는 본인 기호에 맞게 시간을 추가해주시면 되는데요.너무 다 익은것보다는 살짝 반숙인 상태가 치즈랑 고구마랑 섞었을때 부드럽더라구요,https://recipe1.ezmember.co.kr/cache/recipe/2019/11/21/4907501e6aa85cef73a58b3d84865d921.jpg,,,
6922493,6,"한번 먹어보니 달달한 고구마에 짭쪼름한 치즈,계란의 조합이 기대이상으로 좋은데요!맛이 자극적이지 않고 적절하게 조화를 이루어 고소하면서도 담백하니 맛있어요",https://recipe1.ezmember.co.kr/cache/recipe/2019/11/21/af72c158176dd995a3883f87b9d6e0551.jpg,,,
6884174,1,계란 두개에 설탕과 식용유를 넣고 풀어주세요.,https://recipe1.ezmember.co.kr/cache/recipe/2018/02/19/c152847d1c357dfecd3d25b7a007ff3f1.jpg,,,
6884174,2,밀가루를 체쳐 넣고 주걱으로 섞어줍니다.,https://recipe1.ezmember.co.kr/cache/recipe/2018/02/19/d2ddaf85457e47a0ee644f0310fef3161.jpg,,,
6884174,3,콘옥수수를 넣고 싶은 만큼 넣어주세요.,https://recipe1.ezmember.co.kr/cache/recipe/2018/02/19/9e3ec4518cc044be0dc310fe9f32126c1.jpg,,,
6884174,4,"종이컵에 70%정도 채운 뒤,",https://recipe1.ezmember.co.kr/cache/recipe/2018/02/19/9b94ae5ed8cd430e0296c765bf98900e1.jpg,,,
6884174,5,전자레인지에 3분 동안 돌려주면 완성~! 전자레인지,https://recipe1.ezmember.co.kr/cache/recipe/2018/02/19/9ced1fa9c906b05ffc4ae9ceaec735f61.jpg,,180,
3874774,1,감자는 0.2cm 정도의 두께로 통썰기 합니다.,https://recipe1.ezmember.co.kr/cache/recipe/2015/07/16/2f536f6a1f184ed2bd335b311f959dd11.jpg,,,
3874774,2,양파는 채썰어 달구어진 팬에 기름을 두르고 볶습니다.,https://recipe1.ezmember.co.kr/cache/recipe/2015/07/16/67724773202934ed2f8cffb7b4e1424d1.jpg,,,
3874774,3,"달걀을 깨뜨려 그릇에 담은 다음 소금, 후추로 간을 합니다.",https://recipe1.ezmember.co.kr/cache/recipe/2015/07/16/a52482bb531fb16388339864d7d04daa1.jpg,,,
3874774,4,"감자는 여러번 물에 헹군 다음 달구어진 팬에 기름을 두르고 감자를 넣고 앞, 뒤 노릇노릇하게 굽습니다.",https://recipe1.ezmember.co.kr/cache/recipe/2015/07/16/594428cf0ee498b306f43365323fe5001.jpg,,,
3874774,5,볶아두었던 양파를 조금 넓게 골고루 편 다음 달걀물 1/3만 붓습니다.,https://recipe1.ezmember.co.kr/cache/recipe/2015/07/16/7b1735d349bef11744864fc4b46cbaaf1.jpg,,,
3874774,6,그 다음 구워 두었던 감자를 놓고 달걀물을 마저 부은 다음 뚜껑 닫고 약불에서 천천히 익힙니다. 다 익어갈때쯤 모짜렐라치즈와 슬라이스치즈를 뿌립니다.,https://recipe1.ezmember.co.kr/cache/recipe/2015/07/16/2365894a12d9dc93181d6af287fde1cd1.jpg,약불,,
6881447,1,"두부강정 만드는법 재료: 두부한모, 튀김가루 2/1 재료참 간단하죠?ㅋㅋㅋㅋ 두부색이 왜이렇게 나왔나몰라 ㅋㅋ ㅋㅋㅋㅋㅋㅋㅋㅋㅋㅋㅋㅋㅋㅋㅋㅋㅋ",https://recipe1.ezmember.co.kr/cache/recipe/2017/12/27/57da0948a149b20a8b892890f70c90c31.jpg,,,
6881447,2,두부는 깍뚝썰기 해주세요 키친타올로 대충 물기를 제거해주세요 너무크게썰지마세요 안에 간이안배이기때문에 따로놀아요~,https://recipe1.ezmember.co.kr/cache/recipe/2017/12/27/aab0da4078f4900edcc8b0a481b235aa1.jpg,,,
6881447,3,그리고 비닐팩에 부침가루를 넣고 살살 흔들어주세요 그럼 가루가 이렇게 골고루 잘 묻는답니다^^,https://recipe1.ezmember.co.kr/cache/recipe/2017/12/27/209d44e90b1fc64245e8e1b2ec79686a1.jpg,,,
6881447,4,그다음 팬에 기름을 넉넉히 두른후 노릇노릇해질때까지 구워주세요~ 간은 안했지만 먹어보니 맛나네요 ㅋㅋㅋㅋㅋ,https://recipe1.ezmember.co.kr/cache/recipe/2017/12/27/7add1cb228e946af9d03d8b63a97a5cc1.jpg,,,
6881447,5,물을 먼저 넣어준후 나머지양념들을 넣어주세요 그래야 타지않아요~ 지금부터는 약불로 조려주세요~ 약불,https://recipe1.ezmember.co.kr/cache/recipe/2017/12/27/45f0331c6dcbbe8821069a7ec75a246b1.jpg?w=1000,약불,,
6881447,6,세연이가 케찹을 싫어해서 이번엔 간장을 이용해서 만들었는데요 마늘이 들어가서인지 저 튀김가루부분이랑 같이 먹음 마늘치킨맛이 난다는 ㅋㅋㅋㅋㅋㅋ ㅋㅋㅋㅋㅋㅋㅋㅋㅋㅋㅋㅋㅋㅋㅋ 의도치않게 ㅋㅋㅋㅋㅋㅋ,https://recipe1.ezmember.co.kr/cache/recipe/2017/12/27/ba0d15223b7c865e0716911a329f95fd1.jpg,,,
6881447,7,전 튀김가루가 떨어지면서 자기네들끼리 뭉친게 양념이 배겨 맛있더라구요 ㅋㅋㅋㅋ 세연이도 잘먹고 만들면서 한개씩 주어먹었는데 맥주가 생각나는맛이라고나 할까요?ㅋㅋㅋㅋㅋㅋ,https://recipe1.ezmember.co.kr/cache/recipe/2017/12/27/3f0dc8f2943809c7f3c866aa2d3405651.jpg,,,
6892107,1,재료를 준비해주세요~.,https://recipe1.ezmember.co.kr/cache/recipe/2018/07/06/422810fa62e80e3d952f3ef75484e2f71.jpg?w=1000,,,
6892107,2,비엔나소세지에 1cm만 남기고 +모양 칼집을 내주세요~.,https://recipe1.ezmember.co.kr/cache/recipe/2018/07/06/1ed476f2a4eeb79ce387f4770a9516881.jpg?w=1000,,,
6892107,3,"핫케이크가루와 물또는 우유, 계란을 넣고 반죽을 만들어주세요~.",https://recipe1.ezmember.co.kr/cache/recipe/2018/07/06/6ee7ff64755d656cf5050c526ffc4d801.jpg?w=1000,,,
6892107,4,반죽은 되작하게 만들어주세요~.,https://recipe1.ezmember.co.kr/cache/recipe/2018/07/06/05b9a64e4aec76bc421cde9416bd5bfe1.jpg?w=1000,,,
6892107,5,꼬지에 칼집을 낸 비엔나소세지를 꽂아주세요~.,https://recipe1.ezmember.co.kr/cache/recipe/2018/07/06/f1901e8ea672d1179a686fa9f2b2d5881.jpg?w=1000,,,
6892107,6,칼집을 안낸부분에 1차적으로 반죽을 뭍혀주세요~.,https://recipe1.ezmember.co.kr/cache/recipe/2018/07/06/46fc16c54a5b2a412c80b9d577697d301.jpg?w=1000,,,
6892107,7,예열된 기름에 반죽을 뭍힌 부분만 중불에서 2분정도 튀겨주세요~.,https://recipe1.ezmember.co.kr/cache/recipe/2018/07/06/98e668941bdb2a0b7cc5c755078ca36e1.jpg?w=1000,중불,120,
6892107,8,2차적으로 반죽을 한번 더 뭍혀주세요~.,https://recipe1.ezmember.co.kr/cache/recipe/2018/07/06/566b63fc37aef7f62d2e08f2bf6eba3d1.jpg?w=1000,,,
6892107,9,이번엔 통째로 기름에 넣고 중불에서 3분정도 튀겨주세요~.,https://recipe1.ezmember.co.kr/cache/recipe/2018/07/06/57194ece04771f0c4c5f0ada1401a8ae1.jpg?w=1000,중불,180,
6892107,10,노릇노릇하게 튀긴 문어핫도그는 키친타올에 받쳐 기름을 빼주세요~.,https://recipe1.ezmember.co.kr/cache/recipe/2018/07/06/5510c84ab404ad2ecdb05bbe6a2279941.jpg?w=1000,,,
6892107,11,저는 체다치즈로 문어의 눈을 만들어주었어요~.,https://recipe1.ezmember.co.kr/cache/recipe/2018/07/06/99e8f9df6a58af6e8c4fc7e8452c88621.jpg?w=1000,,,
6892107,12,돈가스 소스로 눈을 찍어주면완성이랍니당~.,https://recipe1.ezmember.co.kr/cache/recipe/2018/07/06/307217197d67ba4e4a6cd297d65005521.jpg?w=1000,,,
6904806,1,끓는 물에 소면 넣고 끓이기.,https://recipe1.ezmember.co.kr/cache/recipe/2019/01/19/4360dd0d47948cc6c717f1c575ccd49e1.jpg,,,
6904806,2,끓으면 찬물 살짝 붓기. 세번 반복.,https://recipe1.ezmember.co.kr/cache/recipe/2019/01/19/d5b7c3f5ccb1413fc4f2f47a1bb351fe1.jpg,,,
6904806,3,찬물에 박박 비벼서 헹구기. *면 절대 안끊어지니까 손빨래하듯 양손으로 잡고 비벼헹구세요. 그래야 안불고 쫄깃해집니다.,https://recipe1.ezmember.co.kr/cache/recipe/2019/01/19/6ce319cf229812d73982296b7092e8b41.jpg,,,
6904806,4,달걀 두개 반숙으로 부치기.,https://recipe1.ezmember.co.kr/cache/recipe/2019/01/19/a10920461c38e839a06fa748e1daaf511.jpg,,,
6904806,5,볼에 양념 만들어두기.,https://recipe1.ezmember.co.kr/cache/recipe/2019/01/19/08bb92b033198e080077106583ff6e9b1.jpg,,,
6904806,6,체에 받쳐 둔 국수 넣고 버무리기.,https://recipe1.ezmember.co.kr/cache/recipe/2019/01/19/3b546218de2bca4d718147510690625b1.jpg,,,
6904806,7,그릇에 담기.,https://recipe1.ezmember.co.kr/cache/recipe/2019/01/19/1f0a30ee39adca87642472c3153c91641.jpg,,,
6904806,8,달걀프라이 얹고 깨뿌리기.,https://recipe1.ezmember.co.kr/cache/recipe/2019/01/19/49f8035c0ef2175126a15ef24d1ba5251.jpg,,,
6904806,9,※ 매콤달콤 김치비빔국수도 땡긴다면? → @6905804,https://recipe1.ezmember.co.kr/cache/recipe/2019/02/24/bf8f07886a665f51f7e4bd00cd7b40821.jpg,,,
6907137,1,먼저 달궈진 팬에 기름을 두르고 떡을 노릇노릇 구워 줍니다.너무 오래 구우면 떡이 딱딱해지니 겉면이 노릇해질까지만 구워 주세요.,https://recipe1.ezmember.co.kr/cache/recipe/2019/02/22/aa944ebcfb4f68b9854aa8b8d2508b251.jpg,,,
6907137,2,떡이 잘 구워졌으면 버터를 넣고 녹여서 잘 볶아주세요.,https://recipe1.ezmember.co.kr/cache/recipe/2019/02/22/32760145e1fe63a1e5840c832135efa61.jpg,,,
6907137,3,그 다음 꿀을 넣어주시면 되는데 본인 기호에 맞게 꿀을 조절하셔서 잘 섞어주심 완성!!!,https://recipe1.ezmember.co.kr/cache/recipe/2019/02/22/1412b8deed3d4755de64c877ca0385fa1.jpg,,,
6907137,4,그냥 저 상태로 드셔도 맛있구요.으깬 땅콩을 넣어주시면 고소함이 두배가 된답니다^^,https://recipe1.ezmember.co.kr/cache/recipe/2019/02/22/06e2f5afd1fdddd45c15fe7086e779b41.jpg,,,
6907137,5,고소하고 달콤한 꿀떡볶이 완성입니다.,https://recipe1.ezmember.co.kr/cache/recipe/2019/02/22/c14bd2fb61ebf6a4de874c2e2c3884eb1.jpg,,,
6907137,6,한입 먹어보니 바삭바삭하면서 달콤하니 너무 맛있는데요.매운맛 떡볶이 고집하는 저의 입맛에도 너무 맛있게 느껴지더라구요.평소 매운맛을 싫어하시는 분이나 매운것 잘 못먹는 아이들 간식으로 정말 좋은것 같아요.,https://recipe1.ezmember.co.kr/cache/recipe/2019/02/22/b6f7909553bd170ed8a25d5fb486c0301.jpg,,,
6918852,1,식빵은 정사각형으로 자른다,https://recipe1.ezmember.co.kr/cache/recipe/2019/09/06/0b94f7301b6c41550a50f976868626ac1.jpg?w=1000,,,
6918852,2,"봉지에 식빵, 설탕을 넣고 흔들어 섞는다.",https://recipe1.ezmember.co.kr/cache/recipe/2019/09/06/e4e3d9fc667c2913554ca87dc59c97221.jpg?w=1000,,,
6918852,3,에어프라이어 바스켓에 식빵을 넣고 식용유를 뿌린다. 에어프라이어,https://recipe1.ezmember.co.kr/cache/recipe/2019/09/06/52f2f8a091f4e1c38c643cc3328eadef1.jpg?w=1000,,,
6918852,4,180도 온도에서 10분간 돌려 완성한다. 중간중간 뒤적여주면 고루 바삭해져요.,https://recipe1.ezmember.co.kr/cache/recipe/2019/09/06/da394cb2f6148bbf893e4d2622b5a0b81.jpg?w=1000,,600,
7000243,1,"양파 1/2개, 대파 1/2대, 청양고추 1~2개는 잘게 썰어주고 참치캔 1개 기름을 빼서 준비합니다",https://recipe1.ezmember.co.kr/cache/recipe/2023/04/07/77855426c882e5ff9d0a0b3a5b69e9391.jpg?w=1000,,,
7000243,2,"고춧가루 1큰술, 다진마늘 1/2큰술, 된장 1큰술, 고추장 1큰술, 설탕 1큰술, 물 3큰술 모두 다 잘 섞어주세요",https://recipe1.ezmember.co.kr/cache/recipe/2023/04/07/0b560d84769c183e958d9cad8117b2591.jpg?w=1000,,,
7000243,3,"팬에 기름을 두른 후 미리 섞어둔 양념을 살짝 볶은 후 야채를 넣어주세요 그리고 물 50ml 추가로 넣어 볶다가 참치캔을 넣고 한번 더 섞어 주면 완성입니다 마지막으로 참기름 1큰술, 통깨 솔솔",https://recipe1.ezmember.co.kr/cache/recipe/2023/04/07/87ce708102ddc6ffa1e8fc6e775eaa741.jpg?w=1000,,,
7000243,4,양배추는 가운데 부분을 네모모양으로 남긴 후 사방을 잘라주세요,https://recipe1.ezmember.co.kr/cache/recipe/2023/04/07/1bd91adfc8e9789bfba7294f41349e541.jpg?w=1000,,,
7000243,5,깨끗하게 씻은 후 네모모양의 양배추를 전자레인지 3분 익혀주세요,https://recipe1.ezmember.co.kr/cache/recipe/2023/04/07/18cc7c927e192bef9b301c122a6eb9791.jpg?w=1000,,180,
7000243,6,"두부 1/2모, 소금 2~3꼬집 뿌려 전자레인지에 1~2분 데워준 후 먹기 좋게 썰어주세요",https://recipe1.ezmember.co.kr/cache/recipe/2023/04/07/b33f028f1c8a10ee9c9cfc6a0d3281981.jpg?w=1000,,120,
7000243,7,"양배추 잎위에 참치쌈장, 두부 올려 돌돌돌 말아주면 완성입니다.",https://recipe1.ezmember.co.kr/cache/recipe/2023/04/07/84b55a0eec65a87235b65a60b9a40af01.jpg?w=1000,,,
7000243,8,"밥을 넣어 먹어도 맛있지만, 밥 대신 두부와 참치쌈장을 넣어 드시면 든든한 한끼로 손색이 없네요 ^^",https://recipe1.ezmember.co.kr/cache/recipe/2023/04/07/4dbd2f243b513819a6d53482cba037de1.jpg?w=1000,,,
6893882,1,(1시간정도)불린 당면은 끓은 물에 넣고 3~4분정도 삶아준후 찬물에 헹궈주세요.,https://recipe1.ezmember.co.kr/cache/recipe/2018/08/09/55cdd26e758c443468ece04bafd51b011.jpg,,3840,
6893882,2,"당면을 송송 썰고,베이컨은 채썰어 주세요",https://recipe1.ezmember.co.kr/cache/recipe/2018/08/09/639e5073689c54b9f645ba2caee5dd081.jpg?w=1000,,,
6893882,3,대파는 송송 썰어주세요,https://recipe1.ezmember.co.kr/cache/recipe/2018/08/09/dfc0c4b868d44b35ab087c93988ec5001.jpg?w=1000,,,
6893882,4,팬에 식용유를 두르고 대파를 넣고 충분히 볶아주세요.,https://recipe1.ezmember.co.kr/cache/recipe/2018/08/09/d26bef4b246783cb0f70f24d5f6632c41.jpg,,,
6893882,5,베이컨도 넣고 볶아주세요,https://recipe1.ezmember.co.kr/cache/recipe/2018/08/09/17a3399a293d21cafe6207d63211bba81.jpg,,,
6893882,6,당면도 넣고 볶다가 한쪽으로 밀쳐놓고,https://recipe1.ezmember.co.kr/cache/recipe/2018/08/09/2ce62b874d3ea00b7e43c4aa10f417931.jpg,,,
6893882,7,팬이 빈곳에 간장 1큰술 굴소스1큰술을 넣고 기포가 올라오면 같이 섞어서 볶아주세요.,https://recipe1.ezmember.co.kr/cache/recipe/2018/08/09/c3c5d23865c0311f9558d6ef2b01654a1.jpg,,,
6893882,8,"녹말물을 (전분1ts 물 약간넣고 저어줌) 만들어 넣어 주면서 볶아 주고, 후추도 넣고 볶아주세요.",https://recipe1.ezmember.co.kr/cache/recipe/2018/08/09/67d25ef7cc39888dbf3b779733be743e1.jpg,,,
6893882,9,"완성그릇에 밥을 담고, 그옆으로 당면베이컨 볶음을 담고 깨소금 약간 뿌려주세요",https://recipe1.ezmember.co.kr/cache/recipe/2018/08/09/c811b5653295bf9e5855d83e61c746fc1.jpg,,,
6911288,1,칵테일새우 무우 두부 전체샷~,https://recipe1.ezmember.co.kr/cache/recipe/2019/04/11/abbee969b642becb222389da232898231.jpg?w=1000,,,
6911288,2,멸치육수를 끓이다 나박하게 썬 무우를 넣고 끓여 주세요,https://recipe1.ezmember.co.kr/cache/recipe/2019/04/11/b0866a7d9e97da4f1b6dede823da5c3e1.jpg?w=1000,,,
6911288,3,무우가 거의다 익었을때 칵테일 새우를 넣고 한소큼 끐여,https://recipe1.ezmember.co.kr/cache/recipe/2019/04/11/16fe7dffeaffdb64c13ee7ec13ff928b1.jpg?w=1000,,,
6911288,4,두부 대파 다진마늘 간장으로 간을해 마무리 합니다,https://recipe1.ezmember.co.kr/cache/recipe/2019/04/11/97a7a3e309fb254dbba8b866810853b61.jpg?w=1000,,,
6911288,5,어른들 아침 맑은 국이나 이유식 아기에게도 부담없이 먹을 수 있어요,https://recipe1.ezmember.co.kr/cache/recipe/2019/04/11/e3a4f7f72f1f07d12582e5a5e99164a01.jpg?w=1000,,,
6865281,1,"파프리카와 양파는 정사각형으로 썰어주세요 청양고추와 파도 다져주세요 청양고추가 들어가면 느끼하지 않아요 파프리카 색깔별로 반개씩, 양파 1/4개, 청양고추, 대파",https://recipe1.ezmember.co.kr/cache/recipe/2017/02/14/fb9b0481581989cbfbf699f5b2593fd51.jpg,,,
6865281,2,"깐풍소스를 준비합니다 굴소스1, 간장2, 올리고당2, 식초1T, 후추약간, 참기름, 깨를 넣고 잘 섞어주세요 굴소스1, 간장2, 올리고당2, 식초1T, 후추약간, 참기름, 깨",https://recipe1.ezmember.co.kr/cache/recipe/2017/02/14/c488cad7dc49ae91489889b87a66f0f01.jpg,,,
6865281,3,만두는 해동을 한 후 기름을 넉넉하게 두르고 튀기듯이 구워주세요 후라이팬 중약불,https://recipe1.ezmember.co.kr/cache/recipe/2017/02/14/7f66bbcad135df8757231cc364338e4f1.jpg,약불,,
6865281,4,잘 구워진 만두는 한쪽으로 빼두고 다진마늘과 파를 먼저 볶아서 파기름을 내주세요,https://recipe1.ezmember.co.kr/cache/recipe/2017/02/14/72455764e76c26f9481d6a4c790f147c1.jpg,,,
6865281,5,썰어 둔 야채를 넣고 볶아주세요 센불 파프리카는 색깔내려고 해본 거구요 당근도 좋고 좋아하는 야채 암거나 넣어도 좋아요 피망을 넣어도 더 맛있을 것 같아요,https://recipe1.ezmember.co.kr/cache/recipe/2017/02/14/2930c2a25163aedd4b515eb5bf6afc1e1.jpg,강불,,
6865281,6,양파가 투명해질 때쯤 깐풍소스를 투하합니다 물을 살짝 첨가해서 졸여주세요 전분물을 넣으면 더 걸죽하게 만들 수 있어요,https://recipe1.ezmember.co.kr/cache/recipe/2017/02/14/19b50dc6971bf9f361b7f3d118ee3bf71.jpg,,,
6865281,7,만두를 뒹굴뒹굴 한 후 살짝 더 졸여주면 깐풍만두 완성! 청양고추를 넣었더니 매콤한 냄새 작렬이네요,https://recipe1.ezmember.co.kr/cache/recipe/2017/02/14/3b9be5faba431918f884b4ef9bfa5e091.jpg,,,
6867023,1,삽겹살 통째로 600그람을 물이 끓을 때 넣어줍니다. 붉은 양파 한개도 껍질채 썰어 넣어요. 삶는 과정은 고기의 누린내 잡내를 없애주는 과정입니다.,https://recipe1.ezmember.co.kr/cache/recipe/2017/03/17/175f5637d9f1a9c287e8e2f0b73121f11.jpg,,,
6867023,2,중불에서 30분정도 끓여 젓가락이 쑤욱~들어갈 정도로 익으면 삽겹살을 건져주세요. 흐르는 찬물에서 깨끗하게 씻어요. 찬물에 씻는 과정은 육즙을 가두어서 고기를 탱글탱글하게 쫀득쫀득하게하는 과정입니다.,https://recipe1.ezmember.co.kr/cache/recipe/2017/03/17/9aa25f462e29b716e3406de4032dd57c1.jpg,중불,1800,
6867023,3,1.5cm~2cm 두께로 썰어 팬에서 노릇노릇 익힙니다. 고기의 고소한 맛을 내는 과정.,https://recipe1.ezmember.co.kr/cache/recipe/2017/03/17/778b800ecab1650149eb838d1c1d79cd1.jpg,,,
6867023,4,물1컵. 간장 3큰 술. 설탕 1큰 술을 넣고 뭉근하게 서서히 조립니다. 국물이 거의 없어지면 꿀 2큰 술 참기름 1작은 술을 넣고 뒤적뒤적 하면서 조금 더 조립니다. 고기에 간을 넣고 이번엔 고기를 부드럽게하는 과정.,https://recipe1.ezmember.co.kr/cache/recipe/2017/03/17/d2dc75867c03595b361a973ddb246e4f1.jpg,,,
6867023,5,참기름과 소금으로 밑간한 파채를 중심에 올리고... 완성된 동파육을 가장자리에 돌려 담기 해요. 음식을 그릇에 낼 때는 가장자리 여백이 있어야 요리가 돋보여요. 접시에 꽉 차게 담는 것은 절대로 금물~~ 정갈하게 조금씩만 담아냅니다*^^* 고기를 먹음직스럽게 윤기를 내는 과정.,https://recipe1.ezmember.co.kr/cache/recipe/2017/03/17/842689865a355d27bf74038a77e2411e1.jpg,,,
6914420,1,재료를 준비해 주세요. 묵은지 김치은 양념을 씻고 물기를 꼭 짜 주세요.,https://recipe1.ezmember.co.kr/cache/recipe/2019/06/21/7bc0e34f0d366f5417fd7af8330fc4c91.jpg?w=1000,,,
6914420,2,밥 반공기 정도에 참기름과 깨소금을 넣고 버무려 주세요.,https://recipe1.ezmember.co.kr/cache/recipe/2019/06/21/90ed8bc2686d05f63a87cae69f7af7a51.jpg,,,
6914420,3,묵은지 김치잎은 줄기 부분은 잘라내고 물기를 닦아준 후 밥을 한입크 기로 뭉쳐 올리고 돌돌 말아준 후,https://recipe1.ezmember.co.kr/cache/recipe/2019/06/21/01786a502593319586665f8eba07d4691.jpg?w=1000,,,
6914420,4,베이컨위에 올리고 돌돌 말아 주세요.,https://recipe1.ezmember.co.kr/cache/recipe/2019/06/21/f194a96af046fe7f11112e4b6d2aeb9a1.jpg?w=1000,,,
6914420,5,팬에 기름없이 베이컨 말은 끝부분이 아래로 가게 놓고 노릇하게 구워 주세요.,https://recipe1.ezmember.co.kr/cache/recipe/2019/06/21/f8c6680e72d7ce54dafa9abdc7b0d58c1.jpg?w=1000,,,
6914420,6,돌려 주면서 전체적으로 구워 주세요.,https://recipe1.ezmember.co.kr/cache/recipe/2019/06/21/e75b7e7b40f36319b735216756d351eb1.jpg?w=1000,,,
6914420,7,한김 식힌후 반으로 썰어 주세요.,https://recipe1.ezmember.co.kr/cache/recipe/2019/06/21/2b9955d11049e9304228106888bd005c1.jpg?w=1000,,,
6914420,8,완성 그릇에 담아 주세요.,https://recipe1.ezmember.co.kr/cache/recipe/2019/06/21/ae0a80ed9f11b2698606a631177f2d0e1.jpg?w=1000,,,
6875013,1,참치는 기름기를 쪽 빼주고요. 옥수수도 물기를 빼주세요.,https://recipe1.ezmember.co.kr/cache/recipe/2017/08/20/af25eaaf8dfaf35d4a851191665a43c81.jpg,,,
6875013,2,피망과 양파는 잘게 다져 준비해주세요. 더 예쁘게 하고 싶으시다면 당근도 썰어서 넣어주시면 알록달록 예쁘겠죠?,https://recipe1.ezmember.co.kr/cache/recipe/2017/08/20/95644b248b264b356600000debf1ee2e1.jpg?w=1000,,,
6875013,3,"준비해놓은 재료를 볼에 넣고, 부침가루나 밀가루 2스푼, 계란 2개를 넣어 잘 섞어주세요. 저는 간이 되어 있는 부침가루를 넣었고, 케찹을 찍어 먹으려고 소금, 후추 간을 약간만 해주었어요",https://recipe1.ezmember.co.kr/cache/recipe/2017/08/20/8fabbe020c62b95c07ee726d34cc5ac61.jpg,,,
6875013,4,"섞어준 재료를 기름을 두룬 팬에 알맞은 크기로 올리고, 약불에서 천천히 구워주세요!",https://recipe1.ezmember.co.kr/cache/recipe/2017/08/20/8b59f0c6002be20630022b7d609d8d2f1.jpg,약불,,
6875013,5,"어차피 양파와 피망만 익으면 되니 많은 시간 구워주실 필요는 없고, 노릇노릇할 정도로 구워주시면 됩니다",https://recipe1.ezmember.co.kr/cache/recipe/2017/08/20/6cd05f11902d9527fe8e4d30b0ccf5261.jpg,,,
6875013,6,키친타올에 올려서 기름기를 좀 빼주고요.,https://recipe1.ezmember.co.kr/cache/recipe/2017/08/20/b6278b7e1ed91dbb797055fef3e028cb1.jpg?w=1000,,,
6875013,7,케찹과 함께 담아내면 완성입니다. 옥수수의 톡톡터지는 맛이 느껴지는 옥수수참치전입니다.,https://recipe1.ezmember.co.kr/cache/recipe/2017/08/20/f1e1e17b184ab29668ab1db35fda40331.jpg?w=1000,,,
6906436,1,브로콜리는 한송이씩 떼어내주세요.,https://recipe1.ezmember.co.kr/cache/recipe/2019/02/11/eba618be3e4d647bb8146ffdf21659df1.jpg?w=1000,,,
6906436,2,냉동자숙새우는 찬물에 담가서 해동해주세요(5~10분 정도),https://recipe1.ezmember.co.kr/cache/recipe/2019/02/11/cd48c2b33916f97404e54f325791d0cf1.jpg?w=1000,,600,
6906436,3,"브로콜리에 소금을 뿌리고, 끓인물을 부은후 바로 건져 찬물에 헹궈주세요.",https://recipe1.ezmember.co.kr/cache/recipe/2019/02/11/8f5ba2d2ff8f050bfad4ef785b93418e1.jpg?w=1000,,,
6906436,4,체반에 받쳐 물기를 빼주세요.,https://recipe1.ezmember.co.kr/cache/recipe/2019/02/11/5c2b99c9eef08a9bdd77f0d59fdd51811.jpg?w=1000,,,
6906436,5,해동한 자숙새우와 브로콜리는 키친타올로 남아있는 물기를 닦아주세요.,https://recipe1.ezmember.co.kr/cache/recipe/2019/02/11/72113eb9b03c165f813d5f412c2a4b161.jpg,,,
6906436,6,"팬에 식용유 1작은술을 두르고, 다진마늘 1작은술을 넣고 볶아주다가",https://recipe1.ezmember.co.kr/cache/recipe/2019/02/11/2360fe0a681ef4b7fa22f6022a195e131.jpg?w=1000,,,
6906436,7,"마요네즈 1큰술,굴소스 1/2큰술,맛술 1큰술,후추 약간 넣고 섞어준후 (약불에서)",https://recipe1.ezmember.co.kr/cache/recipe/2019/02/11/c1276504f2b67bc9e81d62001254acad1.jpg?w=1000,약불,,
6906436,8,자숙새우와 브로콜리를 넣고 볶아주세요.,https://recipe1.ezmember.co.kr/cache/recipe/2019/02/11/f3b7a2cb2a49911d144c1e57ac5546f41.jpg?w=1000,,,
6906436,9,센불에서 재빨리 30초에서 1분정도 볶아주세요.,https://recipe1.ezmember.co.kr/cache/recipe/2019/02/11/02ca8a878d2e7fbf2e811d30c057bafc1.jpg?w=1000,강불,90,
6906436,10,완성그릇에 담아주세요.,https://recipe1.ezmember.co.kr/cache/recipe/2019/02/11/a985c9b5c206a1c091aaf0e0a1779e271.jpg?w=1000,,,
6932769,1,재료는 간단합니다. 우엉과 당근. 우엉은 깨끗히 씻어 필러로 껍질을 까주세요.,https://recipe1.ezmember.co.kr/cache/recipe/2020/05/16/ae8a5d107960a597850930fd008305191.jpg?w=1000,,,
6932769,2,채칼로 얇게 당근을 채쳐주세요. 당근 중앙에 젓가락을 끼워서 잡고 하면 손도 안다치고 편해요.,https://recipe1.ezmember.co.kr/cache/recipe/2020/05/16/a0b7bbe5e0867e09f8ec2e5325cb7f8c1.jpg?w=1000,,,
6932769,3,우엉도 중앙에 젓가락을 꽂아 채칼로 얇게 채쳐주세요.,https://recipe1.ezmember.co.kr/cache/recipe/2020/05/16/74784922f4b682a196031b2db69471101.jpg?w=1000,,,
6932769,4,우엉의 오독오독한 식감은 얇게 채쳐도 사라지지않고 오히려 면처럼 먹기 편하답니다.,https://recipe1.ezmember.co.kr/cache/recipe/2020/05/16/d483773bd038d89db1031ea65e7e0d351.jpg?w=1000,,,
6932769,5,팬에 참기름 1T,https://recipe1.ezmember.co.kr/cache/recipe/2020/05/16/58f322c7fb35c4aec337d4e4237e6ed91.jpg?w=1000,,,
6932769,6,오일1T,https://recipe1.ezmember.co.kr/cache/recipe/2020/05/16/4f36569b79651ab8b68dc376dceb832b1.jpg?w=1000,,,
6932769,7,물을 4T를 넣고 끓어오르면,https://recipe1.ezmember.co.kr/cache/recipe/2020/05/16/bfe4025ec81e02a4ba028a98257794ac1.jpg?w=1000,,,
6932769,8,우엉과 당근을 한번에 넣고 볶아주세요.,https://recipe1.ezmember.co.kr/cache/recipe/2020/05/16/cb00bea804d585811c3fc8fa1487be0a1.jpg?w=1000,,,
6932769,9,채소 숨이 살짝 죽으면 설탕2t,https://recipe1.ezmember.co.kr/cache/recipe/2020/05/16/959be1611bcc8a8a91b277e64b2491c01.jpg?w=1000,,,
6932769,10,간장 1.5T,https://recipe1.ezmember.co.kr/cache/recipe/2020/05/16/f5f4832b3565642aa28a2d0b995c13471.jpg?w=1000,,,
6932769,11,맛술 1.5T를 넣어 골고루 간이 베이게 볶아 주세요.,https://recipe1.ezmember.co.kr/cache/recipe/2020/05/16/a6df9047da2a546e8cedcb4c76b2a3681.jpg?w=1000,,,
6932769,12,양념이 자박한 상태에서,https://recipe1.ezmember.co.kr/cache/recipe/2020/05/16/bbb1357e3f6925701ad4ab15726a03411.jpg?w=1000,,,
6932769,13,완전히 졸아들 때까지 쎈불에 볶아주세요.,https://recipe1.ezmember.co.kr/cache/recipe/2020/05/16/4792949b213083c65fb35c4e38e6a58f1.jpg?w=1000,강불,,
6932769,14,다볶아진 킨피라에 통깨를 솔솔 뿌려 주면 완성!,https://recipe1.ezmember.co.kr/cache/recipe/2020/05/16/03992f08df5642a1d83208c4a4d0f9d61.jpg?w=1000,,,
6857141,1,"재료를 준비합니다. 돼지고기, 계란, 대파, 간장, 맛술, 설탕, 물",https://recipe1.ezmember.co.kr/cache/recipe/2016/09/19/e974675d501a7940ec85e05f7acf397b1.jpg,,,
6857141,2,파를 송송 썰어줍니다.,https://recipe1.ezmember.co.kr/cache/recipe/2016/09/19/7ea0b48876f575047e951fd71ed62c701.jpg,,,
6857141,3,기름 두른 팬에 파를 볶아줘요. 약불,https://recipe1.ezmember.co.kr/cache/recipe/2016/09/19/c972e5a3ab257e500361e9491162b0811.jpg,약불,,
6857141,4,파가 어느 정도 향이 나면 고기도 넣어줍니다.,https://recipe1.ezmember.co.kr/cache/recipe/2016/09/19/51077c7aec98f24a5d34f86c16646d921.jpg,,,
6857141,5,"고기가 다 익으면 양념을 넣어줍니다. 양념 재료 : 간장 3T, 맛술 2T, 설탕 1T, 물 3T",https://recipe1.ezmember.co.kr/cache/recipe/2016/09/19/e1bb50a445f09248268ed3532e3a15131.jpg,,,
6857141,6,"후추도 넣어주고,",https://recipe1.ezmember.co.kr/cache/recipe/2016/09/19/c240c1b4252650791631ba82534c46661.jpg,,,
6857141,7,양념이 다 배면 끝!,https://recipe1.ezmember.co.kr/cache/recipe/2016/09/19/5ef9f4d71cbf64bc888ec61f202e2d2d1.jpg,,,
6857141,8,"밥 위에 고기를 얹은 뒤 노른자 자리를 내고,",https://recipe1.ezmember.co.kr/cache/recipe/2016/09/19/6d21fa87eeae5e8288eac6c26d43e64b1.jpg,,,
6857141,9,"노른자를 올린 후 대파, 깨를 뿌려주면 완성!",https://recipe1.ezmember.co.kr/cache/recipe/2016/09/19/82edc1588c30c9bb985d2bf3b69d0c561.jpg,,,
6994253,1,양배추를 옥수수 한 알 크기 정도로 다져주세요,https://recipe1.ezmember.co.kr/cache/recipe/2022/12/24/de26df14a7cae382552601e7274eff041.jpg?w=1000,,,
6994253,2,씨를 뺀 파프리카도 옥수수 한 알 크기 정도로 다져주세요 양파도 같은 크기로 다져주세요 어린이들이 먹을꺼 라면 양파만 찬물에 10분정도 담궈놨다가 물기를 털고 사용해주세요,https://recipe1.ezmember.co.kr/cache/recipe/2022/12/24/6f7e7836c0351ddb3e4923ddd2bfe69f1.jpg?w=1000,,600,
6994253,3,캔 옥수수는 채에 받쳐 물기를 모두 빼주세요 물기가 남아있으면 완성 되었을 때 맛이 연해져요,https://recipe1.ezmember.co.kr/cache/recipe/2022/12/24/2f1befff59158409fb4445a3ca9fe9961.jpg?w=1000,,,
6994253,4,모든 재료를 볼에 넣어주세요,https://recipe1.ezmember.co.kr/cache/recipe/2022/12/24/3832b2e957f517073284be9357d938fe1.jpg?w=1000,,,
6994253,5,"준비된 소스 분량 (마요네즈 9큰술, 식초 2큰술, 설탕 3큰술, (생략가능) 레몬즙 1큰술) 을 섞어주세요 설탕이 녹을 때까지 잘 섞어주셔야해요",https://recipe1.ezmember.co.kr/cache/recipe/2022/12/24/3e1dbffb9bb932d28016e0ef77bce2791.jpg?w=1000,,,
6994253,6,"준비한 재료와 소스, 후추도 톡톡톡톡 뿌려 섞어주세요",https://recipe1.ezmember.co.kr/cache/recipe/2022/12/24/2efbfbfe270c896cf26029fb92bcfefd1.jpg?w=1000,,,
6994253,7,완성입니다. 모닝빵에 올려 먹어도 맛있고 연말 홈파티 고기와도 햄버거 치킨과도 잘 어울려 한번 만들때 이정도의 분량을 만들어 놓으면 활용하기에 너무 좋아요,https://recipe1.ezmember.co.kr/cache/recipe/2022/12/24/d0d0d76a2215ba62e424bf732395fa631.jpg?w=1000,,,
6965695,1,스테이크용 연어를 구워줍니다,https://recipe1.ezmember.co.kr/cache/recipe/2021/09/17/8beac865e0520d422291f97ccf0b8c871.jpg?w=1000,,,
6965695,2,다진 양파를 팬에서 볶아줍니다. 이때 버터를 한 스푼 넣으면 풍미가 좋아집니다.,https://recipe1.ezmember.co.kr/cache/recipe/2021/09/17/4db69fe42fc502217981bfdd45913ed91.jpg?w=1000,,,
6965695,3,"구운 연어, 볶은 양파, 육수, 생크림, 시금치, 방울 토마토를 넣고 약불에서 졸여 줍니다.",https://recipe1.ezmember.co.kr/cache/recipe/2021/09/17/c0103258ffb655b0f67652cb5fd0f0201.jpg?w=1000,약불,,
6965695,4,"소금, 후추를 기호껏 뿌리고 빵을 곁들여 먹습니다.",https://recipe1.ezmember.co.kr/cache/recipe/2021/09/17/f7e70c5414336eb3cc5ced0f12858f671.jpg,,,
6949720,1,"고추장 1/2T, 설탕 1T, 올리고당 2T, 케찹 2T를 넣어 소스를 만들어주세요.",https://recipe1.ezmember.co.kr/cache/recipe/2020/12/31/6d96a9ea9b032a27dc61b8a1da11b2cd1.jpg,,,
6949720,2,떡 20개를 기름을 조금 두른 팬에 아주 약불로 구어주세요. 약불 기름을 많이 넣으면 떡이 튀는 사고가 나요. 기름은 조금만 넣어주세요!,https://recipe1.ezmember.co.kr/cache/recipe/2020/12/31/9ac78b87ee289a1c632a62c12a72381b1.jpg,약불,,
6949720,3,떡을 포크로 찔러 익었는지 확인해주세요.,https://recipe1.ezmember.co.kr/cache/recipe/2020/12/31/0541d3603f97cb193e9869f8d8dd72241.jpg,,,
6949720,4,떡이 다 익었다면 젓가락(꼬치)에 낀 후 만든 소스를 발라주세요.,https://recipe1.ezmember.co.kr/cache/recipe/2020/12/31/9b8402fd3aac4078f228e330f0a2a84b1.jpg,,,
6949720,5,맛있는 떡꼬치 완성! 분식집 앞에 파는 떡꼬치랑 맛이 똑같아요. 꼭 만들어보세요!,https://recipe1.ezmember.co.kr/cache/recipe/2020/12/31/cda8e474c2ecf63268f12b72d329c21e1.jpg,,,
6890181,1,계란노른자에 설탕A와 옥수수전분을 넣고 가루가 안보일때까지 섞어주세요,https://recipe1.ezmember.co.kr/cache/recipe/2018/06/04/26b684157e3a2a61dd11b6d0d561c7e81.jpg?w=1000,,,
6890181,2,우유를 넣고 덩어리가 지지않게 잘섞어주세요,https://recipe1.ezmember.co.kr/cache/recipe/2018/06/04/eafe07d1efc8acdcf0704a068d2823d31.jpg?w=1000,,,
6890181,3,냄비에 2번을 넣고 약불에서 계속 휘저어가며 걸쭉해질때까지 5분정도 끓여주세요,https://recipe1.ezmember.co.kr/cache/recipe/2018/06/04/d2e1431bc38f393c48b64c6a35c993f61.jpg?w=1000,약불,300,
6890181,4,짤주에 만들어진 크림을 담아주세요,https://recipe1.ezmember.co.kr/cache/recipe/2018/06/04/89c8d5f96c1d119ce0ab2d726b24a8911.jpg?w=1000,,,
6890181,5,원하는 공병에 짤주에 담은 크림을 2/3정도 담아줍니다,https://recipe1.ezmember.co.kr/cache/recipe/2018/06/04/f740c9e78ba6ad996e655048120f817a1.jpg?w=1000,,,
6890181,6,위에 설탕B 10g을 뿌려주세요,https://recipe1.ezmember.co.kr/cache/recipe/2018/06/04/b81329d34768c5479dd5094edc06b2ca1.jpg?w=1000,,,
6890181,7,라이터총이나 토치로 윗면에 뿌린 설탕이 녹을정도로 데워주세요,https://recipe1.ezmember.co.kr/cache/recipe/2018/06/04/22512721bc99c22d30481e22d591fcee1.jpg?w=1000,,,
6902022,1,단시간에 빠르게 후다닥 볶아야 하니 재료를 모두 손질하여 준비해 놓아야 해요. 양파는 채썰고 청경채는 잎을 하나하나 떼어 씻은 뒤 먹기 좋게 한입 크기로 자르고 양송이버섯은 얇게 저미고 부추는 손가락 길이로 썰어요.,https://recipe1.ezmember.co.kr/cache/recipe/2018/12/15/8f9dc7afd81b3a65ac1e768988642e5c1.jpg?w=1000,,,
6902022,2,"녹말물도 미리 만들어 둡니다. 물 한컵(계량컵이니 240ml입니다)에 녹말가루(감자가루나 고구마, 옥수수가루 등) 1T를 넣고 저어주세요.",https://recipe1.ezmember.co.kr/cache/recipe/2018/12/15/a7666c656a543ef7724f4a66cfd3a6581.jpg?w=1000,,,
6902022,3,후라이팬에 올리브유(또는 식용유) 2T정도 두르고 팬이 달구어지면 간마늘과 채썬 양파를 넣어 볶아줍니다. 오래 볶으면 안되고 15초에서 20초가량 숨 죽을 정도만 볶아요. 단맛을 위해 양파를 넣었는데 양파가 없으시면 5번에서 굴소스와 간장 넣을 때 설탕이나 꿀을 1t만 넣어주세요. 중불,https://recipe1.ezmember.co.kr/cache/recipe/2018/12/15/a25872f569e94a65cfecd49f6f583dca1.jpg?w=1000,중불,15,
6902022,4,양파 숨이 죽으면 바로 청경채 들어갑니다. 청경채도 마찬가지로 너무 오래 볶으면 안되고 역시 15초에서 20초가량만 뒤적거려주세요.,https://recipe1.ezmember.co.kr/cache/recipe/2018/12/15/f341c86167094d208326fc5622b0aeb31.jpg?w=1000,,15,
6902022,5,바로 양송이 버섯 썬 것을 넣고 굴소스 1T와 간장 1T를 넣은 뒤 함께 볶아줍니다. 역시 너무 오래 볶으면 안 되어요.,https://recipe1.ezmember.co.kr/cache/recipe/2018/12/15/992c133411da98c128ada7f79dc8b6a01.jpg?w=1000,,,
6902022,6,녹말물이 그 새 좀 굳었을거에요. 숟가락으로 가라앉은 녹말을 저어서 다시 풀어준 다음에 바로 팬에 부어서 다른 재료들과 잘 섞어줍니다.,https://recipe1.ezmember.co.kr/cache/recipe/2018/12/15/30eedf0a21130dad218e685db2e03b3c1.jpg?w=1000,,,
6902022,7,"모든 재료들이 소스와 함께 잘 어우러지면 ""불을 끄고"" 썰어둔 부추와 참기름 약간 넣고 취향에 따라 매운 맛을 좋아하시는 분들은 썰어둔 고추를 함께 넣어 뒤적거려주세요.",https://recipe1.ezmember.co.kr/cache/recipe/2018/12/15/7aada050b1b31a094d307f55e3d8213c1.jpg?w=1000,,,
6902022,8,여열만으로도 부추는 충분히 숨이 죽고 먹기 좋게 익습니다. 간을 보시고 좀 싱겁다 싶으시면 소금 후추를 뿌려 간을 맞춰주세요.,https://recipe1.ezmember.co.kr/cache/recipe/2018/12/15/420b689686893dd104bbf68492ab182d1.jpg?w=1000,,,
6902022,9,뜨끈한 밥에 갓 만든 청경채 양송이 부추 볶음을 끼얹어주시면 건강하고 맛난 덮밥 완성이요~,https://recipe1.ezmember.co.kr/cache/recipe/2018/12/15/605f3126cb80c9a9862178241988134b1.jpg?w=1000,,,
6882634,1,"닭가슴살은 집에 있는 향신료 넣고 속까지 익겠금 잘 삶아 주셔요~ 비린내가 나지않게 통후추,월계수잎,파뿌리,양파껍질,대파,마늘,생강 등등 아무거나 넣으시면 되셔요^^ (익혀진 닭가슴살캔 같은거는 이과정도 필요 없으니 더초간단~!)",https://recipe1.ezmember.co.kr/cache/recipe/2018/01/21/eb2444d7099891b63432b83f545c40341.jpg?w=1000,,,
6882634,2,"야채는 냉장고 사정에 맞게 채썰어 주세요~ 오이하나,파프리카3개를(색깔별로)반개씩,양파반개,당근 2센티정도 준비했어요^^ 맛살,깻잎,부추등등 있으신거 채썰어서 쪼름히 색깔별로 놓으심 되셔요^^",https://recipe1.ezmember.co.kr/cache/recipe/2018/01/21/c35848c95a73537fa77a897b430a10de1.jpg?w=1000,,,
6882634,3,"소스는 겨자(취향껏)1.5T,양조간장4T,식초4T,설탕1.5T,매실액1.5T,다진마늘1.5T넣었어요^^ (매실액기스는 설탕보다 왠지 살이 덜찔꺼 같아 넣었지만(ㅋㅋ) 생략가능 하구요~ 생략하실땐 설탕을 더넣어 주셔요~ 야채의 양이 틀리기 때문에 소스양은 맛을 보시면서 야채양에 따라 가감 해주세요~^^ 마늘은 다져진 마늘보다 통마늘을 바로 다져서 넣는게 더맛나용^^)",https://recipe1.ezmember.co.kr/cache/recipe/2018/01/21/890a7d2b5c9e267a6cd68e6dddfd3a251.jpg?w=1000,,,
6882634,4,삶은 닭가슴살을 찢어서 올리고,https://recipe1.ezmember.co.kr/cache/recipe/2018/01/21/ffeb301775a7466b7f443f39d6bba2871.jpg?w=1000,,,
6882634,5,소스 뿌리심 끝이에요^^ (배가 너무 고파서 사진 보시면 아시겠지만 정말 대충 채썰었거든요~ 오이도 씨부분 그대로~ 파프리카도 아래위 안자르고 그대로~ㅋㅋ 근데도 색감때문인지 보기엔 괜찮죠?!^^;;) 썰기만 하면 되는거니 완전 편하고 맛있어요^^,https://recipe1.ezmember.co.kr/cache/recipe/2018/01/21/aa7bc7fdac8b06ed6e70c4197ea038691.jpg?w=1000,,,
6882634,6,비닐장갑 끼고 조물조물 한다음 한입 먹음~! 겨자의 쏴~한맛에 새콤달콤 야채의 상큼한맛~! 엄지척~척~입니다ㅎㅎ,https://recipe1.ezmember.co.kr/cache/recipe/2018/01/21/6fd2171eff596abd7e74fa8b5c2b2c6b1.jpg?w=1000,,,
4088595,1,키친타월 위에 두부를 놓고 물기를 어느 정도 빼 줍니다.,https://recipe1.ezmember.co.kr/cache/recipe/2015/07/07/d0fef55762bfd4114f852177547855b41.jpg,,,
4088595,2,두부를 1.5~2cm 크기로 썬 다음 녹말가루를 묻힙니다. 저는 녹말가루를 한쪽에 부어 하나씩 하나씩 묻힌 후 바로 팬에 넣어 굽습니다.,https://recipe1.ezmember.co.kr/cache/recipe/2015/07/07/d890aca699759bee5da78cc02b2f90581.jpg,,,
4088595,3,다 구운 두부를 키친타월에 놓고 기름을 빼 줍니다.,https://recipe1.ezmember.co.kr/cache/recipe/2015/07/07/820ef41e571bc62edb054d475e0c53b61.jpg,,,
4088595,4,"다진마늘 1큰술, 다진양파 3큰술, 청주 2큰술, 케찹 1큰술, 고추장 2큰술, 설탕 1작은술, 올리고당 2큰술, 소금 조금을 넣어 양념을 만듭니다.",https://recipe1.ezmember.co.kr/cache/recipe/2015/07/07/b4eb5c65c6b99fb1af16b9b09ab61fe11.jpg,,,
4088595,5,조금 조려지면 구워 둔 두부를 넣고 재빨리 버무린 뒤 그릇에 담아 냅니다,https://recipe1.ezmember.co.kr/cache/recipe/2015/07/07/240a037f214161faf19be9a2183f8a0d1.jpg,,,
7071692,1,양파는 채 썰고 대파는 송송 썰어 줍니다.,https://recipe1.ezmember.co.kr/cache/recipe/2026/02/16/adb4ae956f0c286e246fbd0b0e8a67bf1.jpg,,,
7071692,2,냄비에 우삼겹을 넣고 볶아준 후에 대파를 넣고 같이 볶아 줍니다.,https://recipe1.ezmember.co.kr/cache/recipe/2026/02/16/d0115048eae61f025d68b0d7b6e415fb1.jpg,,,
7071692,3,"된장 2T, 쌈장 1T, 다진 마늘 1T를 넣고 고기와 같이 볶아 줍니다.",https://recipe1.ezmember.co.kr/cache/recipe/2026/02/16/da13708384626ea5059cc26e3f2489fb1.jpg,,,
7071692,4,"물 300ml, 코인 육수 1개를 넣고 양파, 대파, 고춧가루 1T를 넣고 끓여 줍니다.",https://recipe1.ezmember.co.kr/cache/recipe/2026/02/16/962ae57b583ba5956bad42ed9ed428fd1.jpg,,,
7071692,5,두부를 넣고 1~2분간 더 끓여 줍니다.,https://recipe1.ezmember.co.kr/cache/recipe/2026/02/16/1a2855f3e661a07c90e8dbd9d6a273631.jpg,,120,
7071692,6,마지막에 밥 1공기를 넣고 2~3분간만 더 끓여주면 완성! (밥 넣고 너무 오래 끓이면 죽이 되니 3분 이내로 끓여 주세요~),https://recipe1.ezmember.co.kr/cache/recipe/2026/02/16/0c15efabf14e55958887002f16375f621.jpg,,180,
6859800,1,"감자는 깨끗하게 닦아서 먹기좋은 크기로 잘라, 물기를 빼줍니다. 후라이팬에 버터를 두른 후 감자를 넣어준 후 소금 반숟가락 정도를 넣고, 통 후추를 기호에 맞게 살짝 뿌려주세요",https://recipe1.ezmember.co.kr/cache/recipe/2016/11/03/fdaf336376afeca5e73a3ef8b33ac4261.jpg,,,
6859800,2,노릇노릇하게 감자를 익혀주다가 버터가 자작해지고 감자가 잘익었을때 (젓가락으로 찔러서 푹 들어가면 익은거예요) 설탕을 두스푼정도(기호에 맞게 가감하면 됩니다) 넣어줍니다.,https://recipe1.ezmember.co.kr/cache/recipe/2016/11/03/078c944e26015463ba5c525c1513940d1.jpg,,,
6859800,3,감자 겉면이 달콤하고 바삭하고 속은 부드러운 버터구이 감자 완성!,https://recipe1.ezmember.co.kr/cache/recipe/2016/11/03/b9cb44da7c1c3fd63f3ee35168c6e8c91.jpg,,,
6878619,1,오징어는 흐르는 물에 깨끗하게 씻은 뒤 끓는 물에 1분 10초간 데쳐주세요. 채반에 밭쳐 열을 한 김 식혀주세요. 큰 오징어라면 1분 30초 정도. 오래 익힐수록 질겨지니 조리시간은 꼭 지켜주세요.,https://recipe1.ezmember.co.kr/cache/recipe/2017/10/26/f799aa214f20991e4887f67fdb31dde31.jpg,,70,
6878619,2,냄비에 다시 물을 붓고 끓여주세요. 끓어오르면 소금 1작은술을 넣고 쪽파를 흰부분부터 넣어 30초간 데쳐주세요. 소금을 넣어주면 쪽파의 푸른색이 선명해져요. 오래 데치면 물러져서 맛이 없어요. 또한 영양소가 파괴되므로 살짝 데쳐주는 것이 포인트랍니다.,https://recipe1.ezmember.co.kr/cache/recipe/2017/10/26/677089c86b46992f62563956e2a3cbd11.jpg,,30,
6878619,3,데친 쪽파는 재빨리 찬물에 여러 번 헹군 뒤 물기를 꼭 짜주세요.,https://recipe1.ezmember.co.kr/cache/recipe/2017/10/26/10533be68585fdafe863f5b3a2e2df771.jpg,,,
6878619,4,"오징어 다리는 가닥가닥 썰어주세요. (긴 것은 2등분) 다리 길이에 맞게 파프리카도 채 썰어 준비해주세요. 베리츄는 파프리카 2종을 준비했는데요. 콜라비, 양배추 등 향이 너무 강하지 않은 아삭한 채소를 넣어줘도 맛이 괜찮을 것 같아요^^",https://recipe1.ezmember.co.kr/cache/recipe/2017/10/26/5d6cb4d00f230f238c5763dcccf739a81.jpg,,,
6878619,5,몸통은 모양을 그대로 살려 가로로 썰어주세요. 몸통까지 오징어 쪽파강회로 만들 거라면 다리와 비슷한 크기로 썰어 준비해주면 됩니다.,https://recipe1.ezmember.co.kr/cache/recipe/2017/10/26/9a0ad0df17633bd85a813fc9e6643b341.jpg,,,
6878619,6,파프리카와 오징어 다리를 가지런히 두고 쪽파를 돌돌 말아주세요.,https://recipe1.ezmember.co.kr/cache/recipe/2017/10/26/99850b799f343647dddcc198a9ac94c61.jpg,,,
6878619,7,쪽파를 말아줄 땐 왼쪽 사진처럼 세로로 위치를 잡아준 뒤 가로로 돌돌 말아 묶어주면 됩니다. 끝부분은 돌돌 말아진 부분에 살짝 꽂아주면 끝! 아주 간단하게 만들 수 있어요.,https://recipe1.ezmember.co.kr/cache/recipe/2017/10/26/09e103560dd2fc824c49a5383c8d6a0c1.jpg,,,
6922919,1,부침이 두부를 사용했어요.,https://recipe1.ezmember.co.kr/cache/recipe/2019/12/02/f349fb1fd9471d6680e018a2bf5283851.jpg,,,
6922919,2,두부는 깍둑썰기로 썰어주었어요.,https://recipe1.ezmember.co.kr/cache/recipe/2019/12/02/9f8a5bee23bd275218034eff2c9031e71.jpg,,,
6922919,3,키친타월을 깔고 두부의 물기를 제거해주었어요.,https://recipe1.ezmember.co.kr/cache/recipe/2019/12/02/6b105a7d6250755e8366e3dd27853fa01.jpg,,,
6922919,4,소금을 뿌려 밑간을 해주면 두부가 단단해져 부서지지 않아요. 소금 밑간을 하면 물기도 더 잘 빠진다는 거^^ 두부에 물기를 빼주는 동안 양념장을 만들어요.,https://recipe1.ezmember.co.kr/cache/recipe/2019/12/02/38126610b5100697009f1f68b40c323e1.jpg,,,
6922919,5,"설탕 1수저, 맛 간장 4, 물 4, 다진 마늘 1,참기름 1, 다진 대 파 1수저, 후춧가루 약간, 통깨를 넣어 양념장을 만들어 주세요.",https://recipe1.ezmember.co.kr/cache/recipe/2019/12/02/94dd2143c853f529f5952ac585db23371.jpg,,,
6922919,6,달궈진 팬에 오일을 두르고 두부를 노릇노릇,https://recipe1.ezmember.co.kr/cache/recipe/2019/12/02/a43f6e91203524efa6c74273130fd8d71.jpg,,,
6922919,7,중불로 튀기듯 구워주세요.,https://recipe1.ezmember.co.kr/cache/recipe/2019/12/02/c0e660fea4829d7f0ee460a9109c2a351.jpg,중불,,
6922919,8,노릇노릇 부쳐지면 양념장을 넣어주세요.,https://recipe1.ezmember.co.kr/cache/recipe/2019/12/02/05e57e409184ee11e1072ecd4c5795611.jpg,,,
6922919,9,양념장을 골고루 입혀주고 불을 꺼주세요.,https://recipe1.ezmember.co.kr/cache/recipe/2019/12/02/c233db51e1903491948ec0b98d723bbe1.jpg,,,
6922919,10,단짠의 간장두부조림 완성!,https://recipe1.ezmember.co.kr/cache/recipe/2019/12/02/f3cf84114d4227f43ba9be5075abda7e1.jpg,,,
6922919,11,#초간단레시피 라 만들기도 쉽고 아이들이 좋아해서 자주 만드는 반찬 #두부간장조림 ! 어른들만 드실 거라면 양념장에 고춧가루 1수저를 추가하셔도 맛있어요.,https://recipe1.ezmember.co.kr/cache/recipe/2019/12/02/a62c8a2f17d9ed37ef820066f67c00071.jpg,,,
6868911,1,오이는 소금 1스푼으로 벅벅 문질러 깨끗이 씻어서 3등분해주세요.다시 4등분으로 잘라서 씨를 제거 한 후 얇게 썰어주세요,https://recipe1.ezmember.co.kr/cache/recipe/2017/04/24/6a1afb9b21b87ea4165abf22cf431c131.jpg?w=1000,,,
6868911,2,"얇게 썬 오이에 소금 1,설탕 2,식초 2 를 넣고 버무려둡니다",https://recipe1.ezmember.co.kr/cache/recipe/2017/04/24/3e86a18125b45fbd8e1b0bf820a5fa811.jpg?w=1000,,,
6868911,3,그 사이 맛살을 준비해주세요.3등분한 후 얇게 썰어주시거나 찢어서 준비합니다,https://recipe1.ezmember.co.kr/cache/recipe/2017/04/24/35981ed11b74fb02b5def6cd4a4c53b91.jpg?w=1000,,,
6868911,4,재워 둔 오이를 몇번 조물조물하다가 물기를 적당히 짜주고 준비한 맛살과 담습니다,https://recipe1.ezmember.co.kr/cache/recipe/2017/04/24/31d91eff1f67bd26e63955146a551acb1.jpg?w=1000,,,
6868911,5,마요네즈 3스푼 넣고 버무리다가 연겨자 1티스푼 넣고 다시 버무려줍니다.좀 더 강한맛을 원하시면 양념을 더 추가해주세요,https://recipe1.ezmember.co.kr/cache/recipe/2017/04/24/422cb2e1487c943d24a439272b2ec61d1.jpg?w=1000,,,
6868911,6,접시에 담고 검은깨 솔솔 뿌려주면 완성~,https://recipe1.ezmember.co.kr/cache/recipe/2017/04/24/7d2e58841fd6ecb8fd6c9645df09033b1.jpg?w=1000,,,
7074801,1,메추리알은 한번 씻어줍니다 마트 가서 메추리알 반찬 하려고20개짜리 4팩 집었는데 바로 옆에 깐 메추리알이 더 저렴해서 구입해봤습니다 삶는 과정이 없어 편하더라구요,https://recipe1.ezmember.co.kr/cache/recipe/2026/04/16/d74d6571e2524a6d2ca4ce3457f484a91.jpg,,,
7074801,2,냄비에 물을 메추리알 잠기게 넣어줍니다 장조림에 들어간 다시마를 좋아해서 다시마도 넣어줬어요! 다시마가 싫으시면 뺴도 무관합니다,https://recipe1.ezmember.co.kr/cache/recipe/2026/04/16/f672180030c3cc046a6576c1cb7a394e1.jpg,,,
7074801,3,진간장을 넣어줍니다,https://recipe1.ezmember.co.kr/cache/recipe/2026/04/16/bcf353baaa0c451c49aaa0526c7d66fc1.jpg,,,
7074801,4,6스푼정도 넣어보고 끓으면 간 보다 추가하면됩니다! 계속 끓입니다 불은 중불 하다 끓으면 약불로 해주세요,https://recipe1.ezmember.co.kr/cache/recipe/2026/04/16/2a07caa96636ae32e7bbf87e0fea7ebf1.jpg,약불,,
7074801,5,점점 색이 입혀집니다 이때 간 보고 입맛에 맞게 간장 추가해주세요,https://recipe1.ezmember.co.kr/cache/recipe/2026/04/16/8c42cee6baea5fc27b3ef293c6f41f451.jpg,,,
7074801,6,거의 다 졸여지면 물엿을 넣어줍니다 단맛 코팅 !,https://recipe1.ezmember.co.kr/cache/recipe/2026/04/16/2858ec219c2fc1481f837ee70b9f726d1.jpg,,,
6973134,1,먼저 고구마는 껍질을 벗겨준 후 채칼을 이용하여 채썰어 주세요. 고구마 채칼,https://recipe1.ezmember.co.kr/cache/recipe/2022/01/19/46132592574ceb696ec2c23ac85821851.jpg?w=1000,,,
6973134,2,"그 다음 소금 1/2 티스푼, 감자전분 2큰술을 넣고 조물조물 섞어줍니다. 소금, 감자전분 볼",https://recipe1.ezmember.co.kr/cache/recipe/2022/01/19/3348681c2fdf0c8027bdd2bcf016e6101.jpg?w=1000,,,
6973134,3,그리고 기름을 두른 팬에 적당량을 올려준 후 골고루 펴주세요. 식용유 팬,https://recipe1.ezmember.co.kr/cache/recipe/2022/01/19/421ca1b3df1520b038a87f96960da4431.jpg?w=1000,,,
6973134,4,노릇노릇 구워지면 한 차례 뒤집어 줍니다.,https://recipe1.ezmember.co.kr/cache/recipe/2022/01/19/5e0ce4bfd54230a0f08ea0f84d94fa7c1.jpg?w=1000,,,
6973134,5,그 다음 구워진 면에 1/2 부분만 모짜렐라 치즈를 올려 주세요. 모짜렐라 치즈,https://recipe1.ezmember.co.kr/cache/recipe/2022/01/19/a59568e22d4a0a5c099e371d9ef716fb1.jpg?w=1000,,,
6973134,6,그리고 예쁘게 반으로 접어줍니다.,https://recipe1.ezmember.co.kr/cache/recipe/2022/01/19/984544fda14b0d59759a5488eba3070a1.jpg?w=1000,,,
6973134,7,모양을 잘 잡아준 후 한 차례 더 뒤집어 주세요.,https://recipe1.ezmember.co.kr/cache/recipe/2022/01/19/3fd58c2d5d758aa8aad844106d03c35d1.jpg?w=1000,,,
6973134,8,"그리고 마지막으로 먹기 좋은 사이즈로 잘라준 후 접시에 잘 담아주면 완성입니다. 도마 , 칼",https://recipe1.ezmember.co.kr/cache/recipe/2022/01/19/f68c1404497522898e5338b3fde88c961.jpg?w=1000,,,
6862948,1,"재료를 준비합니다. 각종야채, 냉동만두, 고추장, 식초, 설탕, 다진마늘, 참기름",https://recipe1.ezmember.co.kr/cache/recipe/2016/12/21/4af46873a06f0b059306542f3294307f1.jpg,,,
6862948,2,"우선 양념장을 만들어 줍니다. 양념장 재료 : 고추장 3T, 식초 2T, 설탕 2T, 다진마늘 1/2T, 참기름 1/2T",https://recipe1.ezmember.co.kr/cache/recipe/2016/12/21/d5738058682af60ad430c5cdc00216e51.jpg,,,
6862948,3,깻잎은 먹기 좋게 채썰어 주세요. 찢어도 무관해요.,https://recipe1.ezmember.co.kr/cache/recipe/2016/12/21/cbb2c7d4a7cc8ee662ca73c267c519171.jpg,,,
6862948,4,상추도 먹기 좋게 찢어줍니다.,https://recipe1.ezmember.co.kr/cache/recipe/2016/12/21/8595da7612a471621a3261f2eaf6c7e61.jpg,,,
6862948,5,양배추는 최대한 얇게 썰어주시는 게 좋아요.,https://recipe1.ezmember.co.kr/cache/recipe/2016/12/21/b559a74944c73801c9e58a96d0feca721.jpg,,,
6862948,6,모든 야채를 넣고 양념장에 버무려 줍시다. 버무리면 숨이 죽으니 생각했던 것보다 많이 준비하세요!,https://recipe1.ezmember.co.kr/cache/recipe/2016/12/21/401e8ecf7bad402fc18500df863829f31.jpg,,,
6862948,7,이제 만두를 노릇노릇 구워줍시다. 중불 노릇노릇 바삭바삭하게 구워주시면 좋아요.,https://recipe1.ezmember.co.kr/cache/recipe/2016/12/21/b9b62a870453a23c076be261e70993151.jpg,중불,,
6862948,8,멋지게 셋팅을 해주세요.,https://recipe1.ezmember.co.kr/cache/recipe/2016/12/21/ad19c4a58813cf24e57e18a4a65e01151.jpg,,,
6916403,1,"마일드 참치, 양파를 준비해 주시고 양파는 잘게 다져 주세요",https://recipe1.ezmember.co.kr/cache/recipe/2019/07/24/f3f18938bc2d0ba40d56eb8cf196249f1.jpg,,,
6916403,2,"참치의 기름은 따로 빼주세요, 귀찮으면 안 빼셔도 돼요 미림 2, 간장 2 넣어서 섞어주세요 (따로 빼낸 참치 기름은 김치찌개나 순두부찌개에 넣으면 맛있어요)",https://recipe1.ezmember.co.kr/cache/recipe/2019/07/24/a0267e1ae2eb5f33744c1357742d75a21.jpg,,,
6916403,3,양파 다진 거 넣고>후추 약간 뿌리고>참기름이나 들기름 반 수저 넣고>섞은 후 양념이 잘 베이게 수저로 약간 눌러주세요 바로 밥에 비벼 드시면 됩니다,https://recipe1.ezmember.co.kr/cache/recipe/2019/07/24/9519d13d3c10c66c1da8e7f1db84f1e51.jpg,,,
6916403,4,초간단 참치 양념장 완성입니다! 와.. 저 이거에 밥 두 공기 먹었어요!!! 밥 위에 참치 양념 올리고 계란 프라이 하나 최악~해 올려주면 혼자서 밥 먹을 때도 친구 초대했을 때도 초간단으로 먹을 수 있어 참 좋아요 진짜 맛있으니 꼭 해 드셔 보세요~~,https://recipe1.ezmember.co.kr/cache/recipe/2019/07/24/575e7513a62721aec1498d0704ac5a7a1.jpg?w=1000,,,
6945267,1,감자를 푹 삶아 주어요! 강불 대략 10분정도 이지만 푹 익을때까지 삶아주세요.,https://recipe1.ezmember.co.kr/cache/recipe/2020/10/29/8be128402b461d215aaf074cf3bac9061.jpg,강불,600,
6945267,2,푹 익은 감자를 건져 전분을 넣고 반죽해 주어요! 쫀득한 것을 좋아하신다면 취향에 따라 전분 양을 더 늘려 주셔도 됩니다! 감자전분이 없다면 찹쌀가루로 대체 가능해요!,https://recipe1.ezmember.co.kr/cache/recipe/2020/10/29/31b98db6a17556828243e66aa495e1ad1.jpg,,,
6945267,3,소금과 설탕과 후추를 넣어 간을 한 뒤 잘 섞어 반죽해주어요.,https://recipe1.ezmember.co.kr/cache/recipe/2020/10/29/68cbd108c3e207b82c0fa40207efd2881.jpg,,,
6945267,4,탁구공 만큼 반죽에 치즈를 넣고 잘 오므려주세요! 틈이 나지 않게 잘 오므리는게 중요해요! 틈이 생기면 구어줄때 옆구리가 터지더라구요! 취향껏 설탕과 견과류 등등을 넣어 드세요!,https://recipe1.ezmember.co.kr/cache/recipe/2020/10/29/262d2865ec913333426fd3a27e98b1761.jpg,,,
6945267,5,중약불에 앞 뒤 양옆을 노릇노릇 구워주세요! 중약불,https://recipe1.ezmember.co.kr/cache/recipe/2020/10/29/69ec5e231e30f2d7f2468a55494d10a01.jpg,약불,,
6945267,6,오래 골고루 구울수록 더욱 바삭해져 겉은 바삭 속은 촉촉 완전한 겉바속촉이 완성됩니다. 시간을 투자해 구워준다면 더욱 바삭하고 쫀득한 치즈감자호떡을 맛보실 수 있어요!,https://recipe1.ezmember.co.kr/cache/recipe/2020/10/29/1c460eecbb731a0d0b3c55a43815dbec1.jpg,,,
7054093,1,두부는 가볍게 물기를 닦아요. 키친타올,https://recipe1.ezmember.co.kr/cache/recipe/2025/05/30/ec15a50ad6f67a084b1a5efe5e4210a01.jpg?w=1000,,,
7054093,2,"바나나는 한입 크기로 잘라요. 도마 , 조리용나이프",https://recipe1.ezmember.co.kr/cache/recipe/2025/05/30/724c36849ac10081ca53c459d0b446e51.jpg?w=1000,,,
7054093,3,"믹서기에 바나나, 두부, 우유, 소금, 땅콩버터, 알룰로스를 넣어요. 믹서기 기호에 따라 당도는 조절해주세요.",https://recipe1.ezmember.co.kr/cache/recipe/2025/05/30/39740980e609a6c18ed6795659ed676d1.jpg?w=1000,,,
7054093,4,곱게 갈아 컵에 나눠 담아요. 컵,https://recipe1.ezmember.co.kr/cache/recipe/2025/05/30/86c299138f374ccbe9f057832699b7271.jpg?w=1000,,,
7054093,5,땅콩분태를 뿌려 완성해요.,https://recipe1.ezmember.co.kr/cache/recipe/2025/05/30/2ea8d25dbee4d2b312761788217e89e51.jpg?w=1000,,,
6883479,1,재료가 참 간단하다 다른 재료를 더 첨가해도 좋지만 집에 있는 걸로 간단히 만들어도 무척이나 맛있다,https://recipe1.ezmember.co.kr/cache/recipe/2018/02/06/4113b5ec32f365b049e9d90d32a37a181.jpg,,,
6883479,2,소스는 일본간장 쯔유를 넣어 만들어 봤다 탕수육이나 치킨 소스처럼 약간의 달달한 맛이 잘 어울릴 듯해서 만들어 봤는데 어른부터 아이들까지 모두의 입맛을 잡은 소스! 쯔유 4 큰 술에 올리고당 1 큰 술을 섞었더니 아게다시도후와 너무도 잘 어울렸다,https://recipe1.ezmember.co.kr/cache/recipe/2018/02/06/20d6de20fc1ba342eeebefc35b068bfe1.jpg,,,
6883479,3,두부 한 모를 사진과 같이 잘라서 키친타월에 올려 물기를 살짝 빼준다,https://recipe1.ezmember.co.kr/cache/recipe/2018/02/06/35397f263a532f4cbb0e8d41373a6f011.jpg,,,
6883479,4,녹말가루는 위생 봉투에 넣어 사용하는 게 가장 깔끔하고 뒤처리도 쉽다~ 녹말가루에 두부를 넣어 살살 흔들어 주는데 녹말가루가 많이 묻어나야 바삭하고 쫄깃하다! 그래서 한번 녹말 옷을 입힌 두부는 다시 한 번 녹말가루를 묻혀준다,https://recipe1.ezmember.co.kr/cache/recipe/2018/02/06/28e4d05ce8b836136aefbe0633bcc3041.jpg,,,
6883479,5,집에서 튀김 요리를 할 때는 최대한 작은 팬을 사용한다 몇 번에 나눠서 튀기더라도 기름을 많이 안 넣고 재료가 기름 속에 퐁당 들어가기 때문에 아주 잘 튀겨진다~,https://recipe1.ezmember.co.kr/cache/recipe/2018/02/06/f113dcfe38039ca9d640950bdc6ea7081.jpg,,,
6883479,6,역시 집에서 튀기는 튀김은 기름이 깨끗해서 튀김 색도 깨끗하다!! 키친타월에 기름을 살짝 빼고,https://recipe1.ezmember.co.kr/cache/recipe/2018/02/06/ddc96b36e188fde1dbaa7a8e948538dd1.jpg,,,
6883479,7,개인 접시에 한 조각씩 올려 준다 준비해둔 송송 썰은 쪽파 몇 개 솔솔 뿌려주고 진한 일본향이 진동하는 가쓰오부시도 올린다,https://recipe1.ezmember.co.kr/cache/recipe/2018/02/06/f03d774ee7e6a11521bc4e1da39ef44e1.jpg,,,
6883479,8,개인 접시에 한 개씩 플레이팅을 해니 조금 더 파티스러운 느낌이다,https://recipe1.ezmember.co.kr/cache/recipe/2018/02/06/e87345388dbf200adbce27ae641093dc1.jpg,,,
6883479,9,미리 만들어 둔 소스를 뿌려서 마무리~ 겉은 바삭하고 씹는 순간 쫄깃함이 느껴지는데... 안은 부드럽다 모두가 반한 맛이다^^,https://recipe1.ezmember.co.kr/cache/recipe/2018/02/06/f9cc7f16afa40c8110ba123c9e4491ff1.jpg,,,
6951679,1,"간장3, 고춧가루1, 참기름1, 액젓 반큰술, 굴소스 반큰술, 다진마늘 반큰술 넣어 만든후 청양고추랑 대파 (양념장 양에맞게) 다져넣어주세요. *설탕이나 매실청 안들어가요~ 가지와 호박을구우면 단맛이 높아집니다.",https://recipe1.ezmember.co.kr/cache/recipe/2021/01/21/36e6b05ebedc368042973fcc941173961.jpg?w=1000,,,
6951679,2,가지와 호박은 사진정도 두깨 추천드려요. *가지가 많아보여도 구우면 양이 엄청 줄어들어요 호박도 구워 무쳐놓으면 많은양이 아니에요.,https://recipe1.ezmember.co.kr/cache/recipe/2021/01/21/f7e078770fa9d6fec2b6044984dd502e1.jpg?w=1000,,,
6951679,3,가지먼저 팬에 기름없이 중불 에서 앞뒤 구워줍니다.(호박먼저 구우면 가지구울때 팬을 한번 씻어야되는 수고스러움이 있어요),https://recipe1.ezmember.co.kr/cache/recipe/2021/01/21/155b8f1e7a0af6e32c688a8b7ff327571.jpg?w=1000,중불,,
6951679,4,"가지2개 전부 구우니 이정도 나왔네요.가지는 호박보다 부피가 확 줄어들어서 양이 적게 느껴질수 있어요~ 양이 적다싶으신 분들은, 호박은빼고 가지만 4개로하셔서 만들어둔 양념을 모두 사용하시면 됩니다~(위 양념은 반반씩 나눠서 가지2개,호박1개 무치는 양입니다)",https://recipe1.ezmember.co.kr/cache/recipe/2021/01/21/c9c3cf2329b2d96e267244e8c579a1c81.jpg?w=1000,,,
6951679,5,양념 반은 남기고 무쳐주세요. 구워서 쪼글거리니 주름 사이사이 양념이 잘 묻게끔 조물조물 무쳐 깨 솔솔 뿌려주시면 가지무침 완성^^,https://recipe1.ezmember.co.kr/cache/recipe/2021/01/21/4c4db8b37326283373f460a04ac1f30c1.jpg?w=1000,,,
6951679,6,이제 호박도 기름없이 구워주세요. *호박은 가지와달리 진액이 나와서 팬이 누룻누룻 해져요. 노릇해질때까지 구워줬어요(약간 늘러붙음).,https://recipe1.ezmember.co.kr/cache/recipe/2021/01/21/9a8c4cc35e95c6b5e847acca128ae5111.jpg?w=1000,,,
6951679,7,호박도 키친타올을깔고 남은 수분을제거하며 식혀줍니다. 가지보다는 많이 안 쭈글거려요.,https://recipe1.ezmember.co.kr/cache/recipe/2021/01/21/a3d41da7374f108ff23cb551803bb0f11.jpg?w=1000,,,
6951679,8,"남은양념 반을 모두넣고 살살살 무쳐 깨 솔솔뿌리면 끝~ 호박역시 양이 적다싶으면, 가지를 빼고 호박2개와 양념 모두 사용하시면 됩니다.",https://recipe1.ezmember.co.kr/cache/recipe/2021/01/21/23981d7457b6981766332d08333fbe5d1.jpg?w=1000,,,
6951679,9,맛깔스럽게 잘 됐어요~ 밥 한공기 뚝딱이네요^^ 쉬운레시피로 맛있게 건강한 한끼 되셔요♡,https://recipe1.ezmember.co.kr/cache/recipe/2021/01/21/cd717c388d076c980b15eee7e5a465921.jpg?w=1000,,,
6991429,1,양파는 잘게 다져줍니다.,https://recipe1.ezmember.co.kr/cache/recipe/2022/11/09/43f7c115fa3501db952a53ef0c1b14941.jpg?w=1000,,,
6991429,2,당근도 잘게 다져주세요.,https://recipe1.ezmember.co.kr/cache/recipe/2022/11/09/5d697983f5694cfb0868dfda35f2368a1.jpg?w=1000,,,
6991429,3,대파도 다져줍니다.,https://recipe1.ezmember.co.kr/cache/recipe/2022/11/09/cfa1432e860eba76eb5bef3d77fcb9551.jpg?w=1000,,,
6991429,4,소시지는 숭덩숭덩 다져주세요. 소시지가 씹힐 수 있도록 너무 잘게 다지지 않아도 됩니다.,https://recipe1.ezmember.co.kr/cache/recipe/2022/11/09/669b114854120a73a2b98635ca7df2c31.jpg?w=1000,,,
6991429,5,스위트콘은 물기를 완전히 빼서 준비해줍니다.,https://recipe1.ezmember.co.kr/cache/recipe/2022/11/09/3f934d7c3688fe606b92c3e64409ca711.jpg?w=1000,,,
6991429,6,다진대파와 다진마늘을 제외한 소스재료를 모두 넣어주세요.,https://recipe1.ezmember.co.kr/cache/recipe/2022/11/09/5a24b3c5785a01ad7f206cdb118e65af1.jpg?w=1000,,,
6991429,7,그리고 골고루 섞어준 후에 간을 보세요. 입맛에 따라서 얼마든지 가감가능합니다. 이렇게 만들어준 소스는 잠시 대기할게요.,https://recipe1.ezmember.co.kr/cache/recipe/2022/11/09/0b0bfeeb397275994fdae382d1ff3d1a1.jpg?w=1000,,,
6991429,8,팬에 식용유 2숟갈을 두르고 다진마늘과 다진대파를 볶아줍니다. 중불,https://recipe1.ezmember.co.kr/cache/recipe/2022/11/09/42cc20ba7004013c206ed78dfd46307c1.jpg?w=1000,중불,,
6991429,9,그리고 다진 당근을 넣고 3분정도 달달 볶아주세요. 중불,https://recipe1.ezmember.co.kr/cache/recipe/2022/11/09/36349eee8c36eb89d13048952678cadb1.jpg?w=1000,중불,180,
6991429,10,그리고 양파를 넣고 볶아줍니다. 중불,https://recipe1.ezmember.co.kr/cache/recipe/2022/11/09/a47a7f370ac602dd7e59c23e784a81991.jpg?w=1000,중불,,
6991429,11,양파가 하얗게 익기 시작하면 소시지를 넣고 소시지가 먹기 좋게 노릇해질때까지 볶아줍니다. 중불,https://recipe1.ezmember.co.kr/cache/recipe/2022/11/09/abe4f54e43ab900171652a4b90ba58561.jpg?w=1000,중불,,
6991429,12,소시지가 완전히 익으면 소스를 넣고 가볍게 1분정도 볶아주세요. 중약불,https://recipe1.ezmember.co.kr/cache/recipe/2022/11/09/f0267a594f61131433450c4e60da30f81.jpg?w=1000,약불,60,
6991429,13,그리고 마지막으로 스위트콘을 넣고 5분정도만 계속 저어주시면서 볶아주세요. 물이 들어가지 않으니 타지 않게 주의하면서 볶아주세요. 중약불,https://recipe1.ezmember.co.kr/cache/recipe/2022/11/09/7d1dec1e2460d02ecd78729c7cedae701.jpg?w=1000,약불,300,
6991429,14,완성~!,https://recipe1.ezmember.co.kr/cache/recipe/2022/11/09/740c6f70e70c129f47e23e4f5df5cf191.jpg?w=1000,,,
7020998,1,골뱅이볶음덮밥을 소개합니다.,https://recipe1.ezmember.co.kr/cache/recipe/2024/02/28/7bc80a3340b7a88a08123936c2dfa2d51.jpg?w=1000,,,
7020998,2,"골뱅이 1캔을 국물을 모두 제거한후 준비합니다. 도마 , 조리용나이프",https://recipe1.ezmember.co.kr/cache/recipe/2024/02/28/bd0ace29b34216503497c731f9746c5e1.jpg?w=1000,,,
7020998,3,"골뱅이는 먹기좋은 크기로 썰어서 준비합니다. 양파,부추,대파를 손질해서 함께 준비합니다. 양파 손질법 레시피​",https://recipe1.ezmember.co.kr/cache/recipe/2024/02/28/e70e75c5874ced953c741d27e3f77af01.jpg?w=1000,,,
7020998,4,"간장6스푼, 설탕2스푼, 다진마늘2스푼, 고춧가루2 스푼을 넣어서 은은하게 약불로 이용해서 한번 끓여주세요. 볶음팬 , 요리스푼",https://recipe1.ezmember.co.kr/cache/recipe/2024/02/28/05afd79a6964d90fa41b2191ea003c7e1.jpg?w=1000,약불,,
7020998,5,썰어놓은 골뱅을 먼저 넣어준후 볶아주세요.,https://recipe1.ezmember.co.kr/cache/recipe/2024/02/28/f2bcb73fc0805dbbaf98d9a529d6a70f1.jpg?w=1000,,,
7020998,6,"양파,대파,부추를 함께 넣어서 한소큼 더 볶아주세요.",https://recipe1.ezmember.co.kr/cache/recipe/2024/02/28/bb944648119b5d88dd47aed3dfc660591.jpg?w=1000,,,
7020998,7,참기름을 넣어서 재료들이 모두 어울어지도록 섞어주세요.,https://recipe1.ezmember.co.kr/cache/recipe/2024/02/28/beb77ca32db059b79a30e407902169851.jpg?w=1000,,,
7020998,8,마지막으로 통깨를 솔솔솔 뿌려주세요.,https://recipe1.ezmember.co.kr/cache/recipe/2024/02/28/d4cd1cfe233bd5fb3cd64506ff5415231.jpg?w=1000,,,
7020998,9,골뱅이볶음이 완성이 되면 고슬고슬한 밥위에 볶음을 올려주세요. 플레이팅접시,https://recipe1.ezmember.co.kr/cache/recipe/2024/02/28/30508edf697efe77dc5e241bd7eaf0ff1.jpg?w=1000,,,
7020998,10,골뱅이볶음덮밥이 완성이 되었습니다.,https://recipe1.ezmember.co.kr/cache/recipe/2024/02/28/1b5f8f23bac35eb4944c774caf4591171.jpg?w=1000,,,
6882107,1,"정육된 닭다리는 흐르는 물에 씻고, 한 입크기로 썰어줍니다.",https://recipe1.ezmember.co.kr/cache/recipe/2018/01/10/64b800e8e66484ccb2f8d86bf674ddd21.jpg,,,
6882107,2,"녹말가루를 닭고기 앞뒤로 뿌려 얇게 입혀주세요. - 양념이 잘 엉겨 붙고, 양념이 찐득해져서 흐르지 않게 되요. - 녹말가루를 껍질 부분에 넉넉히 뿌려주면, 바삭하게 만들 수 있어요.",https://recipe1.ezmember.co.kr/cache/recipe/2018/01/10/aad13e83ba4c8a61927dff8a6bbd9ebe1.jpg?w=1000,,,
6882107,3,파는 어슷썰어 준비합니다.,https://recipe1.ezmember.co.kr/cache/recipe/2018/01/10/d5900ea10f881e18887a848380656c5f1.jpg,,,
6882107,4,"미림 3큰술, 간장 2큰술, 설탕 2작은술, 생강 간 것 1작은술을 섞어 양념을 만들어 줍니다.",https://recipe1.ezmember.co.kr/cache/recipe/2018/01/10/4d85b1c02a6e15b1e78cfb4bc11ed8ae1.jpg,,,
6882107,5,달궈진 팬에 식용유 1큰술 정도 둘러줍니다.,https://recipe1.ezmember.co.kr/cache/recipe/2018/01/10/4e21a66c72465180e9b4596a774f835f1.jpg,,,
6882107,6,닭고기 껍질부분 부터 노릇하게 구워주세요. 중불,https://recipe1.ezmember.co.kr/cache/recipe/2018/01/10/78b74ee6c36aa1a2c2bb88c8932feb741.jpg,중불,,
6882107,7,"다시 뒤집어 기름을 1큰술 정도 남겨놓고, 키친타월로 제거해준 뒤에, 파를 넣고, 닭고기 껍질 부분이 바삭해질 수 있도록 뒤집어 가며 구워줍니다.",https://recipe1.ezmember.co.kr/cache/recipe/2018/01/10/7141b0de55050fe92a267a73f2f9eff61.jpg,,,
6882107,8,"껍질이 위를 향하게 하고,파의 향이 나면, 양념을 프라이팬 가장자리에 흘리듯 부어주고, 양념이 걸쭉해 질 때까지 조려줍니다. 약불 껍질 부분은 마지막에 남은 양념을 뿌려서 입혀주면, 바삭한 식감을 맛볼 수 있어요.",https://recipe1.ezmember.co.kr/cache/recipe/2018/01/10/16f89a779c9a09f343b67dc398fb0d0e1.jpg,약불,,
6882107,9,"고기가 다 익으면, 접시에 옮겨 담고, 남은 양념을 껍질 위에 뿌려주면 완성!",https://recipe1.ezmember.co.kr/cache/recipe/2018/01/10/6732a32db45c6c65ae25b6a3bc7f4f0a1.jpg,,,
6943361,1,"재료를 준비해요. 고구마 (작은크기) 5개, 달걀노른자 한 알, 아기치즈 2장, 올리브유 2t (호떡 굽는 용) 아기치즈는 아가의 개월 수에 맞는 step으로 구입해서 사용해요.",https://recipe1.ezmember.co.kr/cache/recipe/2020/10/05/da8659ce36691110186ae156bfb442f01.jpg?w=1000,,,
6943361,2,고구마는 흐르는 물에 깨끗하게 씻어주세요.,https://recipe1.ezmember.co.kr/cache/recipe/2020/10/05/92dd8d3bf7310ab5878be0a21ebcd38b1.jpg?w=1000,,,
6943361,3,씻은 고구마를 찜기에 올리고 찜기,https://recipe1.ezmember.co.kr/cache/recipe/2020/10/05/d4e69a015b146c49f870708ba870623a1.jpg?w=1000,,,
6943361,4,뚜껑을 닫고 중불에 20분간 쪄요 중불 찌는 동안 바닥에 물이 마르지 않게 주의해주세요.,https://recipe1.ezmember.co.kr/cache/recipe/2020/10/05/ddb233f2fad1ff5d504552bde73db6c01.jpg?w=1000,중불,1200,
6943361,5,20분 뒤 고구마가 잘 익었나 젓가락으로 찔러봐요,https://recipe1.ezmember.co.kr/cache/recipe/2020/10/05/c6d6764a6c7c80cbdac01f2cfb89f15f1.jpg?w=1000,,1200,
6943361,6,다 익은 고구마는 조금 식혔다가 껍질을 까고 볼에 넣어요. 볼,https://recipe1.ezmember.co.kr/cache/recipe/2020/10/05/9c2c77c0b4f013e25491d4bd525f07c01.jpg?w=1000,,,
6943361,7,고구마를 마구마구 으깬 뒤 달걀노른자를 한 알 넣고 밤고구마라 고구마만 으깨면 서로 엉겨붙는 점성이 전혀 없지만 달걀 노른자를 한 알 넣어주면 반죽을 할 수 있는 점성이 생겨요.,https://recipe1.ezmember.co.kr/cache/recipe/2020/10/05/84c2e02ca03086a1d64ab8511b62e29d1.jpg?w=1000,,,
6943361,8,골고루 잘 버무려주면 이렇게 반죽이 완성됩니다.,https://recipe1.ezmember.co.kr/cache/recipe/2020/10/05/9d3dea775c35bce1e02dd7de3819ecc51.jpg?w=1000,,,
6943361,9,완성 된 반죽을 비슷한 크기로 덜어 호떡을 만들기 쉽게 공모양으로 굴려요.,https://recipe1.ezmember.co.kr/cache/recipe/2020/10/05/bdd5d9677a19c032e591a1a710e6c6bd1.jpg?w=1000,,,
6943361,10,반죽이 총 8등분으로 나뉘어져 아기치즈도 1장을 4등분해서 총 2장 (8등분)을 만들었어요. 치즈는 비닐을 벗기지 않고 칼등으로 왔다갔다 두번 정도 하면 쉽게 금을 그을 수 있어요.,https://recipe1.ezmember.co.kr/cache/recipe/2020/10/05/450b248f439d888550655e846983d9a01.jpg?w=1000,,,
6943361,11,동그랗게 굴린 고구마 반죽을 납작하게 만든 뒤 가운데 아기치즈를 넣고,https://recipe1.ezmember.co.kr/cache/recipe/2020/10/05/0ace56a9581348cdd83a597fd7adefe71.jpg?w=1000,,,
6943361,12,고구마 반죽을 잘 덮어주세요.,https://recipe1.ezmember.co.kr/cache/recipe/2020/10/05/69f92a33b1d5dbf6c733c06fa9be767f1.jpg?w=1000,,,
6943361,13,치즈 품은 고구마가 완성되었어요,https://recipe1.ezmember.co.kr/cache/recipe/2020/10/05/cc2af8a3550a3ea13d3e56f051760fe41.jpg?w=1000,,,
6943361,14,후라이팬에 올리브유 2t를 두르고 약불에 고구마치즈호떡을 구워요 후라이팬 약불,https://recipe1.ezmember.co.kr/cache/recipe/2020/10/05/60e345d0660dabd027fbd5147aeea28e1.jpg?w=1000,약불,,
6943361,15,노릇노릇하게 뒤집어가면서 익혀주면,https://recipe1.ezmember.co.kr/cache/recipe/2020/10/05/2cf78d1e6e6dbfb47ee938aeccd496d61.jpg?w=1000,,,
6943361,16,고구마치즈호떡이 완성되었습니다.!,https://recipe1.ezmember.co.kr/cache/recipe/2020/10/05/bddabb65361d4ebd1f27b8ed00955b4d1.jpg?w=1000,,,
6943361,17,반으로 가르면 이렇게 치즈가 숨어있어요.,https://recipe1.ezmember.co.kr/cache/recipe/2020/10/05/4f31760fcf29fac12cc3a7033073d9501.jpg?w=1000,,,
7073728,1,돼지고기 다짐육은 400g을 준비했어요. 키친타올로 꾹꾹 눌러가며 꼭 핏물을 제거해 주세요 잡내가 제거되어 깔끔한 고기반찬 레시피 완성하실 수 있어요.,https://recipe1.ezmember.co.kr/cache/recipe/2026/03/27/ad9c933f44522aefec4bd24b24777f231.jpg,,,
7073728,2,"양념장 미리 만들어 주는데요 가루류 먼저 넣고, 그다음에 액체류 순서로 넣어주시면 계량이 더 편해져요. 설탕 3T, 진간장 5T 넣고요 참치액 2T, 맛술 4T 넣고 골고루 섞어주면 소보로 양념장 완성이에요.",https://recipe1.ezmember.co.kr/cache/recipe/2026/03/27/6e0734b266e4a788a0812e745d12d8ed1.jpg,,,
7073728,3,"고기는 따로 재우지 않고, 그대로 볶아서 누린내를 잡아 줄 거예요. 예열한 프라이팬에 식용유 1T, 다진마늘 1T를 넣고 가볍게 마늘 기름의 풍미를 내어 줍니다",https://recipe1.ezmember.co.kr/cache/recipe/2026/03/27/d801118e078b374f29f63d38c341c2341.jpg,,,
7073728,4,"다진 돼지고기를 넣고 볶아주는데요, 덩어리가 지지 않도록 뚝뚝 끊어가며 숟가락으로 풀어주세요. 하얗게 익어가면",https://recipe1.ezmember.co.kr/cache/recipe/2026/03/27/7dc6d3ee0e68c5cc67fa2793d91b3a691.jpg,,,
7073728,5,"맛술 2T, 후춧가루 톡톡 밑간해 주세요. 수분 날리듯 볶아주는데요 이 과정에서 잡내가 제거되고 고기 맛이 깔끔해져요",https://recipe1.ezmember.co.kr/cache/recipe/2026/03/27/2d5813376482f089413b994c43d3d9b51.jpg,,,
7073728,6,고슬고슬 잘 볶아졌으면 미리 섞어둔 양념장을 넣어줄 차례예요. 간장 양념장 붓고요 양념이 고기에 쏙 배도록 볶아주기만 하면 끝이에요. 언제까지? 고기에 수분이 거의 남아 있지 않을 때까지 볶아주시면 됩니다,https://recipe1.ezmember.co.kr/cache/recipe/2026/03/27/567409d41339c5f7682ebc093a5ae1651.jpg,,,
7073728,7,"양념이 많아 보이지만 고기와 같이 졸여내면 단짠단짠 짭조름하고, 입에 착착 감겨서 밥도둑이 따로 없답니다",https://recipe1.ezmember.co.kr/cache/recipe/2026/03/27/bdb3365c154568cb6b73e8e1a49bcac31.jpg,,,
7073728,8,"그릇에 따끈한 밥과 돼지고기 간장볶음을 드실 만큼 올려주세요. 계란프라이, 참기름 한 숟가락, 통깨 더해주면 아이들 아침메뉴로 너무 좋은 돼지고기 소보로 계란밥 완성이에요.",https://recipe1.ezmember.co.kr/cache/recipe/2026/03/27/8dee034aa4e25780d53269dc56e4e89e1.jpg,,,
6834667,1,물5 + 케첩 1/2 + 설탕 2 + 고추장 1 + 고춧가루 1+ 마늘1/2 을넣고 잘 섞어 양념장을 만든다.,https://recipe1.ezmember.co.kr/cache/recipe/2015/09/18/0f640754fadccfcc20ad70ed57a7ff1b1.jpg,,,
6834667,2,팬에 약불로 양념을 끓여준다.,https://recipe1.ezmember.co.kr/cache/recipe/2015/09/18/a9fc215c7028b1d6433efa9a4b1cf7c81.jpg,약불,,
6834667,3,보글거리기 시작하면 깨를 넣어주고 불을 끈다.,https://recipe1.ezmember.co.kr/cache/recipe/2015/09/18/6ea438d8b7f4fb580170e82d3e5e44511.jpg,,,
6834667,4,표고버섯은 슬라이스해주고,https://recipe1.ezmember.co.kr/cache/recipe/2015/09/18/b4bf8daf3fceb213558cc6e5ed9ccccd1.jpg,,,
6834667,5,기름을 여유있게 넣고 팬을 달군다. (기름은 부침개 할때보다 조금 더 여유있는 정도로 넣는다. 튀기듯 기름을 많이하면 떡이 날아다님),https://recipe1.ezmember.co.kr/cache/recipe/2015/09/18/f6e2c21c5f07778dfc5ae52121daac931.jpg,,,
6834667,6,기름이 가열되면 떡을 넣고 뒤적여주며 튀긴다.,https://recipe1.ezmember.co.kr/cache/recipe/2015/09/18/7e08703ee88251e53186b8532d13fb8c1.jpg,,,
6834667,7,떡이 부풀어오르기 시작하면 버섯을 넣고 후루룩 볶는다.,https://recipe1.ezmember.co.kr/cache/recipe/2015/09/18/312881778c15dbc9a9eddbec58bb77341.jpg,,,
6834667,8,떡과 버섯이 노릇하게 익으면 건져내 양념장에 버무린다.,https://recipe1.ezmember.co.kr/cache/recipe/2015/09/18/d8ce1fcf8c0b1e3477940e10d90c66541.jpg,,,
6834667,9,버무린 떡과 버섯을 센불에서 아주 잠깐 볶아내면 완성,https://recipe1.ezmember.co.kr/cache/recipe/2015/09/18/ee4ced603d1fe2eed6ffbc2f11c1570c1.jpg,강불,,
6834667,10,먹기좋게 담아낸다.,https://recipe1.ezmember.co.kr/cache/recipe/2015/09/18/babeb61ec348599b1314792373060bce1.jpg,,,
6955878,1,쪽파와 야채는 깨끗이 씻어서 준비해주세요.,https://recipe1.ezmember.co.kr/cache/recipe/2021/03/27/496f72cf926355a97e6ab56ed644a2e91.jpg?w=1000,,,
6955878,2,끓는 물에 소금1/2큰술을 넣고 쪽파를 넣어 주세요.,https://recipe1.ezmember.co.kr/cache/recipe/2021/03/27/6adf9319de05edea0d26e425f406ced91.jpg?w=1000,,,
6955878,3,30초~1분쯤 살짝 데쳐주세요.,https://recipe1.ezmember.co.kr/cache/recipe/2021/03/27/debf06c1a3ba6f7e9a29f9b749d6a9831.jpg?w=1000,,90,
6955878,4,찬물에 한번 더 헹구어 주세요.,https://recipe1.ezmember.co.kr/cache/recipe/2021/03/27/c8258406446bdb1e948bb297b455d7f21.jpg?w=1000,,,
6955878,5,맛살은 반 갈라서 3등분으로 썰어주서요.,https://recipe1.ezmember.co.kr/cache/recipe/2021/03/27/6100e9dce58fdc2cd7ca93f1377cac2d1.jpg?w=1000,,,
6955878,6,오이는 맛살과 같은 길이로 썰은 다음 반을 가르고 티스푼으로 오이속을 긁어낸 후 맛살의 반정도 굵기로 썰어주세요.,https://recipe1.ezmember.co.kr/cache/recipe/2021/03/27/c3b7ecddb4b94a815aefdefebcf018441.jpg?w=1000,,,
6955878,7,오징어는 굵게 칼집을 넣은 후 끓는 물에 데쳐주세요. 오징어도 오이와 같은 굵기로 썰어주세요.,https://recipe1.ezmember.co.kr/cache/recipe/2021/03/27/a01b4c11f4306500c1a76991553defb01.jpg?w=1000,,,
6955878,8,파프리카도 반으로 가르고 씨를 제거한 후 오이와 같은 굵기로 썰어주세요. 야채 준비완료여~,https://recipe1.ezmember.co.kr/cache/recipe/2021/03/27/7c029ea748cf07ca26ceb2ecda872ced1.jpg?w=1000,,,
6955878,9,데친 쪽파는 물기를 꽉 짜서 준비해주세요.,https://recipe1.ezmember.co.kr/cache/recipe/2021/03/27/6887cba3a832e88955863c0e5c6717df1.jpg?w=1000,,,
6955878,10,"*초고추장 만들기 고추장2큰술, 설탕1.5큰술, 올리고당2큰술, 식초5큰술, 레몬즙1큰술을 넣어주세요.",https://recipe1.ezmember.co.kr/cache/recipe/2021/03/27/dfbf600660b61134ab7d8811983c2bf91.jpg?w=1000,,,
6955878,11,잘 섞어주세요.,https://recipe1.ezmember.co.kr/cache/recipe/2021/03/27/d16925ac0893d2cbe6a023f7ffaf30891.jpg?w=1000,,,
6955878,12,각 재료를 쪽파로 돌돌 말으면 완성이에요. 쪽파 끝은 젓가락으로 넣어 주면 깔끔해요.,https://recipe1.ezmember.co.kr/cache/recipe/2021/03/27/822243af5fedbadef9a0d050cad759e61.jpg?w=1000,,,
7029684,1,주재료 감자을 준비한후 껍질을 벗겨줍니다,https://recipe1.ezmember.co.kr/cache/recipe/2024/06/27/71508471757bc69a2312a4cd1b8c8a831.jpg?w=1000,,,
7029684,2,"채칼을 이용해 채 썰어 줍니다 믹싱볼 , 채칼 감자 손질법",https://recipe1.ezmember.co.kr/cache/recipe/2024/06/27/189346e37b9aced44ddc2f01f1c20b491.jpg?w=1000,,,
7029684,3,"채 썬 감자에 소금,전분,후추을 넣고 버무려줍니다 조리용스푼",https://recipe1.ezmember.co.kr/cache/recipe/2024/07/03/e4650593d22fd2b17bb1b1af23a23bb81.jpg?w=1000,,,
7029684,4,"예열된 훌팬에 기름을 두르고 얇게 펴서 앞,뒤로 구워줍니다 프라이팬",https://recipe1.ezmember.co.kr/cache/recipe/2024/06/27/962daea51a741c4f4fb5d9397090eb031.jpg?w=1000,,,
7029684,5,감자채전 한쪽에 모짜렐라 치즈을 올려줍니다,https://recipe1.ezmember.co.kr/cache/recipe/2024/06/27/3221efb4e100c3c3e87e611815cde5581.jpg?w=1000,,,
7029684,6,방울토마토나 토마토을 잘라서 올려줍니다,https://recipe1.ezmember.co.kr/cache/recipe/2024/07/04/fdf338e758a054a7ca48d835cfb175681.jpg?w=1000,,,
7029684,7,감자전을 반으로 접고 치즈가 녹도록 기다립니다 한번씩 뒤집어 주면 아주 좋아요,https://recipe1.ezmember.co.kr/cache/recipe/2024/06/27/685ec5ac91b39968be47b15f84698f231.jpg?w=1000,,,
7029684,8,노릇노릇하게 구우면 감자치즈전 완성 입니다,https://recipe1.ezmember.co.kr/cache/recipe/2024/06/27/2c073fa6771e6bd0040dd6ca369f8d711.jpg?w=1000,,,
7029684,9,"칼과포크을이용해 드시면 아주좋아요. 토마토주스,우유와함께라면 영양적으로 아주 좋아요 접시 , 종이호일",https://recipe1.ezmember.co.kr/cache/recipe/2024/07/04/043407e6f288cf738b44a395178062a11.jpg?w=1000,,,
6830560,1,두부는 흐르는 물에 씻어 으깨준다,https://recipe1.ezmember.co.kr/cache/recipe/2015/07/30/92fa28dfea421da9a9aa00b62d7efbc81.jpg,,,
6830560,2,"청양고추,양파는 잘게 다져서 뚝배기에 으깬두부와 재료가 잠길정도로 물을 넣어준다",https://recipe1.ezmember.co.kr/cache/recipe/2015/07/30/d3674c86758bfb4f6e50fe9ca871260b1.jpg,,,
6830560,3,"다진마늘0.5수저,된장2수저,고추장0.5수저를 넣은뒤 바글바글 졸여준다",https://recipe1.ezmember.co.kr/cache/recipe/2015/07/30/f9a356ee8b8f7ddbd7477d58394a067a1.jpg,,,
6830560,4,어느정도 졸여지면 마지막으로 들기름 또는 참기름 1수저를 넣구 마무리하면 끝,https://recipe1.ezmember.co.kr/cache/recipe/2015/07/30/0bbd45c6faf1351fa317e54cb5e097911.jpg,,,
6830560,5,짭잘하면서도 고소한 두부쌈장 완성,https://recipe1.ezmember.co.kr/cache/recipe/2015/07/30/9ecf123a914ba048978e505482eb2fdc1.jpg,,,
6919791,1,숙주는 손질하여 소쿠리에 담고 끓는 물을 부어 데쳐 식힌다. 숙주 손질법 레시피,https://recipe1.ezmember.co.kr/cache/recipe/2019/09/30/06c97fd936297a2e567f43313563c0631.jpg,,,
6919791,2,부추는 끓는 물에 데쳐낸 후 잘라 양념과 함께 준비한다.,https://recipe1.ezmember.co.kr/cache/recipe/2019/09/30/c473ba04fea29f973772ba42729593271.jpg,,,
6919791,3,"숙주와 부추에 간장, 마늘, 참기름, 깨소금, 들깨가루를 넣는다.",https://recipe1.ezmember.co.kr/cache/recipe/2019/09/30/983e7894a51d1fb8329d52933e752fb91.jpg,,,
6919791,4,조물조물 무쳐 완성한다.,https://recipe1.ezmember.co.kr/cache/recipe/2019/09/30/13fb0d8372bf85a779e7538175312ef61.jpg,,,
6879476,1,식빵에 모짜렐라 치즈와 체다 혹은 페퍼 잭 치즈를 골고루 뿌린다.,https://recipe1.ezmember.co.kr/cache/recipe/2017/11/14/173ebb94175afee96f4a52e875bdba8f1.jpg,,,
6879476,2,소금과,https://recipe1.ezmember.co.kr/cache/recipe/2017/11/14/2cc87ca54ce6342b2a5cb5e83d5429f01.jpg,,,
6879476,3,후추를 취향대로 뿌린다.,https://recipe1.ezmember.co.kr/cache/recipe/2017/11/14/c5641f5c09184991ddf5aabbfc337ce11.jpg,,,
6879476,4,새우를 팬에 살짝만 구워준다. 오븐에 돌릴 테니 완전 익힐 필요는 없다.,https://recipe1.ezmember.co.kr/cache/recipe/2017/11/14/7808011096bf7a3c35ca83d3e48c87341.jpg,,,
6879476,5,치즈를 올린 식빵에 으깬 아보카도와 새우 그리고 방울토마토 슬라이스를 올리고,https://recipe1.ezmember.co.kr/cache/recipe/2017/11/14/a60595f71e482d2050a7b002f42447c11.jpg,,,
6879476,6,마지막에 체다치즈 약간을 흩뿌린다.,https://recipe1.ezmember.co.kr/cache/recipe/2017/11/14/fdc4f68ae40e0e3e1299223ab5b5fd081.jpg,,,
6879476,7,오븐 180도에 약 7분간 굽는다. 오븐,,,420,
6879476,8,완성!!! 이미 비주얼부터 심장어택이지만 맛은 상상 그 이상이다. 집에 재료가 있다면 꼭!!! 한번 만들어 보세요.,https://recipe1.ezmember.co.kr/cache/recipe/2017/11/14/b0ec3c0b925562dea04b3e42ab4727bd1.jpg,,,
7074433,1,부추는 깨끗이씻어 4cm로잘라주시고 야채들은 체썰어주,https://recipe1.ezmember.co.kr/cache/recipe/2026/04/08/35200d55e625868c02699730f0efd7c61.jpg?w=1000,,,
7074433,2,물100ml와소금약간 계란2개.튀김가루3큰술.전분3큰술과 썰어놓은야채들을 넣고 버무려주세요,https://recipe1.ezmember.co.kr/cache/recipe/2026/04/08/1e664e5c789465ed5c5132146316f4631.jpg?w=1000,,,
7074433,3,팬에 강불로 놓고 식용유두르고 야채버무린걸 올려주세요 그리고. 약불로익혀주세요,https://recipe1.ezmember.co.kr/cache/recipe/2026/04/08/3e3d498760bd7b6cac129a55df442b161.jpg?w=1000,약불,,
7074433,4,밑에가 노릇하게 익으면 한번 뒤집어주세요,https://recipe1.ezmember.co.kr/cache/recipe/2026/04/08/0f4f15fdd5af68e80b4ca966f1037c7c1.jpg?w=1000,,,
4042421,1,느타리버섯은 끓는 물에 살짝 데친 후 찬물에 헹구어 물기를 제거해 줍니다. 굵은 느타리버섯은 반으로 찢어 주었어요.,https://recipe1.ezmember.co.kr/cache/recipe/2015/06/12/7a75ac1cd632e28abcb02061a7e447021.jpg,,,
4042421,2,"분량의 양념 재료 고추장, 고춧가루, 진간장, 올리고당, 맛술, 다진 파, 다진 마늘, 참기름을 넣어 양념을 만들어줍니다.",https://recipe1.ezmember.co.kr/cache/recipe/2015/06/12/06c329bc912b129e344b4dd061775adf1.jpg,,,
4042421,3,느타리버섯에 양념을 넣어 버무린 후 재워둡니다.,https://recipe1.ezmember.co.kr/cache/recipe/2015/06/12/04a1e65030eafcfcbc77a2cbe8db18061.jpg,,,
4042421,4,달군 프라이팬에 식용유를 두르고 구워줍니다. 느타리버섯은 끓는 물에 데친거라 오랫동안 굽지 않아도 된답니다.,https://recipe1.ezmember.co.kr/cache/recipe/2015/06/12/8089730dd16966c291e2197e9d3a4e831.jpg,,,
6860267,1,"재료를 준비합니다. 어묵, 물, 고추, 고추장, 간장, 설탕, 다진마늘",https://recipe1.ezmember.co.kr/cache/recipe/2016/11/08/a5df154fd40ef66a77a7c8dfa55d38481.jpg,,,
6860267,2,"고추 1개는 썰고, 1개는 다져줍니다. 다질 것은 씨를 제거해줍니다.",https://recipe1.ezmember.co.kr/cache/recipe/2016/11/08/09d33c4db68ef9b6b92307b1c94acac51.jpg,,,
6860267,3,나머지 하나는 어슷 썰어주세요.,https://recipe1.ezmember.co.kr/cache/recipe/2016/11/08/be6bd61260635c8db14ba861aee0f7ce1.jpg,,,
6860267,4,이제 꼬치에 어묵을 끼워줍니다. 저는 한 꼬치에 어묵을 2개씩 끼웠어요!,https://recipe1.ezmember.co.kr/cache/recipe/2016/11/08/cb8f898fde11d2f3f98388874e5e32d71.jpg,,,
6860267,5,"팬에 물과 양념들을 넣어줍니다. 양념 재료 : 물, 고추장, 간장, 설탕, 다진마늘",https://recipe1.ezmember.co.kr/cache/recipe/2016/11/08/b31949581a7fcea8576ab55863535cd11.jpg,,,
6860267,6,꼬치에 끼운 어묵을 넣어줍니다. 고루 뒤집어가며 조려줍니다.,https://recipe1.ezmember.co.kr/cache/recipe/2016/11/08/a46abd6f68a8f2de64a19c780aa036321.jpg,,,
6860267,7,어슷 썬 고추도 넣고 마저 조려주세요.,https://recipe1.ezmember.co.kr/cache/recipe/2016/11/08/e2946f504df58034702d1d1c9849ef171.jpg,,,
6860267,8,마무리로 다진 고추를 얹어주면 끝!,https://recipe1.ezmember.co.kr/cache/recipe/2016/11/08/7bfaef307a5ca088d0d035bcdec58bf41.jpg,,,
7072885,1,재료 준비,https://recipe1.ezmember.co.kr/cache/recipe/2026/03/11/f3c8feeaaa8d26239193619267bc2a3e1.jpg,,,
7072885,2,물 700ml에 코인육수 1개 넣고 팔팔 끓여주세요. 코인 육수가 없으시다면 맹물로 끓이시고 간을 조금 더 해주세요.,https://recipe1.ezmember.co.kr/cache/recipe/2026/03/11/9b608a99927aae17afa2f93ac2c58f811.jpg,,,
7072885,3,애호박 1/2개는 은행잎 모양으로 0.5cm 정도로 썰어주세요. 두부 200g은 먹기 좋은 크기로 썰어주세요. 대파는 송송 썰어주세요. 고추는 어슷 썰어 칼칼함을 더해요.,https://recipe1.ezmember.co.kr/cache/recipe/2026/03/11/84867cf5ca480e079e5b94bf0a0131d21.jpg,,,
7072885,4,두부와 호박을 넣고 팔팔 끓어오르면,https://recipe1.ezmember.co.kr/cache/recipe/2026/03/11/b02da0b149996ae1310b380159b88d661.jpg,,,
7072885,5,고추와 다진 마늘 0.5T를 넣고 중불에서 2분 정도 끓여주세요.,https://recipe1.ezmember.co.kr/cache/recipe/2026/03/11/de2ed37447760aacc62a5a49d6e4beed1.jpg,중불,120,
7072885,6,올라오는 거품은 걷어주시면 더 깔끔한 국물을 맛볼 수 있어요.,https://recipe1.ezmember.co.kr/cache/recipe/2026/03/11/52066c94f3fa9df43039ddbd390c5a211.jpg,,,
7072885,7,새우젓 1T 건더기만 넣어주세요. 간이 부족하다면 소금이나 새우젓으로 조절해 주세요. 다져주시면 더 깔끔해요.,https://recipe1.ezmember.co.kr/cache/recipe/2026/03/11/7f7ef78810988de63b1896480a1bc8691.jpg,,,
7072885,8,대파도 바로 넣어주세요. 중불에서 1~2분 끓여주시면 맑고 깊은 맛 애호박 새우젓국 완성.,https://recipe1.ezmember.co.kr/cache/recipe/2026/03/11/1c77f381b7029f6d65c7aaf2c49aa8171.jpg,중불,120,
7074388,1,오이 1개 껍질을 듬성듬성 벗긴 뒤 0.2~0.3cm 간격으로 동그랗게 썰어요,https://recipe1.ezmember.co.kr/cache/recipe/2026/04/08/c14fd950a63033735737fc44f83e019d1.png?w=1000,,,
7074388,2,썰은 오이는 소금 1작은술 넣어 5분간 절여주세요,https://recipe1.ezmember.co.kr/cache/recipe/2026/04/08/5c05adb76e276d4143e1b7fd170838441.jpg?w=1000,,300,
7074388,3,파프리카 1/2개 작은 깍뚝썰기로 썰어 준비해주세요,https://recipe1.ezmember.co.kr/cache/recipe/2026/04/08/67a0d7777bb9587c51e0745226466ed31.png?w=1000,,,
7074388,4,"썰은 오이는 물로 헹구지 않고 수분을 키친타월로 살짝 닦아내요 넉넉한 볼에 오이와 파프리카 재료 추가해 잘 섞어주면 완성이에요 간장 1큰술, 참기름 1큰술 식초 1큰술, 알룰로스 1.5~2큰술 홀그레인머스타드 1큰술, 으깬통깨 2큰술",https://recipe1.ezmember.co.kr/cache/recipe/2026/04/08/39211d11f17f8ad8ec20c9f899e50b181.jpg?w=1000,,,
6929819,1,*당면이 잠길 정도의 물을 붓고 *당면을 넣고 삶아 주세요. (센불에서 8~10분 정도),https://recipe1.ezmember.co.kr/cache/recipe/2020/04/02/568edacdc864e04f36b2a3e162b895da1.jpg?w=1000,강불,600,
6929819,2,*익은 정도를 확인하고 찬물에 헹군 후 *체에 받쳐 물기를 완전히 뺀 후 썰어 주세요.,https://recipe1.ezmember.co.kr/cache/recipe/2020/04/02/bd3434e70f31309e4587409b0ed04e471.jpg?w=1000,,,
6929819,3,"대파,당근,청양고추는 다져 주세요",https://recipe1.ezmember.co.kr/cache/recipe/2020/04/02/1d78a94fcd8eb71fc2177445aa96f05c1.jpg?w=1000,,,
6929819,4,달걀을 풀고 참치액을 넣고,https://recipe1.ezmember.co.kr/cache/recipe/2020/04/02/3535c59c83b656cbc3c685e0d5c7d73a1.jpg?w=1000,,,
6929819,5,"대파,당근,청양고추,당면을 넘고 저어 주세요.",https://recipe1.ezmember.co.kr/cache/recipe/2020/04/02/946b806259119d0206c2325504030c5e1.jpg?w=1000,,,
6929819,6,팬에 식용유를 두르고 반죽을 2큰술씩 넣고 둥글게 펴 주세요 (중약불),https://recipe1.ezmember.co.kr/cache/recipe/2020/04/02/039fae093d0429dcf9ed5ae3bb4b164c1.jpg?w=1000,약불,,
6929819,7,가장자리가 익어가면,https://recipe1.ezmember.co.kr/cache/recipe/2020/04/02/4db572edcbc82f1753949fc8edd66bd81.jpg?w=1000,,,
6929819,8,반으로 접어 고루 익혀 주세요,https://recipe1.ezmember.co.kr/cache/recipe/2020/04/02/b2bb27b4686865610f88abec6be503d01.jpg?w=1000,,,
6929819,9,완성 그릇에 담아 주세요.,https://recipe1.ezmember.co.kr/cache/recipe/2020/04/02/c3e4dd05f4434825d8ce36edcc22d21a1.jpg?w=1000,,,
6873941,1,닭봉 9개에요^^ 우유에 20분 정도 담궈 잡내를 제거 해주셔요~ (저는 냉동해둔 닭이라 처음부터 우유에 해동 시켰어요^^),https://recipe1.ezmember.co.kr/cache/recipe/2017/08/02/04caf6a29486273e780ad477fa144eac1.jpg?w=1000,,1200,
6873941,2,"물에 헹군뒤 맛술3스푼,소금반스푼,후춧가루 4~5번 톡톡 해서 20분 정도 재워 밑간을 해주셔요~ (소금반스푼이랑 후춧가루5번 톡톡이 조금 과하다 싶어도 맛술의 물기 때문에 이렇게 넣으셔야 간이 베여요^^)",https://recipe1.ezmember.co.kr/cache/recipe/2017/08/02/9cf4ba6437a16224a81379ae28a6bc2f1.jpg?w=1000,,1200,
6873941,3,전분가루 적당량을 비닐팩에 넣고 닭에 남은 물기를 탈탈 털어 닭봉을 한꺼번에 넣어 흔들어 주면 쉽게 반죽 완성입니다^^ (튀김가루로 하셔도 됩니다^^),https://recipe1.ezmember.co.kr/cache/recipe/2017/08/02/ecbab615467ba9a1a05e962eafbd1a911.jpg?w=1000,,,
6873941,4,식용유가 달궈지면 꼭 약불에서 튀기셔야 타지않고 속까지 골고루 익혀 집니다요^~^,https://recipe1.ezmember.co.kr/cache/recipe/2017/08/02/4f4b79b2cba298b2a00a6287b0490ba31.jpg?w=1000,약불,,
6873941,5,"그사이 다른팬에 진간장2스푼,물5~6스푼,설탕한스푼,물엿두스푼 마늘 3쪽을 다져 넣고",https://recipe1.ezmember.co.kr/cache/recipe/2017/08/02/ad41e69b4c6cc62022407d786426cbc01.jpg?w=1000,,,
6873941,6,한번 끓여 주셔요^^ (마늘은 다져진 마늘을 넣는것 보다 사진처럼 알갱이가 살아있게 바로 다져낸 마늘이 훨씬 풍미가 좋아요^^),https://recipe1.ezmember.co.kr/cache/recipe/2017/08/02/a97ec19aae03c679cc749c9a9a15a5b61.jpg?w=1000,,,
6873941,7,튀겨진 닭은 기름을 뺀후 양념에 버물버물 뭍혀 주심 끝이에용^~^,https://recipe1.ezmember.co.kr/cache/recipe/2017/08/02/518e405f39fe4a9939aead83ac8a0b1d1.jpg?w=1000,,,
6873941,8,달콤 짭조름 하니 정말 교촌치킨 딱 그맛이에요~!! 보통 튀김을 하면 기름 냄새에 질려 잘못먹는데 이건 느끼하지도 않고 완전 맛있어용~ㅎㅎ 이젠 저렴하게 집에서 즐겨 보아요~:-),https://recipe1.ezmember.co.kr/cache/recipe/2017/08/02/81c738a3e41a2c50e2f299255bb4018d1.jpg?w=1000,,,
7000604,1,"오늘은 메인재료 메추리알을 준비합니다. 메추리알 500g 깐메추리알이 편하기는 하지만, 아무래도 메추리알을 직접 삶아 먹는게 건강에는 더 좋아요.",https://recipe1.ezmember.co.kr/cache/recipe/2023/04/13/a07195b2e80a1fc369f52bfadd3904a01.jpg,,,
7000604,2,양파를 다져줍니다. 양파 1/3개 입자가 너무 크면 고추장양념소스에서 마치 알갱이가 돌아다니는듯한 느낌이 들어요. 가급적 작게 다져주시면 좋아요.,https://recipe1.ezmember.co.kr/cache/recipe/2023/04/13/be142fc807a097beebb149bea9b67b2b1.jpg,,,
7000604,3,마찬가지로 청양고추도 다져줍니다. 청양고추 2개 매운맛은 개인차가 있으니 청양고추의 양은 가감하셔도 됩니다.,https://recipe1.ezmember.co.kr/cache/recipe/2023/04/13/7c9092fd751c15a4e4c0d7bbea8da5f71.jpg,,,
7000604,4,"가장 중요한 고추장양념소스를 만들어줄게요. 고추장 3큰술, 고춧가루 3큰술, 진간장 3큰술, 올리고당 2큰술, 매실액 2큰술, 설탕 2큰술, 멸치액젓 1큰술 단 것을 싫어하시는분들은 설탕은 제외하셔도 됩니다.",https://recipe1.ezmember.co.kr/cache/recipe/2023/04/13/9fe4691c7969932317da6ba5cb3e26d41.jpg,,,
7000604,5,양념이 보글보글 끓어오를때까지 살살 저어줍니다. 중약불,https://recipe1.ezmember.co.kr/cache/recipe/2023/04/13/3da25ddbb8210a17fb69bc8436b734581.jpg,약불,,
7000604,6,다진 청양고추와 양파를 넣고 같이 저어줍니다. 중약불 → 약불,https://recipe1.ezmember.co.kr/cache/recipe/2023/04/13/40008c38671ab444f6160a46e5e8e33e1.jpg,약불,,
7000604,7,맛있는 고추장 양념이 완성되었습니다.,https://recipe1.ezmember.co.kr/cache/recipe/2023/04/13/9aadb78016a4e001246f27491d35b1771.jpg,,,
7000604,8,잘 만들어진 고추장양념에 미리 준비해둔 메추리알을 넣고 같이 볶아주세요. 약불,https://recipe1.ezmember.co.kr/cache/recipe/2023/04/13/60a880963d435401360de8a895fbe31a1.jpg,약불,,
6912205,1,고구마는 찌거나 삶고 껍질을 벗겨 준비한다. 군고구마는 칼로리가 더 높아요!,https://recipe1.ezmember.co.kr/cache/recipe/2019/05/13/e6d9e234a35ad3afbd9a0cbd2b1a6c1b1.jpg?w=1000,,,
6912205,2,"볼에 고구마와 저지방 우유, 견과류를 넣어 섞는다. 볼",https://recipe1.ezmember.co.kr/cache/recipe/2019/05/13/dacafe00ed40196fbc395c25a66355261.jpg?w=1000,,,
6912205,3,"전자레인지용 그릇에 고구마 퓨레를 넣는다. 전자레인지 , 그릇",https://recipe1.ezmember.co.kr/cache/recipe/2019/05/13/dc1e375806539bb4aeaeaec73c8086a21.jpg?w=1000,,,
6912205,4,"고구마 퓨레 위에 달걀을 올리고 소금, 후추를 뿌린다.",https://recipe1.ezmember.co.kr/cache/recipe/2019/05/13/04e9e37e55a641a3dbfcbedc446ea0701.jpg?w=1000,,,
6912205,5,"달걀 노른자에 이쑤시게나 포크로 구명을 낸 뒤 전자레인지에 넣어 약3분간 가열 하여 완성한다. 전자레인지 , 포크 모짜렐라 치즈나 저지방 체다치즈를 달걀 위에 올려 가열하면 더 맛이 좋아요.",https://recipe1.ezmember.co.kr/cache/recipe/2019/05/13/2ce46b7ac77d2aa37271d01cc552f13e1.jpg?w=1000,,180,
7075760,1,마늘종손질은 마늘종이 아닌 머리쪽을 잘라내고 4~5cm길이로 잘라서 깨끗이 씻어주세요 체반에받처주세요,https://recipe1.ezmember.co.kr/cache/recipe/2026/05/06/9dea7d5f367e71d354a28e46362209421.jpg,,,
7075760,2,웍에 양조간장3.미림1.올리고당1. 들기름1 물4 를 넣고 바글바글 끓을때 마늘종을 넣고볶아주세요,https://recipe1.ezmember.co.kr/cache/recipe/2026/05/06/b182a9c0b11a9db07cd18e84ac3b4a881.jpg?w=1000,,,
7075760,3,어느정도 졸여지면 양념이 스며들면서 색이 변합니다 양념이거의 졸아지면 새우를 넣고 저어주세요,https://recipe1.ezmember.co.kr/cache/recipe/2026/05/06/ba4e5e359ff10ebf5c1c3c105cb1dd511.jpg?w=1000,,,
7075760,4,집에 보리새우가있어서 저는 보리새우로했어요 깨소금을 뿌리고 참기름 넣어주면 맛있는 건새우마늘종볶음 완성입니다,https://recipe1.ezmember.co.kr/cache/recipe/2026/05/06/874514f2010a35fd4cb19428bdc65c591.jpg?w=1000,,,
6947579,1,"식용유를 두르고 소고기, 다진마늘을 넣어 볶아줍니다. 중불 타지 않도록 잘 볶아 주세요.",https://recipe1.ezmember.co.kr/cache/recipe/2020/11/25/0519db49cfa3f0e6d6041a06e3daa9f21.jpg,중불,,
6947579,2,소고기가 익으면 양념 재료들을 넣고 볶아줍니다. 중강불 양념이 다 쫄을 때 까지 볶아주세요~,https://recipe1.ezmember.co.kr/cache/recipe/2020/11/25/d77d6d0c2b8e6af6be5952a28737611f1.jpg,강불,,
6947579,3,수분이 사라지면 통깨를 넣고 한 번 더 볶아줍니다.,https://recipe1.ezmember.co.kr/cache/recipe/2020/11/25/efc9d1af97d986ce732fedf214fb1e4b1.jpg,,,
6947579,4,"완성~!!ㅎㅎ 정말 간단하죠? 그대로 반찬으로 먹어도 좋고 주먹밥, 김밥에 넣어 먹으면 더 좋은~ 만능 소고기 볶음 완성이랍니다.",https://recipe1.ezmember.co.kr/cache/recipe/2020/11/25/bb11fddc6b629c7b13e0cafd1c47fb441.jpg,,,
6968081,1,"양파,당근을 잘게 썰어주세요. (양파만 넣어도 되지만 야채를 잘 안먹는 아이나 아빠를 위해 당근 잔뜩 잘게 썰어 넣어주세요.)",https://recipe1.ezmember.co.kr/cache/recipe/2021/11/03/f14a4f1eabf41c4d68012c7ba2032c1a1.jpg,,,
6968081,2,"다짐육, 당근,양파,소금 한꼬집,요리주1T정도 넣고 섞어주세요.",https://recipe1.ezmember.co.kr/cache/recipe/2021/11/03/767fb7d5156384426e42b9eb8006ba101.jpg,,,
6968081,3,2번 재료 섞은걸 동그랗게 모양을 만들어주세요.,https://recipe1.ezmember.co.kr/cache/recipe/2021/11/03/e295049ec6ba9429ae8052b70cae9ca01.jpg,,,
6968081,4,전분을 적량(2T정도) 묻혀주세요. 그릇에다가 전분을 넣고 그 위에 고기완자를 굴려주셔도 돼요! (저는 고기완자 젓가락으로 굴렸어요!),https://recipe1.ezmember.co.kr/cache/recipe/2021/11/03/046abfa20760ec613ed7fc8a0ef217621.jpg,,,
6968081,5,식용유를 잔뜩 부어 튀기는 느낌으로 하면 훨씬 맛있지만 아이 먹일때는 튀김요리 꺼리시는 분들이 많아 기름을 넉넉하게 하되 튀김처럼 많이 붓지 않는게 좋아요! 식용유 4~5T 넣고 고기완자를 튀기듯 구워주세요.,https://recipe1.ezmember.co.kr/cache/recipe/2021/11/03/32c45bfe19faf96d9b2743bef628a96a1.jpg,,,
6968081,6,구운 고기완자를 그릇에다가 일단 두셔요.,https://recipe1.ezmember.co.kr/cache/recipe/2021/11/03/7a54a82296864f922e1ee9539ca11a331.jpg,,,
6968081,7,"간장,설탕,식초,요리주를 넣고 끓여주세요.",https://recipe1.ezmember.co.kr/cache/recipe/2021/11/03/b8616c939286d6c5b823cfadc46674501.jpg,,,
6968081,8,7번 소스가 어느정도 끓었다싶을때 물&전분 섞은걸 넣어주세요. 물2:전분1 비율이 제일 맛있어요.,https://recipe1.ezmember.co.kr/cache/recipe/2021/11/03/442450c415bcd174889e4d2d7028474d1.jpg,,,
6968081,9,아이도 아빠도 좋아하는 고기완자 완성입니다!,https://recipe1.ezmember.co.kr/cache/recipe/2021/11/03/abd7c21167767bb5117179eb5e0459661.jpg,,,
7031537,1,소면을 삶아 찬물에 씻는다.,,,,
7031537,2,"간장,설탕,고추장,고춧가루,식초,참기름에 냉면육수를 섞는다. 냉면육수를 얼려서 살얼음 처럼 사용하면 더 시원하고 맛있어요",,,,
7031537,3,소면 위에 양념육수를 붓는다.,,,,
7066453,1,오이 1개 얇게 슬라이스해 소금 1/3작은술 넣어 5분간 절인 후 물기를 꼬옥 짜주세요,https://recipe1.ezmember.co.kr/cache/recipe/2025/11/14/fc36e0ced38f77927013413dd906da731.jpg?w=1000,,300,
7066453,2,"넉넉한 볼에 오이, 참치 1캔 (100g), 분량의 재료들을 추가해 잘 섞어주세요 (진간장 1/2큰술, 참기름 1/2큰술, 맛술 1/2큰술, 알룰로스 1작은술 다진마늘 1작은술, 들깨가루 1큰술)",https://recipe1.ezmember.co.kr/cache/recipe/2025/11/14/62c3dfe05bfc3ebb1888547fe513abff1.jpg?w=1000,,,
7066453,3,"밥 1공기, 소금 1/3작은술, 참기름 1큰술 넣어 잘 섞어 밥 양념해준 뒤",https://recipe1.ezmember.co.kr/cache/recipe/2025/11/14/d451ebedaf6ce6d220d81e27151bc4921.jpg?w=1000,,,
7066453,4,"묵은지는 여러번 씻은 후 물기를 꼬옥 짜 참기름 1큰술, 알룰로스 1/2작은술 넣어 조물조물 무쳐주세요 tip. 묵은지는 짠맛에 따라 물기 담가 짠맛을 빼주세요",https://recipe1.ezmember.co.kr/cache/recipe/2025/11/14/b10adaafbaaa0933415bec0a77ab0c001.jpg?w=1000,,,
7066453,5,묵은지 펼친 뒤 그 위에 밥 오이참치 올린 뒤 돌돌돌 말아주세요 tip. 넓은잎부분으로 감싸며 속재료 탈출하지 않도록 해주세요,https://recipe1.ezmember.co.kr/cache/recipe/2025/11/14/6d97c84274168beeac303d67dcb253711.jpg?w=1000,,,
7066453,6,"참기름, 통깨 솔솔 뿌려주면 묵은지말이밥 완성입니다",https://recipe1.ezmember.co.kr/cache/recipe/2025/11/14/5cf1c186517a625ab2b3831640e3ae8d1.jpg?w=1000,,,
6895797,1,실온 무염버터 80g과 크림치즈 150g을 볼에 넣고 크림화 시켜주세요 저는 크림치즈 라이트를 사용했는데 일반 크림치즈보다 맛이 연하니 참고해 주세요 :D 오븐은 180도로 예열해 주세요 오븐,https://recipe1.ezmember.co.kr/cache/recipe/2018/09/13/e008d580373300245e61a35e9fa6b8771.jpg,,,
6895797,2,크림화해 놓은 볼에 설탕 100g을 넣고 섞어주세요 조금 덜 달게 먹고 싶다면 80g~90g 정도 넣고 만들어 주셔도 돼요!,https://recipe1.ezmember.co.kr/cache/recipe/2018/09/13/865620e1e4c45c6729454fef57bff8141.jpg,,,
6895797,3,"계란 2개를 흰자와 노른자로 분리한 뒤, 노른자를 먼저 넣고 섞어주세요",https://recipe1.ezmember.co.kr/cache/recipe/2018/09/13/7e1a5b8803862bb4bd05a913f04a2fb81.jpg,,,
6895797,4,계란 흰자(2개 분량)을 볼에 넣고 섞어주세요,https://recipe1.ezmember.co.kr/cache/recipe/2018/09/13/9a047d69f8b89dbd26ed29fa59a0e8581.jpg,,,
6895797,5,박력분 150g과 베이킹 파우더 4g을 볼에 체 쳐서 넣고 섞어주세요,https://recipe1.ezmember.co.kr/cache/recipe/2018/09/13/410f3f7720dd464696a5eeb8f4f5c9781.jpg,,,
6895797,6,머핀 틀에 반죽을 넣고 아몬드 슬라이스를 올려주세요! 그리고 180도로 예열한 오븐에 넣고 15분~20분 정도 구워주세요! 저는 반은 올리고 반은 플레인으로 했어요,https://recipe1.ezmember.co.kr/cache/recipe/2018/09/13/8c0ac320df15e91547b9203b058a19f61.jpg,,900,
6909125,1,"파프리카, 당근, 양파등 채소들을 채썰어 주세요",https://recipe1.ezmember.co.kr/cache/recipe/2019/03/25/d38d88bf165bd22426a19bc99d1ed6631.jpg?w=1000,,,
6909125,2,오이는 반으로 잘라 어슷썰기 해줍니다,https://recipe1.ezmember.co.kr/cache/recipe/2019/03/25/215c1e6c6528e9b2aefd5da941bbb4161.jpg?w=1000,,,
6909125,3,굵은소름 1큰술을 뿌려 오이를 절여주세요,https://recipe1.ezmember.co.kr/cache/recipe/2019/03/25/4358ce48320574fec695815947880ee81.jpg?w=1000,,,
6909125,4,닭가슴살도 먹기좋게 찢어주세요,https://recipe1.ezmember.co.kr/cache/recipe/2019/03/25/dc93993999fa8020d428e2af0b01dfc61.jpg?w=1000,,,
6909125,5,분량의 소스들을 넣어 냉채소스를 만들어 주세요,https://recipe1.ezmember.co.kr/cache/recipe/2019/03/25/750bf98f56289c1bbe8aa9a4ceb61f9f1.jpg?w=1000,,,
6909125,6,오이는 흐르는 물에 씻어 물기를 꼭 짜서 준비합니다,https://recipe1.ezmember.co.kr/cache/recipe/2019/03/25/e26ffc7536f1234ed24e535db3d9ac571.jpg?w=1000,,,
6909125,7,큰볼에 재료들을 넣고 소스와 버무려 주세요 마지막에 땅콩가루 뿌려서 고소함을 더 해줍니다,https://recipe1.ezmember.co.kr/cache/recipe/2019/03/25/7d69c77c6c7c1f9350f9abeef9d067171.jpg?w=1000,,,
7070377,1,"무는 너무 예쁘게 썰지 마세요. 얇고 나박 나박하게 썰어야 국물이 빨리 우러나고 간이 쏙 배여서 훨씬 맛있어요. 대파, 청·홍고추는 송송 썰어주세요.",https://recipe1.ezmember.co.kr/cache/recipe/2026/01/23/624c01549b0ef665469cda1f22098b301.jpg,,,
7070377,2,손질된 냉동 오징어를 사용했어요. 해동 후 원하는 크기로 썰기.,https://recipe1.ezmember.co.kr/cache/recipe/2026/01/23/3069fa34f3a94575abce176122a55e3c1.jpg,,,
7070377,3,냄비에 물과 코인 육수 그리고 무 무가 투명하게 익을 때까지 시원하게 끓여주세요.,https://recipe1.ezmember.co.kr/cache/recipe/2026/01/23/608013b896b24ca75c197715564947111.jpg,,,
7070377,4,무가 익었을 때 손질한 오징어 투하!,https://recipe1.ezmember.co.kr/cache/recipe/2026/01/23/9917274e9f052ba71f09546710d6ad2e1.jpg,,,
7070377,5,"다진 마늘, 맛술, 국간장, 참치 액으로 간을 맞추세요. 얼큰하고 빨간 국물을 위해 고춧가루를 넣어줍니다.",https://recipe1.ezmember.co.kr/cache/recipe/2026/01/23/80705991f4822bc1cfc3ff033b50bbbd1.jpg,,,
7070377,6,"마지막으로 청양고추, 홍고추 대파를 넣고 한소끔만 더 끓이면 완성!",https://recipe1.ezmember.co.kr/cache/recipe/2026/01/23/e9c602b5654ea51b3a18dd12741221e11.jpg,,,
6905993,1,재료를 준비해주세요~.,https://recipe1.ezmember.co.kr/cache/recipe/2019/02/06/e1b6cc3dd88c1b270ec80dfdcba4a58e1.jpg?w=1000,,,
6905993,2,스팸은 0.8cm~1cm두께로 썰어주세요~.,https://recipe1.ezmember.co.kr/cache/recipe/2019/02/06/021c4eae9ec8b95076b2046e6fc09acc1.jpg?w=1000,,,
6905993,3,사진처럼 스팸 가운데를 직사각형 모양으로 잘라주세요~.,https://recipe1.ezmember.co.kr/cache/recipe/2019/02/06/3a27b9a71c1ef444ecbda87d83c0461c1.jpg?w=1000,,,
6905993,4,직사각형으로 자른 햄은 다져주세요~.,https://recipe1.ezmember.co.kr/cache/recipe/2019/02/06/341299f52b45aabcf5798cea6cd5b55f1.jpg?w=1000,,,
6905993,5,쪽파와 당근도 다져주세요~.,https://recipe1.ezmember.co.kr/cache/recipe/2019/02/06/faa73dab43c8aebeeb8dec200ec9dc831.jpg?w=1000,,,
6905993,6,밥에 썰어놓은 야채와 스팸을 넣어주세요~.,https://recipe1.ezmember.co.kr/cache/recipe/2019/02/06/49198c57566426e143d29c4f8456985e1.jpg?w=1000,,,
6905993,7,계란도 넣어주세요~.,https://recipe1.ezmember.co.kr/cache/recipe/2019/02/06/a6100257502646abbe9b06b5e458eb7c1.jpg?w=1000,,,
6905993,8,밥과 모든 재료가 잘 섞어주세요~.,https://recipe1.ezmember.co.kr/cache/recipe/2019/02/06/957c9c38361dbad700b8a7e19e3a23b51.jpg?w=1000,,,
6905993,9,중불로 불을 켜주고 팬에 식용유 3큰술과 모양 낸 스팸을 올려주세요~.,https://recipe1.ezmember.co.kr/cache/recipe/2019/02/06/c83462dbb602a87d806591de19237a4a1.jpg?w=1000,중불,,
6905993,10,만들어둔 밥전 재료를 가운데 구멍에 올려준뒤 2분정도 부쳐주고 뒤집어주세요~.,https://recipe1.ezmember.co.kr/cache/recipe/2019/02/06/29101db8c1b09d8ebfcf805148bc81b11.jpg?w=1000,,120,
6905993,11,앞뒷면 모두 노릇노릇하게 부쳐주시면 된답니다~!!,https://recipe1.ezmember.co.kr/cache/recipe/2019/02/06/ee7ab514342809a4b92abe505f5f7ad51.jpg?w=1000,,,
6905993,12,남은 밥전은 한큰술씩 덜어 팬에서 노릇노릇하게 부쳐주세요~.,https://recipe1.ezmember.co.kr/cache/recipe/2019/02/06/2e92a96f981b70523e601fde730f6c3e1.jpg?w=1000,,,
6905993,13,중불로 부쳐주셔야 노릇노릇하게 색이 난답니다~!!♡♡♡,https://recipe1.ezmember.co.kr/cache/recipe/2019/02/06/f73504b3dd5fd27a5ec92d1c3a5b196c1.jpg?w=1000,중불,,
7060163,1,"양파, 대파, 당근은 잘게 썰고 어묵은 사각모양으로 약간 큼직하게 썰어주었습니다 그래야 완성했을 때 쫄깃한 식감이 기가 막히거든요 힛ㅋ 도마 , 조리용나이프",https://recipe1.ezmember.co.kr/cache/recipe/2025/08/11/e385909c4fc9f402b636fb5a1b8129a21.jpg,,,
7060163,2,팬에 기름을 넉넉히 두르고 대파를 노릇노릇하게 볶아주세요 프라이팬,https://recipe1.ezmember.co.kr/cache/recipe/2025/08/11/d0ed43ccd1707500e0891e22154df2561.jpg,,,
7060163,3,"대파가 노릇하게 익으면서 파 향이 솔솔 올라오면 모든 재료를 넣고 소금, 후추로 간 을 해준 뒤 달달 볶아줍니다 조리주걱",https://recipe1.ezmember.co.kr/cache/recipe/2025/08/11/7f4693eb5a29738cb86aa8a904374ef61.jpg,,,
7060163,4,어묵이 다 볶아지면 공기밥을 넣고 굴 소스 1/2숟갈과 진간장 1큰술로 간 을 맞춰주세요 숟가락,https://recipe1.ezmember.co.kr/cache/recipe/2025/08/11/f1a9b629c36dffd6f72f0bfb822bb6f61.jpg,,,
7060163,5,이제 소스가 한쪽으로 뭉치지 않게 센 불에서 밥을 고슬고슬하게 볶아줍니다,https://recipe1.ezmember.co.kr/cache/recipe/2025/08/11/a284d40de6d2cc9826c107a199ce9ee81.jpg,,,
7060163,6,마지막으로 불을 끄고 참기름 1큰술 넣어주면,https://recipe1.ezmember.co.kr/cache/recipe/2025/08/11/b162343241ca1095f8480a52590396ac1.jpg,,,
7060163,7,초간단 어묵볶음밥 완성입니다 ~ 그릇,https://recipe1.ezmember.co.kr/cache/recipe/2025/08/11/36730d3561711c8dd8b055f27e1dde611.jpg,,,
6899048,1,"숙주는 손질해 두고, 미나리, 당근도 채 썰어 준다. 숙주 손질법 레시피",https://recipe1.ezmember.co.kr/cache/recipe/2018/10/31/851697879c157d98e1f48be8279269b41.jpg,,,
6899048,2,"대패삼겹살에 숙주, 미나리, 당근을 넣고 돌돌 말아준다.",https://recipe1.ezmember.co.kr/cache/recipe/2018/10/31/dfd31c8cdbe9c549bd6d25e0f2b3d9751.jpg,,,
6899048,3,삼발이 위에 돌돌 말은 것을 올려 쪄낸다.,https://recipe1.ezmember.co.kr/cache/recipe/2018/10/31/e9b4c3daef2a75327140120d489a28901.jpg,,,
6990248,1,먼저 끓는 물에 우동면을 넣고 1분 30초 정도 끓여주세요.,https://recipe1.ezmember.co.kr/cache/recipe/2022/10/23/e4af0090e02f0b93b6ac93d161f9a6f11.jpg,,90,
6990248,2,"넓은 그릇에 양념 재료인 간장 0.5T, 굴소스 1t, 땅콩버터 1T, 설탕 0.5t, 볶은 깨 0.5t, 고춧가루 0.5t, 다진 마늘 1스푼을 넣어주세요.",https://recipe1.ezmember.co.kr/cache/recipe/2022/10/23/8f53fd0dd21002d401324265d302d5ae1.jpg,,,
6990248,3,대파는 쫑쫑 썰어 준비해 주고 달군 팬에 기름을 충분히 둘러주고 대파를 넣고 볶아주세요.,https://recipe1.ezmember.co.kr/cache/recipe/2022/10/23/8dcf7295cc92576ce970ddf18bb27b8e1.jpg,,,
6990248,4,기름이 뜨겁게 끓고 있을 때 계량한 양념장에 부어주세요.,https://recipe1.ezmember.co.kr/cache/recipe/2022/10/23/45615b4a9c90a268c8864a48132e3d5b1.jpg,,,
6990248,5,골고루 섞은 후 면수 1T를 넣어 주세요.,https://recipe1.ezmember.co.kr/cache/recipe/2022/10/23/fc2ba09948033ca5658072cfa1fc52f51.jpg,,,
6990248,6,삶은 우동면을 넣고 잘 비벼 주세요.,https://recipe1.ezmember.co.kr/cache/recipe/2022/10/23/77d0bf98e2338da0cdf435566a6fdc111.jpg,,,
6990248,7,비벼준 후 통깨를 솔솔 뿌려주면 초초간단하게 완성이 된 땅콩버터 볶음우동!,https://recipe1.ezmember.co.kr/cache/recipe/2022/10/23/6b10912c6e3ba1222fea7e25a666db301.jpg,,,
6962887,1,토마토 2개를 준비해 깨끗하게 씻어 물기를 닦아줍니다. 그리고 꼭지를 잘라내고 굵직하니 다져줍니다.,https://recipe1.ezmember.co.kr/cache/recipe/2021/08/10/d3b73aea026f5212dc1fb2304521337f1.jpg,,,
6962887,2,계란 4개에 허브솔트 약간을 넣고 알끈없이 고루 잘 풀어 준비해줍니다.,https://recipe1.ezmember.co.kr/cache/recipe/2021/08/10/7192f08781261ad01a02106149b3aa651.jpg,,,
6962887,3,닭가슴살 한개를 준비해 얇게 포를 떠 줍니다.,https://recipe1.ezmember.co.kr/cache/recipe/2021/08/10/a0c84b13d9941711dcb18bb05d8742121.jpg,,,
6962887,4,최대한 얇게 5등분으로 포를 떠 주었습니다.,https://recipe1.ezmember.co.kr/cache/recipe/2021/08/10/8f66328688a3467a24a5e98fbcd458dd1.jpg,,,
6962887,5,그리고 잘게 다진 후 허브솔트 약간으로 밑간을 해줍니다.,https://recipe1.ezmember.co.kr/cache/recipe/2021/08/10/41db3932f174b461724ec25d4d4fc37e1.jpg,,,
6962887,6,달군 팬에 마늘 4톨을 다져 넣고 기버터 한큰술을 함께 넣어 고루 볶아줍니다.,https://recipe1.ezmember.co.kr/cache/recipe/2021/08/10/500ef3a38046c8bca3f51ab8d43a63001.jpg,,,
6962887,7,준비한 닭가슴살을 넣고 마늘 버터에 볶아줍니다.,https://recipe1.ezmember.co.kr/cache/recipe/2021/08/10/d2e69daa47411f54a7da0b6c7bee80d41.jpg,,,
6962887,8,닭가슴살이 완전히 익도록 볶아줍니다.,https://recipe1.ezmember.co.kr/cache/recipe/2021/08/10/9b7ab9fea5bc34eff38ebf07a54776d01.jpg,,,
6962887,9,준비한 토마토를 넣고 청양고추 2개를 쏭쏭 썰어 함께 넣어줍니다.,https://recipe1.ezmember.co.kr/cache/recipe/2021/08/10/16b00767ad788800debfbb85d40081ac1.jpg,,,
6962887,10,닭가슴살과 고루 볶아준 후 소금을 살짝만 넣어줍니다. 완전한 간을 하지는 않았습니다. 싱겁다는 느낌으로 했어요.,https://recipe1.ezmember.co.kr/cache/recipe/2021/08/10/d8c9f62b19adca072fd47f57d7c6eda01.jpg,,,
6962887,11,그리고 준비한 계란을 부어줍니다.,https://recipe1.ezmember.co.kr/cache/recipe/2021/08/10/098906e862908b33618fc91910e451261.jpg,,,
6962887,12,스크램블 하듯 고루 볶아 계란을 익혀주면 완성입니다. 완성한 닭가슴살 토마토 계란볶음을 숟가락으로 떠서 드시면 되겠습니다.,https://recipe1.ezmember.co.kr/cache/recipe/2021/08/10/1f360fe94fb3331d674d7c4d2531b3261.jpg,,,
7016829,1,소금없이 물을 끓이고 중불에 마카로니를 5분 설익힌다.,,중불,300,
7016829,2,고추장이랑 고춧가루 투하,,,,
7016829,3,강불에서 실리콘주걱으로 자작자작 졸을때까지 계속 저어준다,,강불,,
7016829,4,그릇에 잘 담아준다! 원하면 치즈를 얹는다,,,,
1607382,1,분량의 재료를 넣고 반죽해 냉장고에 휴지시키면서 3절접기를 3~4번 정도 해줍니다.,https://recipe1.ezmember.co.kr/cache/recipe/2015/08/31/7449a959bc84220a10a4f16b8fa28f791.jpg,,,
1607382,2,바닥에 설탕을 충분히 뿌리고 밀대로 넓게 밀어줍니다.,https://recipe1.ezmember.co.kr/cache/recipe/2015/08/31/25bddf8e1058f96c225763b1e2e3151e1.jpg,,,
1607382,3,대략 1/4 조금 안되게 양끝을 각각 접습니다.,https://recipe1.ezmember.co.kr/cache/recipe/2015/08/31/47bd8e95b1943ce6ef2ffaf83b2250fc1.jpg,,,
1607382,4,한번 더 양끝을 접어줍니다. 가운데에 틈이 있도록 해야 반으로 접을수 있으니 위에 말한듯이 1/4가 덜되게 접도록 하세요.,https://recipe1.ezmember.co.kr/cache/recipe/2015/08/31/9dd658dfa76d8f75e9b6382ec60b46c01.jpg,,,
1607382,5,반으로 접은 다음 랩으로 싸서 풀리지 않게 고정시킨 다음냉장에 20~30분 정도 휴지시킵니다.,https://recipe1.ezmember.co.kr/cache/recipe/2015/08/31/57c73dfe4c21cf77e2e396c8c85257ee1.jpg,,1800,
1607382,6,반죽을 꺼내 다시 설탕에 굴린 다음 1cm 두께로 잘라줍니다. 구워지는 동안 많이 부풀게 되니 간격을 넓게 두고 올려준다음 180도로 예열된 오븐에 15~20분정도 구워냅니다. 굽는 중에 벌어질수 있기 때문에 굽고 약 5분정도 되면 젓가락으로 모아 모양을 잡아가며 구워줍니다. 다구워지면 식힘망에 식혀줍니다. 오븐,https://recipe1.ezmember.co.kr/cache/recipe/2015/08/31/c965fdedbc6a20fc29ea099ac8fb1a561.jpg,,1200,
6887865,1,재료를 준비해 주세요~,https://recipe1.ezmember.co.kr/cache/recipe/2018/04/26/dd9f8894f60fae0e3ed486c08998a6da1.jpg,,,
6887865,2,계란은 깨 알끈은 제거하고 소금 한꼬집 넣어 잘 풀어 두세요~,https://recipe1.ezmember.co.kr/cache/recipe/2018/04/26/420d9cca523a28ccdab25aa68fae3ee51.jpg,,,
6887865,3,애호박과 소시지는 비슷한 두께로 썰어 주세요~,https://recipe1.ezmember.co.kr/cache/recipe/2018/04/26/7243812fb226b75d370b7f245476c02b1.jpg,,,
6887865,4,모양틀로 애호박과 소시지 가운데 부분을 찍어내 주세요~,https://recipe1.ezmember.co.kr/cache/recipe/2018/04/26/867638f368cb46c7198122769b7c55831.jpg,,,
6887865,5,모양틀 없으면 병뚜껑으로 찍어 동그란 모양으로 만들어도 좋아요!,https://recipe1.ezmember.co.kr/cache/recipe/2018/04/26/392e6acedcda9dc8571e61b36c2e0cb81.jpg,,,
6887865,6,찍어낸 소시지 꽃모양을 애호박 가운데 꽂아주고 애호박 꽃모양은 소시지 가운데 부분에 꽂아 주세요~,https://recipe1.ezmember.co.kr/cache/recipe/2018/04/26/02f4460cb3c8c5e26f80a7d4fa576b5d1.jpg,,,
6887865,7,"윗부분에 전분을 솔솔 뿌려 주세요~ 한면만 뿌려 주면 접착이 잘 되니 앞, 뒤 다 전분 묻힐 필요는 없어요~ 전분 대신 밀가루도 좋구요~",https://recipe1.ezmember.co.kr/cache/recipe/2018/04/26/7b55656ec404a17cb610116f90425f2e1.jpg,,,
6887865,8,계란옷을 입혀 주세요~,https://recipe1.ezmember.co.kr/cache/recipe/2018/04/26/e52dde3c5c719a74ea882e7b707ed0611.jpg,,,
6887865,9,"팬이 뜨거워지면 기름을 두르고 하나씩 올려 앞, 뒤 뒤집어 가면 부쳐 주면 애호박전이 완성되요~ 소지지도 같은 방법으로 부쳐 주면 소시지전도 완성되요~ 계란옷을 입혀 쉽게 탈 수 있으니 꼭 약불에서 천천히 부쳐 주세요!",https://recipe1.ezmember.co.kr/cache/recipe/2018/04/26/fb232d1bf39d2eb90c1aa45787b9e0351.jpg,약불,,
7075200,1,등갈비는 손질해서 핏물을빼주세요,https://recipe1.ezmember.co.kr/cache/recipe/2026/04/23/11685b9edc01e2f419f98d4fe5d56b8d1.jpg?w=1000,,,
7075200,2,물을 500ml에 준비된 재료들을넣고 압력밥솥에 까스 불을켜주세요 추흔들히는 소리나고5분정도있다가 꺼주세요 살짝만익어야합니다 다시김치랑익혀야하닌까,https://recipe1.ezmember.co.kr/cache/recipe/2026/04/23/867b8a18b833846b8f718fad8884270f1.jpg?w=1000,,300,
7075200,3,익은김치꺼내서 먹기좋게 썰어 웍에넜고 등갈비를 올려주세요 등갈비를 김치속으로 넣어주세요,https://recipe1.ezmember.co.kr/cache/recipe/2026/04/23/01c4d86da73c5a60928a53e942ff174f1.jpg?w=1000,,,
7075200,4,식용유를 한바퀴반정도 넣어주시고 신맛을잡아주게 저는 미원을 찻스푼2/1넣어요. 끓기시작하면 약불로 김치가무를때까지 약40분정도 놔두세요 혹시물이 졸여지면 다시더보충해주시면서 하세요,https://recipe1.ezmember.co.kr/cache/recipe/2026/04/23/293f18433fd34fd760f24a8f4b2fe49d1.jpg?w=1000,약불,2400,
7075200,5,푹익은 등갈비 김치찜완성입니다,https://recipe1.ezmember.co.kr/cache/recipe/2026/04/23/38c1dd82185c2ee4b66f456a9a22f40f1.jpg?w=1000,,,
6924155,1,닭날개의 칼집을 낸 후 밑간 재료를 넣고 10분간 재운다. 닭날개가 누린내가 심하다면 우유에 10분간 담가 사용해요.,https://recipe1.ezmember.co.kr/cache/recipe/2019/12/26/0126dd28a0705c244087cf03bbcbe90d1.jpg?w=1000,,600,
6924155,2,볼에 소스 재료를 넣고 섞어 소스를 만든다. 볼,https://recipe1.ezmember.co.kr/cache/recipe/2019/12/26/2ec9f789055b864dc484ddc44aa85d2e1.jpg?w=1000,,,
6924155,3,팬에 올리브유를 두른 후 밑간한 닭날개를 앞뒤로 굽는다. 팬,https://recipe1.ezmember.co.kr/cache/recipe/2019/12/26/979ef954c5a0b5b5f13350308aeb3ca61.jpg?w=1000,,,
6924155,4,닭날개가 노릇하게 구워졌으면 소스를 넣고 소스가 졸아들때까지 약불로 졸인다.,https://recipe1.ezmember.co.kr/cache/recipe/2019/12/26/076d3296aaffaec090227b9022e1ee861.jpg?w=1000,약불,,
6924155,5,접시에 닭날개를 올린 뒤 다진 견과류를 뿌려 완성한다. 접시,https://recipe1.ezmember.co.kr/cache/recipe/2019/12/26/51d1653f2bd73c9826dcebbbecfbb8261.jpg?w=1000,,,
6902207,1,먼저 양파는 1/2개만 썰어주세요. 부타동은 별다른 야채들이 필요없어요. 간단하게 양파만 가지고 만들 수 있어서 자취생들도간단하게 만들수 있습니다.,https://recipe1.ezmember.co.kr/cache/recipe/2018/12/17/dc43a482d7c3a4958f33a572a2cc22751.png?w=1000,,,
6902207,2,"그 다음 양념장을 만들어줍니다. 간장 1.5큰술, 맛술 1큰술, 설탕 1큰술, 다진마늘 1작은술을 넣고 잘 섞어주세요. 원래 다진마늘 대신 생강을 넣어주는데요. 생강이 없어서 저는 다진마늘로 대체 했습니다.",https://recipe1.ezmember.co.kr/cache/recipe/2018/12/17/0dc6c791268580f501c762f26e4b63fa1.png?w=1000,,,
6902207,3,"그 다음 후라이팬에 대패삼겹살 200g을 넣고, 설탕 1큰술 넣고 볶아줍니다. 고기를 볶을때 설탕을 넣으시면, 소스도 더 잘베이구요. 고기의 감칠맛을 살려줍니다.",https://recipe1.ezmember.co.kr/cache/recipe/2018/12/17/8f52a23f0b9001c12d38eac3c9d02ddc1.png?w=1000,,,
6902207,4,설탕이 다 녹으면 양파를 넣어주시구요. 그리고 소스도 같이 넣어줍니다.,https://recipe1.ezmember.co.kr/cache/recipe/2018/12/17/9b4879859a280967037a378708c48ed01.png?w=1000,,,
6902207,5,저는 소스가 있는거 보다는 바싹 굽는게 좋더라구요. 소스가 자작하게 남아있는게 좋으신 분들은 취향에 따라 맛있게 구워주시구요.,https://recipe1.ezmember.co.kr/cache/recipe/2018/12/17/e47a03282592bb4666b3767b21eae03f1.png?w=1000,,,
6902207,6,고기가 다 익으면 밥위에 먹음직 스럽게 고기를 올려주세요.,https://recipe1.ezmember.co.kr/cache/recipe/2018/12/17/c488e990d39748c65b840daec7c126a21.png?w=1000,,,
6902207,7,그리고 마지막으로 가운데에 달걀 노른자 1개를 올려줍니다. 달걀의 비린맛 때문에 날달걀을 못드시는 분이라면후라이 1개 해서 올려주시구요.,https://recipe1.ezmember.co.kr/cache/recipe/2018/12/17/5f9ce57d7fafe717720915ab16dae18b1.png?w=1000,,,
6902207,8,마지막으로 파슬리 가루 뿌려주시면 맛있는 부타동 완성입니다. 생각보다 만들기 너무 간단하구요. 확실히 일본식이라 그런지 많이 자극적이지 않구요. 고기의 달콤 짭짤함과 노른자의 담백함이 어울려져서 맛있는 한끼로 손색없었습니다.,https://recipe1.ezmember.co.kr/cache/recipe/2018/12/17/86d9577f83a10153f4683df6846d83a81.jpg?w=1000,,,
6916782,1,"*양파,청양고추는 잘게 썰어 주세요. *소시지도 작게 썰어 주세요. *달걀도 준비 해 주세요.",https://recipe1.ezmember.co.kr/cache/recipe/2019/07/31/9a9e34b1f97d46f8dd338758e66c54fd1.jpg,,,
6916782,2,"팬에 식용유를 두르고, 위의 썬 재료를 다 넣고 1~2분 정도 볶아 주세요.",https://recipe1.ezmember.co.kr/cache/recipe/2019/07/31/23aeb811021d2faa1ac86f162178492f1.jpg?w=1000,,120,
6916782,3,"접시에 돌려 담고, 중앙에 달걀을 얹져 주세요. 전자렌즈에 2분 돌려 주세요. 전자레인지",https://recipe1.ezmember.co.kr/cache/recipe/2019/07/31/749f50c62b57875b84b26e13185c45771.jpg?w=1000,,120,
6916782,4,"그 위에 피자치즈를 올리고, 30초더 돌려 주세요.",https://recipe1.ezmember.co.kr/cache/recipe/2019/07/31/72085f4798ef7ee13d40897b6c0475641.jpg?w=1000,,30,
6916782,5,파슬리 가루를 올리고,https://recipe1.ezmember.co.kr/cache/recipe/2019/07/31/63b780fbd771274d115d1bd22f8981b41.jpg?w=1000,,,
6916782,6,녹은 피자 치즈와 살짝 저어 주세요.,https://recipe1.ezmember.co.kr/cache/recipe/2019/07/31/d630c69ce9136f8bd6e25d583c56474d1.jpg?w=1000,,,
7072675,1,"참치는 기름을 제거하고, 채소는 잘게 다져 준비합니다. (계란은 5개 사용했어요.)",https://recipe1.ezmember.co.kr/cache/recipe/2026/03/06/56e2ce805fb242219317fe69bd323dda1.jpg,,,
7072675,2,볼에 계란을 풀어준 뒤 참치와 채소를 넣고 고루 섞어주세요.,https://recipe1.ezmember.co.kr/cache/recipe/2026/03/06/55732647eb5c26461db7436e795627701.jpg,,,
7072675,3,참치액과 소금을 넣어 간을 맞춥니다.,https://recipe1.ezmember.co.kr/cache/recipe/2026/03/06/8ba33844b97bea657c62ab7c2e45fc491.jpg,,,
7072675,4,달군 팬에 식용유를 두르고 계란물을 얇게 부어주세요. 겉면이 익기 시작하면 돌돌 말아줍니다. 약불 얇게 말아줄수록 단면이 촘촘하고 도톰하게 나와요.,https://recipe1.ezmember.co.kr/cache/recipe/2026/03/06/c4cd78976130a54b9a9e76a5256200e41.jpg,약불,,
7072675,5,"말아 놓은 계란말이를 앞으로 가져온 뒤 팬에 식용유를 살짝 두르고, 다시 계란물을 부어 이어서 말아줍니다. 이 과정을 반복해주세요.",https://recipe1.ezmember.co.kr/cache/recipe/2026/03/06/67d52a65379b8b50a90a9ad0c8d265481.jpg,,,
7072675,6,어느 정도 두툼해지면 잠시 세워 밑면을 익히면서 모양을 잡아줍니다. 총 4번 정도 계란물을 부어 말아주었어요.,https://recipe1.ezmember.co.kr/cache/recipe/2026/03/06/3ca43f1991b6d15b13151bbe367a121e1.jpg,,,
7072675,7,마지막에는 옆면과 윗면도 살짝 눌러가며 모양을 정리합니다.,https://recipe1.ezmember.co.kr/cache/recipe/2026/03/06/65a3c1dd3a7f5ba7141bd8e26283f93b1.jpg,,,
7072675,8,먹기 좋은 크기로 썰어 접시에 담으면 완성입니다. 비스듬히 썰어주면 단면이 더 큼직하고 먹음직스럽게 보여요.,https://recipe1.ezmember.co.kr/cache/recipe/2026/03/06/c6eb53203a32309991518fa506125f661.jpg,,,
6909564,1,먼저 5mm 정도 두께로 자른 햄을 둥근 틀을 이용해서 동그랗게 찍어낸다,https://recipe1.ezmember.co.kr/cache/recipe/2019/03/31/fe98b9e4301a3167fa6165fb81a7326f1.jpg?w=1000,,,
6909564,2,동그랗게 찍어 낸 햄을 반으로 자른 후,https://recipe1.ezmember.co.kr/cache/recipe/2019/03/31/de977dd3f404a376b8cf2a7e54a9afae1.jpg?w=1000,,,
6909564,3,둥근 틀을 이용해 사진처럼 초승달 모양으로 잘라낸다,https://recipe1.ezmember.co.kr/cache/recipe/2019/03/31/524033eb60afbc77bcd29df91dea4b4a1.jpg?w=1000,,,
6909564,4,잘라 낸 초승달 모양의 햄이 6~8개 정도면 계란프라이 1개를 만들 수 있어요,https://recipe1.ezmember.co.kr/cache/recipe/2019/03/31/292d38ec3a821fc4146684a77e3f527d1.jpg?w=1000,,,
6909564,5,불을 켜지 않은 팬에 먼저 끝이 벌어지지 않도록 햄을 꽃 모양으로 만들어 준다 계란이 들어갈 자리에는 기름을 조금 뿌려준다,https://recipe1.ezmember.co.kr/cache/recipe/2019/03/31/0ab6dcc789d2ab43033c5885c64ecaac1.jpg?w=1000,,,
6909564,6,계란 하나를 조심히 깨 넣고 약 불에서 서서히 익혀준다 이렇게 만들어 햄 플라워 계란 프라이를 완성시켜 준비한다 다음은 볶음밥을 만들거에요,https://recipe1.ezmember.co.kr/cache/recipe/2019/03/31/5fbb13744f3ec95d33462fffe0978a5e1.jpg?w=1000,,,
6909564,7,"모양 틀로 찍고 남은 햄과 당근,양파,호박 다져 팬에 담고",https://recipe1.ezmember.co.kr/cache/recipe/2019/03/31/8b7bad73e1d1f8553bca69f119280f041.jpg?w=1000,,,
6909564,8,"굴소스 ,후추 톡톡 식용유를 두르고 슥슥~ 볶아준 다음 (이때 굴소스에 간은 취향껏 가감요)",https://recipe1.ezmember.co.kr/cache/recipe/2019/03/31/002a60e2e229e9483f09c9e0632a285b1.jpg?w=1000,,,
6909564,9,밥 1인 분량을 넣고,https://recipe1.ezmember.co.kr/cache/recipe/2019/03/31/f7d667c8f3a7d770290cb467e13a08ad1.jpg?w=1000,,,
6909564,10,고루 슥슥~ 볶아준다,https://recipe1.ezmember.co.kr/cache/recipe/2019/03/31/181f5ec4f4718a374797991ab56b32ae1.jpg?w=1000,,,
6909564,11,볶음밥을 도시락에 담아준다,https://recipe1.ezmember.co.kr/cache/recipe/2019/03/31/b6c86dcf1a414663aaa983acc19d87531.jpg?w=1000,,,
6909564,12,위 만들어 놓은 플라워 계란 프라이를 볶음밥 위 올려주고,https://recipe1.ezmember.co.kr/cache/recipe/2019/03/31/e5000fcdab3ead668b2ec6ad238f90e91.jpg?w=1000,,,
6909564,13,김으로 계란 노른자 위 눈과 입을 만들어 준다 (캐릭은 내 마음대로 만들어용),https://recipe1.ezmember.co.kr/cache/recipe/2019/03/31/bcf3af33bb93c33b583ffb980f468ecd1.jpg?w=1000,,,
6909564,14,"초록색 야채가 파 밖에 없어 대파를 잘게 썰어 밑 쪽에 깔아 주었어요 (오이,깻잎을 이용해도 좋다) 대코는 마음대로 꾸며주면 된다",https://recipe1.ezmember.co.kr/cache/recipe/2019/03/31/7d79ac22743f19849b9b0dcb3668727e1.jpg?w=1000,,,
7073179,1,"닭1kg을 깨끗이 씻어줍니다 저는 볶음용 닭으로 요리했어요~ 닭곰탕을 요리할 때 닭고기 살을 익힌 후 발라내기 때문에 볶음용닭,삼계탕용닭 모두 가능해요:)",https://recipe1.ezmember.co.kr/cache/recipe/2026/03/17/4047c204d479aa34f7d9f29568d376521.jpg,,,
7073179,2,큰 냄비에 물2l를 담은 후 닭을 넣고 끓여줍니다,https://recipe1.ezmember.co.kr/cache/recipe/2026/03/17/8a97a16bdde28184f7796cdc6c7c61b21.jpg,,,
7073179,3,"맑은 닭곰탕 국물을 위해 기름,거품을 걷어내줍니다 우러난 닭고기 육수는 그대로 닭곰탕에 사용합니다",https://recipe1.ezmember.co.kr/cache/recipe/2026/03/17/bdf8a3f54f480134914c183c88e8f48f1.jpg,,,
7073179,4,대파1대를 송송 썰어줍니다 무1/4를 나박썰기 해줍니다~,https://recipe1.ezmember.co.kr/cache/recipe/2026/03/17/97ac52b0c66d53800bc00d224fc6f5f81.jpg,,,
7073179,5,닭곰탕 닭고기를 먹기 좋게 쭉쭉 발라내줍니다,https://recipe1.ezmember.co.kr/cache/recipe/2026/03/17/31da27932433680b2e1bf1665821a0a21.jpg,,,
7073179,6,닭고기 육수에 준비한 무를 넣고 끓여줍니다,https://recipe1.ezmember.co.kr/cache/recipe/2026/03/17/0a7627e208d8e13dd30113691cbd510b1.jpg,,,
7073179,7,"액젓2T,소금(조절),후춧가루로 간을 맞춥니다",https://recipe1.ezmember.co.kr/cache/recipe/2026/03/17/899eb7b03814992cb4c4cee10879f5e81.jpg,,,
7073179,8,다진마늘0.5T를 넣고 끓여주세요,https://recipe1.ezmember.co.kr/cache/recipe/2026/03/17/89b24384158d01e03915621aef76ef3f1.jpg,,,
7073179,9,준비한 대파도 넣고 끓여줍니다,https://recipe1.ezmember.co.kr/cache/recipe/2026/03/17/2d0a295f5f7246db8b9f00fd98b2a3231.jpg,,,
7073179,10,국물맛이 잘 우러나오도록 끓여주면 닭곰탕 완성이에요^^,https://recipe1.ezmember.co.kr/cache/recipe/2026/03/17/1f3042467bbe50f035f5b8b4962cd8b21.jpg,,,
7073179,11,"※닭곰탕 다대기 기호에 따라 다대기를 만드셔도 좋아요! 액젓2T,간장1T,고춧가루2T,다진마늘0.5T를 섞어줍니다",https://recipe1.ezmember.co.kr/cache/recipe/2026/03/17/8322f46187c0015739cd8d8109ab6b421.jpg,,,
7073179,12,정성과 마음을 담은 닭곰탕이에요~ 뜨끈뜨끈해서 감기가 나을 것 같은 맛이랍니다^^,https://recipe1.ezmember.co.kr/cache/recipe/2026/03/17/d8d0528544ffb72db3930599f7cc85b41.jpg,,,
7073179,13,"무,대파가 들어가서 시원한 국물맛이 나고 감칠맛이 최고에요♡",https://recipe1.ezmember.co.kr/cache/recipe/2026/03/17/fdc78ee8cb264a4a6e3c0e3be70dbc781.jpg,,,
7073179,14,일교차가 큰 요즘 닭곰탕에 밥말아서 드시면 어떨까요!?^^ 뜨끈뜨끈 국물요리 닭곰탕 레시피였습니다+_+,https://recipe1.ezmember.co.kr/cache/recipe/2026/03/17/28cd45da47c68b110e85bec24a613d921.jpg,,,
6864119,1,"배춧잎,어묵,대파를 썰어주고 배추 좋아 하심 많이 넣어주세요. 잘라 놓으면 많아 보이지만 막상 국에 넣으면 생각보다 그리 많은거 같지 않아요",https://recipe1.ezmember.co.kr/cache/recipe/2017/01/20/91d9f1fcbe46d4af07443cb5b10b02121.jpg,,,
6864119,2,냄비에 물 1.5L정도 부어주고 멸치육수를 끓여줍니다.,https://recipe1.ezmember.co.kr/cache/recipe/2017/01/20/50712397e51937f8ed2ef01407fb3b301.jpg,,,
6864119,3,완성된 멸치육수(5컵)에 된장을 0.5 풀어주고,https://recipe1.ezmember.co.kr/cache/recipe/2017/01/20/83713630204e212475073bb2118f368f1.jpg,,,
6864119,4,썰어놓은 배추잎 넣고 5분정도 끓이다,https://recipe1.ezmember.co.kr/cache/recipe/2017/01/20/e55b05d6d675670edb5899258fe3a7641.jpg,,300,
6864119,5,어묵도 넣어주고,https://recipe1.ezmember.co.kr/cache/recipe/2017/01/20/b72be7e985169b9d6de6ed4374939e681.jpg,,,
6864119,6,참치액2 그리고 고춧가루0.5를 넣어 주고 한소끔 더 끓여 주세요.,https://recipe1.ezmember.co.kr/cache/recipe/2017/01/20/f8de747f54f9f74d1b750cb834de4cae1.jpg,,,
6864119,7,마지막에 대파를 넣어 마무리 합니다. 드셔보시고 부족한 간은 소금으로 해주세요,https://recipe1.ezmember.co.kr/cache/recipe/2017/01/20/1bc3972940d148c7f8e1a20f06d97b6b1.jpg,,,
6864119,8,국물이 시원한 배추 어묵국 완성이요 혹시 냉장고에 잠자고 있는 배추 있다면 배추를 넣어 시원한 어묵국 끓여보세요. 간단하지만 정말 맛이 좋답니다.,https://recipe1.ezmember.co.kr/cache/recipe/2017/01/20/025c8d0e5c17db03fd7927cb7b717f6d1.jpg,,,
6910367,1,먼저 양파1/2개와 청양고추2개를 먹기좋게 썰어주세요,https://recipe1.ezmember.co.kr/cache/recipe/2019/04/12/0abb5f5d5a08d376b4d7e3d9dd5c1ac81.jpg?w=1000,,,
6910367,2,"고춧가루1.5T, 고추장1.5T, 간장2T, 설탕1T, 다진마늘1/2T를 섞어서 양념장을 만들어주세요",https://recipe1.ezmember.co.kr/cache/recipe/2019/04/12/231edd720d4976334e4a678988f375121.jpg?w=1000,,,
6910367,3,낮은 후라이팬에 양파를 올리고 두부를 삥 둘러서 올려주세요,https://recipe1.ezmember.co.kr/cache/recipe/2019/04/12/bdcf2a80c63d18b927eb8e5d69c19e721.jpg?w=1000,,,
6910367,4,물은 두부가 자작하게 잠길정도만 넣어주시고 양념장을 그 위에 올려주세요,https://recipe1.ezmember.co.kr/cache/recipe/2019/04/12/4b7a773e643bdc16e89e4e925c5b57611.jpg?w=1000,,,
6910367,5,뚜껑을 닫고 약한불에 졸여주세요,https://recipe1.ezmember.co.kr/cache/recipe/2019/04/12/aef9cb4f4342dbf372fca1fb20d8d3571.jpg?w=1000,,,
6910367,6,뚜껑을 잠시 열고 대파와 청양고추2개를 넣어서 다시 졸여주세요 국물이 없어질정도로 졸여주세요,https://recipe1.ezmember.co.kr/cache/recipe/2019/04/12/e9aa075dedad014866ac3b8ce5ef3a9b1.jpg?w=1000,,,
6880674,1,"소고기나 돼지고기를 담백 고소한 등심부위로 골라서, 핏물을 제거하고 먹기좋게 썰어주세요",https://recipe1.ezmember.co.kr/cache/recipe/2017/12/08/5c27b3a53cb0e8facdd840d59509ed261.jpg,,,
6880674,2,"이제 양념장을 만들러 고고! 진간장, 다진마늘, 설탕을 1:1:1비율로 넣고 후추도 조금 넣고 섞어줍니다 야채가 들어가지 않기때문에 마늘을 듬뿍 넣어주는게 핵심이자 포인트!",https://recipe1.ezmember.co.kr/cache/recipe/2017/12/08/d67e171e6911f90b7ffc5f219e04e7941.jpg,,,
6880674,3,달군 프라이팬에 불고기를 올려 익혀주세요,https://recipe1.ezmember.co.kr/cache/recipe/2017/12/08/9418b9ed3005a0a4877cf6c591f2e0141.jpg,,,
6880674,4,"초간단 마늘 불고기 완성! 갑자기 손님이 찾아온다거나, 후다닥 집밥을 차려야 할때, 너무나 든든하게 우릴 지켜줄 꿀같은 메뉴 'ㅂ' 초간단 마늘 불고기! 우리 이웃님들도 한번 도전해보세요~ :) 저는 다시 돌아올게요 남은하루 즐겁게 보내세요 씨유쑨! ♥",https://recipe1.ezmember.co.kr/cache/recipe/2017/12/08/01928e1914a51d60cec7a556b2fa40e21.jpg,,,
4119284,1,"간장 2+ 1/2큰술, 올리고당 2큰술, 설탕 1/2큰술, 참기름 1큰술을 그릇에 넣고 설탕이 녹을때까지 저어 준비해 둡니다.",https://recipe1.ezmember.co.kr/cache/recipe/2015/04/22/d252a34cf0c007a4a7522159653d0d8c1.jpg,,,
4119284,2,팬에 기름을 두르고 말랑말랑한 떡볶이떡을 노릇노릇하게 볶아 주세요.,https://recipe1.ezmember.co.kr/cache/recipe/2015/04/22/dff58c089b335b9f0877ba34734effbc1.jpg,,,
4119284,3,만들어 두었던 간장을 부을때 팬 불을 꺼 주세요. 간장을 붓고 다시 불을 중약불에 두시고 볶아 주세요.,https://recipe1.ezmember.co.kr/cache/recipe/2015/04/22/49f3aa659294faa107835811df60f9fa1.jpg,약불,,
4119284,4,색깔이 붉은빛이 돌으면 꿀을 한큰술 넣고 섞어 주세요.,https://recipe1.ezmember.co.kr/cache/recipe/2015/04/22/204d09be0b30bf7c7ec24c9bf480a1261.jpg,,,
4119284,5,"불을 끈 다음 통깨랑 검은깨를 넣고 섞어 주시면 Ok . 요렇게 만들어 그릇에 담아 맛나게 드셔도 되지만, 저는 컵에 담아 치즈를 녹여 먹어 보았답니다.",https://recipe1.ezmember.co.kr/cache/recipe/2015/04/22/32fc491703510dbdeb179e659eb636e51.jpg,,,
4119284,6,"컵에 떡볶이떡을 담고 치즈를 올려 주세요. 예열오븐 180도에서 5~10분간 치즈가 녹을때까지 돌려 주세요. 오븐 없으신분들은 전자렌지에서 1분간격으로 돌려 치즈를 녹여 주시고요. 전자레인지 , 오븐",https://recipe1.ezmember.co.kr/cache/recipe/2015/04/22/b1df124e6d7ae3802e4c7ee1128b16c11.jpg,,600,
6854147,1,느타리버섯이랑 숙주는 깨끗하게 손질해서 준비해 줍니다. 숙주 손질법 레시피,https://recipe1.ezmember.co.kr/cache/recipe/2016/08/08/1623964f0e0740a4a22072041085e6d11.jpg,,,
6854147,2,멸치왕창 넣고~~ 다시마도 한장 넣고 육수를 진하게 끓여 줍니다.,https://recipe1.ezmember.co.kr/cache/recipe/2016/08/08/18949b67c6f74c3be8137b12ed3bac521.jpg,,,
6854147,3,"냄비에 식용유2,다진마늘1,고춧가루3을 넣고약불에서 양념을 볶아 줍니다. 양념이 타지 않게 약불로 볶다~ 국간장3을 넣고 고추기름과 잘 섞이게 볶아주세요.",https://recipe1.ezmember.co.kr/cache/recipe/2016/08/08/8685d37b2a406af890bd42c9044e4db51.jpg,약불,,
6854147,4,이젠 버섯을 넣어 양념장에 고루 볶아주고~,https://recipe1.ezmember.co.kr/cache/recipe/2016/08/08/98c57a18961fd4c529528c68822a1d421.jpg,,,
6854147,5,숙주도 넣어 볶아줍니다.,https://recipe1.ezmember.co.kr/cache/recipe/2016/08/08/3a540922964354d8d2eaf0f485603df11.jpg,,,
6854147,6,고루 잘 볶아주기!,https://recipe1.ezmember.co.kr/cache/recipe/2016/08/08/dd0e92205685d041c7f44c924b1351351.jpg,,,
6854147,7,멸치다시마육수를 6컵 부어줍니다.,https://recipe1.ezmember.co.kr/cache/recipe/2016/08/08/d45ccd688fc1dd4c387b9c62fad5f32e1.jpg,,,
6854147,8,10분정도 끓이다 파를 넣고 5분 더 끓여 마무리 해주세요. 부족한 간은 소금으로~ 입맛에 따라 후추를 넣어 주셔도 됩니다.,https://recipe1.ezmember.co.kr/cache/recipe/2016/08/08/affef01347dc018151abc73161e8a0501.jpg,,600,
6960089,1,팬에 기름을 두르고 만두를 노릇노릇하게 굽는다. 팬,https://recipe1.ezmember.co.kr/cache/recipe/2021/06/11/93b9220762e616dcd0381cf4ebec4bbf1.jpg?w=1000,,,
6960089,2,구워진 만두는 키친타올에 올려 살짝 식힌다. 키친타올,https://recipe1.ezmember.co.kr/cache/recipe/2021/06/11/3fab82c2125d2eff263853e242eacf641.jpg?w=1000,,,
6960089,3,볼에 소스재료를 넣고 잘 섞는다 볼,https://recipe1.ezmember.co.kr/cache/recipe/2021/06/11/4243d60555ced151159595e001fe6ea31.jpg?w=1000,,,
6960089,4,팬에 식용유 1숟가락을 두르고 소스재료를 바글바글 끓인다. 팬,https://recipe1.ezmember.co.kr/cache/recipe/2021/06/11/b2f7aa34ef57ec7806ec52c3cc2f349f1.jpg?w=1000,,,
6960089,5,구운 만두를 넣고 버무려 완성한다. 견과류가 있으면 같이 버무려주세요!,https://recipe1.ezmember.co.kr/cache/recipe/2021/06/11/463c8ae92dc2caa624114688895e7e431.jpg?w=1000,,,
7029415,1,"감자는 껍질을 깎은 후에 나박 썰기로 썰어 줍니다. 도마 , 조리용나이프 감자 손질법",https://recipe1.ezmember.co.kr/cache/recipe/2024/06/30/5297256aee53bc36d286c4aeef641a5b1.jpg,,,
7029415,2,대파와 청양고추는 송송 썰어 줍니다. 대파 손질법,https://recipe1.ezmember.co.kr/cache/recipe/2024/06/30/fc5c2f2975b1e6d6a6b5c3566c3a5a231.jpg,,,
7029415,3,"소고기는 키친타월로 핏물을 제거해 주고 맛술 1T, 국간장 1T를 넣어 밑간을 해줍니다. 볼 , 키친타올 , 스푼",https://recipe1.ezmember.co.kr/cache/recipe/2024/06/30/a87caedd3802cec7732a44e628a2ca521.jpg,,,
7029415,4,냄비에 참기름 1T를 두르고 소고기를 볶다가 감자를 넣고 같이 볶아 줍니다. 냄비,https://recipe1.ezmember.co.kr/cache/recipe/2024/06/30/e11b8d03e0764dcb41b9f090d868583f1.jpg,,,
7029415,5,액젓 1T를 넣고 같이 볶아 줍니다.,https://recipe1.ezmember.co.kr/cache/recipe/2024/06/30/6dca866d6e1568fec502eb6fc77de3cc1.jpg,,,
7029415,6,물 1L를 넣고 코인 육수 3개를 넣고 뚜껑을 덮어 감자가 익을 때까지 끓여 줍니다.,https://recipe1.ezmember.co.kr/cache/recipe/2024/06/30/f4ea5b4b6990b507e7535005d9d4f6a21.jpg,,,
7029415,7,"대파, 청양고추를 넣고 다진 마늘 0.5T, 후추 약간을 넣고 조금만 더 끓여주면 완성(부족한 간은 소금을 넣어 맞춰 주세요.)",https://recipe1.ezmember.co.kr/cache/recipe/2024/06/30/87cfa90e2f3a88a0acb5fb9f8e54b27c1.jpg,,,
6981951,1,"양배추, 당근은 얇게 채 썰고 오이는 얇게 어슷 썰어 준비해요. 오이는 기호에 맞게 생략해도 좋아요.",https://recipe1.ezmember.co.kr/cache/recipe/2022/06/22/25c33b592c9858b896e4179ec6deabec1.jpg?w=1000,,,
6981951,2,"볼에 양배추, 당근을 넣고 설탕, 식초, 소금을 넣어 약 10분간 재워요. 볼 소금을 너무 많이 넣으면 짤 수 있으니 조금만 넣어주세요.",https://recipe1.ezmember.co.kr/cache/recipe/2022/06/22/d12f976b375b8cd646d2aee02ad61ecb1.jpg?w=1000,,600,
6981951,3,"물기를 제거한 양배추에 마요네즈, 머스타드를 넣어 버무려요. 홀그레인 머스타드, 허니 머스타드 등을 넣어도 좋아요. 양배추를 추가해서 샐러드로 이용해도 좋아요.",https://recipe1.ezmember.co.kr/cache/recipe/2022/06/22/9bb2a7edda1644b7d59e73d9cc4447701.jpg?w=1000,,,
6981951,4,모닝빵은 반을 잘라 핫도그 번처럼 만들어요.,https://recipe1.ezmember.co.kr/cache/recipe/2022/06/22/e7ab64e00986827be9a34475d8a6e33f1.jpg?w=1000,,,
6981951,5,모닝빵 안에 오이를 올리고 버무려 놓은 채소를 듬뿍 넣어 속을 채워요.,https://recipe1.ezmember.co.kr/cache/recipe/2022/06/22/1f0c829cd47c8f19fb3f167d0c02f5861.jpg?w=1000,,,
6981951,6,케찹을 뿌려 완성해요.,https://recipe1.ezmember.co.kr/cache/recipe/2022/06/22/d0ebfadc9772934f68a8002c05752dbc1.jpg?w=1000,,,
6904538,1,재료를 준비해주세요~.,https://recipe1.ezmember.co.kr/cache/recipe/2019/01/16/4e0e7cb591e2a0585c5b1c682d9f69791.jpg?w=1000,,,
6904538,2,부추는 총총 다져주세요~.,https://recipe1.ezmember.co.kr/cache/recipe/2019/01/16/e0b9dd32918172464a6974516bff32651.jpg?w=1000,,,
6904538,3,배추김치도 부추크기와 비슷하게 다져주세요~. (저는 배추김치를 물에 한번 헹궈주었답니다~!!),https://recipe1.ezmember.co.kr/cache/recipe/2019/01/16/20aab6c661d802b396d831daa77d99001.jpg?w=1000,,,
6904538,4,밥에 다져놓은 부추와 김치를 넣어주세요~.,https://recipe1.ezmember.co.kr/cache/recipe/2019/01/16/0bc5b83923748dc8ed8a16d8acc91e5b1.jpg?w=1000,,,
6904538,5,참기름과 통깨를 넣어주세요~.,https://recipe1.ezmember.co.kr/cache/recipe/2019/01/16/991ddb6edec6067dd8d1920a9d2e36e21.jpg?w=1000,,,
6904538,6,야채가 뭉치지않게 골고루 잘섞어주세요~.,https://recipe1.ezmember.co.kr/cache/recipe/2019/01/16/00c35055c67cda32103ef266b6d2ca1b1.jpg?w=1000,,,
6904538,7,반줌 정도 밥을 쥐어 동글동글 모양을 만들어주세요~.,https://recipe1.ezmember.co.kr/cache/recipe/2019/01/16/385d687101751af49b8bc4d157ab371e1.jpg?w=1000,,,
6904538,8,5개의 주먹밥이 나올거에요~!!♡♡♡,https://recipe1.ezmember.co.kr/cache/recipe/2019/01/16/3c0b489923a379ae21eda0f1d4d22c241.jpg?w=1000,,,
6904538,9,불고깃감 고기위에 주먹밥을 올려주세요~.,https://recipe1.ezmember.co.kr/cache/recipe/2019/01/16/bc0708e1f1db2c895e95192e82a6851f1.jpg?w=1000,,,
6904538,10,돌돌돌 말아서 주먹밥을 고기로 감싸주세요~.,https://recipe1.ezmember.co.kr/cache/recipe/2019/01/16/415475b284bb67561754a0a16152634d1.jpg?w=1000,,,
6904538,11,팬에 식용유를 2큰술 부어준뒤 고기말이 주먹밥을 올려주세요~.,https://recipe1.ezmember.co.kr/cache/recipe/2019/01/16/783b697152ef204d6b67544fafa7aa0d1.jpg?w=1000,,,
6904538,12,약불로 앞뒤로 노릇노릇 3분정도 익혀주세요~. (약불로 안익히면 고기 겉면이 타버린답니다~!!),https://recipe1.ezmember.co.kr/cache/recipe/2019/01/16/76c383e656e6ee87f2ad2943e4c4d6011.jpg?w=1000,약불,180,
6904538,13,고기양념재료를 모두 섞어 넣어주세요~.,https://recipe1.ezmember.co.kr/cache/recipe/2019/01/16/5f07c207483a08fb0b211f1636e964d01.jpg?w=1000,,,
6904538,14,중불로 올려 양념장을 고기말이 주먹밥에 끼얹어가며 졸여주세요~.,https://recipe1.ezmember.co.kr/cache/recipe/2019/01/16/49c75c29c4f81f19f98b7678fc5e11401.jpg?w=1000,중불,,
6904538,15,양념장이 2큰술 정도 남았을때까지 졸여준뒤 불을 꺼주면 된답니다~!!♡♡♡,https://recipe1.ezmember.co.kr/cache/recipe/2019/01/16/0ec095242dd644380203730cc0bb58411.jpg?w=1000,,,
7012639,1,차돌박이와 숙주나물 준비!,https://recipe1.ezmember.co.kr/cache/recipe/2023/11/01/b51bb84aeb2b166cc502e1cb923a30751.jpg,,,
7012639,2,"숙주는 깨끗하게 씻은 후, 물기를 제거해 주세요 믹싱볼 , 채반",https://recipe1.ezmember.co.kr/cache/recipe/2023/11/01/eef694a0ba08bf4e9f76916b507ed3ed1.jpg,,,
7012639,3,"모든 양념을 잘 섞어주면 차돌박이 숙주볶음 양념장 완성! 간장 1큰술 굴소스 2큰술 맛술 2큰술 설탕 1큰술 참기름 1큰술 깨 1큰술 볼 , 요리스푼",https://recipe1.ezmember.co.kr/cache/recipe/2023/11/01/705aa680f90bb8158c15665d7d38a51f1.jpg,,,
7012639,4,차돌박이 500g준비,https://recipe1.ezmember.co.kr/cache/recipe/2023/11/01/9cb32659cdcc18fd492964af55fc00cd1.jpg,,,
7012639,5,"달궈진 웍에 차돌박이를 바삭하게 구워주세요 웍 , 요리스푼 , 요리젓가락",https://recipe1.ezmember.co.kr/cache/recipe/2023/11/01/f82fd061e233ffb464273a0aaf20d0251.jpg,,,
7012639,6,노릇노릇 바삭바삭하게 구운 차돌박이 준비!,https://recipe1.ezmember.co.kr/cache/recipe/2023/11/01/44277146a7b17fc98b12edd4deb5c71d1.jpg,,,
7012639,7,차돌박이에서 나온 기름에 절반을 사용해서 다진마늘과 파로 파기름을 내 주세요,https://recipe1.ezmember.co.kr/cache/recipe/2023/11/01/1545ae253ce4ee62e4fbb79e4410d4c91.jpg,,,
7012639,8,파기름 위에 숙주를 넣어 주세요 숙주의 숨이 죽을때까지 볶아 주세요,https://recipe1.ezmember.co.kr/cache/recipe/2023/11/01/630cc347552aafaae49aab061295fd611.jpg,,,
7012639,9,노릇하게 구워 놓았던 차돌박이를 넣어 주세요,https://recipe1.ezmember.co.kr/cache/recipe/2023/11/01/854210b4233fa76bee80918ff2b13dde1.jpg,,,
7012639,10,잘 볶아진 차돌박이 숙주볶음에 양념장을 부어 주세요,https://recipe1.ezmember.co.kr/cache/recipe/2023/11/01/e3f7cb02916d59476c481965cfd25bf11.jpg,,,
7012639,11,양념장과 골고루 볶아 주세요,https://recipe1.ezmember.co.kr/cache/recipe/2023/11/01/afac6bc33f09dfab06096eedfed90b881.jpg,,,
7012639,12,그릇에 먹기 좋게 담아 주세요 완성접시,https://recipe1.ezmember.co.kr/cache/recipe/2023/11/01/a0b330ef83fc64e4f2fa8e4478d0031b1.jpg,,,
7012639,13,쪽파를 송송 썰어서 고명으로 깨를 뿌려서 마무리~,https://recipe1.ezmember.co.kr/cache/recipe/2023/11/01/f6237ecb04a5b5385270e52d85fa3a501.jpg,,,
7012639,14,"한입 두입~ 짭쪼름하고 달콤한 차돌박이 숙주볶음 완전 술안주, 밥도둑이더라고요^^",https://recipe1.ezmember.co.kr/cache/recipe/2023/11/01/53d193d1d8b75fb9f8771156f0f709e41.jpg,,,
7012639,15,마무리로 차돌박이 숙주 볶음밥~ 초간단 레시피로 완벽한 식사하세요~,https://recipe1.ezmember.co.kr/cache/recipe/2023/11/01/ae57a6e0939f8c02e3d139598b2f8a261.jpg,,,
6896593,1,재료준비,https://recipe1.ezmember.co.kr/cache/recipe/2018/09/27/2180f9ea4597c9b3030ab3aea0f255131.jpg,,,
6896593,2,- 양송이버섯은 뒤집어 갓 끝에서 아래로 칼로 내려 껍질 벗기기 Tip. 신선도 좋은 양송이라면 그냥 사용해도 좋아요. - 세척 후 0.3cm두께로 두툼하게 슬라이스하기,https://recipe1.ezmember.co.kr/cache/recipe/2018/09/27/c23f5444ad74e866432c17acdcd8a83a1.jpg,,,
6896593,3,- 베이컨 2센티 두께로 썰기 - 파는 송송 썰기 - 양파와 피망들은 반 자른 뒤 0.2cm 두께로 채썰기 Tip. 밥과 떠먹기 편하게 반으로 잘라 썰어줘요.,https://recipe1.ezmember.co.kr/cache/recipe/2018/09/27/aa15e5279bc76ef025161c6515cd7fb11.jpg,,,
6896593,4,"- 팬에 기름 조금 두른 후 파, 다진마늘, 베이컨 넣어 볶기",https://recipe1.ezmember.co.kr/cache/recipe/2018/09/27/cf09c3864e95625690f5eb2048a67a631.jpg,,,
6896593,5,"- 파와 마늘이 노릇해지면 맛술, 굴소스, 설탕, 양송이버섯 넣어 볶기",https://recipe1.ezmember.co.kr/cache/recipe/2018/09/27/967de0d7b36763cae35a864a25d41d571.jpg,,,
6896593,6,- 양송이가 숨이 죽으면 피망 넣어 살짝 더 볶기 Tip. 피망들은 너무 말캉거리지 않게 잠깐 볶아줘요. 간을 보고 싱거우면 굴소스나 간장 추가하고 짠맛이 강하면 설탕을 조금 더 넣어줘요.,https://recipe1.ezmember.co.kr/cache/recipe/2018/09/27/02e618fb36f538de359e4bccb618517f1.jpg,,,
6896593,7,- 참기름과 후춧가루로 마무리 하기,https://recipe1.ezmember.co.kr/cache/recipe/2018/09/27/a3f28bfc6451a5e18731d564afc5edaa1.jpg,,,
6896593,8,그릇에 밥과 함께 담아내면 베이컨 양송이덮밥 완성~!,https://recipe1.ezmember.co.kr/cache/recipe/2018/09/27/197f89c3cb62283043923ec1c92363451.jpg,,,
6954948,1,느타리버섯은 밑동을 자르고 끓는 물에 살짝 데친 후 물기를 빼 준비합니다. 느타리버섯200g,https://recipe1.ezmember.co.kr/cache/recipe/2021/03/10/45edf8cd642880a3dc94303244eac1aa1.jpg,,,
6954948,2,"설탕, 맛술, 간장, 고추장, 다진 마늘, 다진 파, 데친 느타리버섯을 넣어 버무린 후 잠시 재워둡니다. 설탕1작은술, 맛술1큰술, 간장1큰술, 고추장2큰술, 다진 마늘1큰술, 다진 파1큰술",https://recipe1.ezmember.co.kr/cache/recipe/2021/03/10/2c104d9498bf8a6cf97f38c741fadcaf1.jpg,,,
6954948,3,"달군 팬에 기름을 두르고 재운 느타리 버섯을 볶아준 후 통깨, 참기름을 넣어 마무리합니다. 식용유1큰술, 통깨1작은술, 참기름1작은술",https://recipe1.ezmember.co.kr/cache/recipe/2021/03/10/12b4a2cf20c7687267478922540467d51.jpg,,,
6954948,4,"따뜻한 밥에 볶은 느타리버섯을 올리고 달걀프라이를 얹어줍니다. 밥1공기, 달걀1개",https://recipe1.ezmember.co.kr/cache/recipe/2021/03/10/f8a888ef794ff3cb0cef294c1d49fd0f1.jpg,,,
6954948,5,통깨를 뿌려줍니다. 통깨 약간,https://recipe1.ezmember.co.kr/cache/recipe/2021/03/10/f897cb39cbf786211350c0d9b06348c71.jpg,,,
6541723,1,식빵은 갈색 테두리를 잘라주세요.,https://recipe1.ezmember.co.kr/cache/recipe/2015/04/08/1739eded53f28a05ea97370256f8f6ed1.jpg,,,
6541723,2,밀대로 가볍게 밀어 줍니다.,https://recipe1.ezmember.co.kr/cache/recipe/2015/04/08/39028975945f0dac7555fafbc9e804141.jpg,,,
6541723,3,여기에 체다치즈 한 장 떡 하니 올려주고 돌돌~ 말아주세요.,https://recipe1.ezmember.co.kr/cache/recipe/2015/04/08/f17e22e441514729319d8ee96702ffd01.jpg,,,
6541723,4,말려진 식빵위에 베이컨을 말아주어 풀리는 걸 막아주세요.,https://recipe1.ezmember.co.kr/cache/recipe/2015/04/08/ed9f10c7900112fa0e162d6823b366c31.jpg,,,
6541723,5,계란물에 쏙~ 촉촉하게 해주세요. 베이컨만으로도 짭쪼름해서 간을 따로 하지 않았어요~,https://recipe1.ezmember.co.kr/cache/recipe/2015/04/08/3e8b0403802f8f4797cd45cf6e58a0131.jpg,,,
6541723,6,달궈진 팬에 버터를 두른 후 앞뒤로 노릇노릇하게 익혀주세요. 너무 센불에서 구워내면 베이컨이 익기 전에 계란 때문에 쉽게 타버리니 약불에서 서서히 안까지 익혀주세요.,https://recipe1.ezmember.co.kr/cache/recipe/2015/04/08/be910401c07dcea18d502421809334d71.jpg,약불,,
6882531,1,양배추는 채칼로 얇게 채썰어 물에 헹궈준 다음 체반에 받쳐 물기를 뺍니다.,https://recipe1.ezmember.co.kr/cache/recipe/2018/01/19/d1e74fd76043cb032c8d0a62a9850d6c1.jpg?w=1000,,,
6882531,2,"양배추 물기 빠질 동안 양배추를 무칠 큰 보울에 양념재료를 모두 다 넣고 섞어준 다음,",https://recipe1.ezmember.co.kr/cache/recipe/2018/01/19/7cbd93d34834bb36814b9701eda73b511.jpg?w=1000,,,
6882531,3,생채 양념 위에 양배추채를 붓고,https://recipe1.ezmember.co.kr/cache/recipe/2018/01/19/3d7177be917be96f191a04954dfd929d1.jpg?w=1000,,,
6882531,4,버물버물 양념과 양배추채 잘 섞어주고,https://recipe1.ezmember.co.kr/cache/recipe/2018/01/19/de5e1c131c1f961de359f6b69105b0701.jpg?w=1000,,,
6882531,5,그릇에 담으면 끝!,https://recipe1.ezmember.co.kr/cache/recipe/2018/01/19/441ccd55121cf002826a24a3725725131.jpg?w=1000,,,
6945458,1,"재료는 간단해요~ 닭한마리와 알배추 반통, 대파 한대, 양파 반개를 준비해주세요~ 위 재료는 모두 필수입니다. 닭은 영계 두마리나 절단되지 않은 생닭을 사용해도 되지만 볶음탕용 닭을 사면 손질의 과정이 줄어 훨씬 편리해요~",https://recipe1.ezmember.co.kr/cache/recipe/2020/11/02/05441f546abd43e4ddc39a7d994a6ccf1.jpg,,,
6945458,2,닭은 손질할게요~ 닭껍질을 모두 제거하면 감칠맛이 덜하니 너무 꼼꼼히 떼어내진 말고 노랗고 하얀 지방이 뭉쳐져 있는 껍질들만 떼어내고,https://recipe1.ezmember.co.kr/cache/recipe/2020/11/02/4cd471cc0a1d76fa90fbcd57213296731.jpg,,,
6945458,3,내장과 핏기를 꼼꼼히 제거하며 깨끗하게 하나하나 씻어 체에 밭쳐 물기를 빼두세요~,https://recipe1.ezmember.co.kr/cache/recipe/2020/11/02/dc7b512d51a567d673af609c8c1319381.jpg,,,
6945458,4,중강불로 냄비를 아주 뜨겁게 달군 후 참기름 넉넉히~ 7스푼 정도를 넣고 중강불,https://recipe1.ezmember.co.kr/cache/recipe/2020/11/02/b0c0b4ea1b738e66830bffa95a2143621.jpg,강불,,
6945458,5,손질한 닭을 넣고 촤아아~ 치이익~ 구워주세요~닭의 물기 때문에 기름이 마구 튀어오르니 조심하시고 ^^ 뒤적여가며 고루 익혀줍니다,https://recipe1.ezmember.co.kr/cache/recipe/2020/11/02/5e557f6f520cc3d71734ff03cf302d381.jpg,,,
6945458,6,닭의 겉면이 모두 하얗게 익을때까지 구워주고 노릇하게 구워주면 더 좋아요~ 닭의 수분과 넉넉한 참기름 덕분에 타지 않으니 공들여 구우실 필요는 없어용~,https://recipe1.ezmember.co.kr/cache/recipe/2020/11/02/c14d0988f94671bf8416f140168478f81.jpg,,,
6945458,7,"구워진 닭에 물 1.8리터와 대파 한대, 양파 반개 통후추 10알을 넣고 센불을 켜주세요~ 물은 처음부터 많이 잡지 않고 적은양으로 진하게 우려줄거예요~ 냉동닭이나 잡내가 많이 나는 닭은 이 과정에서 소주 반컵정도 넣어 함께 끓입니다",https://recipe1.ezmember.co.kr/cache/recipe/2020/11/02/66a7074ef0842bbc10c966c23c29ace21.jpg,강불,,
6945458,8,끓어오르기 시작하는 거품에는 참기름이 많이 섞여있으니 걷지 마시고 중앙까지 팔팔 끓어오르면 거품을 걷어내고 뚜껑을 덮어 중불로 줄여 40분간 끓여요~ 중불,https://recipe1.ezmember.co.kr/cache/recipe/2020/11/02/5be1be75d51b4810eb358992c6adb7901.jpg,중불,2400,
6945458,9,육수가 끓는 동안 알배추 반포기 큼직하게 숭덩숭덩 썰어놓고,https://recipe1.ezmember.co.kr/cache/recipe/2020/11/02/d542a7623334697b5ab6d1b7ce7fe8a81.jpg,,,
6945458,10,고명용 대파 찹찹찹 썰고,https://recipe1.ezmember.co.kr/cache/recipe/2020/11/02/203484a7019a369f6928d7b5a25603011.jpg,,,
6945458,11,"고춧가루 3, 닭국물 4, 국간장 1, 다진마늘 1, 후추 톡톡 뿌려 섞어 양념다대기 만들어 둡니다.",https://recipe1.ezmember.co.kr/cache/recipe/2020/11/02/98907f3d248bcbcdb8ac743b55b024a61.jpg,,,
6945458,12,"40분 후 양파, 대파, 통후추는 건져버리고 닭을 뼈만 바른다는 느낌으로 대충 찢어줍니다.",https://recipe1.ezmember.co.kr/cache/recipe/2020/11/02/a6d71728dce5dee7f354672c33e89b531.jpg,,2400,
6945458,13,뽀얀 닭국물에 찢은 닭과 배추 투하. 불은 중불. 중불 저기 보이는 노란기름은 참기름이니까 걷지마세용,https://recipe1.ezmember.co.kr/cache/recipe/2020/11/02/86ab7b2cda3189912ca81a1f7a19b20a1.jpg,중불,,
6945458,14,보글보글 끓어오르면 다진마늘 듬뿍 봉긋하게 한스푼 넣고 10여분 더 끓여줍니다,https://recipe1.ezmember.co.kr/cache/recipe/2020/11/02/677d1c798c84fe641ea96bf062d628771.jpg,,,
6945458,15,배추가 익으면서 수분이 나오니까 물은 배추가 푹 익으면 저어보고 추가하세요~ 건더기파는 이대로 끝내도 되고 국물파이시면 물 두컵정도 더 넣으시면 돼요~,https://recipe1.ezmember.co.kr/cache/recipe/2020/11/02/f37fc47ef39970bb1a29ec32c62874d21.jpg,,,
6945458,16,"배추줄기 숨이 죽으면 마지막으로 간하기~ 간은 오로지 소금으로만~ 2~3스푼 정도, 입맛에 맞게 넣어줍니다.",https://recipe1.ezmember.co.kr/cache/recipe/2020/11/02/e8de7d07aeff1c37e17e174671bc96da1.jpg,,,
6945458,17,온기가 오래 가도록 뚝배기나 도자기 그릇에 옮겨담고 파 소복하게 올려 후추 솔솔 뿌려내면 끝~ 국밥처럼 밥을 함께 담아내도 좋아요,https://recipe1.ezmember.co.kr/cache/recipe/2020/11/02/ccf918dc12d255903ebaeaea486195fe1.jpg,,,
6945458,18,"이보다 더 개운하고 진국일 순 없다. 만드는 과정도 들어가는 재료도 착한 닭배추국. 김치 종류만 바꿔주면 아침, 점심, 저녁 계속 먹어도 좋더라구요~",https://recipe1.ezmember.co.kr/cache/recipe/2020/11/02/a9de93087bd7804b41d4b83d7d207e7b1.jpg,,,
6945458,19,"양념다대기 풀어 빨갛게도 먹고~ 칼국수면도 넣어 먹고, 나중에 숙주나 고사리, 고춧가루 팍팍 넣고 닭개장처럼도 즐길 수 있답니다~",https://recipe1.ezmember.co.kr/cache/recipe/2020/11/02/b299c393a7b0958591406fd1b4fc43cd1.jpg,,,
6945458,20,한 솥 끓여 삼사일~ 반찬 걱정 안해도 되는 고마운 배추닭국 맛있게 드시고 따뜻하고 건강한 환절기 보내세요 :D,https://recipe1.ezmember.co.kr/cache/recipe/2020/11/02/c800b0db16c4844d59d92d529270c2591.jpg,,,
6839039,1,먼저 양념장을 만든다. 간장2 참기름1 올리고당1 다진마늘1 섞으면 끝!,https://recipe1.ezmember.co.kr/cache/recipe/2015/12/29/f85bbfb9e27a3e1020ce0cc3a8c63d7f1.jpg,,,
6839039,2,"버섯, 양파, 당근, 파 적당한 크기로 썰어준다.",https://recipe1.ezmember.co.kr/cache/recipe/2015/12/29/a2755924493e89da01d3a5f84589c3b01.jpg,,,
6839039,3,닭가슴살도 적당한 크기로 썰어준다.,https://recipe1.ezmember.co.kr/cache/recipe/2015/12/29/54faaf2a066ceef39378959eff7d925e1.jpg,,,
6839039,4,후라이팬에 파를 제외한 버섯 양파 당근을 넣고 볶는다.,https://recipe1.ezmember.co.kr/cache/recipe/2015/12/29/e616e21f5e53d82232e09b9920f156ba1.jpg?w=1000,,,
6839039,5,현미떡볶이와 닭가슴살을 넣고 볶는다.,https://recipe1.ezmember.co.kr/cache/recipe/2015/12/29/6c9d806d5af723a82f22eeedd50fdfa61.jpg?w=1000,,,
6839039,6,양념장 투척! 골고루 볶는다.,https://recipe1.ezmember.co.kr/cache/recipe/2015/12/29/d112f73191c9f9cd583142f4b2b5f34e1.jpg?w=1000,,,
6839039,7,마지막 파 넣고 볶아주면 끝!,https://recipe1.ezmember.co.kr/cache/recipe/2015/12/29/baac35827f3406a21fa138b2ae47bf131.jpg?w=1000,,,
6839039,8,이쁜 그릇에 옮겨 담는다! 먹음직스럽죠!?,https://recipe1.ezmember.co.kr/cache/recipe/2015/12/29/1640234cc493cee48b9ee30a4feca8d01.jpg,,,
6908836,1,재료 준비해요,https://recipe1.ezmember.co.kr/cache/recipe/2019/03/20/df8f29e42f2a21d49bf0e26f7c5bce911.jpg,,,
6908836,2,"양파,당근,쪽파 조금씩은 다져요",https://recipe1.ezmember.co.kr/cache/recipe/2019/03/20/908953d47ff398cfe33b6eea22a3b9891.jpg,,,
6908836,3,통조림 햄 쉽게 꺼내는 팁~ 커피포트에 물을 끓여요 볼을 준비하고 햄을 뚜껑을 딴 후 캔을 약간 기우리고 뜨거운물을 조심스럽게 부어 흘러내려요 캔이 뜨거울 수 있으니 주의하세요!,https://recipe1.ezmember.co.kr/cache/recipe/2019/03/20/42315598d8519f0a7e29fd8eb514bcff1.jpg,,,
6908836,4,물을 흘러내리고 흘러내린 뜨거운물에 캔을 잠시 담갔다 꺼내요,https://recipe1.ezmember.co.kr/cache/recipe/2019/03/20/05ac82fbfbc0ecf9cd8f118be14362401.jpg,,,
6908836,5,도마위에서 톡 치면 쉽게 꺼낼 수 있어요 햄은 4등분으로 자르고,https://recipe1.ezmember.co.kr/cache/recipe/2019/03/20/b7298b381ed6437339aab49893e169f01.jpg,,,
6908836,6,테두리를 약 1~1.5cm정도를 남기고 네모지게 자릅니다,https://recipe1.ezmember.co.kr/cache/recipe/2019/03/20/17bfc7d36b0db0a18ea10db7c735645e1.jpg,,,
6908836,7,볼에 계란을 넣고 소금 한 꼬집을 넣고 풀어요 여기에 다진 햄을 넣고,https://recipe1.ezmember.co.kr/cache/recipe/2019/03/20/82a671098a6cdd1174676c3eee3467471.jpg,,,
6908836,8,다진 채소와 밥 2스푼을 넣고 섞어주세요,https://recipe1.ezmember.co.kr/cache/recipe/2019/03/20/1afc0b29156ce5bcdbe5126c68d4cae71.jpg,,,
6908836,9,달군 팬에 식용유 약간 두루고 햄을 먼저 살짝 부친 후 다진 계란 재료를 1스푼씩 넣고 부쳐요,https://recipe1.ezmember.co.kr/cache/recipe/2019/03/20/a83092271e29411909205576b1674f0a1.jpg,,,
6908836,10,노릇하게 부치고 기름 제거해요,https://recipe1.ezmember.co.kr/cache/recipe/2019/03/20/f53f5b83c405ac83abed38bafe5547041.jpg,,,
6908836,11,반찬으로 술안주로 최고입니다~,https://recipe1.ezmember.co.kr/cache/recipe/2019/03/20/c1ed80a813e2445c061af82fdb3e94e91.jpg,,,
6974023,1,전자레인지 가능용기에 감자 두 개를 깍뚝 썰어 넣고 물 3스푼과 소금 1티스푼을 넣고 섞어 감자삶기 모드로 삶아주세요 전자레인지 전자레인지 사양마다 다르지만 평균 8분정도 삶아주면 적당해요,https://recipe1.ezmember.co.kr/cache/recipe/2022/02/05/91efab89f8cd3a5e1948238c50fab81b1.jpg,,480,
6974023,2,익은 감자는 매셔나 국자를 이용해 부숴주세요,https://recipe1.ezmember.co.kr/cache/recipe/2022/02/05/5dd948ff04e7335eb6e78a75a1cbfe631.jpg,,,
6974023,3,양파 반 개를 얇게 슬라이스 해주고,https://recipe1.ezmember.co.kr/cache/recipe/2022/02/05/c80438da96c5eb26292313bb04ae466e1.jpg,,,
6974023,4,식용유 살짝 두른 팬에 볶다가 버터도 한 스푼 추가해주고,https://recipe1.ezmember.co.kr/cache/recipe/2022/02/05/1dc75d9b68bdde60166013dc874766c71.jpg,,,
6974023,5,노릇한 색이 나올 때까지 카라멜라이징해주세요,https://recipe1.ezmember.co.kr/cache/recipe/2022/02/05/db9255146baa99d8aab0af51b0b693ae1.jpg,,,
6974023,6,"핸드블렌더나 믹서기에 으깬감자와 볶은 양파, 다진마늘 1/3스푼, 우유 1컵을 넣고 곱게 갈아줍니다",https://recipe1.ezmember.co.kr/cache/recipe/2022/02/05/10665e575afca73f819374ddcf860be11.jpg,,,
6974023,7,"냄비에 옮겨 우유를 추가해 농도를 조절하고 소금, 후추로 입맛에 맞게 간을 맞춰줍니다",https://recipe1.ezmember.co.kr/cache/recipe/2022/02/05/01c51f70f60ae7be6196a99465ee71b01.jpg,,,
6974023,8,(선택재료) 식빵을 한입크기로 썰어준 후 기름 없는 마른팬에 볶아 크루통을 만들어주세요,https://recipe1.ezmember.co.kr/cache/recipe/2022/02/05/9f0983def03cc1fe8520668c97735c691.jpg,,,
6974023,9,볼에 스프를 담아주고 크루통과 파슬리를 곁들여 완성해요!,https://recipe1.ezmember.co.kr/cache/recipe/2022/02/05/04b75b07e5204a3d160ae591145441881.jpg,,,
6930116,1,시금치는 먼저 뿌리를 제거해줍니다,https://recipe1.ezmember.co.kr/cache/recipe/2020/04/07/accb17c64d4289d9b150be4b27de54d41.jpg?w=1000,,,
6930116,2,뿌리를 제거한 시금치는 흐르는 물에 흙이나 불순물이 남지 않도록 깨끗하게 씻어주세요,https://recipe1.ezmember.co.kr/cache/recipe/2020/04/07/ff8bca45d78761dde7d6fc5eaaa35d591.jpg?w=1000,,,
6930116,3,잘 씻은 시금치는 물기를 제거하기 위해 잠시 그대로 둡니다,https://recipe1.ezmember.co.kr/cache/recipe/2020/04/07/249b28556733bf7b0ecf6b4962c136251.jpg?w=1000,,,
6930116,4,대파는 총총 썰어주세요,https://recipe1.ezmember.co.kr/cache/recipe/2020/04/07/9daa784a5e2066024bd654a54f8459141.jpg?w=1000,,,
6930116,5,그리고 최대한 잘게 다져줍니다,https://recipe1.ezmember.co.kr/cache/recipe/2020/04/07/5ac802e7a40724ac3cc293db6a8bed851.jpg?w=1000,,,
6930116,6,양파도 최대한 잘게 다져주세요 이런 볶음밥은 야채들의 크기와 밥알의 크기가 비슷해야 식감이나 맛의 조화가 좋다고 생각해요,https://recipe1.ezmember.co.kr/cache/recipe/2020/04/07/fdab0552b24e434ccd84c80fefb40a951.jpg?w=1000,,,
6930116,7,물기를 뺀 시금치는 약4~5등분 정도 먹기 좋은 크기로 썰어줍니다.,https://recipe1.ezmember.co.kr/cache/recipe/2020/04/07/6c9d03e007a10af779bd7a51cccf12891.jpg?w=1000,,,
6930116,8,스팸은 잘게 깍둑 썰어주세요 통안에서 잘라주시면 훨씬 편하답니다~,https://recipe1.ezmember.co.kr/cache/recipe/2020/04/07/b6250ff2825324979ca900fa084b20ad1.jpg?w=1000,,,
6930116,9,달걀은 잘 풀어서 준비합니다,https://recipe1.ezmember.co.kr/cache/recipe/2020/04/07/8fef288c94f40e83a23d87b2308a99a61.jpg?w=1000,,,
6930116,10,기름을 두른 팬에 양파와 파를 넣고 향이 올라올때까지 볶아주세요 강불,https://recipe1.ezmember.co.kr/cache/recipe/2020/04/07/43b48625142600eb3c721c37158a517f1.jpg?w=1000,강불,,
6930116,11,양파가 투명해지기 시작하고 향이 올라오면 스팸을 넣고 노릇노릇해질때까지 볶아줍니다 강불,https://recipe1.ezmember.co.kr/cache/recipe/2020/04/07/6c4c26280a61900d2a66fff8b061362a1.jpg?w=1000,강불,,
6930116,12,스팸이 전반적으로 노릇노릇해지면 시금치를 넣고 볶아주세요 강불에서 중불 시금치는 열을 가하면 정말 금방 숨이 죽어요 그러니 원하는 식감에 맞추려면 시금치가 들어가고 부터는 재빨리 볶아주시는게 포인트입니다,https://recipe1.ezmember.co.kr/cache/recipe/2020/04/07/c396f76c363babd4d45fb7e9a823bc261.jpg?w=1000,중불,,
6930116,13,시금치를 볶다가 한쪽으로 잠시 밀어두고 달걀을 넣어 스크램블을 만들어주세요,https://recipe1.ezmember.co.kr/cache/recipe/2020/04/07/3f0043bb8d8265ec30ee4f23955f26701.jpg?w=1000,,,
6930116,14,달걀이 거의 다 익으면 밥을 넣고 볶아줍니다 강불,https://recipe1.ezmember.co.kr/cache/recipe/2020/04/07/8b05c7550b579dcfcb07f151e5357d531.jpg?w=1000,강불,,
6930116,15,밥이 거의 다 섞이면 한쪽으로 밀어두고 빈공간에 진간장을 넣고 바글바글 끓여주세요 강불,https://recipe1.ezmember.co.kr/cache/recipe/2020/04/07/201ee7b91c9c84c46bdb19e0380b20191.jpg?w=1000,강불,,
6930116,16,진간장이 절반이상 졸아들면 밀어뒀던 볶음밥을 간장과 함게 빠르게 섞으며 볶아줍니다 중불,https://recipe1.ezmember.co.kr/cache/recipe/2020/04/07/3542bb6d55590cfeb5c6ae965fcbb4721.jpg?w=1000,중불,,
6930116,17,간장이 볶음밥과 거의 다 섞이면 카레가루를 넣어주세요 불끔,https://recipe1.ezmember.co.kr/cache/recipe/2020/04/07/7f2ec709318afdcfca94cee9587ba7441.jpg?w=1000,,,
6930116,18,카레가루가 뭉치지 찮게 고루고루 잘 섞어줍니다 불끔,https://recipe1.ezmember.co.kr/cache/recipe/2020/04/07/24bddb77f31d5b5d71d126f6e4108f121.jpg?w=1000,,,
6930116,19,접시에 담아서 완성~!,https://recipe1.ezmember.co.kr/cache/recipe/2020/04/07/68654aa049e442a895af21eae18932b31.jpg?w=1000,,,
7040595,1,"당근은 채 썰어요 채칼 사용해도 됩니다 도마 , 조리용나이프 , 믹싱볼 , 채칼 당근 손질법",https://recipe1.ezmember.co.kr/cache/recipe/2024/12/15/bc3653a90ee776caf9182a273f4fb3e81.jpg?w=1000,,,
7040595,2,"감자전분(1), 소금(한 꼬집)넣고 섞어요 스푼",https://recipe1.ezmember.co.kr/cache/recipe/2024/12/15/6e51db1c641143bed07e8788c3dc83f61.jpg?w=1000,,,
7040595,3,수분 넣지 않아도 되요~,https://recipe1.ezmember.co.kr/cache/recipe/2024/12/15/5c74f585254cc66f63a26a675b76b1c51.jpg?w=1000,,,
7040595,4,팬에 오일둘러주고 당근을 넓게 펼쳐 담아 줍니다 프라이팬,https://recipe1.ezmember.co.kr/cache/recipe/2024/12/15/ad6a0cf4b4791c64b895fedbd64143341.jpg?w=1000,,,
7040595,5,같은 사이즈의 뚜껑덮어 잠깐 두어요 팬 흔들어보아 움직이면 뒤집어요 다시 한 번 더 뒤집고.. 뒤집개,https://recipe1.ezmember.co.kr/cache/recipe/2024/12/15/ade564da98c5001f7a85d851f555eae31.jpg?w=1000,,,
7040595,6,치즈 올리고 뚜껑덮어 치즈 녹도록 잠시 기다려요 치즈는 생략해도 됩니다,https://recipe1.ezmember.co.kr/cache/recipe/2024/12/15/b1543391d3e6bacf601646e939e909cd1.jpg?w=1000,,,
7040595,7,치즈 녹으면 당근채전 완성~~,https://recipe1.ezmember.co.kr/cache/recipe/2024/12/15/f2b5db42ccbb3bc6fbe6054aac526c371.jpg?w=1000,,,
6935659,1,물 650ml에 멸치와 다시마를 넣고 15분간 끓여 육수를 내어 주세요,https://recipe1.ezmember.co.kr/cache/recipe/2020/07/03/a3fc4348deec7ead67d205e1665f9d111.jpg,,900,
6935659,2,"필요한 재료를 손질 , 세척하여 준비하여 줍니다",https://recipe1.ezmember.co.kr/cache/recipe/2020/07/03/80b93c30b6b8a45247ae79bafd6dd8d51.jpg,,,
6935659,3,호박을 썰어 주세요,https://recipe1.ezmember.co.kr/cache/recipe/2020/07/03/e61a4ccf748b52eebd6138e6a486c81d1.jpg,,,
6935659,4,양파를 썰어 주세요,https://recipe1.ezmember.co.kr/cache/recipe/2020/07/03/ee9697ba1f1cf5565a9dd473d0455fbe1.jpg,,,
6935659,5,청양고추와 홍고추를 썰어 주세요,https://recipe1.ezmember.co.kr/cache/recipe/2020/07/03/0d27cc8340a7ff5f8d4dd8b26a730d8f1.jpg,,,
6935659,6,대파를 썰어 주세요,https://recipe1.ezmember.co.kr/cache/recipe/2020/07/03/da5977940fa420a411b7cef21f745e7f1.jpg,,,
6935659,7,명란을 먹기 좋은 크기로 썰어 줍니다.,https://recipe1.ezmember.co.kr/cache/recipe/2020/07/03/c15c0fd4007e330e1c4a9af54f00a96e1.jpg,,,
6935659,8,두부를 썰어 주세요,https://recipe1.ezmember.co.kr/cache/recipe/2020/07/03/5ce14c1ac5126812727295d05d5da6d81.jpg,,,
6935659,9,멸치 육수에 호박과 양파를 먼저 넣고 끓여주기 시작합니다,https://recipe1.ezmember.co.kr/cache/recipe/2020/07/03/725c500e3f574a3c35e5fbeeb0bab9c11.jpg,,,
6935659,10,호박과 양파가 반쯤 익었으면 두부 먼저 넣고 명란을 넣고 끓여 주세요~ 이 때 주의할 점 !! 명란젓을 넣고 절대로 수저로 저으시면 안돼요 . 명란 알이 빠져 나온답니다 .,https://recipe1.ezmember.co.kr/cache/recipe/2020/07/03/19f1421f038359e0fc114c452575f8561.jpg,,,
6935659,11,소주 또는 맛술을 한 큰술 넣어 주세요 . 비린맛을 잡아 줍니다 .,https://recipe1.ezmember.co.kr/cache/recipe/2020/07/03/76f973a8b40f6bc042320307150f963a1.jpg,,,
6935659,12,명란이 완전히 익을 때까지 수저로 절대 젓지 마시고 기다리세요!,https://recipe1.ezmember.co.kr/cache/recipe/2020/07/03/9028872af73f5221a39ce284fb2446351.jpg,,,
6935659,13,"명란젓이 모두 익으면, 마지막으로 대파, 청양고추와 홍고추를 넣어 한소끔 끓여주면 완성입니다. 간을 보시고 모자라면 소금으로 맞추어 주세요 .",https://recipe1.ezmember.co.kr/cache/recipe/2020/07/03/a71a027b18b9cc29372b87116a32ad3b1.jpg,,,
6868912,1,"(6개 기준입니다) 소고기는 얇게썬 불고기용으로 6장 준비 해주시구요~고기가 녹으면 키친타올로 살짝살짝 핏물을 닦아 주셔요~고기 하나당 후추,소금 한번씩만 톡 해서 살짝만 밑간을 해주세요^~^",https://recipe1.ezmember.co.kr/cache/recipe/2017/04/24/cb8d0d829b947d0daa7b192cdb636aa01.jpg?w=1000,,,
6868912,2,파프리카 색깔별로 1/3쪽씩 채썰어 주시구요 깻잎6장 씻어서 준비해주세요,https://recipe1.ezmember.co.kr/cache/recipe/2017/04/24/f090c38a1365f29c57f0f7787034ac0b1.jpg?w=1000,,,
6868912,3,해동된 소고기는 밑에 깔고 깻잎올려 파프리카를 색깔별로 올려,https://recipe1.ezmember.co.kr/cache/recipe/2017/04/24/f9fe79fd49ba77487f8093ba7ba310271.jpg?w=1000,,,
6868912,4,깻잎부터 돌돌말고 소고기를 말아 주세요~,https://recipe1.ezmember.co.kr/cache/recipe/2017/04/24/c93329adb20c910d1254e9235a608abb1.jpg?w=1000,,,
6868912,5,말아진 부분이 풀리지 않게 밑으로 가게끔 두시구요,https://recipe1.ezmember.co.kr/cache/recipe/2017/04/24/13ecd786640db87799fc57d74888235c1.jpg?w=1000,,,
6868912,6,구우실때도 풀리지않게 말아진 끝부분 부터 구워 주세요~,https://recipe1.ezmember.co.kr/cache/recipe/2017/04/24/5791c838196f0bb18ef68a1ee0d68eb11.jpg?w=1000,,,
6868912,7,식용유 살짝 둘러 약불로 고기만 익으면 끝이에요^~^,https://recipe1.ezmember.co.kr/cache/recipe/2017/04/24/7fdfbb0846d45c1a994fd67a3d73f2ed1.jpg?w=1000,약불,,
6868912,8,구워진 소고기말이는 어슷썰어 주시면 완성입니다^~^,https://recipe1.ezmember.co.kr/cache/recipe/2017/04/24/564d7f329cb7a81f18cd3c7a5c49c1461.jpg?w=1000,,,
6868912,9,"저번에 레시피에 올렸던 만능고기소스(간장1,물1, 식초1,설탕1)에 찍어드시면 고소한 소고기향에 아삭아삭한 식감과 새콤달콤 소스까지 엄지척입니다~! (배고픈 조급증에 고기를 그릇에 썰었더니;; 잘린단면이 깔끔하지 못하지만 도마에 썰면 깔끔하고 튼튼하게 잘썰려요~!) ★만능고기소스활용 레시피 @6868773 ★",https://recipe1.ezmember.co.kr/cache/recipe/2017/04/24/f8315b4bc025ac1f4a8c4307484768951.jpg?w=1000,,,
6928509,1,파마산 치즈가루와 박력분을 섞어 놓습니다.,https://recipe1.ezmember.co.kr/cache/recipe/2020/03/15/f71a0be58ce4795deb874a4fff3fc8ba1.jpg?w=1000,,,
6928509,2,"버터를 부드럽게 풀어 주고, 설탕을 넣고 가볍게 섞어 주세요.",https://recipe1.ezmember.co.kr/cache/recipe/2020/03/15/a400053c54c441de8570c36b47917b161.jpg?w=1000,,,
6928509,3,풀어놓은 계란을 넣고 섞어 줍니다.,https://recipe1.ezmember.co.kr/cache/recipe/2020/03/15/6d3b3e9414a297cb6e00e270ad258a521.jpg?w=1000,,,
6928509,4,"설탕의 서걱거림이 남아있을 정도로만 잘 섞어 준 뒤, 파마산 치즈가루 + 박력분을 체 쳐 섞어줍니다.",https://recipe1.ezmember.co.kr/cache/recipe/2020/03/15/88083cb7128277b24461e6e8d1c69dac1.jpg?w=1000,,,
6928509,5,이미지처럼 주걱으로 가르듯이 섞어주세요 (치대지마세요),https://recipe1.ezmember.co.kr/cache/recipe/2020/03/15/d93ffb4c9ddf3cd2aaae59ddc14121a81.jpg?w=1000,,,
6928509,6,뭉쳐진 반죽을 모양을 잡아 랩핑 한 뒤 휴지 시켜 주세요 [냉동실 1시간 이상],https://recipe1.ezmember.co.kr/cache/recipe/2020/03/15/8892e0e0f3dd1e53b7315d9e5e2abee21.jpg?w=1000,,3600,
6928509,7,휴지가 끝난 반죽을 적당 간격으로 썰어 팬닝 해주세요,https://recipe1.ezmember.co.kr/cache/recipe/2020/03/15/1f553309352d68e4ba2ccc23216f95431.jpg?w=1000,,,
6928509,8,180도 예열된 오븐에서 10분간 구워 주세요. [오븐 사양마다 차이가 있으니 구움색 확인 꼭 해주세요] 오븐,https://recipe1.ezmember.co.kr/cache/recipe/2020/03/15/b581ccf674076faca76d07554f030a771.jpg?w=1000,,600,
6889560,1,"당근, 호박을 다져서 준비해 주세요 2숟가락 정도",https://recipe1.ezmember.co.kr/cache/recipe/2018/05/25/9333307c3da49e91748f6c57279c0c551.jpg,,,
6889560,2,그릇에 달걀 3개를 풀어주고 다져놓은 야채를 넣고 소금 간을 해주고 고루 섞어주세요. * 달걀 3개를 사용했는데 대란 경우 2개면 충분할 듯~,https://recipe1.ezmember.co.kr/cache/recipe/2018/05/25/baafd78ca4ca4565e23e28e8b5d17cb21.jpg,,,
6889560,3,맛살은 2등분 해 길게 잘라 주세요,https://recipe1.ezmember.co.kr/cache/recipe/2018/05/25/652601a6e7b65e46e1219f9fbee966511.jpg,,,
6889560,4,사진처럼 하트를 만들어 주세요. 빨간색 부분이 위쪽으로 올라와야지 부쳐 놓았을 때 이쁘답니다. 하트 모양이 잡아지면 이쑤시개를 이용해 꼽아주세요.,https://recipe1.ezmember.co.kr/cache/recipe/2018/05/25/94bcd25050ca6d6d612b58edac461d501.jpg,,,
6889560,5,"달군 팬에 식용유를 두르고 하트 모양 맛살을 위에 올리고 풀어 놓은 달걀물을 숟가락을 이용해 하트 부분을 채워주세요. 그리고 앞, 뒤로 부쳐주세요. 센 불보단 중약불에서 조리해 주세요.",https://recipe1.ezmember.co.kr/cache/recipe/2018/05/25/4a5c91fee5cb2833a02b9d676c71961a1.jpg,약불,,
6889560,6,부쳐 놓은 맛살 하트전을 한 김 식히고 꼽아 놓았던 이쑤시개를 제거해주세요. 맛살 주변에 흘러나온 계란지단은 가위로 잘라주면 깔끔하니 보기에도 좋답니다. 간단한 도시락 반찬 맛살 하트전 완성 ^^,https://recipe1.ezmember.co.kr/cache/recipe/2018/05/25/4b9d6d509e15cb11e84546e25a1759191.jpg,,,
6894518,1,먼저 파프리카는 식초물에 5분 정도 담궈 농약 잔여물을 제거해주신 뒤 반으로 잘라 씨를 제거해줍니다.,https://recipe1.ezmember.co.kr/cache/recipe/2018/08/21/d851553cbb22ca199dc6d29facb390f11.jpg,,300,
6894518,2,"스팸, 양파, 애호박을 잘게 썰어 줍니다. 스팸 대신 다른 햄을 사용하셔도 되고 버섯이나 당근 등 본인 취향게 맞게 더 넣어주셔도 됩니다.",https://recipe1.ezmember.co.kr/cache/recipe/2018/08/21/4f7911eb8bd7e322691669d0ca6701c21.jpg,,,
6894518,3,달궈진 팬에 식용유 약간 두르고 달달달 볶아 줍니다.,https://recipe1.ezmember.co.kr/cache/recipe/2018/08/21/b0485486f7a3386edcc57aa0d55e13671.jpg,,,
6894518,4,볶은 재료들에 스파게티 소스 적당히 넣으시고 골고루 버무려 줍니다.,https://recipe1.ezmember.co.kr/cache/recipe/2018/08/21/318db9d792aee76f0aaca44a235bcbac1.jpg,,,
6894518,5,스파게티에 버무린 속재료를 파프리카 2/3정도 채워 줍니다. 피자치즈도 넣어 줘야 하므로 가득 채우지 않고 여유를 둡니다,https://recipe1.ezmember.co.kr/cache/recipe/2018/08/21/78aa73c389af8cad496003f1fcd23e741.jpg,,,
6894518,6,그 위에 피자치즈를 뿌리고 파슬리 가루도 솔솔 뿌려줘요 이 상태로 전자렌지에 약 2-3분 치즈가 녹을때까지 돌려 주시면 끝이랍니다^0^ 전자레인지,https://recipe1.ezmember.co.kr/cache/recipe/2018/08/21/23bf2c896e66c5dad24133f2d56fa9c91.jpg,,180,
6894518,7,밀가루 없는 건강한 다이어트식 간식 파프리카 피자 완성 되었어요!,https://recipe1.ezmember.co.kr/cache/recipe/2018/08/21/5117cd20bd1f35f0a38ef1531c7778551.jpg,,,
6894518,8,"한개 먹어보니 아삭아삭한 파프리카에 스파게티 소스에 버무러진 속재료,고소한 치즈가 어우려져 넘 맛있어요 밀가루 도우 대신 파프리카를 도우처럼 사용해 훨씬 더 건강한 느낌이 듭니다",https://recipe1.ezmember.co.kr/cache/recipe/2018/08/21/c4a34046e4b873a22ad9fda30e78bbf61.jpg,,,
6862218,1,삼겹살을 2근 조금 넘게 사옵니다. 저는 인원이 많아 2근 조금 넘게 샀어요.,https://recipe1.ezmember.co.kr/cache/recipe/2016/12/06/f0fb2c89a8bcb411ad583069719421dd1.jpg,,,
6862218,2,삼겹살과 김치 반포기를 준비해 주세요.,https://recipe1.ezmember.co.kr/cache/recipe/2016/12/06/f4298b3c01953141070dac4d7e718d221.jpg,,,
6862218,3,대파 1대와 홍고추 그리고 사진엔 없지만 청양고추 두개도 송송 썰어 준비해 줍니다.,https://recipe1.ezmember.co.kr/cache/recipe/2016/12/06/ef73f84496075beb4a0a0fdb3af355f11.jpg,,,
6862218,4,김치는 잎 부분을 잘라서 큰 잎은 반으로 자르셔도 되고 작은 잎은 그대로 쓰셔도 됩니다. 그리고 삼겹살도 한 줄 다 쓰는 것 보단 반으로 잘라서 쓰시는게 좋아요. 너무 크면 잘 말리지 않고 먹기에도 불편하니까요. 김치위에 삼겹살을 놓고 안쪽에서부터 돌돌 말아줍니다.,https://recipe1.ezmember.co.kr/cache/recipe/2016/12/06/b815be89d31bd9ab4ca697f753670aa11.jpg,,,
6862218,5,준비한 재료를 다 말았으면 그대로 바로 조리해도 되지만 저는 집들이 전날 미리 준비하느냐고 통에 넣어 김치냉장고에 하루 숙성했어요.,https://recipe1.ezmember.co.kr/cache/recipe/2016/12/06/24ba6951488a5c37cc4a868a42df31d61.jpg,,,
6862218,6,냄비에 동그랗게 둘러주시고 사골곰탕 국물을 하나 부어줍니다. 그러면 딱 가득 찹니다.,https://recipe1.ezmember.co.kr/cache/recipe/2016/12/06/103c715f3b45408caa00d56fe104d9351.jpg,,,
6862218,7,여기에 송송 썰은 대파와 고추장 1T를 넣어주고 청양고추와 홍고추 송송 썰은 것도 넣어 센불에서 팔팔 끓여줍니다. 보글 보글. 센불,https://recipe1.ezmember.co.kr/cache/recipe/2016/12/06/ac2dd69b62775a3b6b5669b70259656b1.jpg,강불,,
6862218,8,뚜껑 덮어 끓여주시면 어느순간 국물이 졸아들거든요. 봤을때 김치가 아직 푹 익은 느낌은 아니죠. 그래서 사골곰탕 국물을 하나 더 넣습니다. 총 두개! 그래서 또 팔팔 끓여줍니다.,https://recipe1.ezmember.co.kr/cache/recipe/2016/12/06/3776a871a1fe531e7ddbd0883eedbac21.jpg,,,
6862218,9,팔팔 한번 더 끓이세요. 두번째 곰탕국물 넣었을때도 국물이 거의 졸아들면 완성. 잘 익었죠?? 그럼 갓 지은 밥이랑 드셔요!! 엄청 맛있어요. 시판용 사골곰탕 국물은 이미 간이 다 맞추어져 있어서 따로 간해주실 필요는 없습니다.(전에 신랑이 만두국 끓여준다고 사골곰탕 국물 사와서 끓여주는데 ... 여기에 소금 넣어서 진짜 엄청 짰어요. 그래.. 모르면 그럴수도 있겠지...... ㅠㅠ 뒷면 좀 읽어보지 그랬어 여보..) 그리고 딱 조금 진한 맛을 원해서 고추장 한스푼만 넣었어요. 고추가루 넣으셔도 되는데 저는 조카도 먹을거라서 안맵게 하느라 고추가루는 넣지 않았어요.(그러면서 청양고추 왜 넣었니....^^;;) 그 후에 퐈이어맨이랑 다시 한번 해먹었을땐 청양고추 듬뿍~~~~ 넣고 해먹었어요. 매운맛 중독자~~ 맛있게 만들어 드세요. 피키캐스트 보고 만들었지만(cookat?? 이었던가?)더 간단히~ 만들었어요. 굳이 사골육수 않넣으셔도 물로 끓이셔도 될것같아요. 그럼 약간의 양념도 더 필요하겠죠??,https://recipe1.ezmember.co.kr/cache/recipe/2016/12/06/c3e3b9ac124ed6884a12737349ecab621.jpg,,,
6889513,1,양배추 넓은 것 10장을 흐르는 물에 깨끗이 씻어 찜통에서 5분간 쪄줍니다.,https://recipe1.ezmember.co.kr/cache/recipe/2018/05/24/88da3aeeb636b718df7e54b3227a4ba61.png,,300,
6889513,2,"얇게 썬 양파, 다진 쪽파는 매운 맛을 없애기 위해 10분간 찬물에 담가 놓습니다.",https://recipe1.ezmember.co.kr/cache/recipe/2018/05/24/4b1fc5d850c527415a85c9af83af248b1.png,,600,
6889513,3,배합초만든 것을 준비한 밥에 뿌려가며 넣어 섞어준 후 식혀줍니다.,https://recipe1.ezmember.co.kr/cache/recipe/2018/05/24/e9ad62abf558646fa22e1046e4e3dea21.png,,,
6889513,4,"준비된 육우에 불고기 양념을 만들어넣고, 조물조물 잘 버무려줍니다.",https://recipe1.ezmember.co.kr/cache/recipe/2018/05/24/f81e701a92ac12c0cd7637df352464eb1.png,,,
6889513,5,팬에 양념에 버무려진 육우를 타지않게 잘 익혀줍니다.,https://recipe1.ezmember.co.kr/cache/recipe/2018/05/24/9bab0742fbf85f7e9f5e2ac5ad1a64c51.png,,,
6889513,6,양배추 10장을 겹쳐서 깔아주고 그 위에 밥을 넓게 펴줍니다. 김발이 있다면 김발을 사용하는 것이 좋습니다.,https://recipe1.ezmember.co.kr/cache/recipe/2018/05/24/1dc9d6bbbfb2264dfd52042cc6d513971.jpg,,,
6889513,7,"불고기, 쪽파, 양파 순으로 올려줍니다.",https://recipe1.ezmember.co.kr/cache/recipe/2018/05/24/0602f9ecb4d9c34cbc934d143f5f338d1.jpg,,,
6889513,8,"김밥을 쌀때처럼 돌돌 잘 말아준후, 양배추가 풀어지지 않도록 칼로 적당한 두께로 잘라줍니다.",https://recipe1.ezmember.co.kr/cache/recipe/2018/05/24/2205f3c3fa4f783ba4093e14694194331.jpg,,,
6832551,1,아몬드가루와 밀가루는 체에 한번 내려주고 설탕과 소금을 넣어 고루 잘 섞어준다,https://recipe1.ezmember.co.kr/cache/recipe/2015/08/22/4f0c6a158aa153dc82b00f28c0ff409b1.jpg,,,
6832551,2,. 버터를 넣고 주걱으로 자르듯이 섞어준다,https://recipe1.ezmember.co.kr/cache/recipe/2015/08/22/48ca0072bb24ef1c44a359ce18dfc4f91.jpg,,,
6832551,3,전 도우블랜더가 있어서 주걱대신 사용했습니다,https://recipe1.ezmember.co.kr/cache/recipe/2015/08/22/610e11a57cd6c51e743ec866225a511b1.jpg,,,
6832551,4,어느정도 버터가 잘게 잘라지면 손으로 날가루가 보이지 않게 반준해준다,https://recipe1.ezmember.co.kr/cache/recipe/2015/08/22/b04b35506e4912be877e853b522f514d1.jpg,,,
6832551,5,보슬보슬 반죽이 되면 끝,https://recipe1.ezmember.co.kr/cache/recipe/2015/08/22/34a012cab9ccde9c7c7343d55a78b2191.jpg,,,
6832551,6,타르트 틀에 반죽한 가루중 2/3 를 넣고 꾹꾹 눌러준다,https://recipe1.ezmember.co.kr/cache/recipe/2015/08/22/43c41b67ee345eeea7821b2ff1e55cf41.jpg,,,
6832551,7,블루베리를 고루 넣어준다 (전 모듬베리로 한개 더 준비해 봤어요~^^*),https://recipe1.ezmember.co.kr/cache/recipe/2015/08/22/d8960c3df30dee336a7f442abb5fae0f1.jpg,,,
6832551,8,나머지 반죽을 위에 뿌려준다,https://recipe1.ezmember.co.kr/cache/recipe/2015/08/22/1629c3a7780360629664028401987ebe1.jpg,,,
6832551,9,180도로 예열한 오븐에서 30분정도 구워준다 (각자 오븐 온도 살피시고 구워지는 색을면서 구워주세요~) 오븐,https://recipe1.ezmember.co.kr/cache/recipe/2015/08/22/9feab0f28cc7604973e350bd7b455ff51.jpg,,1800,
6832551,10,완성~!! 꺼내서 식혀주세요,https://recipe1.ezmember.co.kr/cache/recipe/2015/08/22/32e9c4021d5a4581242299f728930e831.jpg,,,
7074287,1,갈비 1kg 기준으로 찬물에 1~2시간 정도 담가두면서 중간에 물을 2~3번 갈아주세요.,https://recipe1.ezmember.co.kr/cache/recipe/2026/04/06/391ac369b1939f4120725de6bfee73861.jpg,,7200,
7074287,2,핏물 제거가 끝나면 끓는 물에 갈비를 넣고 5분 정도 데쳐주세요. 이렇게 초벌을 해주면 불순물과 기름기가 빠져서 국물이 훨씬 깔끔해집니다. 데친 후에는 찬물에 헹궈 붙어 있는 찌꺼기를 제거해 주세요.,https://recipe1.ezmember.co.kr/cache/recipe/2026/04/06/3917e06d14924a5f48a70417260af66b1.jpg,,300,
7074287,3,"간장 8스푼, 설탕 2스푼, 맛술 3스푼 통마늘 한 줌, 배 반개, 물 400ml 믹서기에 넣고 갈아줍니다.",https://recipe1.ezmember.co.kr/cache/recipe/2026/04/06/66368d0c719ea778f1f3ad0de1e8d8911.jpg,,,
7074287,4,냄비에 고기 넣고 양념 부어준 뒤에 중약불에서 30분 ~ 1시간 뭉근하게 끓여주세요. 중간중간 떠오르는 거품은 걷어주세요. 국물이 너무 졸아들면 물을 조금씩 추가해 줍니다.,https://recipe1.ezmember.co.kr/cache/recipe/2026/04/06/9804dfe302e6bc0afef464dab210853f1.jpg,약불,5400,
7074287,5,"갈비가 어느 정도 익으면 감자, 당근, 무 등등 딱딱한 야채부터 넣고 15분 정도 끓여주세요.",https://recipe1.ezmember.co.kr/cache/recipe/2026/04/06/fe24941330e552b348f59d102a2b5d3d1.jpg,,900,
7074287,6,딱딱한 재료들이 다 익었다면 대파같이 쉽게 익는 재료들을 넣어주고 마지막 물엿 1스푼과 참기름 2스푼 넣고 불 꺼주세요.,https://recipe1.ezmember.co.kr/cache/recipe/2026/04/06/f5a79e204709bc1e9d104ce0021ce8ea1.jpg,,,
6962360,1,너무 더워 불도 켜기 싫어서 데워 먹는 닭가슴살을 사용했어요. 렌지에 데운 후 한 김 식혀줍니다.,https://recipe1.ezmember.co.kr/cache/recipe/2021/07/27/6420e9c939fcc7710eb64f324d33086f1.jpg,,,
6962360,2,한김 식은 닭가슴살은 잘게 찢어 줍니다.,https://recipe1.ezmember.co.kr/cache/recipe/2021/07/27/fb7a1e91cd1d44501146aed7532e3d2c1.jpg?w=1000,,,
6962360,3,양파 반개는 채썰어 준 뒤 물에 10분간 담궈 매운맛을 빼주세요.,https://recipe1.ezmember.co.kr/cache/recipe/2021/07/27/85994a5d8d4f48b30657174abe98390c1.jpg?w=1000,,600,
6962360,4,노랑 파프리카는 반을 자른 뒤 씨와 하얀심을 제거하고 길게 잘라줍니다.,https://recipe1.ezmember.co.kr/cache/recipe/2021/07/27/ae1a040f7b14999bba37c17e4551fa961.jpg?w=1000,,,
6962360,5,빨강 파프리카도 똑같이 썰어주세요.,https://recipe1.ezmember.co.kr/cache/recipe/2021/07/27/d8c660a9cbff7d9efaa8cc6105cd6dde1.jpg?w=1000,,,
6962360,6,오이도 채썰어줍니다. 채소의 길이는 거의 비슷하게 맞춰주시는 것이 보기에 좋습니다.,https://recipe1.ezmember.co.kr/cache/recipe/2021/07/27/67724c635e7fbbf0278ad013f8bdcac81.jpg?w=1000,,,
6962360,7,맛살은 손으로 찢어 준비합니다.,https://recipe1.ezmember.co.kr/cache/recipe/2021/07/27/d7610f5277c82b4b947abd57182e4d9e1.jpg?w=1000,,,
6962360,8,겨자소스를 만들어주세요.,https://recipe1.ezmember.co.kr/cache/recipe/2021/07/27/bed96fb88ad19d89fe0e962851c4016e1.jpg?w=1000,,,
6962360,9,접시에 보기좋게 놓은 다음 겨자소스를 뿌려드시면 됩니다. 아삭한 채소와 코를 톡 쏘는 겨자소스가 정말 잘 어울려요.,https://recipe1.ezmember.co.kr/cache/recipe/2021/07/27/abf9aa17b901da3382b0232c514347481.jpg?w=1000,,,
6962360,10,채소도 양이 꽤 되고 닭가슴살도 있어서 한 끼 든든하게 먹는답니다.칼로리도 낮아 식단조절하시는 분이 드셔도 되구요. 참고로 두분이서 드실거면 닭가슴살은 2덩이는 있어야 양이 맞아요^^ 요즘 입맛이 없어서 배고플때 자주 해먹는 음식중의 하나네요.한 번 만들어 드셔보시길요. 겨자소스가 여름에 먹기 참 좋더라구요.,https://recipe1.ezmember.co.kr/cache/recipe/2021/07/27/9829b995361f7ca6772f483c2d3121001.jpg?w=1000,,,
6895448,1,먼저 녹인 버터를 식빵에 골고루 발라줍니다. 버터는 전자렌지에 10초 정도 돌려 녹여주심 되요,https://recipe1.ezmember.co.kr/cache/recipe/2018/09/07/364981248927640c7342b3c70ead12241.jpg,,10,
6895448,2,슬라이스 치즈 한장 올려 주고 그 위에 캔옥수수 2스푼 올려 줍니다.,https://recipe1.ezmember.co.kr/cache/recipe/2018/09/07/481a613d8f89c23134dcfb970c7578981.jpg,,,
6895448,3,설탕은 기호에 맞게 솔솔 뿌려주세요. 파슬리가루는 선택사항이지만 뿌리면 좀 더 맛있어 보이지요,https://recipe1.ezmember.co.kr/cache/recipe/2018/09/07/d4f3856923b8581d95e10c2ca7995fb31.jpg,,,
6895448,4,이제 700W기준 전자렌지에 넣고 40초만 돌려주심 끝! 전자레인지,https://recipe1.ezmember.co.kr/cache/recipe/2018/09/07/0b66044921c1ebdeb25d6fb7f49855431.jpg,,40,
6895448,5,"1분완성 핵꿀맛 토스트 완성입니다! 한입 먹어보니 고소한 버터에,고소한 치즈, 톡톡 터지는 옥수수가 어우려져 진짜 맛있어요!",https://recipe1.ezmember.co.kr/cache/recipe/2018/09/07/3e893869df59a87d00480583c512149c1.jpg,,60,
6921432,1,시금치의 부드러운 끝부분 준비해요 적당한 크기로 채썰어요,https://recipe1.ezmember.co.kr/cache/recipe/2019/10/30/5f66c016ffe7f0b5a3e2b776fa47d9a41.jpg?w=1000,,,
6921432,2,치즈 준비하고,https://recipe1.ezmember.co.kr/cache/recipe/2019/10/30/febc3f2e366fb58eedc424f06ed5b8b71.jpg?w=1000,,,
6921432,3,달걀 2개를 젓가락 으로 잘 풀어주고,https://recipe1.ezmember.co.kr/cache/recipe/2019/10/30/944c11b0ec960a537a7d80534134d5031.jpg?w=1000,,,
6921432,4,젤 작은 달걀 후라이용 팬에 기름 두른 후 계란물 올리고 조금 있다가 썰어 놓은 시금치를 그 위에 올려놓고,https://recipe1.ezmember.co.kr/cache/recipe/2019/10/30/152c23a9d75487a49cb8bc11033c72181.jpg?w=1000,,,
6921432,5,센불을 키고 곧 중약불로 줄이고 시금치는 잘 펴줘요,https://recipe1.ezmember.co.kr/cache/recipe/2019/10/30/7d40897ac00300ac058fdd845e32d0361.jpg?w=1000,약불,,
6921432,6,그 위에 치즈 올려서,https://recipe1.ezmember.co.kr/cache/recipe/2019/10/30/a81617474668e99a85c9bbe9385a6f0d1.jpg?w=1000,,,
6921432,7,달걀이 응고되가고 있으면 반으로 접어요,https://recipe1.ezmember.co.kr/cache/recipe/2019/10/30/957907fcc829890c0b8e47b857374dd11.jpg?w=1000,,,
6921432,8,불 끄고 접시에 담아서 냠 냠,https://recipe1.ezmember.co.kr/cache/recipe/2019/10/30/576fd89eb54fc5aee8140cacf0aa3eee1.jpg?w=1000,,,
6953931,1,마늘은 0.3cm 간격으로 편 썰어 준비합니다.,https://recipe1.ezmember.co.kr/cache/recipe/2021/02/22/b0903540a13b026d151f078f9771008c1.jpg,,,
6953931,2,대파는 0.3cm 간격으로 송송 썰어 준비합니다.,https://recipe1.ezmember.co.kr/cache/recipe/2021/02/22/ffeb525aff7a9ec08fca2fa0e14fb5af1.jpg,,,
6953931,3,베이컨은 3cm 간격으로 썰어 준비합니다.,https://recipe1.ezmember.co.kr/cache/recipe/2021/02/22/88bebae4a24a8dcefba20806b11d36c91.jpg,,,
6953931,4,떡국떡은 끓는 물에 넣어 30초 정도 데칩니다.,https://recipe1.ezmember.co.kr/cache/recipe/2021/02/22/a2e552e685081803f34a8e266b5677551.jpg,,30,
6953931,5,그다음 찬물에 담가 한 김 식힌 후,https://recipe1.ezmember.co.kr/cache/recipe/2021/02/22/1500a61eaf79bba5e5d904203517da9b1.jpg,,,
6953931,6,흐르는 물에 씻고 체에 밭쳐 물기를 제거합니다.,https://recipe1.ezmember.co.kr/cache/recipe/2021/02/22/0f3777ea6b1fd3c0742aed3a96ed34d11.jpg,,,
6953931,7,"예열된 팬에 식용유 3T를 두르고 마늘, 대파를 넣어 볶습니다.",https://recipe1.ezmember.co.kr/cache/recipe/2021/02/22/2bd60531aff0e5f1bd766abd29899def1.jpg,,,
6953931,8,"마늘, 대파의 은은한 향이 올라올 때 베이컨을 넣고 볶습니다.",https://recipe1.ezmember.co.kr/cache/recipe/2021/02/22/fbc7cf547b1f8c600dcfb1f8bc7021781.jpg,,,
6953931,9,베이컨이 노릇노릇하게 익기 시작할 때 떡국떡을 넣고 볶습니다.,https://recipe1.ezmember.co.kr/cache/recipe/2021/02/22/336a1498294b9aa47954857082a77d421.jpg,,,
6953931,10,"떡국떡이 알맞게 익었을 때 굴소스 1T, 후춧가루 1꼬집을 넣고 볶습니다.",https://recipe1.ezmember.co.kr/cache/recipe/2021/02/22/22caac27c09a954f589ffa54ed58e83a1.jpg,,,
6953931,11,모든 재료와 굴소스가 잘 어우러진 상태가 되었을 때 마무리로 검은깨 1T를 뿌리면 베이컨 떡볶음 완성.,https://recipe1.ezmember.co.kr/cache/recipe/2021/02/22/fa8e6e18506d7c4d5df5dd79f0502a8f1.jpg,,,
7067653,1,두부를 먹기 좋게 잘라 팬에서 앞뒤를 구워 잠깐 식혀요.,https://recipe1.ezmember.co.kr/cache/recipe/2025/11/28/dd5a2e317cc0db6eef77b91c0e19237f1.jpg?w=1000,,,
7067653,2,새싹채소를 씻어 물기 빼고 접시에 깔구요.,https://recipe1.ezmember.co.kr/cache/recipe/2025/11/28/0403173aa59cd746a01710de666e9a411.jpg?w=1000,,,
7067653,3,반으로 자른 방울토마토를 새싹채소 위에 올리고,https://recipe1.ezmember.co.kr/cache/recipe/2025/11/28/2208b2daf8208edca69fc9e2a03f0a4a1.jpg?w=1000,,,
7067653,4,"구워 잠시 식힌 두부를 올리고, 청정원오리엔탈드레싱과 볶은 통깨 뿌려 신선할 때 먹어요^^",https://recipe1.ezmember.co.kr/cache/recipe/2025/11/28/4ced91123a12080c9650c7ed2c76b11d1.jpg?w=1000,,,
7074992,1,알배추는 깨끗하게 씻어서 머리쪽 뿌리 부분은 잘라주세요.,https://recipe1.ezmember.co.kr/cache/recipe/2026/04/20/e5ad3dc435f87ce98efe8a036294bbd31.jpg,,,
7074992,2,알배추잎은 반으로 가른 후 두꺼운 줄기 부분은 망방이로 두들겨서 조직을 부드럽고 납작하게 만들어 주세요.,https://recipe1.ezmember.co.kr/cache/recipe/2026/04/20/e6545abe5c7d17e2a1d9f85a771d1ae71.jpg,,,
7074992,3,밀가루 약간을 앞뒤로 뿌려서 수분을 잡고 밀가루 옷이 잘 붙도록 해 주세요.,https://recipe1.ezmember.co.kr/cache/recipe/2026/04/20/de754ef681d8be66616c00fbd8d8955c1.jpg,,,
7074992,4,소금 약간을 뿌려주세요.,https://recipe1.ezmember.co.kr/cache/recipe/2026/04/20/d881ac9a0e3ca580aa26924b3a1bd5381.jpg,,,
7074992,5,바닥이 넓은 볼에 부침가루 1컵과 물을 부어 밀가루 반죽물을 만들어 주세요.,https://recipe1.ezmember.co.kr/cache/recipe/2026/04/20/c32053c518ab57137341baa39e5414bd1.jpg,,,
7074992,6,알배추에 밀가루 반죽물을 앞뒤로 묻힌 후 팬에 올려주세요.,https://recipe1.ezmember.co.kr/cache/recipe/2026/04/20/b24e04fedf09cd13ddfd8d682b578b991.jpg,,,
7074992,7,한 면이 노릇하게 익었으면 뒤집어서 반대면도 익혀주세요.,https://recipe1.ezmember.co.kr/cache/recipe/2026/04/20/4929a854165ac85de6f111c501ba290e1.jpg,,,
7074992,8,접시에 담고 전간장을 곁들여 완성합니다.,https://recipe1.ezmember.co.kr/cache/recipe/2026/04/20/03d257b14156632983342901923e68aa1.jpg,,,
6866586,1,"계란 3개, 소금 3꼬집, 대파 초록부분 1/2대를 쏭쏭 썰어 넣고 고루 잘 풀어 줍니다.",https://recipe1.ezmember.co.kr/cache/recipe/2017/03/10/7d6f3eaff2e6c74cd358a50abe94fb701.jpg,,,
6866586,2,"냄비에 다진 김치 1컵, 양파 1/4개를 다져 넣고 참기름 1/2큰술로 고르게 볶아 주었습니다.",https://recipe1.ezmember.co.kr/cache/recipe/2017/03/10/9c63f9af7fc53aaa13a95ce4678cd0b01.jpg,,,
6866586,3,참기름이 쏙 배도록 볶아지면 두부 200g을 넣고 으깨면서 고르게 볶아 줍니다.,https://recipe1.ezmember.co.kr/cache/recipe/2017/03/10/20d46fbc84bce9bdf58c205aaffe91131.jpg,,,
6866586,4,그리고 다시마 멸치육수 3컵을 붓고.....,https://recipe1.ezmember.co.kr/cache/recipe/2017/03/10/0d4d274f266b11bcf0e6b09b815fef071.jpg,,,
6866586,5,국간장 1큰술로 간을 하고 끓여 줍니다.,https://recipe1.ezmember.co.kr/cache/recipe/2017/03/10/80e22b2b216d500aa2fd97063a007e101.jpg,,,
6866586,6,끓으면서 생기는 거품은 한번 걷어 주었습니다. 그럴필요 없다고 하는데 본능적으로 걷어내고 싶네요~~,https://recipe1.ezmember.co.kr/cache/recipe/2017/03/10/4c6fc3d8be6116a65d5d08dd936ea31c1.jpg,,,
6866586,7,그리고 준비한 계란을 한 곳에 붓지 마시고 계란이 큰덩이로 뭉치지않게 고르게 둘러주면서 끊어 붓고 크게 한번 휘~ 저어 끓여 줍니다.,https://recipe1.ezmember.co.kr/cache/recipe/2017/03/10/fe4c231d3fc78a1ffa3b02a178a2981c1.jpg,,,
6866586,8,"부족한 간은 소금, 후추약간으로 해주세요~~",https://recipe1.ezmember.co.kr/cache/recipe/2017/03/10/3ba74272554ea530419726b2a49488301.jpg,,,
6834570,1,"떡을 제외한 속재료는 베이컨, 양파, 브로컬리에요. 새우나, 해물종류를 넣어도 좋아요.",https://recipe1.ezmember.co.kr/cache/recipe/2015/09/21/b58a6d22b94026e6061dda98c69f75d51.jpg,,,
6834570,2,냉동고에 있던 떡볶이떡을 빼서 찬물에 약 20분정도 불려주세요. 떡볶이양은 국그릇에 가득 담길 정도로 만들었어요. 대략 2인분이라고 생각하시면 되요.,https://recipe1.ezmember.co.kr/cache/recipe/2015/09/21/8b581f82f795e3072ff54ee3c8e66ae21.jpg,,1200,
6834570,3,불려주신후에는 끓는물에 약 3~5분정도 데쳐서 찬물에 헹궈주세요. 미리 데쳐서 사용하시면 조리시에 떡이 퍼지지 않아요.,https://recipe1.ezmember.co.kr/cache/recipe/2015/09/21/de0c9658c331d52dd61c4a2875b8d6631.jpg,,300,
6834570,4,이때에 브로컬리도 끓는물에 데쳐주세요.,https://recipe1.ezmember.co.kr/cache/recipe/2015/09/21/04aac6baa6fb82b1041c358ab31d02c91.jpg,,,
6834570,5,팬에 기름을 두른후 다진마늘을 넣고 마늘향이 올라올때까지 볶아주세요.,https://recipe1.ezmember.co.kr/cache/recipe/2015/09/21/62ba36c6539e30e6c2ac55699e86fc871.jpg,,,
6834570,6,향이 올라오면 베이컨과 양파를 넣고 볶아주시구요.,https://recipe1.ezmember.co.kr/cache/recipe/2015/09/21/280934b66f6c0038939882d6b9b970071.jpg,,,
6834570,7,이후엔 불려놓은 떡을 넣고 약 2분정도 재료와 함께 볶아주시다가 우유 2컵(=400ml)을 넣고 끓여주세요.,https://recipe1.ezmember.co.kr/cache/recipe/2015/09/21/43381a113c2119ed8ad861cbbff0ffc31.jpg,,120,
6834570,8,간은 이때에 하시면 되는데요. 허브솔트로 대략 2번정도 톡톡해서 넣으시면 되요. 기호에 따라서 간은 가감하시거나 추가하시면 되구요.,https://recipe1.ezmember.co.kr/cache/recipe/2015/09/21/e3a6e8697b9517e02fb798bea488d0ed1.jpg,,,
6834570,9,우유거품이 올라오기 시작하면,https://recipe1.ezmember.co.kr/cache/recipe/2015/09/21/7bf0aa8c40f7956fd597aa50196ddfa61.jpg,,,
6834570,10,치즈와 미리 데쳐놓았던 브로컬리를 넣고 치즈가 녹을때까지 끓여주세요.,https://recipe1.ezmember.co.kr/cache/recipe/2015/09/21/d72fd136d8361a4f6673d5df82bad9a71.jpg,,,
6834570,11,우유크림소스가 어느정도 걸죽하니 노오란 색감을 띄면 달걀 노른자를 톡 넣고 휘리릭 섞어서,https://recipe1.ezmember.co.kr/cache/recipe/2015/09/21/70c64093d0359f47397eaf107135fa561.jpg,,,
6834570,12,1~2분정도 끓여주시면 되세요.,https://recipe1.ezmember.co.kr/cache/recipe/2015/09/21/6d05e4fceb01e92dbbc88c313e8f00241.jpg,,120,
6834570,13,완성된 생크림없이 만든 까르보나라떡볶이 에요. 진한 체다치즈의 향이 솔솔~걸죽하고 진한 크림소스 맛이 고소하니 맛있어요. 그릇에 담으실때에 파슬리가루 조금 뿌려주시면 데코로 OK,https://recipe1.ezmember.co.kr/cache/recipe/2015/09/21/02a45bd5a5a50a66c486cce725596c8b1.jpg,,,
6877635,1,양파에 칼집을 넣고 썰어주세요.,https://recipe1.ezmember.co.kr/cache/recipe/2017/10/10/9d66dfdcbfeae7545fcd4dca1b614bcc1.png?w=1000,,,
6877635,2,대파도 칼집을 넣고 썰어주세요.,https://recipe1.ezmember.co.kr/cache/recipe/2017/10/10/dd9b4a520ef3f97a2bf40f9a39861aee1.png?w=1000,,,
6877635,3,청양고추도 칼집을 넣고 썰어주세요.,https://recipe1.ezmember.co.kr/cache/recipe/2017/10/10/98903ee1eea3e9617bd5205f355b930a1.png?w=1000,,,
6877635,4,"기름을 두르고 다진마늘, 고춧가루를 약불에서 볶아주세요.",https://recipe1.ezmember.co.kr/cache/recipe/2017/10/10/10aefb29bdc2b2c7f6542636ad93c78d1.png?w=1000,약불,,
6877635,5,"다진 양파, 기름뺀 참치를 넣고 볶아줍니다. 중불",https://recipe1.ezmember.co.kr/cache/recipe/2017/10/10/a13c7ecd0ea65986fa8a5ed3d16900f61.png?w=1000,중불,,
6877635,6,"된장, 고추장, 설탕, 물을 넣고 볶아주세요.",https://recipe1.ezmember.co.kr/cache/recipe/2017/10/10/022af5e6ff70177943ef11200aa393981.png?w=1000,,,
6877635,7,마지막에 대파도 넣어 섞어줍니다.,https://recipe1.ezmember.co.kr/cache/recipe/2017/10/10/61855be4cb0a5165c892b3d98fed9fd51.png?w=1000,,,
7030846,1,"칼로 열십자 모양을 내줍니다. 그 이유는 껍질을 쉽게 까지 위해서 인데요, 열을 가하면 껍질이 벗겨지고 쉽게 조리할 수 있습니다. 믹싱볼 , 채반 방울토마토 손질법",https://recipe1.ezmember.co.kr/cache/recipe/2024/07/19/8bbe2f65cfd36b659ce8787b539b1bfa1.jpg,,,
7030846,2,"레몬을 슬라이스 해서 네조각 으로 만들어 줍니다. 도마 , 조리용나이프 레몬 손질법",https://recipe1.ezmember.co.kr/cache/recipe/2024/07/19/6bbc15285e5361d5dbc83d9115fc758b1.jpg,,,
7030846,3,끓는 물에 30초 정도 데쳐서 껍질을 벗기기 쉽게 만들어 줍니다 냄비,https://recipe1.ezmember.co.kr/cache/recipe/2024/07/19/d039d75ff61abf86b29db107008361c41.jpg,,30,
7030846,4,데친 방울토마토를 찬물에 넣어 씻어서 식혀주세요. 껍질을 벗겨줍니다.,https://recipe1.ezmember.co.kr/cache/recipe/2024/07/19/699aa3845bd762cd80beee32b27f7e181.jpg?w=1000,,,
7030846,5,매실청 200ml 물 150ml 올리브오일 50ml를 넣어 소스를 만들어 주세요. 조리용스푼,https://recipe1.ezmember.co.kr/cache/recipe/2024/07/19/4d5e63921b36fadb4961b38b781bd0201.jpg?w=1000,,,
7030846,6,준비된 방울토마토 레몬 슬라이스 바질을 넣어 준비해주세요.,https://recipe1.ezmember.co.kr/cache/recipe/2024/07/19/ec0f5b5bbb5a7bcf3d590fabcdb734f91.jpg,,,
7030846,7,완성 되었습니다. 냉장고에 하루 숙성 후 시원하게 드시면 더 맛있습니다. 유리밀폐용기,https://recipe1.ezmember.co.kr/cache/recipe/2024/07/19/c3bb86edf1d0c70f394cdfebb5dee3471.jpg,,,
6878407,1,우선 풋고추는 깨끗이 씻어서 먹기 좋은 크기로 썰어 주세요.,https://recipe1.ezmember.co.kr/cache/recipe/2017/10/24/b2cb9acff1d465583c1ab5213bcc64a61.jpg,,,
6878407,2,다진마늘 1/2큰술에 매실청 1큰술 넣고,https://recipe1.ezmember.co.kr/cache/recipe/2017/10/24/165c5b1b51655f132d1a0128b171b2e81.jpg,,,
6878407,3,"된장 1큰술, 고추장 1/3큰술, 참기름 1/2큰술, 올리고당 1/2큰술, 깨소금 넣어 잘 섞어주세요.",https://recipe1.ezmember.co.kr/cache/recipe/2017/10/24/9d1ebaab0654c883d5f6b9acce8d76791.jpg,,,
6878407,4,미리 썰어놓은 풋고추를 넣고,https://recipe1.ezmember.co.kr/cache/recipe/2017/10/24/287732b6f87b8aac3c9c47fe34f77d1e1.jpg,,,
6878407,5,조물조물 버무려 주면~풋고추 무침 완성!,https://recipe1.ezmember.co.kr/cache/recipe/2017/10/24/937b416eb690da4eb5efe00c53531a981.jpg,,,
6900822,1,간장드레싱을 먼저 만들어 냉장고에 식혀주세요,https://recipe1.ezmember.co.kr/cache/recipe/2018/11/26/a69cd6d7f76834778100bf16f0a7156a1.jpg?w=1000,,,
6900822,2,끓는물에 소금 약간 넣고 푸실리를 삶아줍니다 8~10분정도 삶아주세요,https://recipe1.ezmember.co.kr/cache/recipe/2018/11/26/b0dfe6f547e429a687cc80b74b8392811.jpg?w=1000,,600,
6900822,3,잘 삶아진 푸실리를 체에 받쳐 물기를 빼주세요 올리브유에 살짝 버무려두시면 달라붙지않고 좋아요,https://recipe1.ezmember.co.kr/cache/recipe/2018/11/26/ca3bcf2a084ae62b3bdbdbc0ebd36feb1.jpg?w=1000,,,
6900822,4,채소담긴 그릇에 푸실리를 넣어주고,https://recipe1.ezmember.co.kr/cache/recipe/2018/11/26/59e885cdc36267fce34e4f17818eb6ed1.jpg?w=1000,,,
6900822,5,메추리알도 올려주세요 깐메추리알을 이용해 손쉽게 만들 수 있어요,https://recipe1.ezmember.co.kr/cache/recipe/2018/11/26/e4ef03521dce024871b7b8ebb12467b81.jpg?w=1000,,,
6900822,6,식혀둔 간장 드레싱을 뿌려 드시면 됩니다 ~,https://recipe1.ezmember.co.kr/cache/recipe/2018/11/26/fe18548fcda94d83d2696e33669bf8b31.jpg?w=1000,,,
7027713,1,"가장 먼저 대파는 국물에 들어가는 거니까 얇게 총총 썰어주세요. 도마 , 조리용나이프 대파 손질법",https://recipe1.ezmember.co.kr/cache/recipe/2024/06/06/5e6d6faba795358558a62f53945a67421.jpg?w=1000,,,
7027713,2,순두부도 반으로 잘라서 꺼내둡니다.,https://recipe1.ezmember.co.kr/cache/recipe/2024/06/06/c52f9980d6a84d4eda80bf9b5b5aefc91.jpg?w=1000,,,
7027713,3,"달걀도 톡 깨주세요. 면기 , 조리용스푼",https://recipe1.ezmember.co.kr/cache/recipe/2024/06/06/2eeff31645ab20705bb08831da5e6b881.jpg?w=1000,,,
7027713,4,그리고 끓였을때 흰자와 노른자가 잘 보이도록 대충 섞어서 준비합니다.,https://recipe1.ezmember.co.kr/cache/recipe/2024/06/06/8097a7b351812eddc7f3a341f07d19571.jpg?w=1000,,,
7027713,5,본격적으로 끓여볼까요. 냄비에 물800ml을 붓고 치킨스톡을 1숟갈 넣어줍니다. 냄비,https://recipe1.ezmember.co.kr/cache/recipe/2024/06/06/10f27dd364ee40c3e383b28a1c43a33e1.jpg?w=1000,,,
7027713,6,그리고 국간장도 1숟갈 넣어주세요.,https://recipe1.ezmember.co.kr/cache/recipe/2024/06/06/e657b7e384a05e0781154b37f91007921.jpg?w=1000,,,
7027713,7,"그리고 맛소금도 넣어주시는데, 처음부터 1티스푼 다 넣지 말고 반씩 나눠서 넣습니다. 순두부와 달걀이 들어가면 간이 약해질수도 있고 또 사람 입맛에 따라서 짜거나 싱거운걸 조절하기 위해서는 국은 처음부터 간을 완벽하게 맞추지 않는게 좋아요.",https://recipe1.ezmember.co.kr/cache/recipe/2024/06/06/17565f1c53f5f885f4f50cacde97855e1.jpg?w=1000,,,
7027713,8,그리고 강불에서 팔팔 끓여줍니다. 팔팔 끓으면 그상태로 5분간 더 끓여주세요. 강불,https://recipe1.ezmember.co.kr/cache/recipe/2024/06/06/7cc3c9ab6e085b0b276009e592c79a541.jpg?w=1000,강불,300,
7027713,9,5분 후에 반으로 갈라둔 순두부를 넣어줍니다. 너무 막 으깨지는 마시고 3번 정도만 섞어주세요. 그래야 다 끓였을때 순두부 모양이 살아 있어요. 순두부를 넣고 3분간 끓여줍니다. 강불,https://recipe1.ezmember.co.kr/cache/recipe/2024/06/06/68b96a4d9e54244c3b5eebf933ce9de51.jpg?w=1000,강불,300,
7027713,10,3분 후에 대충 풀어둔 달걀을 넣어주시는데요. 이때 한자리에 붓지 마시고 원을 그리면서 둘러주세요. 강불,https://recipe1.ezmember.co.kr/cache/recipe/2024/06/06/71f3796c2738b62cc52896afc464b8f21.jpg?w=1000,강불,180,
7027713,11,그리고 썰어둔 대파도 바로 같이 넣고 3분간 끓여줍니다. 이때 너무 저으면 순두부가 다 풀어지니까 딱 두번만 저어줍니다. 강불,https://recipe1.ezmember.co.kr/cache/recipe/2024/06/06/59375bd3673faa9041f2aa3ef62ff1781.jpg?w=1000,강불,180,
7027713,12,3분 후에 간을 보세요. 그리고 입맛에 따라서 맛소금을 추가할지 말지 결정합니다. 간을 다 맞추고 나면 30초정도만 더 끓여주시고 불을 꺼주시면 끝나요. 강불-불끔,https://recipe1.ezmember.co.kr/cache/recipe/2024/06/06/1ee5d1548a1c0309f727ec8077af29e31.jpg?w=1000,강불,210,
7027713,13,완성~! 국그릇,https://recipe1.ezmember.co.kr/cache/recipe/2024/06/06/c00faeee9216fa90d99d5c5bad597b061.jpg?w=1000,,,
6902285,1,껍질벗긴 고구마는 양끝을 자르고 잘게 잘라줍니다.,https://recipe1.ezmember.co.kr/cache/recipe/2018/12/18/271771849ef9b0fc5a1558ea894e842a1.png?w=1000,,,
6902285,2,자른 고구마는 그릇에 담고 물을 소량 넣어줍니다.,https://recipe1.ezmember.co.kr/cache/recipe/2018/12/18/1144ed730f94cc7bcaa427e67d7e45041.png?w=1000,,,
6902285,3,접시는 덮고 전자레인지에 4~6분 돌려줍니다. 전자레인지,https://recipe1.ezmember.co.kr/cache/recipe/2018/12/18/8963a1a9e8c9c63857ecc29fbf8a5a701.png?w=1000,,360,
6902285,4,물을 3숟가락 정도만 남긴 후 버려주세요.,https://recipe1.ezmember.co.kr/cache/recipe/2018/12/18/fb72227d035777acea43160687a451771.png?w=1000,,,
6902285,5,"포크도 잘 으깨주세요,",https://recipe1.ezmember.co.kr/cache/recipe/2018/12/18/05927159b4ce6334a97029862434b1791.png?w=1000,,,
6902285,6,"고구마가 뜨거울 때 체다치즈, 버터, 소금, 설탕을 넣고 잘 섞어줍니다.",https://recipe1.ezmember.co.kr/cache/recipe/2018/12/18/fa1952a3a10243bdc86e85424734430d1.png?w=1000,,,
6902285,7,찰기가 생기면 동글동글하게 만들어줍니다.,https://recipe1.ezmember.co.kr/cache/recipe/2018/12/18/1e8b212450a1042d7311549b9974f01d1.png?w=1000,,,
6902285,8,만들어 준 고구마 볼을 전자레인지에 3분간 돌려주세요.,https://recipe1.ezmember.co.kr/cache/recipe/2018/12/18/a22a695bad727c7341b3eafeed9d736e1.png?w=1000,,180,
6902285,9,접시에 옮긴 후 한김 식혀 완성해주세요.,https://recipe1.ezmember.co.kr/cache/recipe/2018/12/18/4f49177facbf4edf8e22f4f724e4e4271.png?w=1000,,,
6843977,1,재료를 준비합니다.,https://recipe1.ezmember.co.kr/cache/recipe/2016/03/03/51d4d36f6c8ff4df1139ff789c08a5621.jpg,,,
6843977,2,딸기도 깨끗이 씻어서 물기를 제거하고 준비해줍니다~,https://recipe1.ezmember.co.kr/cache/recipe/2016/03/03/a4ddb99808c0f5d2747168b7742918451.jpg,,,
6843977,3,그릇에 계란 2개를 넣어주세요.,https://recipe1.ezmember.co.kr/cache/recipe/2016/03/03/dd695d1e996f1d0032c3dc270ff52d3f1.jpg,,,
6843977,4,거품기로 충분한 거품을 내주세요.,https://recipe1.ezmember.co.kr/cache/recipe/2016/03/03/870fa43321ca4f33e9c2c34e13459d961.jpg,,,
6843977,5,"우유 350ml, 또는 물 250ml를 넣고 잘 저어주세요.",https://recipe1.ezmember.co.kr/cache/recipe/2016/03/03/2208d1f6330444507eb7c29721d294d51.jpg,,,
6843977,6,핫케익 믹스 450g을 덩어리가 없도록 섞어주세요.,https://recipe1.ezmember.co.kr/cache/recipe/2016/03/03/c20079ef06921111712f930d2729c4821.jpg,,,
6843977,7,살살 저어주세요~,https://recipe1.ezmember.co.kr/cache/recipe/2016/03/03/59a00bfe94c0ae401b64c2f7e54c7a911.jpg,,,
6843977,8,반죽은 물처럼 뚝뚝 떨어질 정도의 농도여야 얇게 잘 부쳐집니다.,https://recipe1.ezmember.co.kr/cache/recipe/2016/03/03/ba6599e6560730dc04c90c25602093ec1.jpg,,,
6843977,9,후라이팬에 기름을 두르고 완성된 반죽을 올려주세요.,https://recipe1.ezmember.co.kr/cache/recipe/2016/03/03/4d0477214a01014cfc567dac1df5487f1.jpg,,,
6843977,10,반죽을 노릇노릇 구워줍니다. 이 과정을 계속 반복해주세요.,https://recipe1.ezmember.co.kr/cache/recipe/2016/03/03/107944b1923ece6e783d6eeabb2e8b431.jpg,,,
6843977,11,"완성된 반죽들은 식히지 않으면 열기에 생크림이 녹아내리므로, 반으로 접어서 식혀주세요~",https://recipe1.ezmember.co.kr/cache/recipe/2016/03/03/3d974112e669b5d9d7f0872fda1772331.jpg,,,
6843977,12,딸기들을 꺼냅니다.,https://recipe1.ezmember.co.kr/cache/recipe/2016/03/03/4731be0750d75d581db9c479490e89df1.jpg,,,
6843977,13,딸기 꼭지를 자르고 얇게 쓱쓱 잘라주세요.,https://recipe1.ezmember.co.kr/cache/recipe/2016/03/03/18085a691be167b6af2f282f161ff2b51.jpg,,,
6843977,14,키친타올 위에 올려두어 물기를 제거합니다.,https://recipe1.ezmember.co.kr/cache/recipe/2016/03/03/88e0fcf4f2edcfa3297f206a1fc004ad1.jpg,,,
6843977,15,재료가 다 준비되었습니다.,https://recipe1.ezmember.co.kr/cache/recipe/2016/03/03/7920f2736afe75b82edd349a4ced4c851.jpg,,,
6843977,16,핫케이크를 깔고,https://recipe1.ezmember.co.kr/cache/recipe/2016/03/03/12d37e532e61159ff50df5b723f3406b1.jpg,,,
6843977,17,생크림을 듬뿍 발라주세요.,https://recipe1.ezmember.co.kr/cache/recipe/2016/03/03/03a35d29b32b53cb66c97ba4135392c91.jpg,,,
6843977,18,딸기도 살포시 올려줍니다. 이 과정을 계속 반복해서 층층이 쌓아 올려주세요.,https://recipe1.ezmember.co.kr/cache/recipe/2016/03/03/b54502d0c1177084998995295d19b3c61.jpg,,,
6843977,19,높이 쌓아올려지면 핫케이크를 덮고 딸기로 데코해주세요.,https://recipe1.ezmember.co.kr/cache/recipe/2016/03/03/e9e83593435a09b5c39ce7c3e3bfce4b1.jpg,,,
6994093,1,찹쌀은 깨끗한 물에 3-4번 씻은 후 30분 정도 불려 둡니다.,https://recipe1.ezmember.co.kr/cache/recipe/2022/12/21/9da1b84e13123e04abee5d97b42e882a1.jpg?w=1000,,1800,
6994093,2,냉동새우는 찬물에 담가 해동해요.,https://recipe1.ezmember.co.kr/cache/recipe/2022/12/21/9969ce6c0437032a02c08c01121e10901.jpg?w=1000,,,
6994093,3,건미역은 밥숟가락으로 1숟갈 퍼서 물에 불려 둬요.,https://recipe1.ezmember.co.kr/cache/recipe/2022/12/21/e3446ed82a93df0c7a194a98a9548b941.jpg?w=1000,,,
6994093,4,"해동한 새우는 껍질, 내장을 제거하고 키친타올로 물기를 닦은 후 잘게 다져 주세요.",https://recipe1.ezmember.co.kr/cache/recipe/2022/12/21/7da13f70981e0a159eb112e1214555631.jpg?w=1000,,,
6994093,5,불린 미역은 깨끗한 물에 헹군 후 체에 받쳐 물기를 빼요. 그리고 꼭 아기가 먹기 좋게 잘게 썰어 주세요.,https://recipe1.ezmember.co.kr/cache/recipe/2022/12/21/3a9a29811c37126cf79d2fa4cd23f3991.jpg?w=1000,,,
6994093,6,"냄비에 참기름, 다진마늘, 미역을 넣고 1분정도 볶아 주세요.",https://recipe1.ezmember.co.kr/cache/recipe/2022/12/21/2a97892b39ccda60e8ee4a4ba154f7191.jpg?w=1000,,60,
6994093,7,불린 찹쌀도 넣어 3분정도 볶아 줍니다.,https://recipe1.ezmember.co.kr/cache/recipe/2022/12/21/6724b4b10e7f50edcc9db9c9bd66323f1.jpg?w=1000,,180,
6994093,8,"물 또는 육수를 부어 끓여 주세요. 이 때, 처음부터 물을 다 넣지 않아요. 재료가 잠길 정도로만 부어 끓이다 물이 부족해지면 더 부어 주세요. 저도 300ml+300ml+200ml로 점점 추가했어요. 눌러 붙지 않게 중간중간 저어 주시고요.",https://recipe1.ezmember.co.kr/cache/recipe/2022/12/21/8920cf70c9a69df2daa7b64bd0c649871.jpg?w=1000,,,
6994093,9,쌀이 완전히 퍼지면 다진 새우를 넣고 5분 정도만 더 끓여 줍니다.,https://recipe1.ezmember.co.kr/cache/recipe/2022/12/21/fa6002a4829a36fec38e3c4a2aac7b0f1.jpg?w=1000,,300,
6994093,10,"이 때, 국간장으로 간도 해 주세요.(선택)",https://recipe1.ezmember.co.kr/cache/recipe/2022/12/21/d373d6f7c6d488b9cade60c2ae908b9f1.jpg?w=1000,,,
6733300,1,팬에 올리브유를 두르고 팬이 달궈지면 얇게 채 썬 마늘을 넣고 볶아주세요.,https://recipe1.ezmember.co.kr/cache/recipe/2015/05/07/7febcfb9c4f70ff0648c1628617983ea1.jpg,,,
6733300,2,마늘이 익는 동안 달걀을 곱게 풀고 굴소스 1큰술 또는 소금을 넣어 한번 더 섞어주세요.,https://recipe1.ezmember.co.kr/cache/recipe/2015/05/07/5a1c3951ef812d742cbd4828254c119a1.jpg,,,
6733300,3,마늘이 노릇노릇하게 익으면 밥을 넣고 볶아줍니다.,https://recipe1.ezmember.co.kr/cache/recipe/2015/05/07/53238bbaad28319f794a6d5be02afc011.jpg,,,
6733300,4,밥이 어느 정도 볶아지면 참치를 넣어 볶아주세요.,https://recipe1.ezmember.co.kr/cache/recipe/2015/05/07/5899213e98bf797c1f95b724e818dcb91.jpg,,,
6733300,5,참치까지 고루 볶아지면 달걀을 넣고 여러번 뒤적거려 줍니다. 달걀이 다 익으면 완성!,https://recipe1.ezmember.co.kr/cache/recipe/2015/05/07/829b730f6bebdab5812333e93d9097361.jpg,,,
6733300,6,완성된 참치 알리올리오 볶음밥입니다~,https://recipe1.ezmember.co.kr/cache/recipe/2015/05/07/b30b069cad99d9ae60e566860b7ecff71.jpg,,,
6833230,1,"가지는 반으로 가르로 두부는 작은 깍둑썰기를 해 주세요. 대파 흰부분을 채친 후 두부 크기에 맞춰 썰고 청양고추, 마늘을 준비해 주었답니다.",https://recipe1.ezmember.co.kr/cache/recipe/2015/09/02/39ac01fede208db1e4cf623dbbfe7c9f1.jpg,,,
6833230,2,가지의 안쪽에 칼집을 낸 후 팬에 기름을 두르고 앞뒤로 노릇하게 구워주세요,https://recipe1.ezmember.co.kr/cache/recipe/2015/09/02/8512247d580495107fdab74b05e026b41.jpg,,,
6833230,3,가지를 구웠던 팬에 기름을 두르고 두부를 넣고 노릇하게 튀기듯 볶아주세요.,https://recipe1.ezmember.co.kr/cache/recipe/2015/09/02/432b31bdfe72251a466d937fa709d13d1.jpg,,,
6833230,4,"대파 흰부분과 청양고추, 마늘, 간장, 물, 참기름을 넣고 고루 섞어주면 간장양념 만들기 끝. 물을 조금 넣어주면 양념이 짜지 않아 좋아요.",https://recipe1.ezmember.co.kr/cache/recipe/2015/09/02/9e62f62b4dbff2abfb64954a7b6ce4a91.jpg,,,
6833230,5,가지구이를 접시에 담고 두부튀김도 가운데 수북이 올린 후 준비한 간장양념을 적당히 부어주면 완성이에요.,https://recipe1.ezmember.co.kr/cache/recipe/2015/09/02/890b077c1a65224d39ee02561a1a7ee61.jpg,,,
6855073,1,"재료:오징어채 2줌, 버터3스푼,설탕1스푼~2스푼,파슬리가루조금(없으면패스)",https://recipe1.ezmember.co.kr/cache/recipe/2016/08/22/40d7462139581f99163881c1e489619f1.jpg,,,
6855073,2,오징어채 2줌정도를 준비해서 먹기 좋게 가위로 잘라줍니다.,https://recipe1.ezmember.co.kr/cache/recipe/2016/08/22/b692cd954859caa29f48e632f7f74d9d1.jpg,,,
6855073,3,잘라준 오징어채를 물에 1번 헹구어 준뒤 물기를 꼬옥 짜주세요 여기서 물기를 꼬옥 안짜면 나중에 버터에 볶을때 기름이 마구 튄답니다.,https://recipe1.ezmember.co.kr/cache/recipe/2016/08/22/7e79edd6ac8ea095513aec4c001699541.jpg,,,
6855073,4,"후라이팬을 준비한뒤 버터3스푼을 넣고 버터가 어느정도 녹기 시작하면,",https://recipe1.ezmember.co.kr/cache/recipe/2016/08/22/a4e31c295c84414e9fa127d9c0e6905d1.jpg,,,
6855073,5,오징어채를 넣고 버터가 스며들도록 볶아줍니다.,https://recipe1.ezmember.co.kr/cache/recipe/2016/08/22/8d9a4b53199aa885ece8d8eed54ed4e41.jpg,,,
6855073,6,여기에 설탕을 1스푼~2스푼 넣어주세요 한개 먹어봐서 달달하게 드시고 싶으시다면 2스푼정도 넣으시면 됩니다. 저는 1스푼넣었어요^^,https://recipe1.ezmember.co.kr/cache/recipe/2016/08/22/5f5446583e4a08f251f9a75c05a73c291.jpg,,,
6855073,7,설탕이 녹고 1분정도 더 볶아주세요.,https://recipe1.ezmember.co.kr/cache/recipe/2016/08/22/1fd5537c78b5063f376d51a0a70ba3fb1.jpg,,60,
6855073,8,그릇에 옮겨 담은후 멋을 위해 파슬리 가루를 뿌려줍니다. 없으면 패스!,https://recipe1.ezmember.co.kr/cache/recipe/2016/08/22/65b244bc628a7cacda66fa6cefbdc01e1.jpg,,,
6855073,9,오징어채로 만든 버터구이 완성입니다.,https://recipe1.ezmember.co.kr/cache/recipe/2016/08/22/4bffe6b76db1de99b7e3ba5eb44696e21.jpg,,,
6924838,1,국물용 멸치 8개를 넣고 15~20분간 충분히 끓인 멸치 육수를 준비해주세요. (멸치 제거),https://recipe1.ezmember.co.kr/cache/recipe/2020/01/08/42a21d384fd0b3f7893ec35cb66b764f1.jpg,,1200,
6924838,2,봄동은 뿌리 심지를 제거하고 낱장으로 뜯은 후 세척해주세요.,https://recipe1.ezmember.co.kr/cache/recipe/2020/01/08/42e212a7fe734562d1e9c3d6386d6cfd1.jpg,,,
6924838,3,물에 소금 두꼬집과 봄동을 넣고 4분간 끓여주세요. 중불,https://recipe1.ezmember.co.kr/cache/recipe/2020/01/08/a8d713b0da2d5dea35b77e18d0cafcf91.jpg,중불,240,
6924838,4,불을 끄고 말캉하게 익은 봄동을 건져 찬물에 얼른 담가주세요.,https://recipe1.ezmember.co.kr/cache/recipe/2020/01/08/9d1c6738960cf7b5f0b5dec7f6f138041.jpg,,,
6924838,5,두 손으로 데친 봄동의 물기를 짠 후 잘게 썰어주세요. 집된장 2숟갈을 넣고 간이 배도록 1분간 조물조물 힘있게 버무려주세요. 저희 집된장은 염도가 꽤 있는 편이라 2숟갈을 사용했습니다. 사용하는 된장의 염도에 따라 양을 조절해주세요.,https://recipe1.ezmember.co.kr/cache/recipe/2020/01/08/612edefa54c666576848029e715e460f1.jpg,,60,
6924838,6,멸치육수에 준비된 봄동을 넣고 끓여주세요.,https://recipe1.ezmember.co.kr/cache/recipe/2020/01/08/aa375e462fce00e808b9ac918a213f871.jpg,,,
6924838,7,10분간 끓이다 들깨가루 넣고 은근한 약불에 5분 더 끓여주면 완성!,https://recipe1.ezmember.co.kr/cache/recipe/2020/01/08/dd69b3b680c9ba41f6b339b6008cc5fd1.jpg,약불,600,
6924838,8,뜨끈한 국물에 밥을 말아 국밥으로 드셔도 참 좋은 봄동된장국. 맛있게 드세요~,https://recipe1.ezmember.co.kr/cache/recipe/2020/01/08/ca726d8dacfc2abc16a838592602668b1.jpg,,,
6904044,1,끓는 물에 떡을 말랑말랑할 때까지 익힌다,https://recipe1.ezmember.co.kr/cache/recipe/2019/01/10/2adbff97286bc898fac66637e12447231.jpg?w=1000,,,
6904044,2,떡을건져서 넓은 그릇에 서로 붙지않게 펼쳐놓는다.,https://recipe1.ezmember.co.kr/cache/recipe/2019/01/10/8a991fdb1590bd5a4ebe712f7a65da541.jpg?w=1000,,,
6904044,3,베이컨을 반 잘라서 떡에 만다.,https://recipe1.ezmember.co.kr/cache/recipe/2019/01/10/097e3bb535767ac3b60d63a7b4b7267d1.jpg?w=1000,,,
6904044,4,그것을 이쑤시개에 꼿는다.,https://recipe1.ezmember.co.kr/cache/recipe/2019/01/10/dc73033e5c847206b177b9384b4f05ad1.jpg?w=1000,,,
6904044,5,기름을 두르지 않고 후라이팬에 굽는다,https://recipe1.ezmember.co.kr/cache/recipe/2019/01/10/3dc98de144c32555ceec345ab15bb7461.jpg?w=1000,,,
6904044,6,그릇에 옴겨 담으면 완성!,https://recipe1.ezmember.co.kr/cache/recipe/2019/01/10/259add39c21e16d2b165b1436e4d3b9c1.jpg?w=1000,,,
6959353,1,청경채는 뿌리를 잘라내고 한 잎씩 씻어둔다.,https://recipe1.ezmember.co.kr/cache/recipe/2021/05/15/afbd8e3deac98acb796a85bde015ec811.jpg?w=1000,,,
6959353,2,팬에 두부를 노릇하게 굽고 다진 마늘을 넣어 향을 입힌다.,https://recipe1.ezmember.co.kr/cache/recipe/2021/05/15/4804fdb65aaa0e8d66bcff41d4a4a2f51.jpg?w=1000,,,
6959353,3,양념을 비율대로 섞는다.,https://recipe1.ezmember.co.kr/cache/recipe/2021/05/15/9d55e5f40cbde7c0114c5eff14e01c671.jpg?w=1000,,,
6959353,4,씻어둔 청경채를 넣고 센불에서 잠시 뒤적인다.,https://recipe1.ezmember.co.kr/cache/recipe/2021/05/15/c212967c4929539821d663ec20d6705d1.jpg?w=1000,강불,,
6959353,5,숨이 죽기전에 양념을 넣고 빠르게 섞어준다.,https://recipe1.ezmember.co.kr/cache/recipe/2021/05/15/3679806a0ea3f967409bb1e137cf5a951.jpg?w=1000,,,
6959353,6,불을 끄고 깨소금을 뿌려주면 완성된다.,https://recipe1.ezmember.co.kr/cache/recipe/2021/05/15/af66903b9981b93db719c7314fe2928b1.jpg?w=1000,,,
7073921,1,납작 어묵을 7장 준비해서 3등분으로 썰어준 뒤 삼각 모양으로 한 입 크기로 썰어줍니다.,https://recipe1.ezmember.co.kr/cache/recipe/2026/03/31/8f1451ca314b8a1176ee42d21591d5741.jpg,,,
7073921,2,부드러운 크래미는 결대로 손으로 찢어서 준비해요,https://recipe1.ezmember.co.kr/cache/recipe/2026/03/31/937a9c182df500f84213a4211958d8901.jpg,,,
7073921,3,어묵볶음에 같이 들어갈 야채로 대파와 양파는 채 썰어줍니다.,https://recipe1.ezmember.co.kr/cache/recipe/2026/03/31/54d1e5bbd31a4a88366a961abd9b69a11.jpg,,,
7073921,4,달궈진 팬에 올리브유를 2t 두르고 썰어둔 대파와 양파를 먼저 넣고 볶아주세요,https://recipe1.ezmember.co.kr/cache/recipe/2026/03/31/5d152aadc9bd1a8329c9374e12f6f2971.jpg,,,
7073921,5,"대파향이 은은하게 올라오면 썰어둔 어묵을 넣고 가볍게 볶은 뒤 진간장 2t, 굴 소스 1t, 꿀 2t를 양념으로 넣고 타지 않게 중불로 빠르게 볶아줍니다.",https://recipe1.ezmember.co.kr/cache/recipe/2026/03/31/4ca4f5811abf8b3bbddbfb45c4a5d09f1.jpg,중불,,
7073921,6,크래미를 넣고 참기름 1t와 고소함을 더해 줄 깨소금을 1t 넣어주세요,https://recipe1.ezmember.co.kr/cache/recipe/2026/03/31/58afdd4dc17b8493ba63547869befa291.jpg,,,
7073921,7,크래미와 어묵이 잘 어우러지도록 휘리릭 볶아주면 감칠맛 나는 반찬! 크래미 어묵볶음이 완성입니다^^,https://recipe1.ezmember.co.kr/cache/recipe/2026/03/31/b929fe8d3171de67ef4953891b53bae21.jpg,,,
6873533,1,감자는 껍질을 깍아 얇게 채썬후 찬물에 여러번 헹궈 전분끼를 잘 씻어냅니다,https://recipe1.ezmember.co.kr/cache/recipe/2017/07/26/e517086523f5b82d7ed87d2bc3cb54511.jpg?w=1000,,,
6873533,2,2에 튀김가루 1-2스푼을 넣고 잘 버무려줍니다,https://recipe1.ezmember.co.kr/cache/recipe/2017/07/26/f3ccb0110855491caedfd7f529207f571.jpg?w=1000,,,
6873533,3,팬에 식용유를 넉넉히 두른후 3을 넣어 노릇하게 부쳐줍니다,https://recipe1.ezmember.co.kr/cache/recipe/2017/07/26/08482f64a18a73acaafe6fcfbebd7ca51.jpg?w=1000,,,
6873533,4,다른면도 뒤집어서 노릇하게 부쳐줍니다,https://recipe1.ezmember.co.kr/cache/recipe/2017/07/26/3740436e3228f9d5eeef64908123c8951.jpg?w=1000,,,
6873533,5,4에 스파게티 소스 2스푼을 펴바르고 케찹도 취향껏 뿌려줍니다,https://recipe1.ezmember.co.kr/cache/recipe/2017/07/26/8459b333c82f0dc42dfafa644d68c2e71.jpg?w=1000,,,
6873533,6,5에 모짜렐라치즈를 듬뿍 올려줍니다,https://recipe1.ezmember.co.kr/cache/recipe/2017/07/26/5f23e808119a85dd1a99494c7c7d26c81.jpg?w=1000,,,
6873533,7,오븐에 치즈를 노릇하게 구워냅니다(오븐이 없으시면 팬에 약불로 치즈가 녹을때까지 뚜껑을 덮고 구워주심됩니다) 오븐,https://recipe1.ezmember.co.kr/cache/recipe/2017/07/26/f006939a446b4fc14c98fbe11769c4f71.jpg?w=1000,약불,,
6873533,8,노릇하게 구워진 피자위에 파슬리가루 뿌려주세요.파슬리가루 없으시면 패쑤요~~^^,https://recipe1.ezmember.co.kr/cache/recipe/2017/07/26/fae1bd64bfb5775015a90055c3b0c62c1.jpg?w=1000,,,
6892531,1,계란을 넣어 주세요.,https://recipe1.ezmember.co.kr/cache/recipe/2018/07/13/9d5df507896772608b2967d1202833b01.png,,,
6892531,2,밀가루 5스푼을 넣어 주세요.,https://recipe1.ezmember.co.kr/cache/recipe/2018/07/13/77a499b870673c7f6e62df15e7670c3e1.png,,,
6892531,3,누텔라 5스푼을 넣어 주세요.,https://recipe1.ezmember.co.kr/cache/recipe/2018/07/13/84e68775f55385a690d026a0e3aa95111.png,,,
6892531,4,골고루 섞어 주세요.,https://recipe1.ezmember.co.kr/cache/recipe/2018/07/13/278c33859d7a6b41578ce1b5b4f373341.png,,,
6892531,5,전자레인지에 2분 30초 돌려 주세요. 전자레인지,https://recipe1.ezmember.co.kr/cache/recipe/2018/07/13/278e930ba1a071ff069dd8b8744ad18b1.png,,150,
6892531,6,슈가 파우더를 뿌려주세요.,https://recipe1.ezmember.co.kr/cache/recipe/2018/07/13/70edf2eaf891cdceecc4007bfbe2d03c1.png,,,
6892531,7,완성!,https://recipe1.ezmember.co.kr/cache/recipe/2018/07/13/118b418f898ff667113b80562020e07d1.png,,,
7060594,1,"시판유부 네모 모양 8장을 물기를 꾸욱 짠 뒤 옆부분을 가위로 잘라 주세요 볼 , 채반",https://recipe1.ezmember.co.kr/cache/recipe/2025/08/18/25554a60258785b8b7db71822afb841a1.jpg?w=1000,,,
7060594,2,"팽이버섯은 8등분으로 나눠주고 깻잎은 꼭지 잘라 반잘주고 팽이버섯에 소금 2~3꼬집 넣어 살살 버무려요 트레이 , 도마 , 조리용칼",https://recipe1.ezmember.co.kr/cache/recipe/2025/08/18/1522af5988eea45abbcab70e73d671da1.jpg?w=1000,,,
7060594,3,"유부 위에 깻잎, 팽이버섯 올려 돌돌돌 말아주세요 tip. 끝부분에 전분가루 묻혀 고정시켜주셔도 좋아요",https://recipe1.ezmember.co.kr/cache/recipe/2025/08/18/c490ee7c70883d39a9c1617e8e1dadd81.jpg?w=1000,,,
7060594,4,"계란 2개, 참기름 1작은술, 소금 1/3작은술 넣어 골고루 잘 섞어준 뒤 팽이버섯유부말이를 계란물 묻혀요",https://recipe1.ezmember.co.kr/cache/recipe/2025/08/18/4685479c14c8a01dd4f1fe90713d9e721.jpg?w=1000,,,
7060594,5,"예열한 팬에 기름을 넉넉히 두른 후 팽이버섯계란물 올려 앞, 뒤 노릇하게 구워주면 완성입니다 프라이팬 , 요리젓가락",https://recipe1.ezmember.co.kr/cache/recipe/2025/08/18/e0894f8fb46a61ce4549e16c964a099b1.jpg?w=1000,,,
7042351,1,콩나물을 콩깍지없이 깨끗하게 씻어주세요,https://recipe1.ezmember.co.kr/cache/recipe/2025/01/10/f3619a755989eccae680a90b2fe9cb351.jpg?w=1000,,,
7042351,2,"펄펄 끓는 물에 생강술(맛술)을 조금 넣어주고 씻은 콩나물을 넣어 1~2분정도 삶아주세요 *콩나물의 머리부분때문에 비린내가 날수있는것을 생강술(맛술)이 잡아주네요 냄비 , 국자",https://recipe1.ezmember.co.kr/cache/recipe/2025/01/10/0fa7d065cedd314d130d7267e15cbe881.jpg?w=1000,,120,
7042351,3,찬물에서 샤워한번 시켜 물기를 빼주세요 볼,https://recipe1.ezmember.co.kr/cache/recipe/2025/01/10/e26add75214c8a25f1019c654b1d937f1.jpg?w=1000,,,
7042351,4,대파를 흰부분만 다져서 넣어주시고 고추가루및 양념을 넣어주세요,https://recipe1.ezmember.co.kr/cache/recipe/2025/01/10/f0fa17957d952bf6465e5a637ab868611.jpg?w=1000,,,
7042351,5,양념이 고루베이게 잘무쳐주세요,https://recipe1.ezmember.co.kr/cache/recipe/2025/01/10/e77ee3de0b4205e3fbceb6c2481507df1.jpg?w=1000,,,
7042351,6,기본나물무침인 콩나물무침이 간단하게 완성이되었네요 찬기,https://recipe1.ezmember.co.kr/cache/recipe/2025/01/10/14be87c25b2c69c87b2445f140412b671.jpg,,,
6897498,1,냄비에 두부 300g 한모를 넣고 숟가락으로 으깨 줍니다.,https://recipe1.ezmember.co.kr/cache/recipe/2018/10/10/b7b62bf9d92ff39b5af7c855cbb252221.jpg,,,
6897498,2,"그리고 여기에 대파 1대 흰부분을 어슷하게 썰어 넣고 말린 표고버섯 1/2컵을 씻어 넣고 다진마늘 1큰술, 된장 2큰술을 넣어 줍니다. 버섯은 팽이버섯을 넣어 도 좋아요. 저는 집에 있는 버섯을 넣었지요.",https://recipe1.ezmember.co.kr/cache/recipe/2018/10/10/0cfbbbc76c2b74821224ce80e06c29b41.jpg,,,
6897498,3,그리고 다시마 멸치육수 5컵을 붓고 끓여 줍니다.,https://recipe1.ezmember.co.kr/cache/recipe/2018/10/10/aed139e377c9fc42f377814096591a9d1.jpg,,,
6897498,4,국물이 전체적으로 고르게 팔팔 끓으면 들깨가루 4큰술을 넣고 덩어리 지지않게 풀어 줍니다.,https://recipe1.ezmember.co.kr/cache/recipe/2018/10/10/432981a9ef70dabbe082563f84ece0691.jpg,,,
6897498,5,그리고 마지막으로 대파 1대 초록부분을 어슷하게 썰어 넣어 줍니다.,https://recipe1.ezmember.co.kr/cache/recipe/2018/10/10/8acbc9bdfb55c35a8f5e75690db1f8ad1.jpg,,,
7002443,1,"닭다리살은 소금, 후추, 바질가루를 뿌려 재료 준비하는 동안 재워요.",https://recipe1.ezmember.co.kr/cache/recipe/2023/05/18/88a2efece7a7ce04c6b613ff4264379e1.jpg?w=1000,,,
7002443,2,"감자, 아스파라거스는 먹기 좋게 손질해서 준비해요. 가니쉬는 기호에 따라 좋아하는 채소들로 준비해 주세요. 감자 손질법 레시피",https://recipe1.ezmember.co.kr/cache/recipe/2023/05/18/c0126abc9cc831fe94216c0d1155a7a61.jpg?w=1000,,,
7002443,3,예열된 팬에 올리브유를 넣고 밑간한 닭고기를 넣어요. 닭고기 구울 때는 껍질부터 구워주세요.,https://recipe1.ezmember.co.kr/cache/recipe/2023/05/18/7ccc82a3972bed64c12fcba06702625d1.jpg?w=1000,,,
7002443,4,감자는 익는 시간이 길어 고기와 함께 넣어 익혀요.,https://recipe1.ezmember.co.kr/cache/recipe/2023/05/18/a4fb23a1bf03beca7678c154a9503f031.jpg?w=1000,,,
7002443,5,약 1분간 센불에서 굽고 뒤집어 한쪽을 1분간 더 구워요.,https://recipe1.ezmember.co.kr/cache/recipe/2023/05/18/9505b193f8d84c5fc8ea2ee06eede0041.jpg?w=1000,강불,60,
7002443,6,"약불로 줄이고 준비한 채소, 버터를 넣어 함께 익혀요.(약 5분) 뚜껑을 닫아 속까지 익혀 주세요.",https://recipe1.ezmember.co.kr/cache/recipe/2023/05/18/7348ecedca923de7ddffad960ed0ce961.jpg?w=1000,약불,300,
7002443,7,아스파라거스는 빨리 꺼내고 감자와 닭고기는 2~3분 더 익혀내요.,https://recipe1.ezmember.co.kr/cache/recipe/2023/05/18/0d06734506ad551ab9e71b8d0dfe009b1.jpg?w=1000,,180,
7002443,8,익혀진 재료를 모두 꺼내고 소스 재료를 넣어 살짝 끓여 내요.,https://recipe1.ezmember.co.kr/cache/recipe/2023/05/18/723c13be1c07e914bf57304b3e8f4f9b1.jpg?w=1000,,,
7002443,9,접시에 익혀낸 재료들을 담고 소스를 뿌려 완성해요.,https://recipe1.ezmember.co.kr/cache/recipe/2023/05/18/b9d2a8e48770bf7f7c834700cc8298bb1.jpg?w=1000,,,
7067147,1,가래떡(320g)과 소시지(300g)를 먹기 좋은 크기로 자릅니다,https://recipe1.ezmember.co.kr/cache/recipe/2025/11/28/32dde6f6fcc0e48824fbda5a47723adb1.jpg?w=1000,,,
7067147,2,달군 팬에 식용유(2큰술)를 두르고 가래떡이 노릇해질 때까지 구은 다음 접시에 옮겨 담습니다,https://recipe1.ezmember.co.kr/cache/recipe/2025/11/28/79ecf4000838726a0f10589ea27e16181.jpg?w=1000,,,
7067147,3,소시지를 약 2분간 볶은 후 그릇에 옮겨 담습니다,https://recipe1.ezmember.co.kr/cache/recipe/2025/11/28/3d9fabb0f071cfd8fef92cec5bb60e081.jpg?w=1000,,120,
7067147,4,"프라이팬에 설탕(1큰술), 고춧가루(1큰술), 케첩(2-3큰술), 올리고당(1큰술), 진간장(1큰술), 고추장(1큰술), 물(50ml)을 넣습니다",https://recipe1.ezmember.co.kr/cache/recipe/2025/11/28/d2b690c700cd1c75767eec63d793ae391.jpg?w=1000,,,
7067147,5,약한 불에서 숟가락으로 저어가며 졸인 다음 불을 끕니다 고추장 양념이 약 2/3 정도 남을 때까지 졸입니다,https://recipe1.ezmember.co.kr/cache/recipe/2025/11/28/786790f6683f56f0587652ab182f99bd1.jpg?w=1000,,,
7067147,6,프라이팬에 가래떡과 소시지를 넣고 고추장 양념에 버무립니다,https://recipe1.ezmember.co.kr/cache/recipe/2025/11/28/0b06628dafb08e41db51c7f1ebf5ad281.jpg?w=1000,,,
6892515,1,자숙새우(칵테일새우)는 흐르는 물에 씻은 다음 체에 받쳐 물기를 빼주세요. 자숙새우(칵테일새우) 300g 체 냉동상태의 자숙새우는 냉장실에서 완전히 해동한 다음 사용하셔야 물이 생기지 않아요.,https://recipe1.ezmember.co.kr/cache/recipe/2018/07/13/8d3832f7764a92d29ed56ee3f8ca49441.jpg?w=1000,,,
6892515,2,간마늘 또는 다진마늘 2큰술을 준비합니다. 다진마늘 2큰술 간마늘처럼 곱게 마늘을 다진것을 사용하시는것보다 칼을 이용해 통마늘을 굵고 거칠게 다져 사용하시는 것이 식감이나 향이 훨씬 좋답니다.,https://recipe1.ezmember.co.kr/cache/recipe/2018/07/13/e7bcfdaf3c313146f79bd5b837c46e1c1.jpg?w=1000,,,
6892515,3,"팬에 식용유를 두르고 다진마늘과 다진대파를 넣고 약불에서 서서히 볶아 향신기름을 만들어주세요. 식용유 4큰술, 다진마늘 2큰술, 다진대파 1큰술 약불",https://recipe1.ezmember.co.kr/cache/recipe/2018/07/13/988b36e58418b13d72b0402932f5314c1.jpg?w=1000,약불,,
6892515,4,대파가 노릇해지고 마늘과 대파의 향이 기름에 충분히 배어나오면 자숙새우를 넣고 볶아줍니다. 매운맛을 선호하시는 분들은 청양고추를 다져 넣어주셔도 좋아요. 자숙새우 300g. 청양고추(선택) 중불,https://recipe1.ezmember.co.kr/cache/recipe/2018/07/13/d0adbf03fcfd4d08a409428d09f7d3941.jpg?w=1000,중불,,
6892515,5,"새우가 노릇하게 구워졌을때 토마토케첩, 진간장, 설탕, 고추가루, 식초를 넣고 물을 넣어 볶아주세요. 토마토케첩 3큰술, 진간장 2큰술, 설탕 1큰술, 고추가루 1큰술, 식초 2큰술, 물 5큰술 센불 설탕 등 재료의 양은 기호에 맞춰 조절 가능합니다. 물을 넣어 농도를 조절하시고 타지 않게 볶아주세요.",https://recipe1.ezmember.co.kr/cache/recipe/2018/07/13/e661ed71092539468ca12a51d2d2d68a1.jpg?w=1000,강불,,
6892515,6,"마지막으로 버터와 후추가루를 넣어 주세요. 밥에 올려 파슬리가루를 뿌려 슈림프박스를 마무리합니다. 버터 1큰술, 후추가루, 밥, 파슬리가루 센불",https://recipe1.ezmember.co.kr/cache/recipe/2018/07/13/576b3e5524ac1a6963007d253b4b737a1.jpg?w=1000,강불,,
6864389,1,오레오 과자 안에 크림을 제거한다. 오레오 과자(50g) 1봉,https://recipe1.ezmember.co.kr/cache/recipe/2017/01/26/f79ab5b9cf45d87c65fcf8c02e7270281.png,,,
6864389,2,"믹서기에 오레오 과자와 우유, 얼음, 아이스크림을 넣고 간다. 바닐라 아이스크림 1cup, 얼음 1cup, 우유 1cup 믹서기",https://recipe1.ezmember.co.kr/cache/recipe/2017/01/26/d0da96bc6dbc8e295a4439bcd8fca84e1.png,,,
6864389,3,갈아낸 재료를 컵에 따른다. 컵,https://recipe1.ezmember.co.kr/cache/recipe/2017/01/26/40a24fa38fb7362da45dd49dd9bba1091.png,,,
6864389,4,생크림을 올려 완성한다. 생크림 적당량,https://recipe1.ezmember.co.kr/cache/recipe/2017/01/26/95fb5d359dc4f1c55af85adac23bada41.png,,,
6913424,1,닭가슴살은 우유에 담가 주세요 (10분 정도),https://recipe1.ezmember.co.kr/cache/recipe/2019/06/06/63ddadf54137adcd05d6f231bd114e8c1.jpg?w=1000,,600,
6913424,2,흐르는 물에 씻은후에 얇게 썰어 주세요.,https://recipe1.ezmember.co.kr/cache/recipe/2019/06/06/3596d13bb76e26ed409e92bb78d9f1f21.jpg?w=1000,,,
6913424,3,대파는 어슷 썰어 주세요.,https://recipe1.ezmember.co.kr/cache/recipe/2019/06/06/aec55e78a62a813535a3bbc71c8c41f41.jpg?w=1000,,,
6913424,4,부추와 깻잎를 썰어 주세요.,https://recipe1.ezmember.co.kr/cache/recipe/2019/06/06/beec6da85726b57023e2c6cdb4786cf81.jpg?w=1000,,,
6913424,5,"닭가슴살,대파에 위의 분량의 양념을 넣고 버무려 주세요.",https://recipe1.ezmember.co.kr/cache/recipe/2019/06/06/f96f61e82d3f250a41de61a6867d95ab1.jpg?w=1000,,,
6913424,6,냄비에 물 1리터을 붓고 치킨파우더를 넣고 끓여 주세요.,https://recipe1.ezmember.co.kr/cache/recipe/2019/06/06/00246a102b22c710e926ba2f600212081.jpg?w=1000,,,
6913424,7,"냄비에 물이 끓으면, 양념한 닭가슴살과 대파를 넣고 끓여 주세요.(10 분정도)",https://recipe1.ezmember.co.kr/cache/recipe/2019/06/06/7cf6627ab777f4f003cb7570defaa79c1.jpg?w=1000,,600,
6913424,8,부추와 깻잎을 넣고 한소큼 끓인후,https://recipe1.ezmember.co.kr/cache/recipe/2019/06/06/244417fab098ee096f3788d712643a321.jpg?w=1000,,,
6913424,9,완성 그릇에 담아 주세요.,https://recipe1.ezmember.co.kr/cache/recipe/2019/06/06/2ccdac3531bb0ca24d91db3afb23bcbf1.jpg?w=1000,,,
6998876,1,"두부 한 모를 먹기 좋게 사각 썰기 해줍니다. 도마 , 조리용나이프",https://recipe1.ezmember.co.kr/cache/recipe/2023/03/14/52b07e5c81ccbaad3375d4f211857de51.jpg,,,
6998876,2,"프라이팬에 기름을 두르고 두부를 구어 줍니다. 프라이팬 , 뒤집개",https://recipe1.ezmember.co.kr/cache/recipe/2023/03/14/9527596a85c84a41778654caba3ab36c1.jpg,,,
6998876,3,"두부의 겉이 노릇노릇 구어지면 불을 줄이고 양념(간장3T,설탕1T,물엿1T,소주1T,참기름1/2T,다진마늘1T,고추가루1/4T)을 넣습니다. 볼 , 요리스푼",https://recipe1.ezmember.co.kr/cache/recipe/2023/03/14/534ede2f473970ae0ebfa7d7797304161.jpg,,,
6998876,4,두부에 양념이 배도록 구어주다가 중불로 살짝 눌러붙게 조려줍니다. (양념이 타지않게 주의하세요.),https://recipe1.ezmember.co.kr/cache/recipe/2023/03/14/0e355ba77f9d190ead37dbecf9c4418e1.jpg,중불,,
6998876,5,두부가 간장 양념에 맛있게 조려지면 파를 조금 뿌리고 불을 꺼줍니다.,https://recipe1.ezmember.co.kr/cache/recipe/2023/03/14/fd6b8d91c6a2ee2301df33bf567ab8221.jpg,,,
6998876,6,접시에 예쁘게 담고 깨를 뿌려주면 한 끼 맛있는 반찬이 됩니다. 완성접시,https://recipe1.ezmember.co.kr/cache/recipe/2023/03/14/679dc9b29daacae2c288dd132bca345d1.jpg,,,
6920148,1,양파는 얇게 채썰어 주고 대파는 송송 썰어 둡니다,,,,
6920148,2,계란은 슬슬 풀어 줍니다 막 휘젓지 마세용,,,,
6920148,3,"간장두스푼,맛술두스푼,설탕한스푼,물여섯스푼으로 소스를 만들고 팬에 넣고 양파랑 파도 같이 넣어 약불에서 졸입니다. 약불",,약불,,
6920148,4,양파가 다 익었을때 계란을 휘이 둘러 줍니다,,,,
6920148,5,밥위에 얹어주면 완성 입니다,,,,
6909481,1,재료를 준비 해주세요.,https://recipe1.ezmember.co.kr/cache/recipe/2019/03/30/280c24d253f26d5b808a1ba5d31d9b6d1.jpg,,,
6909481,2,돼지 앞다리살 200g 먹기 좋게 잘라 주세요.,https://recipe1.ezmember.co.kr/cache/recipe/2019/03/30/6f7a27c524162f56a973f9df4f48cc101.jpg,,,
6909481,3,양파 반개,https://recipe1.ezmember.co.kr/cache/recipe/2019/03/30/93ed81140e9582d85559aeb1833d2c0c1.jpg,,,
6909481,4,다진 마늘 1스푼,https://recipe1.ezmember.co.kr/cache/recipe/2019/03/30/fd1d91db3e2715dfe949a2660752ccf31.jpg,,,
6909481,5,간장 1스푼,https://recipe1.ezmember.co.kr/cache/recipe/2019/03/30/576dfdbae4a10b7784800303280b4f5e1.jpg,,,
6909481,6,굴 소스 1스푼,https://recipe1.ezmember.co.kr/cache/recipe/2019/03/30/5b2dc20afd5b4330b3ebd4074c1fc60e1.jpg,,,
6909481,7,올리고당(설탕) 1스푼,https://recipe1.ezmember.co.kr/cache/recipe/2019/03/30/beb9efa98a6b7dab8a727f72ba9198621.jpg,,,
6909481,8,후추 조금,https://recipe1.ezmember.co.kr/cache/recipe/2019/03/30/6f4df7831f3c6b07dd0257115b9dc0311.jpg,,,
6909481,9,잘 섞어 주세요.,https://recipe1.ezmember.co.kr/cache/recipe/2019/03/30/243daac0eada3b10471182f89fec28bb1.jpg,,,
6909481,10,양념이 잘 베게 버무려 주세요.,https://recipe1.ezmember.co.kr/cache/recipe/2019/03/30/31b069427754127657f77f6db80e06ad1.jpg,,,
6909481,11,숙주 200g,https://recipe1.ezmember.co.kr/cache/recipe/2019/03/30/dc2352faba013251d9ef7b40ea426d291.jpg,,,
6909481,12,양파를 숙주 위에 올려주세요.,https://recipe1.ezmember.co.kr/cache/recipe/2019/03/30/57e49d6adf976f08d8188192fa379a3e1.jpg,,,
6909481,13,양념된 고기를 위에 올려주세요. (섞지 마세요~),https://recipe1.ezmember.co.kr/cache/recipe/2019/03/30/7c8bdfae7b9d9b900a5a412cb4aa5eb11.jpg,,,
6909481,14,그대로 뚜껑을 닫고 고기를 익혀 주세요.,https://recipe1.ezmember.co.kr/cache/recipe/2019/03/30/45f7ba33a6b14bf5712f388667b048891.jpg,,,
6909481,15,기름 없이 고기가 어느 정도 익었네요~,https://recipe1.ezmember.co.kr/cache/recipe/2019/03/30/177ff3c85166d7f0c090c3d48b1a95ed1.jpg,,,
6909481,16,맛있게 볶아 주세요.,https://recipe1.ezmember.co.kr/cache/recipe/2019/03/30/134a6d30ad42b44b78b307fef9887c801.jpg,,,
6909481,17,총 496kcal,https://recipe1.ezmember.co.kr/cache/recipe/2019/03/30/3dd54d544144b8eebb5280c8b115db3e1.jpg,,,
6909481,18,맛있게 드시고 다이어트 성공하세요~,https://recipe1.ezmember.co.kr/cache/recipe/2019/03/30/6efee18b3f97016cad0bd4c29c0d1cf11.jpg,,,
7072882,1,무는 깨끗하게 씻은 후 껍질을 제거하거나 지저분한 부분만 정리해 주세요. 신선한 무를 사용하면 단맛이 더 좋아 무생채 맛이 훨씬 살아나요. 무는 동그란 단면 방향이 아니라 길이 방향(세로)으로 채 썰어주세요. 이렇게 결대로 썰어주면 무가 쉽게 부러지지 않고 아삭한 식감이 오래 유지돼요. 두께는 약 0.3cm 정도로 일정하게 썰어주시는 것이 좋아요. 두께가 일정해야 양념이 고르게 배어들어 더 맛있는 무생채가 돼요,https://recipe1.ezmember.co.kr/cache/recipe/2026/03/11/19f016c53b5b2204f0b6a6591949e0081.jpg,,,
7072882,2,볼에 채 썬 무를 담고 고춧가루 2큰술을 먼저 넣어 버무려주세요. 양념을 한 번에 넣는 것보다 고춧가루로 먼저 색을 입혀주는 과정이 중요해요.,https://recipe1.ezmember.co.kr/cache/recipe/2026/03/11/aaca0105564c2162f0b86cbc27dcd9f71.jpg,,,
7072882,3,이 과정을 거치면 무에 붉은색이 훨씬 예쁘게 들고 무에서 수분이 덜 나오며 양념 색이 탁해지지 않아요. 무생채의 맛을 좌우하는 작은 팁이니 꼭 기억해 주세요,https://recipe1.ezmember.co.kr/cache/recipe/2026/03/11/b3b71e192c522ca045fbe134372ace0a1.jpg,,,
7072882,4,"고춧물이 예쁘게 들었다면 양념을 넣어주세요. 멸치 액젓 1.5큰술, 다진 마늘 0.5큰술, 식초 0.5큰술, 매실청 1.5~2큰술 쪽파가 없는 대신 마늘향이 잘 퍼지도록 조물조물 무쳐주세요. 무를 너무 오래 치대면 숨이 죽을 수 있으니 가볍게 섞듯이 무쳐주는 것이 좋아요. 간이 싱겁다면 액젓을 추가하기보다 소금을 한 꼬집씩 넣어 간을 맞춰주세요. 액젓을 너무 많이 넣으면 색이 탁해질 수 있어요.",https://recipe1.ezmember.co.kr/cache/recipe/2026/03/11/2472cfb0baea1fbae385e5d1fce320731.jpg,,,
7072882,5,마지막으로 통깨를 듬뿍 뿌려주면 아삭한 무생채 완성.,https://recipe1.ezmember.co.kr/cache/recipe/2026/03/11/03dd43bb4efe450e9b8d8dfe094e3ba51.jpg,,,
7072882,6,매실청을 사용하면 설탕보다 액체 성분이 많기 때문에 시간이 지나면 무에서 수분이 조금 더 나올 수 있어요. 하지만 그 국물이 정말 시원하고 맛있어요. 나중에 밥 비빌 때 무생채 국물까지 함께 넣어 비벼 드시면 정말 별미예요,https://recipe1.ezmember.co.kr/cache/recipe/2026/03/11/04b22e16d7906f6757881c370171a7571.jpg,,,
6910254,1,참치는 체에 올려 기름을 빼주세요. 체 뜨거운 물을 부어 기름을 제거해 주셔도 좋아요!,https://recipe1.ezmember.co.kr/cache/recipe/2019/04/11/3c9d85a14d6b9b72b255ff7b5f50317f1.jpg,,,
6910254,2,"기름을 제거한 참치에 케첩 1, 간장 1, 고추장 1.5, 물엿 1을 더해 골고루 섞어줍니다. 케첩과 물엿 대신 매실청 2큰술로 대체해 주셔도 좋아요.",https://recipe1.ezmember.co.kr/cache/recipe/2019/04/11/5d76e649804e4c8198088758b15bda801.jpg,,,
6910254,3,"(2)에 참기름 0.5큰술, 후추 1꼬집을 더해 골고루 버무려 참치쌈장을 만들어 줍니다. 다양한 비빔밥의 양념장으로 활용해도 좋아요!",https://recipe1.ezmember.co.kr/cache/recipe/2019/04/11/d6ea093ca8f08adfd32d8ca5505faa781.jpg,,,
6910254,4,그릇에 밥을 담아주고 씻은 상추를 잘게 찢어 올려줍니다. 깻잎이 있다면 적절히 섞어도 좋아요!,https://recipe1.ezmember.co.kr/cache/recipe/2019/04/11/3760bb901a933f21632056a2f9a361681.jpg,,,
6910254,5,달걀후라이도 하나 부쳐주시고요~,https://recipe1.ezmember.co.kr/cache/recipe/2019/04/11/5d1dcdc3692fcea5100caf65bbf68cfb1.jpg,,,
6910254,6,"밥위에 달걀후라이, 참치쌈장을 넉넉히 올려 상추비빔밥을 완성해 주세요!",https://recipe1.ezmember.co.kr/cache/recipe/2019/04/11/1e0d923d01e960cf1003de7ab330c93a1.jpg,,,
6910254,7,참치에 새콤달콤매콤한 양념이 더해져 살짝 느슨해진 입맛 돋우기에 딱 좋답니다 :),https://recipe1.ezmember.co.kr/cache/recipe/2019/04/11/ac74530253cc3c8df13f91d01610ec631.jpg,,,
6910254,8,간단한 한끼가 필요할 때! 직접 만든 참치쌈장을 더한 상추비빔밥으로 맛있는 한끼 식사해 보세요 :),https://recipe1.ezmember.co.kr/cache/recipe/2019/04/11/7fe037ba1a86bbf19ef1276061cf13c21.jpg,,,
6907366,1,옥수수 1컵을 물기를 빼고 준비해주세요.,https://recipe1.ezmember.co.kr/cache/recipe/2019/02/26/b3e8abec90cad95f1011352cba34f8d21.jpg,,,
6907366,2,"볼에 옥수수 콘 1컵을 담고 허니 머스터드 1, 마요네즈 1, 후춧가루 약간을 넣어 줍니다.",https://recipe1.ezmember.co.kr/cache/recipe/2019/02/26/295e7b074148f69ab915738aa269b3e71.jpg,,,
6907366,3,그리고 모차렐라치즈 1컵을 붓고 골고루 섞어 주세요.,https://recipe1.ezmember.co.kr/cache/recipe/2019/02/26/f6a912de2e91006244a514d8b41b9b761.jpg,,,
6907366,4,모닝빵 6개를 준비하고 가운데 부분을 사진처럼 파주세요. 가운데 속 파는 건 아이와 함께 하면 좋답니다.,https://recipe1.ezmember.co.kr/cache/recipe/2019/02/26/17c62fe37530fc407a5c938998f9f27b1.jpg,,,
6907366,5,모닝빵에 버무려 놓은 옥수수 콘치즈를 넣어주세요.,https://recipe1.ezmember.co.kr/cache/recipe/2019/02/26/daca59c471e66623a7384e879cb62f821.jpg,,,
6907366,6,"그리고 에어프라이어에 넣고 180도에서 10분 구워주세요. 에어프라이어가 없을 경우 오븐 또는 전자레인지를 이용하심 된답니다. 나머지 2개는 160도에서 10분 구웠습니다. 그랬더니 빵이 조금 덜 바삭했지만 치즈는 완벽하게 녹아 촉촉한 식감을 좋아하는 솔군에게 안성맞춤이었답니다. 갖고 계신 에어프라이어 용량, 온도 등 다르니 중간중간 체크해 주시는 게 제일 좋아유~ 전자레인지 , 에어프라이어",https://recipe1.ezmember.co.kr/cache/recipe/2019/02/26/87f39a7299cd4836b54e4a6c78c5a8481.jpg,,600,
6907366,7,180도에서 10분 구운 모습입니다.,https://recipe1.ezmember.co.kr/cache/recipe/2019/02/26/7026cf1a42d2c8921c4c86700754f6821.jpg,,600,
6907366,8,옥수수 콘치즈 모닝빵 완성 ^^,https://recipe1.ezmember.co.kr/cache/recipe/2019/02/26/9c177b767b571302edfb1927eef553191.jpg,,,
6995719,1,손질 오징어 대 사이즈는 흐르는 물에 헹궈서 세척한 뒤 칼로 적당한 두께로 썰어주세요.,https://recipe1.ezmember.co.kr/cache/recipe/2023/01/19/91af37993485a2b08c0b03ada54111851.jpg,,,
6995719,2,무 1/4토막 (250g)은 너무 두껍지 않게 나박 썰어주고 대파와 청양고추는 어슷 썰어주세요. 기호에 따라 청양고추는 생략해도 좋아요.,https://recipe1.ezmember.co.kr/cache/recipe/2023/01/19/9469e96a57daa8b590e79b4ea178b16e1.jpg,,,
6995719,3,냄비에 들기름 3스푼을 넣고 썰어둔 무와 오징어를 모두 넣어주세요. 무가 투명해질 정도로 중불에 볶아주세요.,https://recipe1.ezmember.co.kr/cache/recipe/2023/01/19/31962af7c1afe5cd978f444d37802f121.jpg,중불,,
6995719,4,"무가 투명해질 정도로 볶아졌다면 물 2컵(종이컵), 다진 마늘 1스푼, 액젓 2스푼, 국간장 1/5컵(종이컵)을 넣고 끓여줍니다.",https://recipe1.ezmember.co.kr/cache/recipe/2023/01/19/02851b86b19f3b1e7e4f2147f70f39f51.jpg,,,
6995719,5,무와 오징어에 양념을 졸이듯이 끓여주세요.,https://recipe1.ezmember.co.kr/cache/recipe/2023/01/19/afd0dfbd7591fc99c1d44315797abc5a1.jpg,,,
6995719,6,오징어와 무를 양념에 졸이듯이 바글바글 끓여주다가 물 종이컵 5컵을 부어서 팔팔 끓여줍니다.국물이 어느정도 우러났을 때쯤 간을 보고 부족한 간은 소금을 넣어서 맞춰주세요.,https://recipe1.ezmember.co.kr/cache/recipe/2023/01/19/ecc5b0afc83e15dd5c6fce995e973d311.jpg,,,
6995719,7,마지막으로 썰어둔 대파와 청양고추를 넣고 가볍게 끓여줍니다.,https://recipe1.ezmember.co.kr/cache/recipe/2023/01/19/e9476d2a8796ee8a89c0da8829ed8d2a1.jpg,,,
6995719,8,완성입니다.,https://recipe1.ezmember.co.kr/cache/recipe/2023/01/19/75a191cb626a2f624d8d2b688d6c42361.jpg,,,
6881308,1,냉장고에 굴러다니던 두부 1모~ 두부 1모는 네모네모 하게 큐브형태로 썰고~,https://recipe1.ezmember.co.kr/cache/recipe/2017/12/27/c713c38d72acd7230fe0f58861f77edf1.jpg,,,
6881308,2,"볼에담아 소금 반큰술넣어 부서지지 않게 잘 섞어주세요. 30분 있다가 물기는 빼주고,두부에 남은 물기는 키친타올로 제거해 줍니다.",https://recipe1.ezmember.co.kr/cache/recipe/2017/12/27/e28d2f4a0d59da7c5249f5a11bd2e7501.jpg,,1800,
6881308,3,위생봉투에 전분가루 넉넉히 넣고 물기제거한 두부를 넣고 열심히 흔들어서 두부 6면에 전분가루가 골고루 묻을 수 있도록 해주세요.,https://recipe1.ezmember.co.kr/cache/recipe/2017/12/27/44145156d4d6181e77b7f5c5bf4df9a01.jpg,,,
6881308,4,"팬에 기름을 넉넉히 두른 후, 전분가루 입힌 두부의 모든 면을 골고루 바삭하게 구워주세요.전분가루 특성상 굽는과정에서 서로 붙으니, 가능한 소량씩 띄워 굽는게 좋은데요.모양신경 안쓴다! 난 스킬이 있다! 하시면 그냥 한번에 구워주세요.구운 두부는 키친타올에 올려 기름을 빼주고",https://recipe1.ezmember.co.kr/cache/recipe/2017/12/27/1fe7866b2b73ba9f519b6c0e93e1704a1.jpg,,,
6881308,5,"고추가루 1/2큰술, 설탕 1큰술, 올리고당 1큰술, 고추장 1큰술반, 케챱 2큰술",https://recipe1.ezmember.co.kr/cache/recipe/2017/12/27/5ea616fe539c5ac51e1fe5a17acc07031.jpg,,,
6881308,6,"다진마늘 반큰술, 물 반컵 넣어 잘 섞어주세요.",https://recipe1.ezmember.co.kr/cache/recipe/2017/12/27/1db75ce8b5fe621099fde170dd22c29a1.jpg,,,
6881308,7,"두부 굽던 팬에 양념을 부어 약불로 끓이다가 끓기 시작하면,",https://recipe1.ezmember.co.kr/cache/recipe/2017/12/27/1058212255b1dc8e42f49d005f8a10841.jpg,약불,,
6881308,8,"미리 구웠던 두부를 넣고 양념에 고루 묻을 수 있게 고루고루 잘 볶아주세요. 혹시 완정 바삭한 식감을 원한다면,양념을 두부위에 부어주는게 나아요^^",https://recipe1.ezmember.co.kr/cache/recipe/2017/12/27/a6c36a08c4accbed79beedead1f374fa1.jpg,,,
6881308,9,"마지막으로 집에 견과류가 있다면, 견과류와 깨소금을 고루 뿌려 마무리 해줍니다.",https://recipe1.ezmember.co.kr/cache/recipe/2017/12/27/8ae1dda57ffc99a6a7f6cebe9c205a661.jpg,,,
6885704,1,닭가슴살을 깍뚝썰기 해주세요 카레.파슬리.소금.후추 뿌려주세요,https://recipe1.ezmember.co.kr/cache/recipe/2018/03/19/bb4043412e674e48890ec9dfe89b64bc1.jpg?w=1000,,,
6885704,2,이제 쭈물쭈물 해서 10분간 냉장고 숙성 시켜주세요,https://recipe1.ezmember.co.kr/cache/recipe/2018/03/19/a2cbc01a0510aea7038f1a1ede2bce321.jpg?w=1000,,600,
6885704,3,숙성이 끝나면 계란 흰자 밀가루 1 전분 3큰술넣어 주세요,https://recipe1.ezmember.co.kr/cache/recipe/2018/03/19/93f0fd5e392c7821d77d75c1c6eb74531.jpg?w=1000,,,
6885704,4,쪼물쪼물 반죽 해주세요,https://recipe1.ezmember.co.kr/cache/recipe/2018/03/19/84bc87af5e5336a22776213ad9f1dbf11.jpg?w=1000,,,
6885704,5,하나씩 조심히 넣어 튀겨주세요 한김 식힌뒤 한번 더 튀겨주셔야 바삭 바삭해져요,https://recipe1.ezmember.co.kr/cache/recipe/2018/03/19/45ddf753d7b4fe7a5327310a93a805631.jpg?w=1000,,,
6885704,6,기름 빼주시고 접시에 담아주시면 완성 이예요,https://recipe1.ezmember.co.kr/cache/recipe/2018/03/19/8969f7c8ce890a116f08451158db44ef1.jpg?w=1000,,,
6885704,7,냄비에 고추장2 간장1 설탕2 다진마늘1 올리고당2 간양파1 넣고 쫄여주세요 간 보시고 취향에 따라 케첩ㆍ올리고당 더 첨가 하셔서 입맛에 맞춰주세요,https://recipe1.ezmember.co.kr/cache/recipe/2018/03/19/fef29f559b77292e42360b3437445f201.jpg?w=1000,,,
6885704,8,후리이드반ㆍ양념반 완성 입니다,https://recipe1.ezmember.co.kr/cache/recipe/2018/03/19/cc82a8bf6f1e4cbe52ffa3937127c54a1.jpg?w=1000,,,
6885704,9,일회용 테이크아웃컵을 이용해 콜팝 (콜라.치킨) 만들었어요 아이들이 너무 좋아하네요,https://recipe1.ezmember.co.kr/cache/recipe/2018/03/19/35a83f9a4f93d090eaeaa56335c656671.jpg?w=1000,,,
7076383,1,신김치는 송송 썰어주세요. 신김치에 양념이 되어 있어. 다른 양념은 하지 않았어요.,https://recipe1.ezmember.co.kr/cache/recipe/2026/05/20/a0bde97046d9fa0957cb13d3262839d11.jpg?w=1000,,,
7076383,2,그리고 송송썬김치에 물 계란 밀가루,https://recipe1.ezmember.co.kr/cache/recipe/2026/05/20/b5942f1283d2052443240cadd7387ed41.jpg?w=1000,,,
7076383,3,반죽이 완성되면 후라이팬에 식용유 넉넉히 두르고 반죽을 넣어서 펴주세요. 얇게 펴주어야 전이 바삭해요.,https://recipe1.ezmember.co.kr/cache/recipe/2026/05/20/421f24598b09771c67ed1cf56cce2e4e1.jpg?w=1000,,,
7076383,4,시작할 때는 강불에 반죽 올리고 중약불로 앞뒤를 노릇하게 구워주세요.,https://recipe1.ezmember.co.kr/cache/recipe/2026/05/20/e27e4eec58889c712aaabee18232f36c1.jpg?w=1000,약불,,
6867166,1,파프리카는 한 입 크기로 썰어 준비한다. 파프리카 1+1/2개,https://recipe1.ezmember.co.kr/cache/recipe/2017/03/21/70337b1210e19bf8324dc45b06b6f4961.jpg,,,
6867166,2,"볼에 양념 재료를 모두 넣어 된장 소스를 만든다. [양념재료] 된장 1T, 다진마늘 1/2T, 올리고당 1T, 고춧가루 1/2T, 참깨 1/2T, 참기름 1T 볼",https://recipe1.ezmember.co.kr/cache/recipe/2017/03/21/c3ec95486a12138efc0685abea0d0efd1.jpg,,,
6867166,3,만들어 놓은 된장 소스에 파프리카를 넣어 버무려 완성한다.,https://recipe1.ezmember.co.kr/cache/recipe/2017/03/21/5e2d1d31966a1191c4e4a42eb54580e91.jpg,,,
6869920,1,콩나물은 깨끗하게 씻어서 준비해주세요,https://recipe1.ezmember.co.kr/cache/recipe/2017/05/17/218b6dcdf5d5c17ddf3883befda07fab1.jpg,,,
6869920,2,양파는 얇게 채썬후 찬물에 담궈 매운기를 빼주세요,https://recipe1.ezmember.co.kr/cache/recipe/2017/05/17/fbcbbccfee6d660745f54d237984fbb51.jpg,,,
6869920,3,크래미나 맛살을 3등분한후 손으로 쭉쭉 찢어주세요,https://recipe1.ezmember.co.kr/cache/recipe/2017/05/17/cc52979299cbdbd210ab001b128dcf981.jpg,,,
6869920,4,당근과 오이도 채썰어주세요,https://recipe1.ezmember.co.kr/cache/recipe/2017/05/17/83b8c33262d2a0aa6a6be246a1554ff11.jpg,,,
6869920,5,물이 끓으면 소금 한스푼 넣고 콩나물을 넣고 끓여주세요 3분정도 데쳐주면 적당해요!,https://recipe1.ezmember.co.kr/cache/recipe/2017/05/17/76923965217b207f9522f09e2a50f6d81.jpg,,180,
6869920,6,3분후 찬물에 바로 담구면 아삭해져요,https://recipe1.ezmember.co.kr/cache/recipe/2017/05/17/ad0020b7c16756c341a964bcaf8aa8de1.jpg,,180,
6869920,7,양파도 체에 받쳐 물기를 빼주세요,https://recipe1.ezmember.co.kr/cache/recipe/2017/05/17/997959746b1f1ea0969189a3a91b67ab1.jpg,,,
6869920,8,야채를 물기빠지는 동안 소스를 만들어주세요 겨자는 취향에 맞게 조절해주시면 되요^^,https://recipe1.ezmember.co.kr/cache/recipe/2017/05/17/94ea3902ff6fe818df8584798b7119721.jpg,,,
6869920,9,야채와 소스를 넣고 젓가락으로 살살 섞어주세요,https://recipe1.ezmember.co.kr/cache/recipe/2017/05/17/d9aef3e243e143bd3ad6e25571adc8e01.jpg,,,
7062176,1,1. 달걀은 중강불에 13분 완숙으로 삶아주세요. 2. 그 사이에 베이컨은 취향껏 썰어 팬에 바싹 구워주세요. 3. 다 삶아진 달걀은 4등분으로 썰어주세요.,https://recipe1.ezmember.co.kr/cache/recipe/2025/09/08/c01902442d0eb9f736758ee542a43e481.jpg?w=1000,강불,780,
7062176,2,3. 데친 브로콜리는 물기 빼고 먹기 좋게 썰어주세요. 4. 넓은 그릇에 썰어낸 재료들을 넣어주세요.,https://recipe1.ezmember.co.kr/cache/recipe/2025/09/08/6f4be245e3c8c49510f2e8c434417ef31.jpg?w=1000,,,
7062176,3,"5. 알룰로스 1스푼, 간장 1스푼, 마요네즈 2-3스푼, 갈은 깨 2-3스푼 넣어주세요.",https://recipe1.ezmember.co.kr/cache/recipe/2025/09/08/7f3594911342f6bf804f3be6ad78397a1.jpg?w=1000,,,
7062176,4,6. 살살 섞어주며 잘 비벼주면 끝! (노른자가 으깨지거나 빠져도 상관 없어요),https://recipe1.ezmember.co.kr/cache/recipe/2025/09/08/e5c59914e37ad843c9bb37a87ed4d64b1.jpg?w=1000,,,
6917129,1,모든 재료를 썰어주신 다음 준비된 냄비에 감자를 맨 밑에 깔고 양파를 올려주고 청양고추를 올려주세요 순서 - 감자 > 양파 > 청양고추 감자를 맨밑에 까는 이유는 감자가 다른 야채들보다 익는 시간이 길어서예요,https://recipe1.ezmember.co.kr/cache/recipe/2019/08/08/a0908b13187d204a5da7701f0fa620371.jpg,,,
6917129,2,"준비된 양념장을 올려주세요 마늘 1T, 고추장 1T, 설탕 0.5T, 고춧가루 1T, 진간장 2T, 참기름 1T 저는 따로 따로 넣었지만 양념을 한번에 만들어 넣어주면 더 좋아요",https://recipe1.ezmember.co.kr/cache/recipe/2019/08/08/f20a1b452c7ee90c413e3e610b418af31.jpg,,,
6917129,3,양념을 넣고 참치를 넣어주시고 참치캔으로 물 3캔을 넣어주세요 감자가 익었으면 준비해둔 파를 넣고 마무리 해주세요 강불 > 약불 밑에서 부터 휘휘 섞어주세요 감자가 눌러붙지않게 중간중간 저어주고 센불로 끓이다 한번 끓어오르면 약불로 줄여서 졸여주세요,https://recipe1.ezmember.co.kr/cache/recipe/2019/08/08/98e23ecaed1812a30096d945d42ef4441.jpg,약불,,
6917129,4,충분히 졸여주면 완성이예요,https://recipe1.ezmember.co.kr/cache/recipe/2019/08/08/e24be078ef1feafb6212ab4039a39ce71.jpg,,,
6829454,1,소스의 재료를 섞어 데리야끼 소스를 만들어 둔다. 생강가루 대신 생강을 쓸 경우 갈아서 즙만 내어쓰면 된다.,https://recipe1.ezmember.co.kr/cache/recipe/2015/06/29/f85ff49f0f15c198d0760bc97260473b1.jpg,,,
6829454,2,버섯은 한입 크기로 썬다.,https://recipe1.ezmember.co.kr/cache/recipe/2015/06/29/8f1f573d1b9e6971ae049cb93b6dd2381.jpg,,,
6829454,3,팬에 오일을 2T정도 두르고 다진 마늘을 볶아 향을 낸다.,https://recipe1.ezmember.co.kr/cache/recipe/2015/06/29/50881cdc1fd508dde376d8374566bef51.jpg,,,
6829454,4,"버섯은 단단한 것을 먼저 넣고 볶는데 너무 뒤적이지 않아야한다. 중불 정도에서 버섯이 노릇해질 정도로만 볶아준다. 이때 소금, 후추를 넣어 살짝 간한다.",https://recipe1.ezmember.co.kr/cache/recipe/2015/06/29/aec1dce22618e5034fed6bc2102d26fc1.jpg,중불,,
6829454,5,"버섯이 볶아지면 아까 만들어 둔 데리야끼 소스를 넣는데, 버섯양에 따라 넣는 양이 달라지므로 1-2T 정도를 넣어 볶아보고 싱거우면 더 넣는 식으로 간을 맞추면 된다.",https://recipe1.ezmember.co.kr/cache/recipe/2015/06/29/a3b44f408c94368542fd01ab634072c81.jpg,,,
6829454,6,적당히 버섯에 윤기가 돌고 간이 맞으면 된다.,https://recipe1.ezmember.co.kr/cache/recipe/2015/06/29/8f67d42340fbda429aa9f6e4a7016d2c1.jpg,,,
6829454,7,"래디쉬는 슬라이스 하고, 잎채소는 깨끗이 씻어 물기를 탈탈 털어 준비.",https://recipe1.ezmember.co.kr/cache/recipe/2015/06/29/a14b3d4529c5fda85696a598155febef1.jpg,,,
6829454,8,잎채소와 래디쉬를 접시에 깔아준다.,https://recipe1.ezmember.co.kr/cache/recipe/2015/06/29/347240c2b3a07d4a578f21c52215e1051.jpg,,,
6829454,9,그 위에 버섯을 올리면 완성.,https://recipe1.ezmember.co.kr/cache/recipe/2015/06/29/fc624fd43999ed8a7acfdc74fd2153f01.jpg,,,
6829454,10,"아까 남겨둔 데리야끼 소스 1/2T에 발사믹 식초 1T, 올리브오일 1T를 넣고 잘 섞어서 위에 뿌린다. 이것대신 발사믹 크림을 예쁘게 뿌려도 됨.",https://recipe1.ezmember.co.kr/cache/recipe/2015/06/29/2cb922bae346460fc1a59b4b87c99dec1.jpg,,,
6870648,1,오늘의 주재료 깻잎과 참치입니다 :),https://recipe1.ezmember.co.kr/cache/recipe/2017/06/01/7c7cfbf3c8e936e166dbd8bd501430d61.jpg,,,
6870648,2,· 깻잎은 물에 깨끗이 씻은 뒤,https://recipe1.ezmember.co.kr/cache/recipe/2017/06/01/b219b48d97b692c83d4ed72ebfb3bde31.jpg,,,
6870648,3,꼭지를 잘라줍니다,https://recipe1.ezmember.co.kr/cache/recipe/2017/06/01/3acc39037c58fe375b7a4802fa0e360c1.jpg,,,
6870648,4,· 끓는 물에 5초간 살짝 데친 뒤,https://recipe1.ezmember.co.kr/cache/recipe/2017/06/01/6bc32dd01652eca8f694ec479bd02f071.jpg,,5,
6870648,5,찬물에 식혀줍니다,https://recipe1.ezmember.co.kr/cache/recipe/2017/06/01/f9d75584422180a352b3a87ce71b8adf1.jpg,,,
6870648,6,· 찬물로 식힌 뒤 물기를 빼주는데 시간이 있으신 분들은 자연건조로 물기를 빼주는 게 좋습니다만 저는 시간이 없어서 손으로 물기를 꽉 짜줬습니다 :D 헤헿 깻잎이 찢어지지 않을 정도로만 짜 주셔야 합니다,https://recipe1.ezmember.co.kr/cache/recipe/2017/06/01/ca8c66db1ac105c157b848130f476a8f1.jpg,,,
6870648,7,· 물기를 짜준 뒤 하나씩 일일이 다 펴주는 것도 일입니다 ㅠㅠ...,https://recipe1.ezmember.co.kr/cache/recipe/2017/06/01/b4e1ebfb159eac4fffff93c4a6b78b671.jpg,,,
6870648,8,참치 쌈장 만들 차례 · 참치는 기름을 빼 주고,https://recipe1.ezmember.co.kr/cache/recipe/2017/06/01/bf1c945fa0c1fb970bd9c5a8b7960af71.jpg,,,
6870648,9,"· 참치 쌈장을 만들어 줍니다 참치 쌈장 ※양념장 【 참치 1 캔, 된장 0.5 큰 술, 쌈장 0.5 큰 술, 다진 마늘 0.5 큰 술, 참기름 1 큰 술, 통깨 1 큰 술, 후춧가루 약간 】 -밥숟가락 계량 ( 입맛에 따라 원하는 양념을 추가해 넣으세요 :D) *아이들이랑 같이 먹을 경우 참치와 마요네즈를 섞어서 만들어도 맛있습니다 :) 그렇게 하면 참치마요네즈 +0+!!",https://recipe1.ezmember.co.kr/cache/recipe/2017/06/01/bc67e7985c7ccba07ac3415fcf770bb81.jpg,,,
6870648,10,· 잘 섞어주면 참치 쌈장 완성!!,https://recipe1.ezmember.co.kr/cache/recipe/2017/06/01/62d76bc96a962c483e0314887afd1cdd1.jpg,,,
6870648,11,· 밥 3인분 + 참기름 2 큰 술 + 소금 약간 + 통깨 솔솔 소금 대신에 맛소금 뿌리면 더 맛나요 :),https://recipe1.ezmember.co.kr/cache/recipe/2017/06/01/10ec53937ae6a9dfad0b330bd62f1f051.jpg,,,
6870648,12,준비 완료!!,https://recipe1.ezmember.co.kr/cache/recipe/2017/06/01/e929e18f4071042498bdbda06bf52fc31.jpg,,,
6870648,13,· 깻잎 뒷면에 참치 쌈장과,https://recipe1.ezmember.co.kr/cache/recipe/2017/06/01/fa655b702b2d6b553e89c909d36016be1.jpg,,,
6870648,14,밥을 올려주고,https://recipe1.ezmember.co.kr/cache/recipe/2017/06/01/964ca7d73f654e1550c76435ec29d04f1.jpg,,,
6870648,15,· 옆부터 감싸고 앞뒤로 착착 접어서 쌈밥을 만들어 주면 됩니다 :),https://recipe1.ezmember.co.kr/cache/recipe/2017/06/01/be7488cb1a87ec14913c978ead93e6861.jpg,,,
6870648,16,· 깻잎 사이즈가 작은 것들은 돌돌 말아주기만 했어요 +0+ㅎㅎ,https://recipe1.ezmember.co.kr/cache/recipe/2017/06/01/daa9063012ecd4b901331f3fcf2c25ba1.jpg,,,
6870648,17,· 접시에 차곡차곡 쌓아주면 완성!!,https://recipe1.ezmember.co.kr/cache/recipe/2017/06/01/fce21826fe3150f185cf1d39570b5b371.jpg,,,
6870648,18,한 입에 쏙쏙 먹기 좋은 향긋한 깻잎 쌈밥 참치 쌈장도 반찬으로 먹기 좋으니까 남으면 냉장보관하셔서 반찬으로 드세용,https://recipe1.ezmember.co.kr/cache/recipe/2017/06/01/16bd2e6ebc263e46fd50aaa3a35c3b351.jpg,,,
6979678,1,"먼저 닭다리살은 흐르는 물에 깨끗이 씻은 후 한입 크기로 잘라주시고, 양파와 버섯도 얇게 채썰어서 준비해주세요! 닭다리살 손질할 때는 흐르는 물로 고기에 있는 불순물이나 하얀 기름부분?을 떼어내주시면 돼요:) 닭다리살,양파,계란",https://recipe1.ezmember.co.kr/cache/recipe/2022/05/19/efc259d999c65373b7bc77e8ee9ced831.jpg,,,
6979678,2,"진간장,설탕,맛술,굴소스,꿀을 모두 넣고 잘 섞어준 뒤 소스는 잠시 대기시켜주세요! 진간장 3T, 설탕 1.5T~2T, 맛술 1T, 굴소스 1T, 꿀 1/2T 꿀은 생략 가능합니다!",https://recipe1.ezmember.co.kr/cache/recipe/2022/05/19/1c5babddb69649a2be09b8be30338bf21.jpg,,,
6979678,3,계란도 잘 풀어서 준비해주세요! 너무 완벽하게 풀어지지 않아도 괜찮아요:),https://recipe1.ezmember.co.kr/cache/recipe/2022/05/19/d86d9e21b7feabe4ca18d9520a59a3501.jpg,,,
6979678,4,"팬에 기름을 조금 두르고, 닭다리살 껍질 부분이 아래로 가게 해서 구워주세요~ 중강불",https://recipe1.ezmember.co.kr/cache/recipe/2022/05/19/9c5b3dcea6d357684dbfcbc7540e4f771.jpg,강불,,
6979678,5,닭다리살 겉면이 전체적으로 하얗게 익었다면 아까 썰어놓은 양파를 넣고 양파가 아래쪽으로 가도록 해주세요! 그래야 양파가 닭다리살의 기름으로 금방 익는답니다:) 양파가 투명해질 때까지 잘 볶아주세요~ 중강불,https://recipe1.ezmember.co.kr/cache/recipe/2022/05/19/5f51acf84518e4b5f2c97b5a229057c61.jpg,강불,,
6979678,6,양파와 고기가 어느정도 익었다면 물 적당량(자작하게 깔릴 정도만)과 아까 만들어놓은 양념장을 모두 넣어주세요! 혹시 물 양이 많다면 중간에 국자로 퍼내주면 되니 너무 걱정하지 마세요:) 중강불,https://recipe1.ezmember.co.kr/cache/recipe/2022/05/19/aba09121a93866cc522052b9822f24b01.jpg,강불,,
6979678,7,혹시 버섯도 넣으실 분은 사진처럼 양념이 좀 자작해졌을 때 넣어주시면 됩니다! 버섯을 안넣으실 분은 계속 졸여주세요~ 중약불,https://recipe1.ezmember.co.kr/cache/recipe/2022/05/19/9a12b15df432077eec035d2c9bbbf2151.jpg,약불,,
6979678,8,"양념이 거의 졸아서 밥에 비벼먹기 딱 좋은 양이 되었다면 아까 풀어놓은 계란을 넣어주세요! 계란은 너무 많이 휘젓지 말고, 손에 힘을 뺀 상태에서 가볍게만 저어주시면 돼요:) 계란이 적당히 반숙으로 익으면 오야꼬동 99% 완성! 약불 계란을 완전히 익혀버리면 조금 뻑뻑해질 수 있으니 반숙으로 익혀주세요...!",https://recipe1.ezmember.co.kr/cache/recipe/2022/05/19/bcc77be6954a37e8e58b572e69161e261.jpg,약불,,
6979678,9,밥에 얹어서 위에 고춧가루를 취향껏 뿌려드시면 단짠단짠 '오야꼬동' 완성입니다:),https://recipe1.ezmember.co.kr/cache/recipe/2022/05/20/a1f9a4ca20d979584e543fce6de5ede21.jpg,,,
6840267,1,준비한 채소를 채썰어줍니다. 깻잎대신 무순이나 청양고추를 넣어주셔도 됩니다.,https://recipe1.ezmember.co.kr/cache/recipe/2015/12/18/f38a99babdffa34ea7369a20d10ceece1.jpg?w=1000,,,
6840267,2,베이컨도 준비하구요,https://recipe1.ezmember.co.kr/cache/recipe/2015/12/18/012e3fc1bcfe38aba966bd6eb8c986121.jpg?w=1000,,,
6840267,3,베이컨의 끝부분에 준비한 재료를 얹고 김밥 말듯이 돌돌 말아줍니다.,https://recipe1.ezmember.co.kr/cache/recipe/2015/12/18/258b1b882b8b5850116c8bd1cd532d731.jpg,,,
6840267,4,마지막 끝부분이 아래로 가게해서 차곡차곡 쌓아주세요.,https://recipe1.ezmember.co.kr/cache/recipe/2015/12/18/7a764616ac4b33008232c0d333b7ae0c1.jpg?w=1000,,,
6840267,5,달구어진 후라이팬에 기름없이 베이컨 말아진 끝부분이 밑으로해서 올려줍니다. 그러면 흐트러지지않게 구워낼 수 있습니다. 베이컨만 골고루 익으면 됩니다.,https://recipe1.ezmember.co.kr/cache/recipe/2015/12/18/87ad5eb1fb7e1a548eef7015102071891.jpg?w=1000,,,
6887489,1,새송이버섯을 적당한 크기로 잘라준다,https://recipe1.ezmember.co.kr/cache/recipe/2018/04/18/a4594ca41e59d6ee96f9c1cb0a63244f1.png?w=1000,,,
6887489,2,물과 튀김가루를 넣고 반죽을 만든다,https://recipe1.ezmember.co.kr/cache/recipe/2018/04/18/de716293c58016da9bdd68b80c27f8ff1.png?w=1000,,,
6887489,3,튀김반죽에 자른 새송이버섯을 너어 잘 섞어준다,https://recipe1.ezmember.co.kr/cache/recipe/2018/04/18/08f2b7984e51fae801b9c8ada140ed3a1.png?w=1000,,,
6887489,4,새송이버섯을 튀긴다,https://recipe1.ezmember.co.kr/cache/recipe/2018/04/18/4b7e3826f0f6788058437524dd347ad41.png?w=1000,,,
6887489,5,튀긴새송이 버섯을 프라이팬에 올리고 소스를 뿌린 후 약불에서 잘 섞어준다,https://recipe1.ezmember.co.kr/cache/recipe/2018/04/18/9c30ccdda0f843d4ab5062183829bc471.png?w=1000,약불,,
6884578,1,먼저 냉동만두는 해동해주시고요. 밥 한 그릇과 다진 마늘을 준비해요. ** 대파 있으시면 대파도 준비해주세요. 저는 하필 대파가 똑떨어지는 바람에 다진 마늘만 준비했네요. **,https://recipe1.ezmember.co.kr/cache/recipe/2018/02/26/04020bdd2d5c2168645082ed0adbda4d1.jpg,,,
6884578,2,"중약 불로 예열한 팬에 식용유 3 큰 술을 두르고, 다진 마늘을 노릇하게 볶아줍니다. ** 대파 있으신 분들은 대파도 같이 볶아주세요. **",https://recipe1.ezmember.co.kr/cache/recipe/2018/02/26/d68778a4768036ea4e71e6344b9ea9b41.jpg,,,
6884578,3,해동한 만두를 숟가락으로 으깨서 가볍게 볶아주세요.,https://recipe1.ezmember.co.kr/cache/recipe/2018/02/26/7d6a09ef5191f25d4fef70367d70db3e1.jpg,,,
6884578,4,밥 한 그릇을 넣고 잘 섞어주시고요. 굴 소스로 간을 해줍니다. ** 만두에도 간이 되어 있기 때문에 굴 소스는 처음부터 많이 넣지 않기로 해요. **,https://recipe1.ezmember.co.kr/cache/recipe/2018/02/26/851edff5d45b235b5ed2af94f5e6f1501.jpg,,,
6884578,5,"만두볶음밥은 한쪽으로 밀어주시고요. 계란 하나를 톡 깨서 스크램블 해줍니다. 스크램블이 70% 정도 익으면 가스불을 꺼주시고요. 스크램블과 볶음밥을 잘 섞어주세요. 그리고 나서 참기름 1 큰 술과 후추, 통깨를 약간 넣고 잘 섞어주기만 하면 만두볶음밥 만들기, 끝!",https://recipe1.ezmember.co.kr/cache/recipe/2018/02/26/73b23aef14a8c4c018cf244d3ecd4c291.jpg,,,
6884578,6,"냉동만두로 볶음밥 만들기는 처음인데, 아 이거 정말 맛있네요 +_+ 아이도 한 입 먹어보더니 눈을 동그랗게 뜨고는 진짜 맛있다고 엄지를 척!!! 심지어 냄새까지 좋다고 계속해서 감탄을 하더라고요 ㅋㅋㅋㅋ",https://recipe1.ezmember.co.kr/cache/recipe/2018/02/26/3bb878632a057d04bc36172051a961c21.jpg,,,
6884578,7,냉동만두 있으시면 꼭 한 번 만들어드셔보시라능 :),https://recipe1.ezmember.co.kr/cache/recipe/2018/02/26/844a0684ff4de0e493f23ba8a0f1b65a1.jpg,,,
6924603,1,두부 1모는 깍뚝썰어주세요~,https://recipe1.ezmember.co.kr/cache/recipe/2020/01/06/12da04b108a12b62e58252a9c26cb54b1.jpg,,,
6924603,2,비닐 봉지에 전분가루 1컵 넣고 썰어둔 두부 넣고 전분가루가 묻도록 흔들어줍니다.,https://recipe1.ezmember.co.kr/cache/recipe/2020/01/06/ee2f0f3ab2a75e7fe42fb471b41cf60c1.jpg,,,
6924603,3,후라이팬에 식용유 넉넉히 두르고 전분가루 묻은 두부 넣고 사방으로 노르스름하게 구워줍니다.,https://recipe1.ezmember.co.kr/cache/recipe/2020/01/06/b70fc31432307dc2f18f35341479ad011.jpg,,,
6924603,4,구운 두부는 키친타월에 올려 잠시 기름기를 빼주고요.,https://recipe1.ezmember.co.kr/cache/recipe/2020/01/06/2aee696be863fc9528dfeb55d27aabfe1.jpg,,,
6924603,5,두부 구운 후라이팬에 분량의 양념장을 넣고 바글바글 끓여주다가..,https://recipe1.ezmember.co.kr/cache/recipe/2020/01/06/afbc47414d364c055e5fd6909565c62e1.jpg,,,
6924603,6,불 끄고 구운 두부 넣고 골고루 묻혀줍니다.,https://recipe1.ezmember.co.kr/cache/recipe/2020/01/06/f7cc0ad727d7cec379bfd59e14938eff1.jpg,,,
6924603,7,마지막에 통깨 한큰술 뿌려주면 두부 강정 완성입니다.,https://recipe1.ezmember.co.kr/cache/recipe/2020/01/06/4d741f5db24452fef182234f9658fc0c1.jpg,,,
6895214,1,재료를 준비해주세요~.,https://recipe1.ezmember.co.kr/cache/recipe/2018/09/03/de9fb7ab79c5a6b713f7a8ca43ee21071.jpg?w=1000,,,
6895214,2,식빵을 가로 1cm × 세로1cm 크기로 잘라서 준비해주세요~.,https://recipe1.ezmember.co.kr/cache/recipe/2018/09/03/59fcf4bd5a6bcda46e49480b3fe7e3901.jpg?w=1000,,,
6895214,3,마른팬에 자른 식빵을 넣고 중불에서 10분정도 구워주세요~.,https://recipe1.ezmember.co.kr/cache/recipe/2018/09/03/fbba109a9bc8bd96cd2f926a5c6da9df1.jpg?w=1000,중불,600,
6895214,4,식빵겉면이 딱딱해진느낌이면 된거에용~~~!!! 식빵에 색이 안나게 하는게 모양이 예뻐서 중불에 오래도록 구워주는것이랍니다~.,https://recipe1.ezmember.co.kr/cache/recipe/2018/09/03/b7539067f906f38afaaa20c95ce2f5801.jpg?w=1000,중불,,
6895214,5,잘구워진식빵을 체에받쳐서 빵가루를털어내주세요~.,https://recipe1.ezmember.co.kr/cache/recipe/2018/09/03/8f9e349c412301c668d034f13ca3ac791.jpg?w=1000,,,
6895214,6,팬에 설탕과 물을 넣고 센불에서 절대로 젓지말고 녹여주세요~.,https://recipe1.ezmember.co.kr/cache/recipe/2018/09/03/580f54432b6e00a46e12e19ca4bd9b3e1.jpg?w=1000,강불,,
6895214,7,설탕이 모두 녹았으면 중불로 낮춰준뒤에 버터를 넣고 녹여주세요~.,https://recipe1.ezmember.co.kr/cache/recipe/2018/09/03/a5e9c1cc743434e7a8a83ac49b38f87d1.jpg?w=1000,중불,,
6895214,8,버터가 다 녹았다면 우유를 넣어주세요~.,https://recipe1.ezmember.co.kr/cache/recipe/2018/09/03/687072bd9bb5b4c0c6768e1942b37a291.jpg?w=1000,,,
6895214,9,중불에서 늘러붙지않게 계속 휘저어가면서 캬라멜색이날때까지끓여주세요~.,https://recipe1.ezmember.co.kr/cache/recipe/2018/09/03/d0a74ebe52a5603e609781293bcfb5aa1.jpg?w=1000,중불,,
6895214,10,캬라멜색이나면 불을 약불로 줄여주세요~.,https://recipe1.ezmember.co.kr/cache/recipe/2018/09/03/3a43d1ff21905e435c840c2b165c299c1.jpg?w=1000,약불,,
6895214,11,아까 구워두었던식빵을 캬라멜소스에 넣고 약불에서 30초정도 재빠르게 볶아주세요~.,https://recipe1.ezmember.co.kr/cache/recipe/2018/09/03/3fc251abeff7a476b96b70ebca86ada61.jpg?w=1000,약불,30,
6895214,12,캬라멜소스를 식빵에 골고루 뭍혀주세요~.,https://recipe1.ezmember.co.kr/cache/recipe/2018/09/03/70253df46ea3c5403b11a5a551ec80241.jpg?w=1000,,,
6895214,13,쟁반에 호일이나 종이를 깔아주세요~.,https://recipe1.ezmember.co.kr/cache/recipe/2018/09/03/a180afeba4cc436eda50f20cb82c84041.jpg?w=1000,,,
6895214,14,식빵팝콘을 쟁반에 부은 후 식혀서 드시면 완성이랍니다~~~!!!♡♡♡,https://recipe1.ezmember.co.kr/cache/recipe/2018/09/03/ede8aa4fcff6b49ec39b8a95ab599b491.jpg?w=1000,,,
6873881,1,"양파는 채 썰고 대파는 송송 썰어 준비한다. 양파 1/2개, 대파 1대",,,,
6873881,2,"볼에 양념 재료를 넣고 양념장을 만든다. [양념] 설탕 1T, 간장 1/2T, 맛술 1T, 된장 1T, 다진 마늘 1/2T, 올리고당 1T, 참기름 1T, 물 2T 볼",https://recipe1.ezmember.co.kr/cache/recipe/2017/08/01/20c0f90af8958300a73a76ac7897b1d51.png,,,
6873881,3,양념장에 고기를 넣고 잘 버무린다. 대패 삼겹살 200g,https://recipe1.ezmember.co.kr/cache/recipe/2017/08/01/90556c2a08d0b32ead141f5c1f71bf3c1.png,,,
6873881,4,팬에 식용유를 두르고 양파를 넣어 볶는다. 식용유 약간 팬,https://recipe1.ezmember.co.kr/cache/recipe/2017/08/01/e7cab68975f04ea7b4731fdbc2226d7e1.png,,,
6873881,5,양파가 살짝 익으면 양념된 고기를 넣고 익힌다.,https://recipe1.ezmember.co.kr/cache/recipe/2017/08/01/83d91c284d67d161b8f5f151ed0bc4a91.png,,,
6873881,6,고기가 다 익으면 밥 위에 고기를 올린 후 대파를 뿌린다. 밥 1공기,https://recipe1.ezmember.co.kr/cache/recipe/2017/08/01/ec6973e8b13dafd12491fba6f8cf6a541.png,,,
6973460,1,두부면 흐르는 물에 씻어 체에 밭치기,https://recipe1.ezmember.co.kr/cache/recipe/2022/01/25/163ba7ade6e452ac30e1d3d6d1416ab21.jpg?w=1000,,,
6973460,2,(중약불) 버섯 먹기좋게 찢어서 기름1T 두르고 볶기,https://recipe1.ezmember.co.kr/cache/recipe/2022/01/25/342434ea71fb212e7448aa1f3e8291f21.jpg?w=1000,약불,,
6973460,3,버섯이 약간 흐물해지면 두부면 넣고 골고루 섞어가며 볶기,https://recipe1.ezmember.co.kr/cache/recipe/2022/01/25/074453a7f3645425aa626feb9e8a64101.jpg?w=1000,,,
6973460,4,(약불)간장1T 넣고 골고루 섞기,https://recipe1.ezmember.co.kr/cache/recipe/2022/01/25/dc4ad96d01285b5210dd7ad7b34ae0031.jpg?w=1000,약불,,
6973460,5,빠르게섞기 ( 한부분만 짤 수 있어요),https://recipe1.ezmember.co.kr/cache/recipe/2022/01/25/c1145d051b7ef13884d468e9d55cb1e31.jpg?w=1000,,,
6973460,6,0.7T추가 (간 보고 추가),https://recipe1.ezmember.co.kr/cache/recipe/2022/01/25/1d9720f439553fd74e9de13102c377b31.jpg?w=1000,,,
6973460,7,가운데 계란이 들어갈 공간 만들어요,https://recipe1.ezmember.co.kr/cache/recipe/2022/01/25/ca38f46ed3c0d21f6c28fec3cd3b60991.jpg?w=1000,,,
6973460,8,구멍에 계란을 쏙 ~,https://recipe1.ezmember.co.kr/cache/recipe/2022/01/25/361c14a8dbb78e01dd51cf9d56aa4f101.jpg?w=1000,,,
6973460,9,뚜껑닫아 익혀서 완숙으로 또는 스크램블로 (생략도가능),https://recipe1.ezmember.co.kr/cache/recipe/2022/01/25/6ed4a0c2a55a1e0e1fc3ee1cd6989d771.jpg?w=1000,,,
6973460,10,저는 흰자만 익혀서 ~,https://recipe1.ezmember.co.kr/cache/recipe/2022/01/25/793c1cc2defe4a1dc778e1cfdb984eef1.jpg?w=1000,,,
6973460,11,"김, 깨 뿌리기",https://recipe1.ezmember.co.kr/cache/recipe/2022/01/25/842f8817388549ec3ecda159e1a1389e1.jpg?w=1000,,,
6973460,12,"조미김, 조미안된김 간 조절해주세요",https://recipe1.ezmember.co.kr/cache/recipe/2022/01/25/faefcc27debe815bde88b559b7cd06cf1.jpg?w=1000,,,
6973460,13,"조미김, 조미안된김 간 조절해주세요",https://recipe1.ezmember.co.kr/cache/recipe/2022/01/25/83e10ea3916ec3f0162a834cce2ecaa51.jpg?w=1000,,,
6973460,14,섞어섞어 드시면 됩니다,https://recipe1.ezmember.co.kr/cache/recipe/2022/01/25/45e9c8e5f161177dcefc46a27fe7c4d91.jpg?w=1000,,,
6973460,15,꼬소~담백,https://recipe1.ezmember.co.kr/cache/recipe/2022/01/25/46a961c22b361ab806b7852d5665e3121.jpg?w=1000,,,
6973460,16,비벼드세용,https://recipe1.ezmember.co.kr/cache/recipe/2022/01/25/0c6d5ac14ce74a85a12607313b964f341.jpg?w=1000,,,
6887398,1,재료준비 - 소고기는 미리 키친타올에 올려 핏물을 제거해주세요.,https://recipe1.ezmember.co.kr/cache/recipe/2018/04/16/14606ea1f3edfc446ef5cf03b1353ec21.jpg,,,
6887398,2,- 오이는 굵은 소금 반줌 정도 쥐고 문지른 후 물에 세척하기,https://recipe1.ezmember.co.kr/cache/recipe/2018/04/16/33eec2e7606a3e11d148278423b10abe1.jpg,,,
6887398,3,- 고기 양념장 재료 모두 섞은 후 소고기 재워놓기,https://recipe1.ezmember.co.kr/cache/recipe/2018/04/16/0bad8fa26882f3b62d7319f35dc97aa21.jpg,,,
6887398,4,- 세척한 오이 동그란 모양대로 최대한 얇게 썰기 - 소금 1/3큰술 넣어 절이기,https://recipe1.ezmember.co.kr/cache/recipe/2018/04/16/8e9e717580d219f1882243ac3e4e17531.jpg,,,
6887398,5,40분 이상 절인 오이를 보면 흐물흐물할거에요. - 물에 2~3정도 헹궈 물기 꽉 짜서 준비,https://recipe1.ezmember.co.kr/cache/recipe/2018/04/16/3998d0f06d9604587d8072e1dccac5ab1.jpg,,2400,
6887398,6,"- 팬에 기름 조금 두른 후 재운 소고기, 다진마늘, 다진 파 넣어 센불에서 볶기",https://recipe1.ezmember.co.kr/cache/recipe/2018/04/16/1d522a43b0cb7e4df2057408e27e42ba1.jpg,강불,,
6887398,7,- 고기가 완전히 익고 국물이 없어지면 물기 제거한 오이 넣어 볶기,https://recipe1.ezmember.co.kr/cache/recipe/2018/04/16/fd867abe177cf28a19540e5eb528104d1.jpg,,,
6887398,8,"- 몇 번만 고르게 섞은 후 참기름 3~4방울 넣어 섞어주기 Tip. 참기름 넣기 전 맛을 보고 단맛이 부족하면 설탕 반큰술정도 추가, 싱거우면 소금 추가해주세요. 전 설탕만 반큰술 추가하니 딱 맞더라고요.",https://recipe1.ezmember.co.kr/cache/recipe/2018/04/16/580fe72eb28c37608d1c2ba7fa7153101.jpg,,,
6887398,9,접시에 이쁘게 담고 통깨 솔솔 뿌려주면 소고기오이볶음 완성~!,https://recipe1.ezmember.co.kr/cache/recipe/2018/04/16/5d9c790cf9b30987ae9336a273ab6fd01.jpg,,,
6872491,1,감자의 껍질을 벗긴 후 감자가 빨리 익도록 썰어주세요.,https://recipe1.ezmember.co.kr/cache/recipe/2017/07/10/a570618901e70d9f2852da27d0f16e171.png,,,
6872491,2,감자를 삶아줍니다! 찔러봤을 때 푹 들어가면 OK,https://recipe1.ezmember.co.kr/cache/recipe/2017/07/10/9dd9ae27b751bae304c465fb13644ddc1.png,,,
6872491,3,소금을 넣고 으깨줍니다.,https://recipe1.ezmember.co.kr/cache/recipe/2017/07/10/fc16e8b9da9d2ffd48af1ba3fe5e8ebc1.png,,,
6872491,4,"치즈, 콘, 마요네즈를 넣고 섞어줍니다.",https://recipe1.ezmember.co.kr/cache/recipe/2017/07/10/ea271edc0091af0adfc95b56330eb2e51.png,,,
6872491,5,으깬 감자에 내용물을 넣고 싸주세요!,https://recipe1.ezmember.co.kr/cache/recipe/2017/07/10/49ef8128ad00a595ecc68c3b6795c07b1.png,,,
6872491,6,고로케 반죽을 밀가루 -> 계란물 -> 빵가루 순으로 묻혀줍니다.,https://recipe1.ezmember.co.kr/cache/recipe/2017/07/10/f968e6ba1cdba36093515abe938b17621.png,,,
6872491,7,중불에서 노릇노릇 튀겨주면 끝! 중불,https://recipe1.ezmember.co.kr/cache/recipe/2017/07/10/923b879fc3b2275dd9b88b5ba7c82f031.png,중불,,
6900682,1,"밥에 소금, 후추, 참기름, 통깨를 넣어 섞는다.",https://recipe1.ezmember.co.kr/cache/recipe/2018/11/23/6e39d6a398d8efc57b92c3184caf64981.png?w=1000,,,
6900682,2,한입크기의 원기둥 모양으로 뭉친다.,https://recipe1.ezmember.co.kr/cache/recipe/2018/11/23/ef063396d1e157f570693cf4270422dc1.png?w=1000,,,
6900682,3,슬라이스치즈는 6등분한다.,https://recipe1.ezmember.co.kr/cache/recipe/2018/11/23/0eb362dd5f08f6c1d77658f57abf04841.png?w=1000,,,
6900682,4,"베이컨에 치즈, 밥을 올려 만다.",https://recipe1.ezmember.co.kr/cache/recipe/2018/11/23/90926aeed20c04ee64ad79edfd426ccc1.png?w=1000,,,
6900682,5,팬에 말아진 끝부분부터 놓고 돌려가며 구워 완성한다. 팬 끝부분부터 구워야 풀리지 않아요.,https://recipe1.ezmember.co.kr/cache/recipe/2018/11/23/68f9e0cf8c6917574fcda0f64fc264031.png?w=1000,,,
6911508,1,먼저 버터 크게 1스푼 그릇에 담은뒤 전자렌지에 15초 정도 돌려 녹여 줍니다 전자레인지 T:성인숟가락 기준입니다,https://recipe1.ezmember.co.kr/cache/recipe/2019/05/02/4364446a812c5a8dd40260651ca239611.jpg,,15,
6911508,2,녹인 버터를 식빵 한쪽면에 발라줍니다. 버터를 식빵 앞뒤로 다 바르고 싶다면 버터를 크게 2스푼 사용하심 되요,https://recipe1.ezmember.co.kr/cache/recipe/2019/05/02/4f559db408258bbcd9720afaf8320e211.jpg,,,
6911508,3,가위로 식빵 1장당 6등분으로 잘라 줍니다.,https://recipe1.ezmember.co.kr/cache/recipe/2019/05/02/6b696bef9a3fc19bc065b9bf84343fe11.jpg,,,
6911508,4,에어프라이어 바스킷에 종이호일 한장 깔아주신 뒤 식빵을 차곡차곡 올려주세요. 그다음 170도에 5분 돌려서 빵을 구워줍니다. 저희집 에어프라이어는 화력이 세서 5분만 돌려도 완전 바삭하게 구워 지는데요. 집에 가지고 계신에어프라이어에 맞게 시간 1-2분 추가해주심 되고 혹시 부드럽게 구워내고 싶다면시간을 3분 정도만 구워내셔도 될듯요! 에어프라이어,https://recipe1.ezmember.co.kr/cache/recipe/2019/05/02/df4f1a4dea82e8d350a27a2bb2edb2b71.jpg,,300,
6911508,5,에어프라이어가 작동하는 동안 위생봉투에 설탕+계피가루를 넣고 섞어주세요,https://recipe1.ezmember.co.kr/cache/recipe/2019/05/02/3fdbbea0de84a02b06ea33054d15e54a1.jpg,,,
6911508,6,5분 뒤에 꺼내보니 빵이 바삭하게 구워졌어요.양쪽면을 다 노릇하게 굽고 싶다면 뒤집어서 2-3분 더 구워주시면 되겠죵.이제 구워진 빵을 설탕계피가루 봉투에 넣고 쉐킷쉐킷 흔들어 주심 끝!,https://recipe1.ezmember.co.kr/cache/recipe/2019/05/02/1e5d749d2fb1f7ade1f747ea0fe103d71.jpg,,300,
6911508,7,에어프라이어로 만든 바삭한 식빵츄러스 완성이에용. 계피향이 솔솔나니 군침이 돌더라구요!!!한번 먹어보면 바삭바삭한 식감에 달콤한 설탕계핏가루가어우려져 참 맛있답니다!커피나 쥬스랑 함께 드시면 넘 잘어울려요,https://recipe1.ezmember.co.kr/cache/recipe/2019/05/02/8b783adf4bd33f376765939749fa8b8a1.jpg,,,
6828931,1,가지는 껍질을 벗기고 반으로 자른다. 오목한 그릇에 담아 랩을 씌운 뒤 전자렌지에 1분 30초 정도 돌려주세요. 전자레인지,https://recipe1.ezmember.co.kr/cache/recipe/2015/06/15/d166308d21bdb87cae1786dd50ddaa861.jpg,,90,
6828931,2,가지를 살짝 식힌뒤 칼집을 내서 펼쳐줍니다.,https://recipe1.ezmember.co.kr/cache/recipe/2015/06/15/7e1fdab9aea7c8e3f89049db444a3cfa1.jpg,,,
6828931,3,"간장, 설탕, 청주, 미림, 물을 모두 1:1:1:1:1 비율로 섞어 소스를 만들어주세요. 가지 크기에 따라 1T~1.5T가 적당하고 설탕양은 기호에 따라 조절하세요.",https://recipe1.ezmember.co.kr/cache/recipe/2015/06/15/5f14a526dfcdc700b0081ea97b48a2a81.jpg,,,
6828931,4,팬에 오일을 두르고 가지를 앞뒤로 노릇노릇하게 구워냅니다.,https://recipe1.ezmember.co.kr/cache/recipe/2015/06/15/0426961c5ca95403f856cb742d0fdabe1.jpg,,,
6828931,5,"만들어둔 소스를 붓고, 살짝 졸이면 완성입니다.",https://recipe1.ezmember.co.kr/cache/recipe/2015/06/15/4a73938adca47d3c54709d25d94829a61.jpg,,,
6828931,6,밥위에 남은 소스를 뿌리고 가지조림을 얹으면 완성입니다.,https://recipe1.ezmember.co.kr/cache/recipe/2015/06/15/c699edd467f9ffca7541f2b948742bf71.jpg,,,
6909296,1,"재료가 참 간단하다 호박이랑 양파, 대파~",https://recipe1.ezmember.co.kr/cache/recipe/2019/03/27/b14fc1fda81de53ce4c241fc18ed525b1.jpg,,,
6909296,2,호박은 약간 큼직한 느낌으로 채썰고 야채를 찾다가 쓰다남은 홍고추 반개가 보여 같이 넣어 주었다,https://recipe1.ezmember.co.kr/cache/recipe/2019/03/27/d1cb3f0f27aaadd6dfa52a07a14824251.jpg,,,
6909296,3,기름두른팬에 양파와 호박부터 달달 볶아주기,https://recipe1.ezmember.co.kr/cache/recipe/2019/03/27/78489331a35507749ffa3d137e6f79fb1.jpg,,,
6909296,4,호박이 반쯤 익었을때 간장 두큰술과 굴소스 한큰술 넣어 살짝 볶아준다,https://recipe1.ezmember.co.kr/cache/recipe/2019/03/27/7a550f4ace328455ca0064f1e8be23c81.jpg,,,
6909296,5,고춧가루 한큰술과 다진마늘도 넣어 서 잘 섞고,https://recipe1.ezmember.co.kr/cache/recipe/2019/03/27/e20c9a9b2ca1bf4a917b66c01aeafdf51.jpg,,,
6909296,6,대파도 넣어 살짝 볶아 완성한다,https://recipe1.ezmember.co.kr/cache/recipe/2019/03/27/6839ecef8c9b7eea69956f7daf7a21871.jpg,,,
6909296,7,마지막에 참기름과 통깨로 마무리,https://recipe1.ezmember.co.kr/cache/recipe/2019/03/27/4eddd808b84f4c7c8bdf0b7b4568b5471.jpg,,,
6909296,8,덮밥엔 써니사이드업~ 노른자 살려서 계란 하나 부쳐주면 준비 끝~!,https://recipe1.ezmember.co.kr/cache/recipe/2019/03/27/b7c6832488e3464821ba988938cce2121.jpg,,,
6909296,9,애호박요리 덮밥으로 만들기,https://recipe1.ezmember.co.kr/cache/recipe/2019/03/27/34640d44129eddd2c0f7cb0422cf1a221.jpg,,,
6865288,1,자른 건미역은 물에 불린 후 씻어 체에 건져 물기를 빼 줍니다.,https://recipe1.ezmember.co.kr/cache/recipe/2017/02/17/d256e10fda07590cdaeca3c6fb1a06ba1.jpg,,,
6865288,2,냄비에 준비한 미역을 담고 두부 300g을 깍뚝썰기로 잘라 넣고 다진마늘 1큰술을 넣어 줍니다.,https://recipe1.ezmember.co.kr/cache/recipe/2017/02/17/85b8dcbebe47e98ef84a326e03d0463a1.jpg,,,
6865288,3,그리고 다시마 멸치육수 6컵을 부어 줍니다.,https://recipe1.ezmember.co.kr/cache/recipe/2017/02/17/3d9cd57903f24727b161fa191abbc76d1.jpg,,,
6865288,4,그리고 된장 3큰술을 넣고 덩어리 없이 풀어 넣고 끓여 줍니다.,https://recipe1.ezmember.co.kr/cache/recipe/2017/02/17/acfe69a29cc9abb6393a423e2e7e2de31.jpg,,,
6865288,5,국물이 우러나도록 고르게 팔팔 끓으면 밑동을 자르고 반으로 자른 팽이버섯 1/2봉지를 넣고 한번 더 끓여 주시면 되겠습니다.,https://recipe1.ezmember.co.kr/cache/recipe/2017/02/17/dc21c017f7bdccdbc849d4e054d694581.jpg,,,
7073283,1,팬에 훈제오리 600g을 넣고 중불로 5분정도 볶아주세요. 오리 기름이 충분히 나오니 식용유는 필요하지 않아요. (통마늘 선택),https://recipe1.ezmember.co.kr/cache/recipe/2026/03/19/eea3916381b8a22684b7d074a104d1c91.jpg?w=1000,중불,300,
7073283,2,오리 기름이 충분해지면 센 불로 올려 채 썬 양배추1/4개와 양파1개를 넣고 뒤적이며 볶아주세요,https://recipe1.ezmember.co.kr/cache/recipe/2026/03/19/967d26fdfeae8cffc19d7fcda542a7f51.jpg?w=1000,,,
7073283,3,"굴소스 2큰술, 진간장 1작은술을 넣고 양배추의 숨이 살짝 죽을 때까지 빠르게 뒤적여줍니다. (너무 오래 볶으면 식감이 좋지 않아요)",https://recipe1.ezmember.co.kr/cache/recipe/2026/03/19/14e306e4f71b3e10d95b0db267b9db981.jpg?w=1000,,,
7073283,4,마지막으로 후추를 톡톡 뿌려주면 완성입니다,https://recipe1.ezmember.co.kr/cache/recipe/2026/03/19/fc2d7cb06f8852a29cf4245757d986871.jpg?w=1000,,,
4095068,1,"냄비에 물, 버터, 소금, 설탕을 넣고 중불에 올리세요. 냄비 가장자리에 기포가 올라오면 불을 내리세요.",https://recipe1.ezmember.co.kr/cache/recipe/2015/04/20/73470da2e110af8950a22a166c47d21f1.jpg,중불,,
4095068,2,체에 내린 박력분을 넣고 섞은 다음 중불에서 볶아가며 수분을 날려주세요. 냄비 바닥에 얇은 반죽막이 생기면서 반죽이 냄비에 달라붙지 않으면 불에서 내려주세요.,https://recipe1.ezmember.co.kr/cache/recipe/2015/04/20/44d1b0371ade840a21ab3d1a62400c991.jpg,중불,,
4095068,3,반죽을 볼에 옮겨 2분 정도 식힌 다음 달걀을 조금 넣고 섞으세요. 달걀과 반죽이 완전히 섞이면 다시 달걀을 조금 넣고 반죽에 윤기가 흐를 때까지 섞으세요. 이 과정을 3번 정도 더 반복하세요.,https://recipe1.ezmember.co.kr/cache/recipe/2015/04/20/8d197133573bcc55b00681f77798c3411.jpg,,120,
4095068,4,"약 5~6cm 지름으로 짠 반죽 표면에 물 스프레이를 하고 200도로 예열한 오븐에서 20분 구운 다음 180도로 온도를 내려 20분 정도 더 구우세요. (물 스프레이를 충분히 해줘야 굽는 동안 반죽이 타지 않아요. 굽는 중간 오븐문을 열면 슈가 가라앉으니 오븐 문을 열지 않도록 주의하세요.) 우유에 바닐라 빈을 넣고 전자렌지에서 1분간 돌리세요. 전자레인지 , 오븐",https://recipe1.ezmember.co.kr/cache/recipe/2015/04/20/efc0a5a7d6b1b56a252aac385dd49eca1.jpg,,1200,
4095068,5,달걀 노른자에 설탕을 넣으세요. 10. 뽀얀 크림 상태가 되면 체에 내린 박력분을 넣고 섞으세요.,https://recipe1.ezmember.co.kr/cache/recipe/2015/04/20/b21c09b697e9e8dcaa31cd9ccf2eee9a1.jpg,,,
4095068,6,설탕을 넣은 달걀 노른자를 전자렌지에 돌린 우유에 넣고 잘 섞은 다음 전자렌지에 1분간 돌리세요. 거품기로 부드럽게 풀어준 다음 전자렌지에 넣고 40초간 돌리세요.,https://recipe1.ezmember.co.kr/cache/recipe/2015/04/20/e30f3445896660caa6ad34b8c1fa366e1.jpg,,100,
4095068,7,완성된 커스터드 크림 표면에 랩을 밀착시킨 후 냉장고에 넣고 식히세요. 생크림에 설탕을 넣고 휘핑하세요.,https://recipe1.ezmember.co.kr/cache/recipe/2015/04/20/b806ac11c64f6eadd5e30095b5fa70001.jpg,,,
4095068,8,휘핑한 생크림에 커스터드 크림을 넣고 섞으세요. 젓가락으로 슈에 구멍을 뚫고 크림을 채우세요.,https://recipe1.ezmember.co.kr/cache/recipe/2015/04/20/887c4e23798a461ea1c8558475f1be471.jpg,,,
6894890,1,먼저 두부를 면보에 싸서 물기를 꽉 짜줍니다. 물기를 최대한 잘 제거해야 나중에 부서지지 않아요,https://recipe1.ezmember.co.kr/cache/recipe/2018/08/28/b7a59268e560e5a8a450d501a2be09f01.jpg,,,
6894890,2,야채들을 잘게 다져 줍니다. 버섯은 다른 버섯 사용 가능하고 다른 야채 추가하셔도 되요,https://recipe1.ezmember.co.kr/cache/recipe/2018/08/28/80ed6605681c70237eadb81c2e1ba2ce1.jpg,,,
6894890,3,"두부에 야채들을 섞어주신 뒤 계란1개와부침가루4T,소금1/3T,후추톡톡 뿌려 잘 섞어 줍니다. 전분가루에 간이 되 있어서 소금을 많이 넣지 마세요",https://recipe1.ezmember.co.kr/cache/recipe/2018/08/28/0a023ec29df1b748ca5e515bc9ac29611.jpg,,,
6894890,4,반죽을 양손으로 치대면서 동그랗게 모양을 만들어 준 뒤 겉면에 전분가루를 묻혀 줍니다. 겉면에 전분가루를 묻혀 주시면 부서짐을 막아줄수 있어요,https://recipe1.ezmember.co.kr/cache/recipe/2018/08/28/5dc8b479e5d1c60bf436fe2f61a40d181.jpg,,,
6894890,5,달궈진 후라이팬에 기름을 두르고 약불에서 익혀 줍니다 자주 뒤집지는 마시고 1-2번만 뒤집어 주세요,https://recipe1.ezmember.co.kr/cache/recipe/2018/08/28/c8a8a54c7166b2cfb4b2e84a299e56461.jpg,약불,,
6894890,6,접시에 담아내고 소스를 뿌려주시면 담백한 두부스테이크 완성입니다!한입 먹어보니 고기가 전혀 들어가지 않아도 담백하면서 참 맛있습니다! 브로콜리나 토마토 같은 야채를 구워 함께 데코해주시면 훨씬 비쥬얼이 예뻐요,https://recipe1.ezmember.co.kr/cache/recipe/2018/08/28/3c4b5928107509ae5d0a0290c4866edf1.jpg,,,
6891934,1,맛살을 찢어주세요.,https://recipe1.ezmember.co.kr/cache/recipe/2018/07/02/1a64fb2fe1c6a8301dc36e8f55a195171.jpg?w=1000,,,
6891934,2,"마요네즈3T, 설탕1/2T, 후추가루 약간 넣어주세요. 그리고 잘 섞어주세요.",https://recipe1.ezmember.co.kr/cache/recipe/2018/07/02/d248a86395ec7b2cbcbef6223c0f8c3d1.jpg?w=1000,,,
6891934,3,필러를 이용해서 오이를 썰어주세요. 그리고 소금을 약간 넣어 오이를 절여주세요.,https://recipe1.ezmember.co.kr/cache/recipe/2018/07/02/a2d9413394a81d65941013ec96e94b351.jpg?w=1000,,,
6891934,4,"식은밥에 설탕1/2T, 식초1T를 넣고 잘 섞어주세요.",https://recipe1.ezmember.co.kr/cache/recipe/2018/07/02/9d574cb42a1ddc4d085bbf320efedc081.jpg?w=1000,,,
6891934,5,한입크기로 동그랗게 만들어주세요.,https://recipe1.ezmember.co.kr/cache/recipe/2018/07/02/63d3f3992ffd8ff90ff64ddf9fb0d7011.jpg?w=1000,,,
6891934,6,그리고 절여놓은 오이를 돌돌 말아주세요.,https://recipe1.ezmember.co.kr/cache/recipe/2018/07/02/007666606fa556449af62cb63b64cb031.jpg?w=1000,,,
6891934,7,만들어놓은 맛살을 위에 올려주면 완성~,https://recipe1.ezmember.co.kr/cache/recipe/2018/07/02/d0f3345cdc7400c805343dd452a8a5b91.jpg?w=1000,,,
6894818,1,"단호박은 비닐팩에 넣은 후, 매듭지을 필요는 없구요, 전자렌지에 넣어 2분간 돌려줍니다. 단호박이 딱딱하니까 칼질을 쉽게 하기 위한 사전준비입니다. 전자레인지",https://recipe1.ezmember.co.kr/cache/recipe/2018/08/27/08a9a970068ddafdd7e647a035a8331d1.jpg,,120,
6894818,2,전자렌지에 돌린 단호박은 반으로 잘라주고요~ 숟가락을 이용해서 속을 다 파내줍니다.,https://recipe1.ezmember.co.kr/cache/recipe/2018/08/27/b800e9cbb9f1cf9817a5565019b60b4a1.jpg,,,
6894818,3,"이어서 필러를 이용, 겉껍질도 깨끗하게 다 깍아줍니다.",https://recipe1.ezmember.co.kr/cache/recipe/2018/08/27/80b48a913f9e14897c3e8f37f9ac13f61.jpg,,,
6894818,4,단호박의 모양 그대로 가늘게 썰어주고요~,https://recipe1.ezmember.co.kr/cache/recipe/2018/08/27/647392458ffd8588b43e083cebdd48a21.jpg,,,
6894818,5,다시 채썰어줍니다.,https://recipe1.ezmember.co.kr/cache/recipe/2018/08/27/229a24486707bafe12daa4b3687a833e1.jpg,,,
6894818,6,양파 반개도 가늘게 채썰어줍니다.,https://recipe1.ezmember.co.kr/cache/recipe/2018/08/27/8bb0438350ea4401f6aada0e1368029f1.jpg,,,
6894818,7,"그릇에 채 썬 단호박과 양파를 같이 넣은 후, 소금3꼬집을 뿌려줍니다.",https://recipe1.ezmember.co.kr/cache/recipe/2018/08/27/a8c73faa669d3edc9bcfd500ac2cf8301.jpg,,,
6894818,8,"비닐장갑끼고 한번 버무린 후에 그대로 10분정도 두세요. 소금에 절여지면서 단맛도 강해지고, 단호박과 양파는 숨이 죽어서 부드럽게 수분을 생성해줘요.",https://recipe1.ezmember.co.kr/cache/recipe/2018/08/27/0e3482bd4068c290583bc35de371013b1.jpg,,600,
6894818,9,10분 뒤에 부침가루2스푼을 넣어주고요~,https://recipe1.ezmember.co.kr/cache/recipe/2018/08/27/ac93db49f2c5f2f998df4c25d91562511.jpg,,600,
6894818,10,"다시 한번 더 잘 섞어줍니다. 사진에서 보면 알겠지만 부침가루는 거의없고, 전 부칠때 흐트러지지 않게 뭉침역할정도만 해주는 겁니다.",https://recipe1.ezmember.co.kr/cache/recipe/2018/08/27/9a894dc82d1486a036f70bf7ff11361c1.jpg,,,
6894818,11,"후라이팬에 식용유를 충분히 두른 뒤, 단호박채를 조금씩 숟가락으로 떠서 모양을 잡아가며 부쳐줍니다. 약불",https://recipe1.ezmember.co.kr/cache/recipe/2018/08/27/36ee02a80f31d0a437f50974b8aa4e421.jpg,약불,,
6894818,12,앞뒤로 노릇노릇하게 익혀주고요~,https://recipe1.ezmember.co.kr/cache/recipe/2018/08/27/ffb56bab2cf9b36cc961264c099c54e61.jpg,,,
6894818,13,접시에 담아서 맛나게 먹으면 됩니다!!,https://recipe1.ezmember.co.kr/cache/recipe/2018/08/27/683cd6c91e7619adc6b12e5ead8c0ce91.jpg,,,
6881286,1,덮밥으로 애호박을 볶을 때는 조금 큼직하게 채를 썰어 준다 식감도 더 좋고 흐물거리지 않아 좋다,https://recipe1.ezmember.co.kr/cache/recipe/2017/12/22/39473d210ce3bb93a85264317291e37b1.jpg,,,
6881286,2,큼직하게 채 썰은 호박과 양파를 준비,https://recipe1.ezmember.co.kr/cache/recipe/2017/12/22/8f2ce9982952ed11a7bee80ad60924741.jpg,,,
6881286,3,팬에 참기름 1 큰 술과 식용유를 살짝 넣어 야채 볶기,https://recipe1.ezmember.co.kr/cache/recipe/2017/12/22/ca07844e85f4a1bb6a0249da6c0f30ba1.jpg,,,
6881286,4,애호박과 양파를 볶아 준다,https://recipe1.ezmember.co.kr/cache/recipe/2017/12/22/cf2c185a9c5e4b41f5c3cf97330e00e71.jpg,,,
6881286,5,애호박이 반쯤 익었을 때쯤에 준비한 양념을 넣어 야채와 골고루 섞어 준다,https://recipe1.ezmember.co.kr/cache/recipe/2017/12/22/31ee2a9dadaca51ff35147606e597a5a1.jpg,,,
6881286,6,"굴소스,고춧가루, 다진마늘을 섞어 양념을 만든 뒤 넣어 준다",https://recipe1.ezmember.co.kr/cache/recipe/2017/12/22/ba42152d5b03483a4130ae52c5728d5a1.jpg,,,
6881286,7,애호박에 간이 잘 베이고 익히려고 뚜껑을 닫고 약한 불에 조리했다 뚜껑을 닫지 않아도 되지만 그럼 수분이 빠져나가서 자꾸 뒤적거리게 되고 그럼 호박이 으깨지기도 하니까~,https://recipe1.ezmember.co.kr/cache/recipe/2017/12/22/205871e94ab44cba3cbda891c7e62b391.jpg,,,
6881286,8,마지막에 대파를 넣고 참기름도 넣어 한 번 더 휘리릭 볶아서 수분을 날리면 끝 사실 너무 간단한 음식이라는 거^^,https://recipe1.ezmember.co.kr/cache/recipe/2017/12/22/2d8051ce2544946a53501d85a67a98521.jpg,,,
6881286,9,달걀 프라이와 같이 올려내니 먹음직스럽다 애호박 한 개와 양파만 있으면 10분 안에 만들어지는 간단 메뉴 달걀 프라이까지 올려내니 정말 성의 있어 보이는 한 끼가 되었다,https://recipe1.ezmember.co.kr/cache/recipe/2017/12/22/cbf264894abd0cadae7574aeefa9f8531.jpg,,600,
6961281,1,"[쿠키반죽]볼에 버터를 넣고 거품기로 부드럽게 풀어 설탕을 넣는다. 거품기 , 볼",https://recipe1.ezmember.co.kr/cache/recipe/2021/07/06/b41fd089db68a64272efbe918fccbe921.jpg?w=1000,,,
6961281,2,체친 박력분과 코코아파우더를 넣고 섞는다.,https://recipe1.ezmember.co.kr/cache/recipe/2021/07/06/6de53f1a5bc478d295026e9dfc163c411.jpg?w=1000,,,
6961281,3,반죽을 지퍼백에 넣고 평평하게 밀어편 후 냉동실에서 30분 정도 휴지시킨다. 지퍼백,https://recipe1.ezmember.co.kr/cache/recipe/2021/07/06/9df4d1b90c9accc12495a791c981b22c1.jpg?w=1000,,1800,
6961281,4,"[슈반죽]냄비에 우유, 물, 버터, 소금을 넣고 보글보글 끓인다. 냄비",https://recipe1.ezmember.co.kr/cache/recipe/2021/07/06/472c414406e7b364075f7f590c764c4c1.jpg?w=1000,,,
6961281,5,액체가 끓어오르면 불을 끄고 체친 가루를 넣고 빠르게 섞는다.,https://recipe1.ezmember.co.kr/cache/recipe/2021/07/06/2cc7b6d42e97b4c6cce03a35df7ae8231.jpg?w=1000,,,
6961281,6,가루가 완전히 섞이면 다시 중약불에서 주걱으로 반죽을 계속 저으면서 냄비 바닥에 얇은 막이 생길 때까지 가열한다. 주걱,https://recipe1.ezmember.co.kr/cache/recipe/2021/07/06/d5d02885f30ce4b106afa6b0356847b81.jpg?w=1000,약불,,
6961281,7,반죽을 볼에 옮기고 풀어둔 달걀을 조금씩 넣으면서 섞는다. 볼 주걱으로 반죽을 들었을 때 매끄러운 삼각형을 만들며 떨어지면 완성이에요. 반죽의 되기를 보면서 달걀양을 조절해주세요.,https://recipe1.ezmember.co.kr/cache/recipe/2021/07/06/0a681d664aaed2155b03a2a5400e011a1.jpg?w=1000,,,
6961281,8,"반죽을 짤주머니에 넣고 테프론시트를 깐 팬에 일정한 크기로 짠다. 짤주머니 , 팬",https://recipe1.ezmember.co.kr/cache/recipe/2021/07/06/e1c44d8a6bbb489f8df71a6a72dd154a1.jpg?w=1000,,,
6961281,9,물스프레이로 물을 골고루 분무하고 잘라둔 쿠키반죽을 올려 190도 예열한 오븐에 넣고 25~30분 굽는다. 오븐 슈를 굽는 중간에 오븐 문을 열면 슈가 부풀지 않고 꺼지게 되니 주의하세요!,https://recipe1.ezmember.co.kr/cache/recipe/2021/07/06/7f4859e1ce5a5cc536c64af02318ba661.jpg?w=1000,,1800,
6961281,10,[커피크림]인스턴트 커피를 따뜻한 물과 섞어 커피액을 만든다.,https://recipe1.ezmember.co.kr/cache/recipe/2021/07/06/01fd84479f0896ce6be17d6c4e17eb681.jpg?w=1000,,,
6961281,11,"볼에 생크림, 커피액, 연유를 넣고 핸드믹서로 휘핑한다. 핸드믹서 , 볼",https://recipe1.ezmember.co.kr/cache/recipe/2021/07/06/91cd8d4ae1579c44a069e0010f539b6f1.jpg?w=1000,,,
6961281,12,구워진 쿠키슈에 커피크림을 채워 완성한다.,https://recipe1.ezmember.co.kr/cache/recipe/2021/07/06/2b824d73433560a9e8f03d8efc4967431.jpg?w=1000,,,
6902125,1,"먼저 양파 1/2개 먹기좋은 크기로 잘라주시구요. 햄도 한입 크기로 깍뚝 썰어주시구요.. 음..저는 통조림햄이 좋더라구요. 스팸이나 리챔, 아무거나 추천합니다.",https://recipe1.ezmember.co.kr/cache/recipe/2018/12/13/30498b76b46cf82d986e40e7ae38b14a1.png?w=1000,,,
6902125,2,뜨겁게 달궈진 냄비에 식용유를 붓구요. 양파와 햄을 볶아주세요.,https://recipe1.ezmember.co.kr/cache/recipe/2018/12/13/7c6eff7728d09450af53f99acbc02ceb1.png?w=1000,,,
6902125,3,양파와 햄이 노릇노릇하게 볶아졌으면 우유 200ml 부어주시구요.,https://recipe1.ezmember.co.kr/cache/recipe/2018/12/13/5cd3b4f49454653c2bb278eee05c71321.png?w=1000,,,
6902125,4,우유가 몽글몽글 끓어오르면 카레가루를 넣어주세요. 저는 약 4큰술정도 양을 넣었는데요. 너무 걸죽해지더라구요... 그래서 그것보다 조금 적게 넣으시면 될거 같아요. 한 3.5큰술 정도 넣으면 딱 좋을것 같아요.,https://recipe1.ezmember.co.kr/cache/recipe/2018/12/13/5eeec5e1bfc7e9f67088d44d87e54f9c1.png?w=1000,,,
6902125,5,카레가 걸쭉해져서 끓어오르면 계란 1개를 넣고 풀어주세요. 그리고 계란도 다 익으면 완성입니다.,https://recipe1.ezmember.co.kr/cache/recipe/2018/12/13/f229ca7608cf67848b341b04ccbbc1e61.png?w=1000,,,
6906406,1,"가지는 적당한 크기의 주사위 모양으로 자르고, 마늘은 다져 준다.",https://recipe1.ezmember.co.kr/cache/recipe/2019/02/12/2eb8af73f5db4a15bde1f818b881f62d1.png,,,
6906406,2,양파는 적당한 크기로 다져 준다.,https://recipe1.ezmember.co.kr/cache/recipe/2019/02/12/a5686fb83c9618e77a730d526d520ac01.png,,,
6906406,3,"양파를 넣고, 소금, 후추를 넣은 뒤 가지를 넣어준다",https://recipe1.ezmember.co.kr/cache/recipe/2019/02/12/69c1777b704bba4893acec34b4ac0fe11.png,,,
6906406,4,야채가 살짝 숨이 죽을 정도로 볶아준 뒤 토마토소스를 넣는다,https://recipe1.ezmember.co.kr/cache/recipe/2019/02/12/4b7654961b695f0874a0ac82ec4da1861.png,,,
6906406,5,"오븐 그릇에 (4)를 담아준 뒤, 모차렐라 치즈를 뿌려준다",https://recipe1.ezmember.co.kr/cache/recipe/2019/02/12/4e7ab1ffccb482a937f5ef1552af37fe1.png,,,
6906406,6,180도 오븐에 10분간 굽는다 오븐,https://recipe1.ezmember.co.kr/cache/recipe/2019/02/12/4f5ec0e260f94fe607709cc09ef2b88a1.png,,600,
6906406,7,(6)에 바질가루를 뿌려준다,https://recipe1.ezmember.co.kr/cache/recipe/2019/02/12/c36f68c1ea804025d64291bdfb2a548e1.png,,,
6987130,1,애호박을 채 썰어주세요.,https://recipe1.ezmember.co.kr/cache/recipe/2022/09/08/d3d08dd28e2949a36e02544208ead1581.jpg,,,
6987130,2,당근도 채 썰고 청양고추랑 홍고추는 다져주세요.,https://recipe1.ezmember.co.kr/cache/recipe/2022/09/08/757b93b3ac964839226de50d29067fe11.jpg,,,
6987130,3,애호박은 천일염 1/2큰술 넣어 잘 섞은 후 20분 절입니다.,https://recipe1.ezmember.co.kr/cache/recipe/2022/09/08/9faa6da1f0e750d9cefbf719c361d7901.jpg,,1200,
6987130,4,20분 후에 물기가 생긴 애호박을 깨끗한 면포에 담아서 물기를 꾹꾹 짜주세요.,https://recipe1.ezmember.co.kr/cache/recipe/2022/09/08/bdcfb3f4ee46ef2335e6c75856a881f71.jpg,,1200,
6987130,5,"이제 모든 재료(애호박, 당근, 청양고추, 홍고추, 부침가루 2큰술)을 볼에 넣어 잘 섞어주세요. 구울 때 애호박에서 수분이 나오기 때문에 물은 넣을 필요 없이 퍽퍽하게 되면 완성입니다.",https://recipe1.ezmember.co.kr/cache/recipe/2022/09/08/56f04c172019a800959bdc8fb347a9541.jpg,,,
6987130,6,예열된 프라이팬에 기름을 넉넉하게 두르고 먹기 좋은 크기로 떠서 앞뒤로 잘 구워주세요. 자꾸 뒤집으면 찢어질 수 있으니 충분히 익은 후에 뒤집어 줍니다.,https://recipe1.ezmember.co.kr/cache/recipe/2022/09/08/0ac0ec81f0b22546e0941b05db58cc2a1.jpg,,,
6987130,7,"간장 종지에 간장 1큰술, 양조식초 1큰술, 고춧가루 조금 넣어서 찍어 먹을 소스를 만듭니다. 애호박에 충분히 간이 배어서 생략해도 됩니다.",https://recipe1.ezmember.co.kr/cache/recipe/2022/09/08/f904d52d204e9ea0f31b6082459da7851.jpg,,,
6961293,1,오징어의 몸통부분만 껍질을 벗겨 사용한다.,https://recipe1.ezmember.co.kr/cache/recipe/2021/07/05/28e8df0cc261e5cfd64a3ebccf37fbad1.jpg,,,
6961293,2,오징어 안쪽에 칼집을 낸 후 세번 접는다.,https://recipe1.ezmember.co.kr/cache/recipe/2021/07/05/7d43e61fee6509624358fca2f33ee3fe1.jpg,,,
6961293,3,소금을 넣은 끓는물에 30-40초간 데친 후 잠시 식혀둔다.,https://recipe1.ezmember.co.kr/cache/recipe/2021/07/05/2f5e330714db72f200f13a978dbf2a0b1.jpg,,40,
6961293,4,파프리카는 채를 썬다.,https://recipe1.ezmember.co.kr/cache/recipe/2021/07/05/e09f77482ab3e972069c686afbe878d21.jpg,,,
6961293,5,오이는 겉부분만 채를 썬다.,https://recipe1.ezmember.co.kr/cache/recipe/2021/07/05/deb1842628e66ce430f5e0b8913558921.jpg,,,
6961293,6,오징어 안에 야채를 넣고 돌돌 말아준다.,https://recipe1.ezmember.co.kr/cache/recipe/2021/07/05/d2da997a75cc45cabc6876c74599d1c31.jpg,,,
6961293,7,먹기좋은 크기로 잘라준다.,https://recipe1.ezmember.co.kr/cache/recipe/2021/07/05/2641669cbf894247f65a297adc4d1b531.jpg,,,
6961293,8,초고추장을 만든다.,https://recipe1.ezmember.co.kr/cache/recipe/2021/07/05/c3729e94c8087e4fcd311b592efc7b251.jpg,,,
6927930,1,대파는 반으로 자른다.,https://recipe1.ezmember.co.kr/cache/recipe/2020/03/05/4d4093c6a1bc67a008096c41740b26311.jpg?w=1000,,,
6927930,2,대파에 대패 삼겹살을 돌돌 만다. 베이컨으로 돌돌 말아주셔도 좋아요.,https://recipe1.ezmember.co.kr/cache/recipe/2020/03/05/d6f7c623fbf7f966f0fe66f9d8ddf1211.jpg?w=1000,,,
6927930,3,"소금, 후추를 뿌려 밑간한다.",https://recipe1.ezmember.co.kr/cache/recipe/2020/03/05/12bc8791f6ef190b48300050f47fe00c1.jpg?w=1000,,,
6927930,4,팬에 기름을 두르고 대파 말이를 돌려가며 굽는다. 팬,https://recipe1.ezmember.co.kr/cache/recipe/2020/03/05/b99886b22285608cd0d7959c915188c51.jpg?w=1000,,,
6927930,5,"대패 삼겹살이 익으면 양념 재료, 페퍼론치노를 넣고 조려 완성한다",https://recipe1.ezmember.co.kr/cache/recipe/2020/03/05/bac1bfc1ae24f93a6a838c795deb69591.jpg?w=1000,,,
6887130,1,새송이버섯을 적당한 크기로 잘라준다.,https://recipe1.ezmember.co.kr/cache/recipe/2018/04/12/634ea4b26bfc7a17387d68f91ce4483e1.png?w=1000,,,
6887130,2,잘라준 버섯에 소금을 살짝 뿌린다,https://recipe1.ezmember.co.kr/cache/recipe/2018/04/12/07df4273ac1e48e88f0fc01adab0cf491.png?w=1000,,,
6887130,3,소스를 앞뒤로 발라준다,https://recipe1.ezmember.co.kr/cache/recipe/2018/04/12/48a2cb39f0beaff26ac952219a722c0b1.png?w=1000,,,
6887130,4,중약불에서 구워준다,https://recipe1.ezmember.co.kr/cache/recipe/2018/04/12/615a9db6655d43de6b77520cf922c6411.png?w=1000,약불,,
7015045,1,"양파 반개는 채썰어주세요. 도마 , 조리용나이프",https://recipe1.ezmember.co.kr/cache/recipe/2023/12/04/8a44a46eb03d2fc4cc19f7f9e30b68021.jpg?w=1000,,,
7015045,2,대파 1/3대도 송송 썰어줍니다.,https://recipe1.ezmember.co.kr/cache/recipe/2023/12/04/3162314284a9530bda204ec1ff9442d71.jpg?w=1000,,,
7015045,3,양념장 만들께요 물 1컵에다가 볼,https://recipe1.ezmember.co.kr/cache/recipe/2023/12/04/e26336fc4b26512350e37d4bd7354cdd1.jpg?w=1000,,,
7015045,4,다진마늘 1T 넣어주고,https://recipe1.ezmember.co.kr/cache/recipe/2023/12/04/380bbf604548fdea08435c7954cd3b281.jpg?w=1000,,,
7015045,5,"고추가루 2T ,",https://recipe1.ezmember.co.kr/cache/recipe/2023/12/04/ca5e4cb5a4d6702e931503df73b6e7061.jpg?w=1000,,,
7015045,6,설탕 1T 넣어주고,https://recipe1.ezmember.co.kr/cache/recipe/2023/12/04/c6fbfe9961e7baaae2d066c51d1d69b11.jpg?w=1000,,,
7015045,7,간장 4T 넣어서 일차로 섞어준 후,https://recipe1.ezmember.co.kr/cache/recipe/2023/12/04/fe8268b23e11ebfeeb8465e981f4d6da1.jpg?w=1000,,,
7015045,8,채썬 양파와 대파를 넣어줍니다.,https://recipe1.ezmember.co.kr/cache/recipe/2023/12/04/8a142fd36d02020d409da36aae7e46701.jpg?w=1000,,,
7015045,9,잠시 양념장 숙성타임~,https://recipe1.ezmember.co.kr/cache/recipe/2023/12/04/9ca61ca06bdd1bf675a41f8ef3efe5421.jpg?w=1000,,,
7015045,10,"두부 1모를 적당한 두께로 썰어주세요. 도마 , 조리용나이프",https://recipe1.ezmember.co.kr/cache/recipe/2023/12/04/f2364456046fb872fc70bc253963a04f1.jpg?w=1000,,,
7015045,11,팬에 들기름이나 참기름을 두르고 두부를 차곡차곡 올려줍니다. 두부를 기름에 먼저 구워준후 찌개를 하면 두부가 잘 부서지지 않기도 해요. 저는 부드러운 두부를 좋아해서 굽지 않고 바로 조리하는 편입니다. 냄비,https://recipe1.ezmember.co.kr/cache/recipe/2023/12/04/1c4c232181dd299094d75030c9ff40c01.jpg?w=1000,,,
7015045,12,두부를 차곡 깔아줬다면 만들어둔 양념장을 몽땅 넣고 중불에서 끓여줍니다.,https://recipe1.ezmember.co.kr/cache/recipe/2023/12/04/b27a5f5d7aaf67eb2bb5cec3ffda8cac1.jpg?w=1000,중불,,
7015045,13,두부에 간이 베이고 야채가 숨이 죽고 국물이 졸아들면 계란 3개를 깨트려 올려주고 뚜껑을 덮어줍니다. 불은 중약불입니다.,https://recipe1.ezmember.co.kr/cache/recipe/2023/12/04/f49c5f7f3ecea2609a354ba5bc74039d1.jpg?w=1000,약불,,
7015045,14,"계란흰자가 익으면 계란두부조림, 뜨끈한두부찌개가 완성됩니다. 꼭 두부와 계란,양념장을 함께 떠서 드세요.",https://recipe1.ezmember.co.kr/cache/recipe/2023/12/04/58b99d9009bad561d49e284cece1fba61.jpg?w=1000,,,
7013169,1,"닭다리살에 양념이 잘 배도록 가로, 세로 칼등으로 툭툭툭! 도마 , 조리용나이프",https://recipe1.ezmember.co.kr/cache/recipe/2023/11/09/9c2512538173aff755a4b1bc4fb573651.jpg,,,
7013169,2,"소금 솔솔솔,",https://recipe1.ezmember.co.kr/cache/recipe/2023/11/09/e93ff4fb14a123c374b96fe7cb3d10761.jpg,,,
7013169,3,후추 솔솔솔 뿌려 30분간 두시는 동안,https://recipe1.ezmember.co.kr/cache/recipe/2023/11/09/65f1fe00ba23266b470e4f3d0bf7c3331.jpg,,1800,
7013169,4,"고추장 5T, 볼 , 숟가락",https://recipe1.ezmember.co.kr/cache/recipe/2023/11/09/fc37d2a1651f34f3299bfaa016c693161.jpg,,,
7013169,5,"간장 5T,",https://recipe1.ezmember.co.kr/cache/recipe/2023/11/09/2de5bbde143e0fea793a63fd4d8771bb1.jpg,,,
7013169,6,"설탕 1T,",https://recipe1.ezmember.co.kr/cache/recipe/2023/11/09/9e485becbff1e41ba2039e031cdc17021.jpg,,,
7013169,7,"매실액 1T,",https://recipe1.ezmember.co.kr/cache/recipe/2023/11/09/e744b7ed671f24e353efc58f3c8f5a4c1.jpg,,,
7013169,8,"올리고당 3T,",https://recipe1.ezmember.co.kr/cache/recipe/2023/11/09/51e429d8b179d80ad8d1d933073d0a331.jpg,,,
7013169,9,"고춧가루 3T,",https://recipe1.ezmember.co.kr/cache/recipe/2023/11/09/42f8cb5d19f9e034dcb49c1855b7cf021.jpg,,,
7013169,10,"청주 3T 넣어 골고루 섞어주시고,",https://recipe1.ezmember.co.kr/cache/recipe/2023/11/09/b9512b063ddf7844ef9b6d84b5f558981.jpg,,,
7013169,11,팬에 포도씨유 2T 둘러 프라이팬,https://recipe1.ezmember.co.kr/cache/recipe/2023/11/09/bca1229c0efd256cae2d516a41a7cf611.jpg,,,
7013169,12,"노릇노릇하게 구워 주신 뒤(중강불), 닭다리살을 앞, 뒤로 뒤집어 가며 노릇하게 구워주셔야해요!",https://recipe1.ezmember.co.kr/cache/recipe/2023/11/09/88484191457ce0f46bebf93372ff0a011.jpg,강불,,
7013169,13,"중간중간 나오는 기름은 제거해 주시고, 요리집게 , 키친타올",https://recipe1.ezmember.co.kr/cache/recipe/2023/11/09/42eb55b5c20804ab6e836cad6b3c9e4c1.jpg,,,
7013169,14,양념장 모두 부어,https://recipe1.ezmember.co.kr/cache/recipe/2023/11/09/db183a09d88de2f871f9285ef5dc14191.jpg,,,
7013169,15,충분히 스며들도록 조려주시면 완성!,https://recipe1.ezmember.co.kr/cache/recipe/2023/11/09/2690767e3ce66b2e53ec271b0558bbea1.jpg,,,
7013169,16,"아래에 부추 살포시 깔고, 닭다리살 고추장 구이 얹어 마무리 하였습니다~! 완성접시",https://recipe1.ezmember.co.kr/cache/recipe/2023/11/09/2476d370e06527d9ce69aea3ecde09261.jpg,,,
7013169,17,이 정도면 '춘천에 닭갈비 사 먹으러 갈까?' 라는 생각 1도 안 든다니까요~,https://recipe1.ezmember.co.kr/cache/recipe/2023/11/09/f7135e32c99d58436a3123aefa4f54981.jpg,,,
7013169,18,오늘도 행복한 식사하세요!,https://recipe1.ezmember.co.kr/cache/recipe/2023/11/09/f720c3ca3e9e82d097417773882ae1831.jpg,,,
7065350,1,"냉동실의 동태포를 지난 밤에 냉장실로 옮겨 녹인 다음, 소금 약간 뿌려 두고",https://recipe1.ezmember.co.kr/cache/recipe/2025/10/24/03b0f88dec7042fabc0fecedcc7af3f51.jpg?w=1000,,,
7065350,2,달걀 4알+소금 1꼬집+자른 쪽파를 섞어 계란물을 만들구요.,https://recipe1.ezmember.co.kr/cache/recipe/2025/10/24/2d84003692028faab2bdc93e16a342841.jpg?w=1000,,,
7065350,3,예열한 팬에 식용유 두르고 1단계 동태포를 달걀물에 충분히 적셔 앞뒤 노릇노릇 구워 맛있게 먹어요.^^,https://recipe1.ezmember.co.kr/cache/recipe/2025/10/24/265941eeb365fdb9944a7e763f5d2eee1.jpg?w=1000,,,
6888303,1,저는 2인 기준으로 만들어서 양념을 2배로 했는데요 1인기준으로 만드실때 절반씩만 넣어주시면 되요,https://recipe1.ezmember.co.kr/cache/recipe/2018/05/04/34f77f98e1eec375ad0913c4ada9d9c81.jpg,,,
6888303,2,초간단 백종원 양파덮밥 만드는 법 어렵지 않은데요 요리 초보라도 누구라도 맛있게 만들어 드실수 있어요 계란은 미리 풀어서 준비해주시고,https://recipe1.ezmember.co.kr/cache/recipe/2018/05/04/88f5101d10a0810115a38c747e7842d91.jpg,,,
6888303,3,양파도 얇게 썰어 준비해주세요,https://recipe1.ezmember.co.kr/cache/recipe/2018/05/04/dc266c887529c855384fe83ffddb13c31.jpg,,,
6888303,4,양념도 분량대로 미리 섞어서 준비해주시면 요리가 훨씬 더 편하답니다 ~!,https://recipe1.ezmember.co.kr/cache/recipe/2018/05/04/d44519c4f951de3f0a5c00d5c2539e681.jpg,,,
6888303,5,후라이팬에 양파를 넣어준뒤 미리 섞어준 양념도 같이 넣어주세요,https://recipe1.ezmember.co.kr/cache/recipe/2018/05/04/c06dfabbbb92d83816fc822fbd6437301.jpg,,,
6888303,6,양파가 익을때까지 약한불로 끓여주세요,https://recipe1.ezmember.co.kr/cache/recipe/2018/05/04/e1e64e84efd1b0e81181809934b446011.jpg,,,
6888303,7,어느정도 양파가 익으면서 양념이 베이면 미리 풀어준 계란물을 넣어주세요,https://recipe1.ezmember.co.kr/cache/recipe/2018/05/04/dbec83bb3f8a06b3715c01947ec721a51.jpg,,,
6888303,8,백종원 양파덮밥에는 대파가 들어갔지만 저는 대파가 없어서 쪽파를 같이 넣어줬어요 계란이 살짝 덜 익어야 밥 비벼먹을때 더 맛있으니깐 완전히 익지 않도록 살짝만 익혀주세요,https://recipe1.ezmember.co.kr/cache/recipe/2018/05/04/52b60ad5d0581981d1988a15ba48cbf01.jpg,,,
6888303,9,계란을 살짝 익혀 밥위에 올려주면 맛있는 한그릇요리 백종원 양파덮밥 완성이예요 :) 백선생님은 위에 가쓰오부시도 올려주셨는데 전 없어서 패쓰~ 안올려도 맛있긴 한데 담엔 좀 사다 올려먹어봐야겠어요 ~,https://recipe1.ezmember.co.kr/cache/recipe/2018/05/04/36d0ceea02cc232c5dd1ef1281089f331.jpg,,,
6888303,10,마땅히 큰 재료가 들어가지 않고 양파와 계란만 있어도 맛있는 한끼식사가 금방 만들어 지는데요 혼밥하기도 좋고 입맛없을때 한그릇 만들어 먹어도 좋을것 같아요 :),https://recipe1.ezmember.co.kr/cache/recipe/2018/05/04/77c124f198b22752fa16ad446c9a3c651.jpg,,,
6977514,1,아기가 참 잘 먹는 반찬 입니다. 두부 100g 을 네모난 모양으로 썰어 주세요. 아기가 먹어야 되니 크기는 아기가 한입에 넣을 수 있게 작게 썰어주세요.,https://recipe1.ezmember.co.kr/cache/recipe/2022/04/08/4b11515c64dcab54bbb88df4b5135bfb1.jpg?w=1000,,,
6977514,2,"그리고, 밀가루 3T ,카레 가루 1T 석어준 뒤, 두부에 묻혀 주세요. 모든 면에 골고루 묻도록 해주세요~",https://recipe1.ezmember.co.kr/cache/recipe/2022/04/08/17fe6d37fa043d89d486c88ead7c57f81.jpg?w=1000,,,
6977514,3,달군 프라이팬에 식용유 1T 둘러주세요. *아기가 먹을 기름은 현미유를 사용하고 있습니다.,https://recipe1.ezmember.co.kr/cache/recipe/2022/04/08/7cc6940ae6faa575db1dcd11856ebe381.jpg?w=1000,,,
6977514,4,중불에서 모든 면이 골고루 익도록 해주세요.,https://recipe1.ezmember.co.kr/cache/recipe/2022/04/08/6ccdf563d314456e0951eaae37ccd92f1.jpg?w=1000,중불,,
6977514,5,겉면이 노릇해지면 불을 꺼주세요. 모든 조리는 가스레인지 중불에서 하시면 됩니다.,https://recipe1.ezmember.co.kr/cache/recipe/2022/04/08/d31bdea0dcee7f701fe957780bcd99c11.jpg?w=1000,중불,,
4155883,1,"네모참치,깻잎,파프리카 준비해주시고 깻잎,파프리카 잘게 썰어주세요.",https://recipe1.ezmember.co.kr/cache/recipe/2015/07/14/834e1c54069ceec1f9d1b146ca9845aa1.jpg,,,
4155883,2,"참치캔은 기름기를 쭈~욱 따라낸후에 볼에 담고 으깨어주신다음 깻잎,파프리카,달걀,밥을 넣어 섞어주세요~",https://recipe1.ezmember.co.kr/cache/recipe/2015/07/14/e12f93f8d53cecc5ef58d16a01f992d41.jpg,,,
4155883,3,팬에 기름을 두르고 한숟가락씩 떠서 동그랗게 만든후에 노릇하게 구워주시고 반정도 반죽이 남게 되면,https://recipe1.ezmember.co.kr/cache/recipe/2015/07/14/cc0b6caaf0fd3764414b4d6a6c8b6a1d1.jpg,,,
4155883,4,슬라이스치즈를 썰어 넣어 섞어 노릇하게 부쳐주시면 된답니다~ 취향에 따라 케첩이나 파마산치즈가루등을 뿌려드셔도 맛있어요~,https://recipe1.ezmember.co.kr/cache/recipe/2015/07/14/86f1d5a6ea7b8b99be1537c9179368581.jpg,,,
6907247,1,양파는 둥글게 썰어서 하나씩 빼주세요. *(양파링 6개 정도),https://recipe1.ezmember.co.kr/cache/recipe/2019/02/24/e5eb628ad47605b8dc207b40703510671.jpg?w=1000,,,
6907247,2,부침가루를 입혀주세요. *(비닐에 넣고 흔들면 깔끔합니다),https://recipe1.ezmember.co.kr/cache/recipe/2019/02/25/c06791548b0c65299ddb2793403931251.jpg?w=1000,,,
6907247,3,"스팸햄,당근,청양고추,홍고추는 송송 다져주세요.",https://recipe1.ezmember.co.kr/cache/recipe/2019/02/25/d118207df0ca5a86a6d1fae341ff54bd1.jpg?w=1000,,,
6907247,4,계란 하나를 넣고 섞어주세요,https://recipe1.ezmember.co.kr/cache/recipe/2019/02/24/ff9e9aacc290037c68457d899fe861351.jpg?w=1000,,,
6907247,5,"팬에 식용유를 두르고, 양파링을 팬위에 올리고 양파링안에 계란반죽을 넣어주세요. *양파링 위로 넘쳐 내리지 않을 만큼 양을 조절해주세요.",https://recipe1.ezmember.co.kr/cache/recipe/2019/02/24/188a46f886c2d0034a16b0d5feba5c291.jpg?w=1000,,,
6907247,6,뒤집어서 노릇하게 익혀주세요.,https://recipe1.ezmember.co.kr/cache/recipe/2019/02/24/c5b32d90dc030f2afd98bed5d5ea40f91.jpg?w=1000,,,
6907247,7,완성그릇에 담아주세요.,https://recipe1.ezmember.co.kr/cache/recipe/2019/02/24/2f13cd14b0d27fa5279815111986aa381.jpg?w=1000,,,
6838790,1,스팸을 원하는 두께로 썰어주세요.,https://recipe1.ezmember.co.kr/cache/recipe/2015/11/30/451b835fcd6fe1375b6abc99df2e05211.jpg,,,
6838790,2,기름 살짝 두른 팬에 노릇노릇 구워주세요.,https://recipe1.ezmember.co.kr/cache/recipe/2015/11/30/6dd431dcad9ba9292d054528301044e21.jpg,,,
6838790,3,두부는 끓는 물에 데쳐서 따끈따끈한 두부로 준비해주세요.,https://recipe1.ezmember.co.kr/cache/recipe/2015/11/30/94398c1a763ebaf5938f4fd56134bb681.jpg,,,
6838790,4,김치는 적당히 썰어 주시고 양파는 두껍게 슬라이스해두시고 청양고추는 씨 빼고 쫑쫑쫑 다져주세요.,https://recipe1.ezmember.co.kr/cache/recipe/2015/11/30/b0abb9da068da54eb0de33525b0be5a61.jpg,,,
6838790,5,스팸 볶았던 팬에 양파와 청양고추를 넣고 볶아주세요. 기름은 따로 두르지 않고 팬에 묻어있는 기름을 그대로 사용합니다.,https://recipe1.ezmember.co.kr/cache/recipe/2015/11/30/0c9b00347ecfb2d595708cf4f2bf839b1.jpg,,,
6838790,6,"양파에 대충 기름이 코팅됐다 싶으면 김치를 넣어주세요. 더욱더 빨간 색깔을 내주기 위해 고춧가루 2큰 술과 신맛을 잡아주기 위한 설탕 1큰 술, 물엿 반 큰술을 넣고 볶아주세요.",https://recipe1.ezmember.co.kr/cache/recipe/2015/11/30/d78e3100dd5553c2bff75b9bd515f1b41.jpg,,,
6838790,7,"마무리는 불 끄고 참기름, 설탕, 후추 넣고 가볍게 섞어주세요.",https://recipe1.ezmember.co.kr/cache/recipe/2015/11/30/4cb2c9543b0571dd2f49d2a0304502f51.jpg,,,
6838790,8,따뜻하게 데치고 부쳐둔 두부와 스팸을 가지런히 플레이팅하고 중앙에 볶음김치를 딱 올려주시면 완성.,https://recipe1.ezmember.co.kr/cache/recipe/2015/11/30/144e957d26fc88376fdf93711a1399f41.jpg,,,
2342071,1,미나리는 억센 줄기는 잘라내고 깨끗이 씻어서 끓는물에 소금 한큰술 넣고 줄기 부터 넣으면서 데쳐주세요.,https://recipe1.ezmember.co.kr/cache/recipe/2015/08/05/588097f9cc06a8011473091843a834381.jpg,,,
2342071,2,마지막에 생수에 헹궈서 물기 꼭 짜 먹기좋은 길이로 잘라주세요.,https://recipe1.ezmember.co.kr/cache/recipe/2015/08/05/450c0dc99cb3a6c3ff9bde0e03e920041.jpg,,,
2342071,3,된장에 매실청 넣고 된장을 고루 잘 풀어서 깨소금 넣고 조물조물 무치세요.,https://recipe1.ezmember.co.kr/cache/recipe/2015/08/05/2ac6e3db7bb17adca8a19359d538d5c31.jpg,,,
6924404,1,오븐 180도 예열 시작합니다. 설탕과 요구르트를 잘 섞습니다.,https://recipe1.ezmember.co.kr/cache/recipe/2019/12/29/4c7d4860904aff72ea8c19e1822756641.jpg?w=1000,,,
6924404,2,다음엔 계란 2개 다 같이 넣어 섞습니다.,https://recipe1.ezmember.co.kr/cache/recipe/2019/12/29/e28ce1608f4f9ad856949ee38fb0dde61.jpg?w=1000,,,
6924404,3,마지막에 핫케이크 가루를 넣어 고무 주걱으로 잘 섞습니다.,https://recipe1.ezmember.co.kr/cache/recipe/2019/12/29/e8617112db6c860d4c9ba4904d0779a41.jpg?w=1000,,,
6924404,4,케이크 틀에 넣습니다~. 15cm정도 위에서 틀을 떨어뜨리고 공기를 뺍니다.,https://recipe1.ezmember.co.kr/cache/recipe/2019/12/29/9b31abe822a09dccbe331ead77628c6b1.jpg?w=1000,,,
6924404,5,180도 오븐으로 50분 굽습니다. 오븐,https://recipe1.ezmember.co.kr/cache/recipe/2019/12/29/18e18091bd3a894b360ef36d852064431.jpg?w=1000,,3000,
6924404,6,오븐 안에 있을땐 높이가 있지만 꺼낸 후 점점 낮아뎌요~ 식힌 후 냉장고에 2~4시간 넣어둡니다.,https://recipe1.ezmember.co.kr/cache/recipe/2019/12/29/02269660a3c8a0d39b925dba151bbe871.jpg?w=1000,,14400,
6924404,7,완성♡,https://recipe1.ezmember.co.kr/cache/recipe/2019/12/29/7da46518a9bfe5b35dbda1059bb3906b1.jpg?w=1000,,,
6856459,1,단호박은 굵은소금으로 껍질을 문질러 깨끗이 씻어줘요!,https://recipe1.ezmember.co.kr/cache/recipe/2016/09/05/92359fea510682c0242dec9992c64ae11.jpg,,,
6856459,2,이밥차 레시피는 껍질째 하지만 아기도 먹일 거라 감자 깎는 필러로 껍질은 한번 벗겨주었어요. 단호박은 단단해서 썰기가 어렵잖아요. 전 접시에 담아 전자레인지에 3분 돌려주었어요. 그럼 칼질이 훨씬 수월하다는 점^^ 전자레인지,https://recipe1.ezmember.co.kr/cache/recipe/2016/09/05/384078e1db718105c06c511f7711f2bd1.jpg,,180,
6856459,3,전자레인지에 살짝 돌린 단호박은 반으로 잘라 수저로 씨부분을 제거해줍니다. 1/4 조각만 사용하고 반은 단호박 샐러드로~ 나머지는 버터구이 해 먹을 거예요^^,https://recipe1.ezmember.co.kr/cache/recipe/2016/09/05/618deec3c36f7b2e4bdee0ae399d738c1.jpg,,,
6856459,4,깍둑썰기한 단호박은 올리브유를 두르고 볶아주세요.,https://recipe1.ezmember.co.kr/cache/recipe/2016/09/05/258ba8a4f0abbf6ee30855aae76051ef1.jpg,,,
6856459,5,겉이 노릇노릇 익을 때쯤,https://recipe1.ezmember.co.kr/cache/recipe/2016/09/05/38568771855798d189cca665ee6b31c91.jpg,,,
6856459,6,"설탕 1/2 수저, 간장 2 수저, 청주 2수저, 물 1/2컵 넣고 조려주어요.",https://recipe1.ezmember.co.kr/cache/recipe/2016/09/05/d7f7da1ba626239714ad5a0b1da52a881.jpg,,,
6856459,7,집에 있는 견과류를 넣어주세요. 전 아몬드와 잣이 있어 두 가지를 넣었어요.,https://recipe1.ezmember.co.kr/cache/recipe/2016/09/05/9e4cd673eb40588e955b60cc78de18fe1.jpg,,,
6856459,8,마지막에 올리고당 2수저를 넣어 주세요!,https://recipe1.ezmember.co.kr/cache/recipe/2016/09/05/94020624232fb38f9ccfc6e86303811d1.jpg,,,
6856459,9,단호박 견과류 조림 완성~!,https://recipe1.ezmember.co.kr/cache/recipe/2016/09/05/bdb44bf5b844ce02f10947a5c7a3beaa1.jpg,,,
7044761,1,양파 넣어서 더욱 맛있는 참치 양파볶음 만들기 해 볼께요.,https://recipe1.ezmember.co.kr/cache/recipe/2025/02/13/ff798f366bd1ff236f39de1e1638a64b1.jpg,,,
7044761,2,"우선 양파를 기름에 반쯤 익도록 볶아 주세요. 도마 , 조리용나이프 , 프라이팬 , 요리스푼 양파 손질법",https://recipe1.ezmember.co.kr/cache/recipe/2025/02/13/3ebb206c29cbe647839ddf03937c87621.jpg,,,
7044761,3,그리고 참치를 넣어 주세요. 숟가락,https://recipe1.ezmember.co.kr/cache/recipe/2025/02/13/4165108c22328083e5a2c398839027141.jpg,,,
7044761,4,후추약간.통깨약간.설탕한꼬집.소금1/2t을 넣고 간을 해 주세요.,https://recipe1.ezmember.co.kr/cache/recipe/2025/02/13/e4f88b7205fa2bad63636e7f707575431.jpg,,,
7044761,5,참치에 간이 살짝 되어 있어서 소금 살짝 간을 맞추고 잘 섞어 가면서 볶아 주시면 참치 양파볶음이 완성이랍니다. 접시,https://recipe1.ezmember.co.kr/cache/recipe/2025/02/13/d82b1784825f2d8e9f4bad539ad1ee4a1.jpg,,,
6930757,1,알배추 밑단을 잘라 큰 볼에 담고 밑부분을 살살살 비며서 분리시킨 뒤 깨끗하게 씻어주세요.,https://recipe1.ezmember.co.kr/cache/recipe/2020/04/15/81c979dcf5240b8085bf1a25886bdcc21.jpg?w=1000,,,
6930757,2,(배춧잎 15장)먹기 좋은 크기로 썰어주세요. 아이들이 먹는다면 더 잘게 썰어주셔도 좋아요.,https://recipe1.ezmember.co.kr/cache/recipe/2020/04/15/99560575152c2af59435ecfed942a0ed1.jpg?w=1000,,,
6930757,3,멸치다시다육수 700ml (생수도 ok)을 붓고 된장 크게 1.5숟가락을 넣고 살살 풀어주세요. 집된장마다 짠농도가 다르기 때문에 된장양을 조절하세요.,https://recipe1.ezmember.co.kr/cache/recipe/2020/04/15/1df4f389de3df2d6735b963a4670e07e1.jpg?w=1000,,,
6930757,4,육수가 끓기 시작하려 할때 배춧잎을 몽땅 넣어주세요.,https://recipe1.ezmember.co.kr/cache/recipe/2020/04/15/123a0cef0b069124a54684664b9f3f481.jpg?w=1000,,,
6930757,5,다진마늘 반숟가락을 넣어주세요.,https://recipe1.ezmember.co.kr/cache/recipe/2020/04/15/cef788ddf961242cdbeaf614864ee69a1.jpg?w=1000,,,
6930757,6,(선택) 매콤 칼칼한 맛을 선호한다면 청양고추 송송~아이국이라면 패스~,https://recipe1.ezmember.co.kr/cache/recipe/2020/04/15/e13f725ec2a5f92d4fc1f726807ebf811.jpg?w=1000,,,
6930757,7,대파 송송썰어 팍팍 넣어주세요.,https://recipe1.ezmember.co.kr/cache/recipe/2020/04/15/1ab464933d02c4eab454eca7b718e6381.jpg?w=1000,,,
6930757,8,고춧가루 반스푼을 넣고 10분이상 보글보글 끓여주면 초간단 배춧국 완성! 된장이 맛있고 오~래 끓여주면 국물이 졸아서 간이 필요 없음! 그래도 싱겁다면 새우젓 또는 소금,https://recipe1.ezmember.co.kr/cache/recipe/2020/04/15/0773fce8760336338a06cd997d035ec31.jpg?w=1000,,600,
6985854,1,팬에 감자를 먹기좋은 한입 크기로 썰어 넣습니다. 팬의 넓이가 더 좁고 깊은 걸 사용해야 감자를 졸일 때 더 효율적입니다.,https://recipe1.ezmember.co.kr/cache/recipe/2022/08/17/8ffc7c1b91b7145a170d78b78e7411971.jpg,,,
6985854,2,올리고당 2스푼을 넣습니다.,https://recipe1.ezmember.co.kr/cache/recipe/2022/08/17/7f25b282f21f910433a925088730abcd1.jpg,,,
6985854,3,물도 8스푼 정도 넣어줍니다.,https://recipe1.ezmember.co.kr/cache/recipe/2022/08/17/0a067b8bcce3e3185e0358c012594fee1.jpg,,,
6985854,4,"잘 뒤적여 준 뒤, 불을 켜고 뚜껑을 닫아 8-10 분 정도 익혀줍니다. 감자조림에 물엿 or 올리고당과 물만 넣고 익힌 후 간을 하면 감자가 훨씬 쫀득해집니다.",https://recipe1.ezmember.co.kr/cache/recipe/2022/08/17/447fb91287aa49f3db76d3428c3a22921.jpg,,600,
6985854,5,"감자가 어느정도 익었다면, 맛술 1스푼, 감자가 익었는지 확인하려면, 포크나 젓가락을 이용하여 콕 찍어보세요.",https://recipe1.ezmember.co.kr/cache/recipe/2022/08/17/5ec5b0a21cc4c23fa78a8f780f58aea21.jpg,,,
6985854,6,진간장 3스푼을 넣어줍니다.,https://recipe1.ezmember.co.kr/cache/recipe/2022/08/17/1286bd92d7c9e338fbe21d94c8a5cc741.jpg,,,
6985854,7,"한번 뒤적여준 뒤, 양파를 넣고",https://recipe1.ezmember.co.kr/cache/recipe/2022/08/17/ed302dd6a39e148ce7f6c34d5eeb60a91.jpg,,,
6985854,8,마구마구 볶아줍니다.,https://recipe1.ezmember.co.kr/cache/recipe/2022/08/17/9dda5efb6c0103a5396286c5a71988321.jpg,,,
6985854,9,비엔나 소세지는 반 또는 3등분하여 넣습니다. 비엔나 소세지는 뜨거운 물에 한번 헹궈주었습니다.,https://recipe1.ezmember.co.kr/cache/recipe/2022/08/17/6eca64ba7c78b0bacfdeef3890ab7b151.jpg,,,
6985854,10,올리고당을 추가로 2스푼을 넣어주세요.,https://recipe1.ezmember.co.kr/cache/recipe/2022/08/17/39599edfbfa1aa105b9e4d09ed8b47631.jpg,,,
6985854,11,참치액 1스푼도 넣어줍니다.,https://recipe1.ezmember.co.kr/cache/recipe/2022/08/17/36ea395d640bc2623093107fa8e582321.jpg,,,
6985854,12,양념이 잘 베었다면 통깨를 뿌시면서 뿌려주세요!,https://recipe1.ezmember.co.kr/cache/recipe/2022/08/17/f25294128a7dc43e8a3af2e13c3e45871.jpg,,,
6985854,13,단짠의 조화! 비엔나 소세지 감자조림이 완성되었습니다!,https://recipe1.ezmember.co.kr/cache/recipe/2022/08/17/ecffe7ceb6a84655e960f5b5802f37c31.jpg,,,
